[2026-04-05 22:47:06] Pre-building release binaries...
scripts/alphazero-loop-push.sh: line 106: cargo: command not found
[2026-04-05 22:47:26] Pre-building release binaries...
   Compiling cudarc v0.17.8
   Compiling cubecl-cuda v0.8.1
   Compiling cubecl v0.8.1
   Compiling burn-tensor v0.19.1
   Compiling burn-ir v0.19.1
   Compiling burn-core v0.19.1
   Compiling burn-autodiff v0.19.1
   Compiling burn-optim v0.19.1
   Compiling burn-nn v0.19.1
   Compiling burn-fusion v0.19.1
   Compiling burn-ndarray v0.19.1
   Compiling burn-cubecl-fusion v0.19.1
   Compiling burn-train v0.19.1
   Compiling burn-cubecl v0.19.1
   Compiling burn-cuda v0.19.1
   Compiling burn v0.19.1
   Compiling az-framework v0.1.0 (/workspace/puyopuyo-ai/crates/az-framework)
   Compiling puyo-nn v0.1.0 (/workspace/puyopuyo-ai/crates/puyo/puyo-nn)
   Compiling puyo-player v0.1.0 (/workspace/puyopuyo-ai/crates/puyo/puyo-player)
   Compiling puyo-trainer v0.1.0 (/workspace/puyopuyo-ai/crates/puyo/puyo-trainer)
    Finished `release` profile [optimized] target(s) in 2m 21s
[2026-04-05 22:49:48] === AlphaZero Loop Start (branch=rtx5090-3, run_dir=runs/rtx5090-3, iteration=1, games=1000x1gpu, sims=512+0/iter, max=512, min_chain=0, threads=512) ===
[2026-04-05 22:49:48] --- Iteration 1 (sims=512, global_step=0) ---
[2026-04-05 22:49:48] Self-play start (m=24, c_visit=50.0, num_gpus=1, games_per_gpu=1000, total=1000)
[gpu0]     Finished `release` profile [optimized] target(s) in 0.30s
[gpu0]      Running `target/release/self-play --games 1000 --simulations 512 --c-puct-init 1.5 --c-puct-base 19652.0 --m 24 --c-visit 50.0 --gamma 0.95 --min-chain 0 --threads 512 --batch-size 2048 --num-leaves 1 --model-path runs/rtx5090-3/artifacts/puyo_model --cols 6 --rows 14 --num-colors 4 --residual-channels 128 --num-blocks 6 --policy-conv-channels 2 --value-conv-channels 1 --value-hidden 64 --film-hidden 128 --output runs/rtx5090-3/data/alphazero_iter_1_gpu0.bin`
[gpu0] games=1000, simulations=512, c_puct_init=1.5, c_puct_base=19652, m=24, c_visit=50, gamma=0.95, num_leaves=1, min_chain=0
[gpu0] Game config: cols=6, rows=14, num_colors=4, residual_channels=128, num_blocks=6, policy_conv_ch=2, value_conv_ch=1, value_hidden=64, film_hidden=128
[gpu0] Backend: Cuda (GPU) — Gumbel MCTS self-play (batched)
[gpu0] Failed to load model from runs/rtx5090-3/artifacts/puyo_model: FileNotFound("No such file or directory (os error 2)"). Initializing random weights
[gpu0] Using 512 game threads, max_batch_size=2048
[gpu0] [   1/1000] samples:     50 | chain(game/max/avg): 2/2/2.0 | reward(game/avg): 3240/3240 | 0.00 games/s | ETA: 252583s
[gpu0] [   2/1000] samples:    100 | chain(game/max/avg): 2/2/2.0 | reward(game/avg): 2380/2810 | 0.01 games/s | ETA: 126254s
[gpu0] [   3/1000] samples:    150 | chain(game/max/avg): 3/3/2.3 | reward(game/avg): 3560/3060 | 0.01 games/s | ETA: 84088s
[gpu0] [   4/1000] samples:    200 | chain(game/max/avg): 2/3/2.2 | reward(game/avg): 2820/3000 | 0.02 games/s | ETA: 63007s
[gpu0] [   5/1000] samples:    250 | chain(game/max/avg): 2/3/2.2 | reward(game/avg): 1720/2744 | 0.02 games/s | ETA: 50355s
[gpu0] [   6/1000] samples:    300 | chain(game/max/avg): 2/3/2.2 | reward(game/avg): 2660/2730 | 0.02 games/s | ETA: 41920s
[gpu0] [   7/1000] samples:    350 | chain(game/max/avg): 3/3/2.3 | reward(game/avg): 3800/2883 | 0.03 games/s | ETA: 35898s
[gpu0] [   8/1000] samples:    400 | chain(game/max/avg): 3/3/2.4 | reward(game/avg): 2740/2865 | 0.03 games/s | ETA: 31379s
[gpu0] [   9/1000] samples:    450 | chain(game/max/avg): 2/3/2.3 | reward(game/avg): 2880/2867 | 0.04 games/s | ETA: 27865s
[gpu0] [  10/1000] samples:    500 | chain(game/max/avg): 2/3/2.3 | reward(game/avg): 3500/2930 | 0.04 games/s | ETA: 25053s
[gpu0] [  11/1000] samples:    550 | chain(game/max/avg): 3/3/2.4 | reward(game/avg): 3660/2996 | 0.04 games/s | ETA: 22753s
[gpu0] [  12/1000] samples:    600 | chain(game/max/avg): 2/3/2.3 | reward(game/avg): 2340/2942 | 0.05 games/s | ETA: 20836s
[gpu0] [  13/1000] samples:    650 | chain(game/max/avg): 3/3/2.4 | reward(game/avg): 3220/2963 | 0.05 games/s | ETA: 19213s
[gpu0] [  14/1000] samples:    700 | chain(game/max/avg): 4/4/2.5 | reward(game/avg): 6820/3239 | 0.06 games/s | ETA: 17824s
[gpu0] [  15/1000] samples:    750 | chain(game/max/avg): 2/4/2.5 | reward(game/avg): 3440/3252 | 0.06 games/s | ETA: 16618s
[gpu0] [  16/1000] samples:    800 | chain(game/max/avg): 2/4/2.4 | reward(game/avg): 2780/3222 | 0.06 games/s | ETA: 15564s
[gpu0] [  17/1000] samples:    850 | chain(game/max/avg): 2/4/2.4 | reward(game/avg): 3200/3221 | 0.07 games/s | ETA: 14634s
[gpu0] [  18/1000] samples:    900 | chain(game/max/avg): 3/4/2.4 | reward(game/avg): 2980/3208 | 0.07 games/s | ETA: 13807s
[gpu0] [  19/1000] samples:    950 | chain(game/max/avg): 2/4/2.4 | reward(game/avg): 3220/3208 | 0.08 games/s | ETA: 13067s
[gpu0] [  20/1000] samples:   1000 | chain(game/max/avg): 2/4/2.4 | reward(game/avg): 2800/3188 | 0.08 games/s | ETA: 12401s
[gpu0] [  21/1000] samples:   1050 | chain(game/max/avg): 2/4/2.4 | reward(game/avg): 3480/3202 | 0.08 games/s | ETA: 11798s
[gpu0] [  22/1000] samples:   1100 | chain(game/max/avg): 2/4/2.4 | reward(game/avg): 3980/3237 | 0.09 games/s | ETA: 11251s
[gpu0] [  23/1000] samples:   1150 | chain(game/max/avg): 3/4/2.4 | reward(game/avg): 3460/3247 | 0.09 games/s | ETA: 10750s
[gpu0] [  24/1000] samples:   1200 | chain(game/max/avg): 3/4/2.4 | reward(game/avg): 4260/3289 | 0.09 games/s | ETA: 10292s
[gpu0] [  25/1000] samples:   1250 | chain(game/max/avg): 2/4/2.4 | reward(game/avg): 2580/3261 | 0.10 games/s | ETA: 9870s
[gpu0] [  26/1000] samples:   1300 | chain(game/max/avg): 2/4/2.4 | reward(game/avg): 3540/3272 | 0.10 games/s | ETA: 9481s
[gpu0] [  27/1000] samples:   1350 | chain(game/max/avg): 2/4/2.4 | reward(game/avg): 2920/3259 | 0.11 games/s | ETA: 9121s
[gpu0] [  28/1000] samples:   1400 | chain(game/max/avg): 3/4/2.4 | reward(game/avg): 3200/3256 | 0.11 games/s | ETA: 8786s
[gpu0] [  29/1000] samples:   1450 | chain(game/max/avg): 2/4/2.4 | reward(game/avg): 3440/3263 | 0.11 games/s | ETA: 8474s
[gpu0] [  30/1000] samples:   1500 | chain(game/max/avg): 3/4/2.4 | reward(game/avg): 4540/3305 | 0.12 games/s | ETA: 8183s
[gpu0] [  31/1000] samples:   1550 | chain(game/max/avg): 3/4/2.4 | reward(game/avg): 4300/3337 | 0.12 games/s | ETA: 7911s
[gpu0] [  32/1000] samples:   1600 | chain(game/max/avg): 2/4/2.4 | reward(game/avg): 3180/3332 | 0.13 games/s | ETA: 7656s
[gpu0] [  33/1000] samples:   1650 | chain(game/max/avg): 4/4/2.5 | reward(game/avg): 5560/3400 | 0.13 games/s | ETA: 7416s
[gpu0] [  34/1000] samples:   1700 | chain(game/max/avg): 3/4/2.5 | reward(game/avg): 4280/3426 | 0.13 games/s | ETA: 7191s
[gpu0] [  35/1000] samples:   1750 | chain(game/max/avg): 2/4/2.5 | reward(game/avg): 2960/3413 | 0.14 games/s | ETA: 6978s
[gpu0] [  36/1000] samples:   1800 | chain(game/max/avg): 2/4/2.4 | reward(game/avg): 1720/3366 | 0.14 games/s | ETA: 6777s
[gpu0] [  37/1000] samples:   1850 | chain(game/max/avg): 2/4/2.4 | reward(game/avg): 3150/3360 | 0.15 games/s | ETA: 6587s
[gpu0] [  38/1000] samples:   1900 | chain(game/max/avg): 2/4/2.4 | reward(game/avg): 2970/3349 | 0.15 games/s | ETA: 6407s
[gpu0] [  39/1000] samples:   1950 | chain(game/max/avg): 2/4/2.4 | reward(game/avg): 2740/3334 | 0.15 games/s | ETA: 6237s
[gpu0] [  40/1000] samples:   2000 | chain(game/max/avg): 2/4/2.4 | reward(game/avg): 3300/3333 | 0.16 games/s | ETA: 6074s
[gpu0] [  41/1000] samples:   2050 | chain(game/max/avg): 2/4/2.4 | reward(game/avg): 3820/3345 | 0.16 games/s | ETA: 5920s
[gpu0] [  42/1000] samples:   2100 | chain(game/max/avg): 2/4/2.4 | reward(game/avg): 3220/3342 | 0.17 games/s | ETA: 5773s
[gpu0] [  43/1000] samples:   2150 | chain(game/max/avg): 3/4/2.4 | reward(game/avg): 4200/3362 | 0.17 games/s | ETA: 5633s
[gpu0] [  44/1000] samples:   2200 | chain(game/max/avg): 2/4/2.4 | reward(game/avg): 3320/3361 | 0.17 games/s | ETA: 5499s
[gpu0] [  45/1000] samples:   2250 | chain(game/max/avg): 3/4/2.4 | reward(game/avg): 3920/3373 | 0.18 games/s | ETA: 5371s
[gpu0] [  46/1000] samples:   2300 | chain(game/max/avg): 2/4/2.4 | reward(game/avg): 3220/3370 | 0.18 games/s | ETA: 5249s
[gpu0] [  47/1000] samples:   2350 | chain(game/max/avg): 3/4/2.4 | reward(game/avg): 3900/3381 | 0.19 games/s | ETA: 5132s
[gpu0] [  48/1000] samples:   2400 | chain(game/max/avg): 2/4/2.4 | reward(game/avg): 2380/3360 | 0.19 games/s | ETA: 5020s
[gpu0] [  49/1000] samples:   2450 | chain(game/max/avg): 2/4/2.4 | reward(game/avg): 2880/3351 | 0.19 games/s | ETA: 4912s
[gpu0] [  50/1000] samples:   2500 | chain(game/max/avg): 2/4/2.4 | reward(game/avg): 3600/3356 | 0.20 games/s | ETA: 4809s
[gpu0] [  51/1000] samples:   2550 | chain(game/max/avg): 3/4/2.4 | reward(game/avg): 3880/3366 | 0.20 games/s | ETA: 4710s
[gpu0] [  52/1000] samples:   2600 | chain(game/max/avg): 2/4/2.4 | reward(game/avg): 3920/3377 | 0.21 games/s | ETA: 4614s
[gpu0] [  53/1000] samples:   2650 | chain(game/max/avg): 2/4/2.4 | reward(game/avg): 3630/3381 | 0.21 games/s | ETA: 4522s
[gpu0] [  54/1000] samples:   2700 | chain(game/max/avg): 2/4/2.4 | reward(game/avg): 2920/3373 | 0.21 games/s | ETA: 4434s
[gpu0] [  55/1000] samples:   2750 | chain(game/max/avg): 3/4/2.4 | reward(game/avg): 4160/3387 | 0.22 games/s | ETA: 4349s
[gpu0] [  56/1000] samples:   2800 | chain(game/max/avg): 2/4/2.4 | reward(game/avg): 3680/3392 | 0.22 games/s | ETA: 4267s
[gpu0] [  57/1000] samples:   2850 | chain(game/max/avg): 2/4/2.4 | reward(game/avg): 3240/3390 | 0.23 games/s | ETA: 4187s
[gpu0] [  58/1000] samples:   2900 | chain(game/max/avg): 3/4/2.4 | reward(game/avg): 2760/3379 | 0.23 games/s | ETA: 4111s
[gpu0] [  59/1000] samples:   2950 | chain(game/max/avg): 3/4/2.4 | reward(game/avg): 3380/3379 | 0.23 games/s | ETA: 4037s
[gpu0] [  60/1000] samples:   3000 | chain(game/max/avg): 2/4/2.4 | reward(game/avg): 3900/3388 | 0.24 games/s | ETA: 3965s
[gpu0] [  61/1000] samples:   3050 | chain(game/max/avg): 2/4/2.4 | reward(game/avg): 3240/3385 | 0.24 games/s | ETA: 3896s
[gpu0] [  62/1000] samples:   3100 | chain(game/max/avg): 2/4/2.4 | reward(game/avg): 3260/3383 | 0.24 games/s | ETA: 3829s
[gpu0] [  63/1000] samples:   3150 | chain(game/max/avg): 2/4/2.4 | reward(game/avg): 3760/3389 | 0.25 games/s | ETA: 3765s
[gpu0] [  64/1000] samples:   3200 | chain(game/max/avg): 2/4/2.4 | reward(game/avg): 3320/3388 | 0.25 games/s | ETA: 3702s
[gpu0] [  65/1000] samples:   3250 | chain(game/max/avg): 2/4/2.4 | reward(game/avg): 2660/3377 | 0.26 games/s | ETA: 3641s
[gpu0] [  66/1000] samples:   3300 | chain(game/max/avg): 2/4/2.3 | reward(game/avg): 3620/3380 | 0.26 games/s | ETA: 3582s
[gpu0] [  67/1000] samples:   3350 | chain(game/max/avg): 2/4/2.3 | reward(game/avg): 3420/3381 | 0.26 games/s | ETA: 3525s
[gpu0] [  68/1000] samples:   3400 | chain(game/max/avg): 2/4/2.3 | reward(game/avg): 2860/3373 | 0.27 games/s | ETA: 3469s
[gpu0] [  69/1000] samples:   3450 | chain(game/max/avg): 3/4/2.3 | reward(game/avg): 3340/3373 | 0.27 games/s | ETA: 3415s
[gpu0] [  70/1000] samples:   3500 | chain(game/max/avg): 2/4/2.3 | reward(game/avg): 2700/3363 | 0.28 games/s | ETA: 3363s
[gpu0] [  71/1000] samples:   3550 | chain(game/max/avg): 3/4/2.4 | reward(game/avg): 4780/3383 | 0.28 games/s | ETA: 3312s
[gpu0] [  72/1000] samples:   3600 | chain(game/max/avg): 2/4/2.3 | reward(game/avg): 3440/3384 | 0.28 games/s | ETA: 3262s
[gpu0] [  73/1000] samples:   3650 | chain(game/max/avg): 3/4/2.4 | reward(game/avg): 2560/3373 | 0.29 games/s | ETA: 3214s
[gpu0] [  74/1000] samples:   3700 | chain(game/max/avg): 2/4/2.4 | reward(game/avg): 1880/3353 | 0.29 games/s | ETA: 3167s
[gpu0] [  75/1000] samples:   3750 | chain(game/max/avg): 2/4/2.3 | reward(game/avg): 4580/3369 | 0.30 games/s | ETA: 3122s
[gpu0] [  76/1000] samples:   3800 | chain(game/max/avg): 2/4/2.3 | reward(game/avg): 2760/3361 | 0.30 games/s | ETA: 3077s
[gpu0] [  77/1000] samples:   3850 | chain(game/max/avg): 2/4/2.3 | reward(game/avg): 3090/3357 | 0.30 games/s | ETA: 3034s
[gpu0] [  78/1000] samples:   3900 | chain(game/max/avg): 2/4/2.3 | reward(game/avg): 3070/3354 | 0.31 games/s | ETA: 2992s
[gpu0] [  79/1000] samples:   3950 | chain(game/max/avg): 2/4/2.3 | reward(game/avg): 2600/3344 | 0.31 games/s | ETA: 2951s
[gpu0] [  80/1000] samples:   4000 | chain(game/max/avg): 2/4/2.3 | reward(game/avg): 3220/3343 | 0.32 games/s | ETA: 2911s
[gpu0] [  81/1000] samples:   4050 | chain(game/max/avg): 2/4/2.3 | reward(game/avg): 3320/3342 | 0.32 games/s | ETA: 2872s
[gpu0] [  82/1000] samples:   4100 | chain(game/max/avg): 2/4/2.3 | reward(game/avg): 3040/3339 | 0.32 games/s | ETA: 2834s
[gpu0] [  83/1000] samples:   4150 | chain(game/max/avg): 2/4/2.3 | reward(game/avg): 3160/3337 | 0.33 games/s | ETA: 2797s
[gpu0] [  84/1000] samples:   4200 | chain(game/max/avg): 3/4/2.3 | reward(game/avg): 3180/3335 | 0.33 games/s | ETA: 2760s
[gpu0] [  85/1000] samples:   4250 | chain(game/max/avg): 2/4/2.3 | reward(game/avg): 2700/3327 | 0.34 games/s | ETA: 2725s
[gpu0] [  86/1000] samples:   4300 | chain(game/max/avg): 2/4/2.3 | reward(game/avg): 3420/3328 | 0.34 games/s | ETA: 2690s
[gpu0] [  87/1000] samples:   4350 | chain(game/max/avg): 2/4/2.3 | reward(game/avg): 3420/3329 | 0.34 games/s | ETA: 2656s
[gpu0] [  88/1000] samples:   4400 | chain(game/max/avg): 2/4/2.3 | reward(game/avg): 2880/3324 | 0.35 games/s | ETA: 2623s
[gpu0] [  89/1000] samples:   4450 | chain(game/max/avg): 2/4/2.3 | reward(game/avg): 2480/3315 | 0.35 games/s | ETA: 2591s
[gpu0] [  90/1000] samples:   4500 | chain(game/max/avg): 2/4/2.3 | reward(game/avg): 2600/3307 | 0.36 games/s | ETA: 2559s
[gpu0] [  91/1000] samples:   4550 | chain(game/max/avg): 2/4/2.3 | reward(game/avg): 3340/3307 | 0.36 games/s | ETA: 2528s
[gpu0] [  92/1000] samples:   4600 | chain(game/max/avg): 2/4/2.3 | reward(game/avg): 2960/3303 | 0.36 games/s | ETA: 2498s
[gpu0] [  93/1000] samples:   4650 | chain(game/max/avg): 2/4/2.3 | reward(game/avg): 3220/3302 | 0.37 games/s | ETA: 2469s
[gpu0] [  94/1000] samples:   4700 | chain(game/max/avg): 3/4/2.3 | reward(game/avg): 3720/3307 | 0.37 games/s | ETA: 2440s
[gpu0] [  95/1000] samples:   4750 | chain(game/max/avg): 3/4/2.3 | reward(game/avg): 3420/3308 | 0.38 games/s | ETA: 2411s
[gpu0] [  96/1000] samples:   4800 | chain(game/max/avg): 3/4/2.3 | reward(game/avg): 3080/3306 | 0.38 games/s | ETA: 2384s
[gpu0] [  97/1000] samples:   4850 | chain(game/max/avg): 2/4/2.3 | reward(game/avg): 2380/3296 | 0.38 games/s | ETA: 2356s
[gpu0] [  98/1000] samples:   4900 | chain(game/max/avg): 3/4/2.3 | reward(game/avg): 3320/3296 | 0.39 games/s | ETA: 2330s
[gpu0] [  99/1000] samples:   4950 | chain(game/max/avg): 2/4/2.3 | reward(game/avg): 2740/3291 | 0.39 games/s | ETA: 2304s
[gpu0] [ 100/1000] samples:   5000 | chain(game/max/avg): 3/4/2.3 | reward(game/avg): 3920/3297 | 0.40 games/s | ETA: 2278s
[gpu0] [ 101/1000] samples:   5050 | chain(game/max/avg): 3/4/2.3 | reward(game/avg): 3120/3295 | 0.40 games/s | ETA: 2253s
[gpu0] [ 102/1000] samples:   5100 | chain(game/max/avg): 2/4/2.3 | reward(game/avg): 3040/3293 | 0.40 games/s | ETA: 2229s
[gpu0] [ 103/1000] samples:   5150 | chain(game/max/avg): 3/4/2.3 | reward(game/avg): 3620/3296 | 0.41 games/s | ETA: 2204s
[gpu0] [ 104/1000] samples:   5200 | chain(game/max/avg): 2/4/2.3 | reward(game/avg): 2920/3292 | 0.41 games/s | ETA: 2181s
[gpu0] [ 105/1000] samples:   5250 | chain(game/max/avg): 2/4/2.3 | reward(game/avg): 3300/3292 | 0.41 games/s | ETA: 2158s
[gpu0] [ 106/1000] samples:   5300 | chain(game/max/avg): 2/4/2.3 | reward(game/avg): 2440/3284 | 0.42 games/s | ETA: 2135s
[gpu0] [ 107/1000] samples:   5350 | chain(game/max/avg): 3/4/2.3 | reward(game/avg): 3520/3287 | 0.42 games/s | ETA: 2113s
[gpu0] [ 108/1000] samples:   5400 | chain(game/max/avg): 4/4/2.3 | reward(game/avg): 4940/3302 | 0.43 games/s | ETA: 2091s
[gpu0] [ 109/1000] samples:   5450 | chain(game/max/avg): 3/4/2.3 | reward(game/avg): 3800/3307 | 0.43 games/s | ETA: 2069s
[gpu0] [ 110/1000] samples:   5500 | chain(game/max/avg): 3/4/2.4 | reward(game/avg): 3400/3307 | 0.43 games/s | ETA: 2048s
[gpu0] [ 111/1000] samples:   5550 | chain(game/max/avg): 2/4/2.4 | reward(game/avg): 2450/3300 | 0.44 games/s | ETA: 2027s
[gpu0] [ 113/1000] samples:   5650 | chain(game/max/avg): 2/4/2.3 | reward(game/avg): 2340/3289 | 0.45 games/s | ETA: 1987s
[gpu0] [ 112/1000] samples:   5600 | chain(game/max/avg): 2/4/2.3 | reward(game/avg): 3060/3298 | 0.44 games/s | ETA: 2007s
[gpu0] [ 114/1000] samples:   5700 | chain(game/max/avg): 2/4/2.3 | reward(game/avg): 2260/3280 | 0.45 games/s | ETA: 1967s
[gpu0] [ 115/1000] samples:   5750 | chain(game/max/avg): 4/4/2.4 | reward(game/avg): 6950/3312 | 0.45 games/s | ETA: 1948s
[gpu0] [ 116/1000] samples:   5800 | chain(game/max/avg): 3/4/2.4 | reward(game/avg): 3560/3314 | 0.46 games/s | ETA: 1929s
[gpu0] [ 117/1000] samples:   5850 | chain(game/max/avg): 2/4/2.4 | reward(game/avg): 2860/3310 | 0.46 games/s | ETA: 1910s
[gpu0] [ 118/1000] samples:   5900 | chain(game/max/avg): 3/4/2.4 | reward(game/avg): 3900/3315 | 0.47 games/s | ETA: 1892s
[gpu0] [ 119/1000] samples:   5950 | chain(game/max/avg): 2/4/2.4 | reward(game/avg): 3040/3313 | 0.47 games/s | ETA: 1874s
[gpu0] [ 120/1000] samples:   6000 | chain(game/max/avg): 2/4/2.4 | reward(game/avg): 2940/3310 | 0.47 games/s | ETA: 1856s
[gpu0] [ 121/1000] samples:   6050 | chain(game/max/avg): 3/4/2.4 | reward(game/avg): 4340/3318 | 0.48 games/s | ETA: 1839s
[gpu0] [ 122/1000] samples:   6100 | chain(game/max/avg): 2/4/2.4 | reward(game/avg): 2620/3313 | 0.48 games/s | ETA: 1822s
[gpu0] [ 123/1000] samples:   6150 | chain(game/max/avg): 3/4/2.4 | reward(game/avg): 4740/3324 | 0.49 games/s | ETA: 1805s
[gpu0] [ 124/1000] samples:   6200 | chain(game/max/avg): 2/4/2.4 | reward(game/avg): 3800/3328 | 0.49 games/s | ETA: 1788s
[gpu0] [ 125/1000] samples:   6250 | chain(game/max/avg): 3/4/2.4 | reward(game/avg): 3160/3327 | 0.49 games/s | ETA: 1772s
[gpu0] [ 126/1000] samples:   6300 | chain(game/max/avg): 2/4/2.4 | reward(game/avg): 3600/3329 | 0.50 games/s | ETA: 1756s
[gpu0] [ 127/1000] samples:   6350 | chain(game/max/avg): 3/4/2.4 | reward(game/avg): 4440/3338 | 0.50 games/s | ETA: 1740s
[gpu0] [ 128/1000] samples:   6400 | chain(game/max/avg): 2/4/2.4 | reward(game/avg): 2800/3333 | 0.51 games/s | ETA: 1725s
[gpu0] [ 129/1000] samples:   6450 | chain(game/max/avg): 2/4/2.4 | reward(game/avg): 3460/3334 | 0.51 games/s | ETA: 1709s
[gpu0] [ 130/1000] samples:   6500 | chain(game/max/avg): 3/4/2.4 | reward(game/avg): 3920/3339 | 0.51 games/s | ETA: 1694s
[gpu0] [ 131/1000] samples:   6550 | chain(game/max/avg): 4/4/2.4 | reward(game/avg): 4560/3348 | 0.52 games/s | ETA: 1679s
[gpu0] [ 132/1000] samples:   6600 | chain(game/max/avg): 4/4/2.4 | reward(game/avg): 3800/3352 | 0.52 games/s | ETA: 1665s
[gpu0] [ 133/1000] samples:   6650 | chain(game/max/avg): 2/4/2.4 | reward(game/avg): 3500/3353 | 0.53 games/s | ETA: 1650s
[gpu0] [ 134/1000] samples:   6700 | chain(game/max/avg): 2/4/2.4 | reward(game/avg): 2980/3350 | 0.53 games/s | ETA: 1636s
[gpu0] [ 135/1000] samples:   6750 | chain(game/max/avg): 3/4/2.4 | reward(game/avg): 4260/3357 | 0.53 games/s | ETA: 1622s
[gpu0] [ 136/1000] samples:   6800 | chain(game/max/avg): 3/4/2.4 | reward(game/avg): 4040/3362 | 0.54 games/s | ETA: 1608s
[gpu0] [ 137/1000] samples:   6850 | chain(game/max/avg): 2/4/2.4 | reward(game/avg): 3000/3359 | 0.54 games/s | ETA: 1595s
[gpu0] [ 138/1000] samples:   6900 | chain(game/max/avg): 2/4/2.4 | reward(game/avg): 2070/3350 | 0.55 games/s | ETA: 1581s
[gpu0] [ 139/1000] samples:   6950 | chain(game/max/avg): 2/4/2.4 | reward(game/avg): 3680/3352 | 0.55 games/s | ETA: 1568s
[gpu0] [ 140/1000] samples:   7000 | chain(game/max/avg): 3/4/2.4 | reward(game/avg): 4120/3358 | 0.55 games/s | ETA: 1555s
[gpu0] [ 141/1000] samples:   7050 | chain(game/max/avg): 2/4/2.4 | reward(game/avg): 3720/3360 | 0.56 games/s | ETA: 1542s
[gpu0] [ 142/1000] samples:   7100 | chain(game/max/avg): 2/4/2.4 | reward(game/avg): 2900/3357 | 0.56 games/s | ETA: 1530s
[gpu0] [ 143/1000] samples:   7150 | chain(game/max/avg): 2/4/2.4 | reward(game/avg): 2630/3352 | 0.56 games/s | ETA: 1517s
[gpu0] [ 144/1000] samples:   7200 | chain(game/max/avg): 2/4/2.4 | reward(game/avg): 3280/3351 | 0.57 games/s | ETA: 1505s
[gpu0] [ 145/1000] samples:   7250 | chain(game/max/avg): 2/4/2.4 | reward(game/avg): 2840/3348 | 0.57 games/s | ETA: 1493s
[gpu0] [ 146/1000] samples:   7300 | chain(game/max/avg): 3/4/2.4 | reward(game/avg): 4760/3357 | 0.58 games/s | ETA: 1481s
[gpu0] [ 147/1000] samples:   7350 | chain(game/max/avg): 2/4/2.4 | reward(game/avg): 2080/3349 | 0.58 games/s | ETA: 1469s
[gpu0] [ 148/1000] samples:   7400 | chain(game/max/avg): 2/4/2.4 | reward(game/avg): 3000/3346 | 0.58 games/s | ETA: 1457s
[gpu0] [ 149/1000] samples:   7450 | chain(game/max/avg): 2/4/2.4 | reward(game/avg): 3360/3347 | 0.59 games/s | ETA: 1446s
[gpu0] [ 154/1000] samples:   7700 | chain(game/max/avg): 3/4/2.4 | reward(game/avg): 3420/3347 | 0.61 games/s | ETA: 1391s
[gpu0] [ 150/1000] samples:   7500 | chain(game/max/avg): 2/4/2.4 | reward(game/avg): 2980/3344 | 0.59 games/s | ETA: 1435s
[gpu0] [ 152/1000] samples:   7600 | chain(game/max/avg): 2/4/2.4 | reward(game/avg): 2380/3343 | 0.60 games/s | ETA: 1412s
[gpu0] [ 151/1000] samples:   7550 | chain(game/max/avg): 3/4/2.4 | reward(game/avg): 4180/3350 | 0.60 games/s | ETA: 1423s
[gpu0] [ 153/1000] samples:   7650 | chain(game/max/avg): 2/4/2.4 | reward(game/avg): 3920/3347 | 0.60 games/s | ETA: 1401s
[gpu0] [ 155/1000] samples:   7750 | chain(game/max/avg): 2/4/2.4 | reward(game/avg): 3000/3345 | 0.61 games/s | ETA: 1380s
[gpu0] [ 156/1000] samples:   7800 | chain(game/max/avg): 2/4/2.4 | reward(game/avg): 2700/3341 | 0.62 games/s | ETA: 1370s
[gpu0] [ 157/1000] samples:   7850 | chain(game/max/avg): 2/4/2.4 | reward(game/avg): 2740/3337 | 0.62 games/s | ETA: 1359s
[gpu0] [ 158/1000] samples:   7900 | chain(game/max/avg): 2/4/2.4 | reward(game/avg): 2460/3332 | 0.62 games/s | ETA: 1349s
[gpu0] [ 159/1000] samples:   7950 | chain(game/max/avg): 3/4/2.4 | reward(game/avg): 4600/3340 | 0.63 games/s | ETA: 1339s
[gpu0] [ 160/1000] samples:   8000 | chain(game/max/avg): 2/4/2.4 | reward(game/avg): 2520/3335 | 0.63 games/s | ETA: 1329s
[gpu0] [ 161/1000] samples:   8050 | chain(game/max/avg): 2/4/2.4 | reward(game/avg): 3190/3334 | 0.64 games/s | ETA: 1319s
[gpu0] [ 162/1000] samples:   8100 | chain(game/max/avg): 3/4/2.4 | reward(game/avg): 3000/3332 | 0.64 games/s | ETA: 1309s
[gpu0] [ 163/1000] samples:   8150 | chain(game/max/avg): 4/4/2.4 | reward(game/avg): 6760/3353 | 0.64 games/s | ETA: 1300s
[gpu0] [ 164/1000] samples:   8200 | chain(game/max/avg): 2/4/2.4 | reward(game/avg): 3240/3352 | 0.65 games/s | ETA: 1290s
[gpu0] [ 165/1000] samples:   8250 | chain(game/max/avg): 2/4/2.4 | reward(game/avg): 2440/3346 | 0.65 games/s | ETA: 1281s
[gpu0] [ 166/1000] samples:   8300 | chain(game/max/avg): 2/4/2.4 | reward(game/avg): 3320/3346 | 0.66 games/s | ETA: 1272s
[gpu0] [ 167/1000] samples:   8350 | chain(game/max/avg): 3/4/2.4 | reward(game/avg): 4140/3351 | 0.66 games/s | ETA: 1263s
[gpu0] [ 168/1000] samples:   8400 | chain(game/max/avg): 2/4/2.4 | reward(game/avg): 3010/3349 | 0.66 games/s | ETA: 1254s
[gpu0] [ 169/1000] samples:   8450 | chain(game/max/avg): 3/4/2.4 | reward(game/avg): 3080/3347 | 0.67 games/s | ETA: 1245s
[gpu0] [ 170/1000] samples:   8500 | chain(game/max/avg): 2/4/2.4 | reward(game/avg): 3920/3351 | 0.67 games/s | ETA: 1236s
[gpu0] [ 171/1000] samples:   8550 | chain(game/max/avg): 2/4/2.4 | reward(game/avg): 2810/3348 | 0.68 games/s | ETA: 1227s
[gpu0] [ 172/1000] samples:   8600 | chain(game/max/avg): 3/4/2.4 | reward(game/avg): 4290/3353 | 0.68 games/s | ETA: 1219s
[gpu0] [ 173/1000] samples:   8650 | chain(game/max/avg): 3/4/2.4 | reward(game/avg): 4200/3358 | 0.68 games/s | ETA: 1210s
[gpu0] [ 174/1000] samples:   8700 | chain(game/max/avg): 2/4/2.4 | reward(game/avg): 3540/3359 | 0.69 games/s | ETA: 1202s
[gpu0] [ 175/1000] samples:   8750 | chain(game/max/avg): 3/4/2.4 | reward(game/avg): 2940/3357 | 0.69 games/s | ETA: 1193s
[gpu0] [ 176/1000] samples:   8800 | chain(game/max/avg): 2/4/2.4 | reward(game/avg): 3680/3358 | 0.70 games/s | ETA: 1185s
[gpu0] [ 177/1000] samples:   8850 | chain(game/max/avg): 3/4/2.4 | reward(game/avg): 3380/3359 | 0.70 games/s | ETA: 1177s
[gpu0] [ 178/1000] samples:   8900 | chain(game/max/avg): 2/4/2.4 | reward(game/avg): 3040/3357 | 0.70 games/s | ETA: 1169s
[gpu0] [ 179/1000] samples:   8950 | chain(game/max/avg): 2/4/2.4 | reward(game/avg): 2900/3354 | 0.71 games/s | ETA: 1161s
[gpu0] [ 181/1000] samples:   9050 | chain(game/max/avg): 3/4/2.4 | reward(game/avg): 3840/3350 | 0.71 games/s | ETA: 1145s
[gpu0] [ 180/1000] samples:   9050 | chain(game/max/avg): 2/4/2.4 | reward(game/avg): 2060/3368 | 0.71 games/s | ETA: 1153s
[gpu0] [ 182/1000] samples:   9100 | chain(game/max/avg): 5/5/2.4 | reward(game/avg): 7820/3374 | 0.72 games/s | ETA: 1138s
[gpu0] [ 183/1000] samples:   9150 | chain(game/max/avg): 2/5/2.4 | reward(game/avg): 3140/3373 | 0.72 games/s | ETA: 1130s
[gpu0] [ 184/1000] samples:   9200 | chain(game/max/avg): 3/5/2.4 | reward(game/avg): 4360/3378 | 0.73 games/s | ETA: 1123s
[gpu0] [ 185/1000] samples:   9250 | chain(game/max/avg): 2/5/2.4 | reward(game/avg): 1840/3370 | 0.73 games/s | ETA: 1115s
[gpu0] [ 186/1000] samples:   9300 | chain(game/max/avg): 2/5/2.4 | reward(game/avg): 3080/3369 | 0.73 games/s | ETA: 1108s
[gpu0] [ 187/1000] samples:   9350 | chain(game/max/avg): 2/5/2.4 | reward(game/avg): 3020/3367 | 0.74 games/s | ETA: 1101s
[gpu0] [ 188/1000] samples:   9400 | chain(game/max/avg): 2/5/2.4 | reward(game/avg): 2820/3364 | 0.74 games/s | ETA: 1093s
[gpu0] [ 189/1000] samples:   9450 | chain(game/max/avg): 2/5/2.4 | reward(game/avg): 3520/3365 | 0.75 games/s | ETA: 1086s
[gpu0] [ 190/1000] samples:   9500 | chain(game/max/avg): 2/5/2.4 | reward(game/avg): 2900/3362 | 0.75 games/s | ETA: 1079s
[gpu0] [ 191/1000] samples:   9550 | chain(game/max/avg): 2/5/2.4 | reward(game/avg): 3520/3363 | 0.75 games/s | ETA: 1072s
[gpu0] [ 192/1000] samples:   9600 | chain(game/max/avg): 2/5/2.4 | reward(game/avg): 3260/3362 | 0.76 games/s | ETA: 1065s
[gpu0] [ 193/1000] samples:   9650 | chain(game/max/avg): 3/5/2.4 | reward(game/avg): 3860/3365 | 0.76 games/s | ETA: 1059s
[gpu0] [ 194/1000] samples:   9700 | chain(game/max/avg): 2/5/2.4 | reward(game/avg): 2260/3359 | 0.77 games/s | ETA: 1052s
[gpu0] [ 195/1000] samples:   9750 | chain(game/max/avg): 3/5/2.4 | reward(game/avg): 3340/3359 | 0.77 games/s | ETA: 1045s
[gpu0] [ 196/1000] samples:   9800 | chain(game/max/avg): 3/5/2.4 | reward(game/avg): 4200/3364 | 0.77 games/s | ETA: 1038s
[gpu0] [ 197/1000] samples:   9850 | chain(game/max/avg): 2/5/2.4 | reward(game/avg): 2600/3360 | 0.78 games/s | ETA: 1032s
[gpu0] [ 198/1000] samples:   9900 | chain(game/max/avg): 5/5/2.4 | reward(game/avg): 8320/3385 | 0.78 games/s | ETA: 1025s
[gpu0] [ 199/1000] samples:   9950 | chain(game/max/avg): 2/5/2.4 | reward(game/avg): 3860/3387 | 0.79 games/s | ETA: 1019s
[gpu0] [ 200/1000] samples:  10000 | chain(game/max/avg): 2/5/2.4 | reward(game/avg): 2460/3382 | 0.79 games/s | ETA: 1013s
[gpu0] [ 201/1000] samples:  10050 | chain(game/max/avg): 2/5/2.4 | reward(game/avg): 3720/3384 | 0.79 games/s | ETA: 1006s
[gpu0] [ 202/1000] samples:  10100 | chain(game/max/avg): 2/5/2.4 | reward(game/avg): 2380/3379 | 0.80 games/s | ETA: 1000s
[gpu0] [ 203/1000] samples:  10150 | chain(game/max/avg): 3/5/2.4 | reward(game/avg): 3910/3382 | 0.80 games/s | ETA: 994s
[gpu0] [ 204/1000] samples:  10200 | chain(game/max/avg): 2/5/2.4 | reward(game/avg): 2760/3379 | 0.81 games/s | ETA: 988s
[gpu0] [ 205/1000] samples:  10250 | chain(game/max/avg): 2/5/2.4 | reward(game/avg): 2240/3373 | 0.81 games/s | ETA: 982s
[gpu0] [ 206/1000] samples:  10300 | chain(game/max/avg): 2/5/2.4 | reward(game/avg): 2160/3367 | 0.81 games/s | ETA: 976s
[gpu0] [ 207/1000] samples:  10350 | chain(game/max/avg): 3/5/2.4 | reward(game/avg): 2980/3365 | 0.82 games/s | ETA: 970s
[gpu0] [ 208/1000] samples:  10400 | chain(game/max/avg): 3/5/2.4 | reward(game/avg): 3100/3364 | 0.82 games/s | ETA: 964s
[gpu0] [ 209/1000] samples:  10450 | chain(game/max/avg): 2/5/2.4 | reward(game/avg): 3870/3367 | 0.83 games/s | ETA: 958s
[gpu0] [ 210/1000] samples:  10500 | chain(game/max/avg): 2/5/2.4 | reward(game/avg): 3040/3365 | 0.83 games/s | ETA: 952s
[gpu0] [ 211/1000] samples:  10550 | chain(game/max/avg): 2/5/2.4 | reward(game/avg): 3350/3365 | 0.83 games/s | ETA: 947s
[gpu0] [ 212/1000] samples:  10600 | chain(game/max/avg): 3/5/2.4 | reward(game/avg): 3780/3367 | 0.84 games/s | ETA: 941s
[gpu0] [ 213/1000] samples:  10650 | chain(game/max/avg): 2/5/2.4 | reward(game/avg): 3500/3368 | 0.84 games/s | ETA: 935s
[gpu0] [ 214/1000] samples:  10700 | chain(game/max/avg): 2/5/2.4 | reward(game/avg): 2460/3363 | 0.85 games/s | ETA: 930s
[gpu0] [ 215/1000] samples:  10750 | chain(game/max/avg): 4/5/2.4 | reward(game/avg): 6880/3380 | 0.85 games/s | ETA: 924s
[gpu0] [ 216/1000] samples:  10800 | chain(game/max/avg): 2/5/2.4 | reward(game/avg): 2860/3377 | 0.85 games/s | ETA: 919s
[gpu0] [ 217/1000] samples:  10850 | chain(game/max/avg): 4/5/2.4 | reward(game/avg): 5200/3386 | 0.86 games/s | ETA: 913s
[gpu0] [ 218/1000] samples:  10900 | chain(game/max/avg): 3/5/2.4 | reward(game/avg): 4180/3389 | 0.86 games/s | ETA: 908s
[gpu0] [ 219/1000] samples:  10950 | chain(game/max/avg): 3/5/2.4 | reward(game/avg): 4200/3393 | 0.87 games/s | ETA: 903s
[gpu0] [ 220/1000] samples:  11000 | chain(game/max/avg): 2/5/2.4 | reward(game/avg): 3220/3392 | 0.87 games/s | ETA: 898s
[gpu0] [ 221/1000] samples:  11050 | chain(game/max/avg): 2/5/2.4 | reward(game/avg): 2240/3387 | 0.87 games/s | ETA: 892s
[gpu0] [ 222/1000] samples:  11100 | chain(game/max/avg): 3/5/2.4 | reward(game/avg): 3880/3389 | 0.88 games/s | ETA: 887s
[gpu0] [ 223/1000] samples:  11150 | chain(game/max/avg): 2/5/2.4 | reward(game/avg): 3840/3391 | 0.88 games/s | ETA: 882s
[gpu0] [ 224/1000] samples:  11200 | chain(game/max/avg): 2/5/2.4 | reward(game/avg): 3380/3391 | 0.88 games/s | ETA: 877s
[gpu0] [ 225/1000] samples:  11250 | chain(game/max/avg): 2/5/2.4 | reward(game/avg): 2970/3389 | 0.89 games/s | ETA: 872s
[gpu0] [ 226/1000] samples:  11300 | chain(game/max/avg): 2/5/2.4 | reward(game/avg): 3790/3391 | 0.89 games/s | ETA: 867s
[gpu0] [ 227/1000] samples:  11350 | chain(game/max/avg): 2/5/2.4 | reward(game/avg): 3490/3391 | 0.90 games/s | ETA: 862s
[gpu0] [ 228/1000] samples:  11400 | chain(game/max/avg): 3/5/2.4 | reward(game/avg): 3450/3392 | 0.90 games/s | ETA: 857s
[gpu0] [ 229/1000] samples:  11450 | chain(game/max/avg): 2/5/2.4 | reward(game/avg): 3780/3393 | 0.90 games/s | ETA: 852s
[gpu0] [ 230/1000] samples:  11500 | chain(game/max/avg): 3/5/2.4 | reward(game/avg): 3360/3393 | 0.91 games/s | ETA: 848s
[gpu0] [ 231/1000] samples:  11550 | chain(game/max/avg): 2/5/2.4 | reward(game/avg): 4250/3397 | 0.91 games/s | ETA: 843s
[gpu0] [ 232/1000] samples:  11600 | chain(game/max/avg): 2/5/2.4 | reward(game/avg): 3120/3396 | 0.92 games/s | ETA: 838s
[gpu0] [ 233/1000] samples:  11650 | chain(game/max/avg): 2/5/2.4 | reward(game/avg): 3000/3394 | 0.92 games/s | ETA: 833s
[gpu0] [ 234/1000] samples:  11700 | chain(game/max/avg): 2/5/2.4 | reward(game/avg): 3490/3395 | 0.92 games/s | ETA: 829s
[gpu0] [ 235/1000] samples:  11750 | chain(game/max/avg): 3/5/2.4 | reward(game/avg): 3840/3396 | 0.93 games/s | ETA: 824s
[gpu0] [ 236/1000] samples:  11800 | chain(game/max/avg): 2/5/2.4 | reward(game/avg): 2560/3393 | 0.93 games/s | ETA: 820s
[gpu0] [ 237/1000] samples:  11850 | chain(game/max/avg): 3/5/2.4 | reward(game/avg): 4420/3397 | 0.94 games/s | ETA: 815s
[gpu0] [ 238/1000] samples:  11900 | chain(game/max/avg): 3/5/2.4 | reward(game/avg): 3200/3396 | 0.94 games/s | ETA: 811s
[gpu0] [ 239/1000] samples:  11950 | chain(game/max/avg): 3/5/2.4 | reward(game/avg): 3160/3395 | 0.94 games/s | ETA: 806s
[gpu0] [ 240/1000] samples:  12000 | chain(game/max/avg): 2/5/2.4 | reward(game/avg): 3210/3395 | 0.95 games/s | ETA: 802s
[gpu0] [ 241/1000] samples:  12050 | chain(game/max/avg): 2/5/2.4 | reward(game/avg): 3660/3396 | 0.95 games/s | ETA: 797s
[gpu0] [ 242/1000] samples:  12100 | chain(game/max/avg): 2/5/2.4 | reward(game/avg): 2900/3394 | 0.96 games/s | ETA: 793s
[gpu0] [ 243/1000] samples:  12150 | chain(game/max/avg): 3/5/2.4 | reward(game/avg): 3530/3394 | 0.96 games/s | ETA: 789s
[gpu0] [ 244/1000] samples:  12200 | chain(game/max/avg): 3/5/2.4 | reward(game/avg): 4620/3399 | 0.96 games/s | ETA: 784s
[gpu0] [ 245/1000] samples:  12250 | chain(game/max/avg): 3/5/2.4 | reward(game/avg): 3840/3401 | 0.97 games/s | ETA: 780s
[gpu0] [ 246/1000] samples:  12300 | chain(game/max/avg): 2/5/2.4 | reward(game/avg): 2210/3396 | 0.97 games/s | ETA: 776s
[gpu0] [ 247/1000] samples:  12350 | chain(game/max/avg): 3/5/2.4 | reward(game/avg): 4740/3402 | 0.98 games/s | ETA: 772s
[gpu0] [ 248/1000] samples:  12400 | chain(game/max/avg): 3/5/2.4 | reward(game/avg): 4480/3406 | 0.98 games/s | ETA: 768s
[gpu0] [ 249/1000] samples:  12450 | chain(game/max/avg): 2/5/2.4 | reward(game/avg): 2780/3403 | 0.98 games/s | ETA: 764s
[gpu0] [ 250/1000] samples:  12500 | chain(game/max/avg): 2/5/2.4 | reward(game/avg): 2580/3400 | 0.99 games/s | ETA: 760s
[gpu0] [ 251/1000] samples:  12550 | chain(game/max/avg): 2/5/2.4 | reward(game/avg): 3640/3401 | 0.99 games/s | ETA: 756s
[gpu0] [ 252/1000] samples:  12600 | chain(game/max/avg): 3/5/2.4 | reward(game/avg): 4680/3406 | 1.00 games/s | ETA: 752s
[gpu0] [ 253/1000] samples:  12650 | chain(game/max/avg): 2/5/2.4 | reward(game/avg): 3800/3408 | 1.00 games/s | ETA: 748s
[gpu0] [ 254/1000] samples:  12700 | chain(game/max/avg): 3/5/2.4 | reward(game/avg): 2880/3406 | 1.00 games/s | ETA: 744s
[gpu0] [ 255/1000] samples:  12750 | chain(game/max/avg): 3/5/2.4 | reward(game/avg): 3160/3405 | 1.01 games/s | ETA: 740s
[gpu0] [ 256/1000] samples:  12800 | chain(game/max/avg): 3/5/2.4 | reward(game/avg): 3200/3404 | 1.01 games/s | ETA: 736s
[gpu0] [ 257/1000] samples:  12850 | chain(game/max/avg): 2/5/2.4 | reward(game/avg): 3280/3403 | 1.02 games/s | ETA: 732s
[gpu0] [ 258/1000] samples:  12900 | chain(game/max/avg): 2/5/2.4 | reward(game/avg): 3480/3404 | 1.02 games/s | ETA: 728s
[gpu0] [ 259/1000] samples:  12950 | chain(game/max/avg): 3/5/2.4 | reward(game/avg): 3840/3405 | 1.02 games/s | ETA: 724s
[gpu0] [ 260/1000] samples:  13000 | chain(game/max/avg): 2/5/2.4 | reward(game/avg): 2620/3402 | 1.03 games/s | ETA: 721s
[gpu0] [ 261/1000] samples:  13050 | chain(game/max/avg): 3/5/2.4 | reward(game/avg): 4720/3407 | 1.03 games/s | ETA: 717s
[gpu0] [ 262/1000] samples:  13100 | chain(game/max/avg): 4/5/2.4 | reward(game/avg): 4810/3413 | 1.03 games/s | ETA: 713s
[gpu0] [ 263/1000] samples:  13150 | chain(game/max/avg): 2/5/2.4 | reward(game/avg): 1800/3407 | 1.04 games/s | ETA: 710s
[gpu0] [ 264/1000] samples:  13200 | chain(game/max/avg): 2/5/2.4 | reward(game/avg): 3100/3406 | 1.04 games/s | ETA: 706s
[gpu0] [ 265/1000] samples:  13250 | chain(game/max/avg): 3/5/2.4 | reward(game/avg): 3000/3404 | 1.05 games/s | ETA: 702s
[gpu0] [ 266/1000] samples:  13300 | chain(game/max/avg): 2/5/2.4 | reward(game/avg): 3140/3403 | 1.05 games/s | ETA: 699s
[gpu0] [ 267/1000] samples:  13350 | chain(game/max/avg): 4/5/2.4 | reward(game/avg): 5420/3411 | 1.05 games/s | ETA: 695s
[gpu0] [ 268/1000] samples:  13400 | chain(game/max/avg): 2/5/2.4 | reward(game/avg): 2120/3406 | 1.06 games/s | ETA: 692s
[gpu0] [ 269/1000] samples:  13450 | chain(game/max/avg): 2/5/2.4 | reward(game/avg): 3190/3405 | 1.06 games/s | ETA: 688s
[gpu0] [ 270/1000] samples:  13500 | chain(game/max/avg): 2/5/2.4 | reward(game/avg): 3340/3405 | 1.07 games/s | ETA: 685s
[gpu0] [ 271/1000] samples:  13550 | chain(game/max/avg): 2/5/2.4 | reward(game/avg): 3220/3404 | 1.07 games/s | ETA: 681s
[gpu0] [ 272/1000] samples:  13600 | chain(game/max/avg): 2/5/2.4 | reward(game/avg): 3080/3403 | 1.07 games/s | ETA: 678s
[gpu0] [ 273/1000] samples:  13650 | chain(game/max/avg): 2/5/2.4 | reward(game/avg): 4320/3406 | 1.08 games/s | ETA: 674s
[gpu0] [ 274/1000] samples:  13700 | chain(game/max/avg): 3/5/2.4 | reward(game/avg): 3260/3406 | 1.08 games/s | ETA: 671s
[gpu0] [ 275/1000] samples:  13750 | chain(game/max/avg): 3/5/2.4 | reward(game/avg): 3540/3406 | 1.09 games/s | ETA: 668s
[gpu0] [ 276/1000] samples:  13800 | chain(game/max/avg): 2/5/2.4 | reward(game/avg): 3100/3405 | 1.09 games/s | ETA: 664s
[gpu0] [ 277/1000] samples:  13850 | chain(game/max/avg): 3/5/2.4 | reward(game/avg): 2960/3403 | 1.09 games/s | ETA: 661s
[gpu0] [ 278/1000] samples:  13900 | chain(game/max/avg): 2/5/2.4 | reward(game/avg): 3120/3402 | 1.10 games/s | ETA: 658s
[gpu0] [ 279/1000] samples:  13950 | chain(game/max/avg): 3/5/2.4 | reward(game/avg): 3080/3401 | 1.10 games/s | ETA: 654s
[gpu0] [ 280/1000] samples:  14000 | chain(game/max/avg): 2/5/2.4 | reward(game/avg): 3500/3402 | 1.11 games/s | ETA: 651s
[gpu0] [ 281/1000] samples:  14050 | chain(game/max/avg): 3/5/2.4 | reward(game/avg): 3700/3403 | 1.11 games/s | ETA: 648s
[gpu0] [ 282/1000] samples:  14100 | chain(game/max/avg): 2/5/2.4 | reward(game/avg): 3820/3404 | 1.11 games/s | ETA: 645s
[gpu0] [ 283/1000] samples:  14150 | chain(game/max/avg): 3/5/2.4 | reward(game/avg): 3680/3405 | 1.12 games/s | ETA: 642s
[gpu0] [ 284/1000] samples:  14200 | chain(game/max/avg): 3/5/2.4 | reward(game/avg): 3900/3407 | 1.12 games/s | ETA: 638s
[gpu0] [ 285/1000] samples:  14250 | chain(game/max/avg): 3/5/2.4 | reward(game/avg): 3860/3408 | 1.13 games/s | ETA: 635s
[gpu0] [ 286/1000] samples:  14300 | chain(game/max/avg): 3/5/2.4 | reward(game/avg): 3080/3407 | 1.13 games/s | ETA: 632s
[gpu0] [ 287/1000] samples:  14350 | chain(game/max/avg): 2/5/2.4 | reward(game/avg): 4160/3410 | 1.13 games/s | ETA: 629s
[gpu0] [ 288/1000] samples:  14400 | chain(game/max/avg): 2/5/2.4 | reward(game/avg): 2020/3405 | 1.14 games/s | ETA: 626s
[gpu0] [ 289/1000] samples:  14450 | chain(game/max/avg): 3/5/2.4 | reward(game/avg): 3680/3406 | 1.14 games/s | ETA: 623s
[gpu0] [ 290/1000] samples:  14500 | chain(game/max/avg): 2/5/2.4 | reward(game/avg): 2860/3404 | 1.15 games/s | ETA: 620s
[gpu0] [ 291/1000] samples:  14550 | chain(game/max/avg): 3/5/2.4 | reward(game/avg): 3820/3406 | 1.15 games/s | ETA: 617s
[gpu0] [ 292/1000] samples:  14600 | chain(game/max/avg): 2/5/2.4 | reward(game/avg): 3100/3405 | 1.15 games/s | ETA: 614s
[gpu0] [ 293/1000] samples:  14650 | chain(game/max/avg): 3/5/2.4 | reward(game/avg): 3400/3405 | 1.16 games/s | ETA: 611s
[gpu0] [ 294/1000] samples:  14700 | chain(game/max/avg): 3/5/2.4 | reward(game/avg): 3680/3405 | 1.16 games/s | ETA: 608s
[gpu0] [ 295/1000] samples:  14750 | chain(game/max/avg): 2/5/2.4 | reward(game/avg): 3900/3407 | 1.17 games/s | ETA: 605s
[gpu0] [ 296/1000] samples:  14800 | chain(game/max/avg): 2/5/2.4 | reward(game/avg): 3680/3408 | 1.17 games/s | ETA: 602s
[gpu0] [ 297/1000] samples:  14850 | chain(game/max/avg): 3/5/2.4 | reward(game/avg): 4240/3411 | 1.17 games/s | ETA: 599s
[gpu0] [ 298/1000] samples:  14900 | chain(game/max/avg): 2/5/2.4 | reward(game/avg): 3140/3410 | 1.18 games/s | ETA: 597s
[gpu0] [ 299/1000] samples:  14950 | chain(game/max/avg): 3/5/2.4 | reward(game/avg): 3620/3411 | 1.18 games/s | ETA: 594s
[gpu0] [ 300/1000] samples:  15000 | chain(game/max/avg): 2/5/2.4 | reward(game/avg): 2540/3408 | 1.18 games/s | ETA: 591s
[gpu0] [ 301/1000] samples:  15050 | chain(game/max/avg): 2/5/2.4 | reward(game/avg): 2780/3406 | 1.19 games/s | ETA: 588s
[gpu0] [ 302/1000] samples:  15100 | chain(game/max/avg): 2/5/2.4 | reward(game/avg): 3390/3406 | 1.19 games/s | ETA: 585s
[gpu0] [ 303/1000] samples:  15150 | chain(game/max/avg): 3/5/2.4 | reward(game/avg): 3670/3407 | 1.20 games/s | ETA: 582s
[gpu0] [ 304/1000] samples:  15200 | chain(game/max/avg): 2/5/2.4 | reward(game/avg): 3510/3407 | 1.20 games/s | ETA: 580s
[gpu0] [ 305/1000] samples:  15250 | chain(game/max/avg): 3/5/2.4 | reward(game/avg): 4600/3411 | 1.20 games/s | ETA: 577s
[gpu0] [ 306/1000] samples:  15300 | chain(game/max/avg): 3/5/2.4 | reward(game/avg): 4580/3415 | 1.21 games/s | ETA: 574s
[gpu0] [ 309/1000] samples:  15450 | chain(game/max/avg): 2/5/2.4 | reward(game/avg): 2470/3412 | 1.22 games/s | ETA: 566s
[gpu0] [ 307/1000] samples:  15350 | chain(game/max/avg): 2/5/2.4 | reward(game/avg): 2460/3411 | 1.21 games/s | ETA: 572s
[gpu0] [ 308/1000] samples:  15400 | chain(game/max/avg): 3/5/2.4 | reward(game/avg): 4580/3415 | 1.22 games/s | ETA: 569s
[gpu0] [ 310/1000] samples:  15500 | chain(game/max/avg): 3/5/2.4 | reward(game/avg): 4000/3414 | 1.22 games/s | ETA: 564s
[gpu0] [ 311/1000] samples:  15550 | chain(game/max/avg): 4/5/2.4 | reward(game/avg): 4700/3418 | 1.23 games/s | ETA: 561s
[gpu0] [ 312/1000] samples:  15600 | chain(game/max/avg): 3/5/2.4 | reward(game/avg): 4100/3420 | 1.23 games/s | ETA: 558s
[gpu0] [ 313/1000] samples:  15650 | chain(game/max/avg): 2/5/2.4 | reward(game/avg): 4100/3423 | 1.24 games/s | ETA: 556s
[gpu0] [ 314/1000] samples:  15700 | chain(game/max/avg): 2/5/2.4 | reward(game/avg): 3880/3424 | 1.24 games/s | ETA: 553s
[gpu0] [ 315/1000] samples:  15750 | chain(game/max/avg): 3/5/2.4 | reward(game/avg): 4190/3426 | 1.24 games/s | ETA: 551s
[gpu0] [ 316/1000] samples:  15800 | chain(game/max/avg): 3/5/2.4 | reward(game/avg): 3840/3428 | 1.25 games/s | ETA: 548s
[gpu0] [ 317/1000] samples:  15850 | chain(game/max/avg): 4/5/2.4 | reward(game/avg): 5080/3433 | 1.25 games/s | ETA: 546s
[gpu0] [ 318/1000] samples:  15900 | chain(game/max/avg): 2/5/2.4 | reward(game/avg): 3500/3433 | 1.26 games/s | ETA: 543s
[gpu0] [ 319/1000] samples:  15950 | chain(game/max/avg): 2/5/2.4 | reward(game/avg): 3960/3435 | 1.26 games/s | ETA: 541s
[gpu0] [ 320/1000] samples:  16000 | chain(game/max/avg): 3/5/2.4 | reward(game/avg): 4100/3437 | 1.26 games/s | ETA: 538s
[gpu0] [ 321/1000] samples:  16050 | chain(game/max/avg): 2/5/2.4 | reward(game/avg): 3140/3436 | 1.27 games/s | ETA: 536s
[gpu0] [ 322/1000] samples:  16100 | chain(game/max/avg): 3/5/2.4 | reward(game/avg): 3520/3436 | 1.27 games/s | ETA: 533s
[gpu0] [ 323/1000] samples:  16150 | chain(game/max/avg): 2/5/2.4 | reward(game/avg): 2560/3434 | 1.28 games/s | ETA: 531s
[gpu0] [ 324/1000] samples:  16200 | chain(game/max/avg): 2/5/2.4 | reward(game/avg): 3540/3434 | 1.28 games/s | ETA: 528s
[gpu0] [ 325/1000] samples:  16250 | chain(game/max/avg): 2/5/2.4 | reward(game/avg): 3610/3434 | 1.28 games/s | ETA: 526s
[gpu0] [ 326/1000] samples:  16300 | chain(game/max/avg): 2/5/2.4 | reward(game/avg): 3100/3433 | 1.29 games/s | ETA: 524s
[gpu0] [ 327/1000] samples:  16350 | chain(game/max/avg): 3/5/2.4 | reward(game/avg): 4580/3437 | 1.29 games/s | ETA: 521s
[gpu0] [ 328/1000] samples:  16400 | chain(game/max/avg): 2/5/2.4 | reward(game/avg): 3010/3436 | 1.30 games/s | ETA: 519s
[gpu0] [ 329/1000] samples:  16450 | chain(game/max/avg): 2/5/2.4 | reward(game/avg): 3440/3436 | 1.30 games/s | ETA: 516s
[gpu0] [ 330/1000] samples:  16500 | chain(game/max/avg): 2/5/2.4 | reward(game/avg): 3260/3435 | 1.30 games/s | ETA: 514s
[gpu0] [ 331/1000] samples:  16550 | chain(game/max/avg): 3/5/2.4 | reward(game/avg): 3100/3434 | 1.31 games/s | ETA: 512s
[gpu0] [ 332/1000] samples:  16600 | chain(game/max/avg): 3/5/2.4 | reward(game/avg): 3530/3434 | 1.31 games/s | ETA: 510s
[gpu0] [ 333/1000] samples:  16650 | chain(game/max/avg): 3/5/2.4 | reward(game/avg): 4370/3437 | 1.31 games/s | ETA: 507s
[gpu0] [ 334/1000] samples:  16700 | chain(game/max/avg): 2/5/2.4 | reward(game/avg): 3770/3438 | 1.32 games/s | ETA: 505s
[gpu0] [ 335/1000] samples:  16750 | chain(game/max/avg): 3/5/2.4 | reward(game/avg): 5000/3443 | 1.32 games/s | ETA: 503s
[gpu0] [ 336/1000] samples:  16800 | chain(game/max/avg): 2/5/2.4 | reward(game/avg): 3000/3442 | 1.33 games/s | ETA: 500s
[gpu0] [ 337/1000] samples:  16850 | chain(game/max/avg): 2/5/2.4 | reward(game/avg): 2680/3439 | 1.33 games/s | ETA: 498s
[gpu0] [ 338/1000] samples:  16900 | chain(game/max/avg): 2/5/2.4 | reward(game/avg): 3440/3439 | 1.33 games/s | ETA: 496s
[gpu0] [ 339/1000] samples:  16950 | chain(game/max/avg): 2/5/2.4 | reward(game/avg): 2720/3437 | 1.34 games/s | ETA: 494s
[gpu0] [ 340/1000] samples:  17000 | chain(game/max/avg): 2/5/2.4 | reward(game/avg): 3260/3437 | 1.34 games/s | ETA: 492s
[gpu0] [ 341/1000] samples:  17050 | chain(game/max/avg): 2/5/2.4 | reward(game/avg): 2540/3434 | 1.35 games/s | ETA: 489s
[gpu0] [ 342/1000] samples:  17100 | chain(game/max/avg): 4/5/2.4 | reward(game/avg): 5400/3440 | 1.35 games/s | ETA: 487s
[gpu0] [ 343/1000] samples:  17150 | chain(game/max/avg): 3/5/2.4 | reward(game/avg): 4680/3443 | 1.35 games/s | ETA: 485s
[gpu0] [ 344/1000] samples:  17200 | chain(game/max/avg): 2/5/2.4 | reward(game/avg): 3930/3445 | 1.36 games/s | ETA: 483s
[gpu0] [ 345/1000] samples:  17250 | chain(game/max/avg): 2/5/2.4 | reward(game/avg): 2140/3441 | 1.36 games/s | ETA: 481s
[gpu0] [ 346/1000] samples:  17300 | chain(game/max/avg): 2/5/2.4 | reward(game/avg): 1980/3437 | 1.37 games/s | ETA: 479s
[gpu0] [ 347/1000] samples:  17350 | chain(game/max/avg): 2/5/2.4 | reward(game/avg): 2080/3433 | 1.37 games/s | ETA: 477s
[gpu0] [ 348/1000] samples:  17400 | chain(game/max/avg): 3/5/2.4 | reward(game/avg): 4560/3436 | 1.37 games/s | ETA: 474s
[gpu0] [ 349/1000] samples:  17450 | chain(game/max/avg): 2/5/2.4 | reward(game/avg): 2940/3435 | 1.38 games/s | ETA: 472s
[gpu0] [ 350/1000] samples:  17500 | chain(game/max/avg): 3/5/2.4 | reward(game/avg): 4740/3438 | 1.38 games/s | ETA: 470s
[gpu0] [ 351/1000] samples:  17550 | chain(game/max/avg): 2/5/2.4 | reward(game/avg): 4720/3442 | 1.39 games/s | ETA: 468s
[gpu0] [ 352/1000] samples:  17600 | chain(game/max/avg): 3/5/2.4 | reward(game/avg): 4020/3444 | 1.39 games/s | ETA: 466s
[gpu0] [ 353/1000] samples:  17650 | chain(game/max/avg): 3/5/2.4 | reward(game/avg): 3620/3444 | 1.39 games/s | ETA: 464s
[gpu0] [ 354/1000] samples:  17700 | chain(game/max/avg): 2/5/2.4 | reward(game/avg): 2840/3442 | 1.40 games/s | ETA: 462s
[gpu0] [ 355/1000] samples:  17750 | chain(game/max/avg): 3/5/2.4 | reward(game/avg): 3320/3442 | 1.40 games/s | ETA: 460s
[gpu0] [ 356/1000] samples:  17800 | chain(game/max/avg): 2/5/2.4 | reward(game/avg): 3880/3443 | 1.41 games/s | ETA: 458s
[gpu0] [ 357/1000] samples:  17850 | chain(game/max/avg): 2/5/2.4 | reward(game/avg): 2660/3441 | 1.41 games/s | ETA: 456s
[gpu0] [ 358/1000] samples:  17900 | chain(game/max/avg): 3/5/2.4 | reward(game/avg): 3560/3442 | 1.41 games/s | ETA: 454s
[gpu0] [ 359/1000] samples:  17950 | chain(game/max/avg): 2/5/2.4 | reward(game/avg): 3080/3441 | 1.42 games/s | ETA: 452s
[gpu0] [ 360/1000] samples:  18000 | chain(game/max/avg): 2/5/2.4 | reward(game/avg): 3540/3441 | 1.42 games/s | ETA: 450s
[gpu0] [ 361/1000] samples:  18050 | chain(game/max/avg): 2/5/2.4 | reward(game/avg): 3840/3442 | 1.43 games/s | ETA: 448s
[gpu0] [ 362/1000] samples:  18100 | chain(game/max/avg): 2/5/2.4 | reward(game/avg): 2300/3439 | 1.43 games/s | ETA: 446s
[gpu0] [ 363/1000] samples:  18150 | chain(game/max/avg): 3/5/2.4 | reward(game/avg): 4590/3442 | 1.43 games/s | ETA: 444s
[gpu0] [ 364/1000] samples:  18200 | chain(game/max/avg): 2/5/2.4 | reward(game/avg): 2600/3440 | 1.44 games/s | ETA: 443s
[gpu0] [ 365/1000] samples:  18250 | chain(game/max/avg): 2/5/2.4 | reward(game/avg): 2160/3436 | 1.44 games/s | ETA: 441s
[gpu0] [ 366/1000] samples:  18300 | chain(game/max/avg): 3/5/2.4 | reward(game/avg): 3780/3437 | 1.45 games/s | ETA: 439s
[gpu0] [ 367/1000] samples:  18350 | chain(game/max/avg): 2/5/2.4 | reward(game/avg): 2940/3436 | 1.45 games/s | ETA: 437s
[gpu0] [ 368/1000] samples:  18400 | chain(game/max/avg): 4/5/2.4 | reward(game/avg): 6260/3443 | 1.45 games/s | ETA: 435s
[gpu0] [ 369/1000] samples:  18450 | chain(game/max/avg): 2/5/2.4 | reward(game/avg): 4240/3446 | 1.46 games/s | ETA: 433s
[gpu0] [ 370/1000] samples:  18500 | chain(game/max/avg): 3/5/2.4 | reward(game/avg): 3280/3445 | 1.46 games/s | ETA: 431s
[gpu0] [ 371/1000] samples:  18550 | chain(game/max/avg): 3/5/2.4 | reward(game/avg): 3320/3445 | 1.46 games/s | ETA: 429s
[gpu0] [ 372/1000] samples:  18600 | chain(game/max/avg): 3/5/2.4 | reward(game/avg): 6500/3453 | 1.47 games/s | ETA: 428s
[gpu0] [ 373/1000] samples:  18650 | chain(game/max/avg): 2/5/2.4 | reward(game/avg): 3800/3454 | 1.47 games/s | ETA: 426s
[gpu0] [ 374/1000] samples:  18700 | chain(game/max/avg): 5/5/2.4 | reward(game/avg): 9100/3469 | 1.48 games/s | ETA: 424s
[gpu0] [ 375/1000] samples:  18750 | chain(game/max/avg): 2/5/2.4 | reward(game/avg): 2720/3467 | 1.48 games/s | ETA: 422s
[gpu0] [ 376/1000] samples:  18800 | chain(game/max/avg): 2/5/2.4 | reward(game/avg): 2060/3463 | 1.48 games/s | ETA: 420s
[gpu0] [ 377/1000] samples:  18850 | chain(game/max/avg): 2/5/2.4 | reward(game/avg): 3020/3462 | 1.49 games/s | ETA: 419s
[gpu0] [ 378/1000] samples:  18900 | chain(game/max/avg): 3/5/2.4 | reward(game/avg): 4200/3464 | 1.49 games/s | ETA: 417s
[gpu0] [ 379/1000] samples:  18950 | chain(game/max/avg): 2/5/2.4 | reward(game/avg): 2280/3461 | 1.50 games/s | ETA: 415s
[gpu0] [ 380/1000] samples:  19000 | chain(game/max/avg): 2/5/2.4 | reward(game/avg): 2410/3458 | 1.50 games/s | ETA: 413s
[gpu0] [ 381/1000] samples:  19050 | chain(game/max/avg): 2/5/2.4 | reward(game/avg): 2480/3456 | 1.50 games/s | ETA: 412s
[gpu0] [ 382/1000] samples:  19100 | chain(game/max/avg): 2/5/2.4 | reward(game/avg): 3520/3456 | 1.51 games/s | ETA: 410s
[gpu0] [ 383/1000] samples:  19150 | chain(game/max/avg): 2/5/2.4 | reward(game/avg): 3160/3455 | 1.51 games/s | ETA: 408s
[gpu0] [ 384/1000] samples:  19200 | chain(game/max/avg): 2/5/2.4 | reward(game/avg): 3610/3455 | 1.52 games/s | ETA: 406s
[gpu0] [ 385/1000] samples:  19250 | chain(game/max/avg): 2/5/2.4 | reward(game/avg): 2310/3452 | 1.52 games/s | ETA: 405s
[gpu0] [ 386/1000] samples:  19300 | chain(game/max/avg): 2/5/2.4 | reward(game/avg): 3040/3451 | 1.52 games/s | ETA: 403s
[gpu0] [ 387/1000] samples:  19350 | chain(game/max/avg): 3/5/2.4 | reward(game/avg): 3560/3452 | 1.53 games/s | ETA: 401s
[gpu0] [ 388/1000] samples:  19400 | chain(game/max/avg): 2/5/2.4 | reward(game/avg): 3750/3452 | 1.53 games/s | ETA: 400s
[gpu0] [ 389/1000] samples:  19450 | chain(game/max/avg): 2/5/2.4 | reward(game/avg): 2360/3450 | 1.54 games/s | ETA: 398s
[gpu0] [ 390/1000] samples:  19500 | chain(game/max/avg): 3/5/2.4 | reward(game/avg): 3320/3449 | 1.54 games/s | ETA: 396s
[gpu0] [ 391/1000] samples:  19550 | chain(game/max/avg): 3/5/2.4 | reward(game/avg): 3840/3450 | 1.54 games/s | ETA: 395s
[gpu0] [ 392/1000] samples:  19600 | chain(game/max/avg): 3/5/2.4 | reward(game/avg): 5400/3455 | 1.55 games/s | ETA: 393s
[gpu0] [ 393/1000] samples:  19650 | chain(game/max/avg): 2/5/2.4 | reward(game/avg): 3320/3455 | 1.55 games/s | ETA: 391s
[gpu0] [ 394/1000] samples:  19700 | chain(game/max/avg): 3/5/2.4 | reward(game/avg): 3800/3456 | 1.56 games/s | ETA: 390s
[gpu0] [ 395/1000] samples:  19750 | chain(game/max/avg): 2/5/2.4 | reward(game/avg): 2400/3453 | 1.56 games/s | ETA: 388s
[gpu0] [ 396/1000] samples:  19800 | chain(game/max/avg): 2/5/2.4 | reward(game/avg): 2840/3451 | 1.56 games/s | ETA: 386s
[gpu0] [ 397/1000] samples:  19850 | chain(game/max/avg): 3/5/2.4 | reward(game/avg): 3860/3453 | 1.57 games/s | ETA: 385s
[gpu0] [ 398/1000] samples:  19900 | chain(game/max/avg): 3/5/2.4 | reward(game/avg): 4680/3456 | 1.57 games/s | ETA: 383s
[gpu0] [ 399/1000] samples:  19950 | chain(game/max/avg): 3/5/2.4 | reward(game/avg): 3280/3455 | 1.58 games/s | ETA: 382s
[gpu0] [ 400/1000] samples:  20000 | chain(game/max/avg): 3/5/2.4 | reward(game/avg): 4140/3457 | 1.58 games/s | ETA: 380s
[gpu0] [ 401/1000] samples:  20050 | chain(game/max/avg): 3/5/2.4 | reward(game/avg): 3200/3456 | 1.58 games/s | ETA: 378s
[gpu0] [ 402/1000] samples:  20100 | chain(game/max/avg): 2/5/2.4 | reward(game/avg): 4120/3458 | 1.59 games/s | ETA: 377s
[gpu0] [ 403/1000] samples:  20150 | chain(game/max/avg): 3/5/2.4 | reward(game/avg): 3980/3459 | 1.59 games/s | ETA: 375s
[gpu0] [ 404/1000] samples:  20200 | chain(game/max/avg): 2/5/2.4 | reward(game/avg): 3520/3459 | 1.59 games/s | ETA: 374s
[gpu0] [ 405/1000] samples:  20300 | chain(game/max/avg): 3/5/2.4 | reward(game/avg): 2980/3464 | 1.60 games/s | ETA: 372s
[gpu0] [ 406/1000] samples:  20300 | chain(game/max/avg): 2/5/2.4 | reward(game/avg): 2440/3456 | 1.60 games/s | ETA: 371s
[gpu0] [ 407/1000] samples:  20350 | chain(game/max/avg): 3/5/2.4 | reward(game/avg): 4080/3457 | 1.61 games/s | ETA: 369s
[gpu0] [ 408/1000] samples:  20400 | chain(game/max/avg): 3/5/2.4 | reward(game/avg): 4300/3459 | 1.61 games/s | ETA: 368s
[gpu0] [ 409/1000] samples:  20450 | chain(game/max/avg): 4/5/2.4 | reward(game/avg): 5080/3463 | 1.61 games/s | ETA: 366s
[gpu0] [ 410/1000] samples:  20500 | chain(game/max/avg): 2/5/2.4 | reward(game/avg): 4770/3466 | 1.62 games/s | ETA: 365s
[gpu0] [ 411/1000] samples:  20550 | chain(game/max/avg): 4/5/2.4 | reward(game/avg): 5650/3472 | 1.62 games/s | ETA: 363s
[gpu0] [ 412/1000] samples:  20600 | chain(game/max/avg): 3/5/2.4 | reward(game/avg): 4380/3474 | 1.63 games/s | ETA: 362s
[gpu0] [ 413/1000] samples:  20650 | chain(game/max/avg): 3/5/2.5 | reward(game/avg): 3880/3475 | 1.63 games/s | ETA: 360s
[gpu0] [ 414/1000] samples:  20700 | chain(game/max/avg): 3/5/2.5 | reward(game/avg): 3840/3476 | 1.63 games/s | ETA: 359s
[gpu0] [ 415/1000] samples:  20750 | chain(game/max/avg): 3/5/2.5 | reward(game/avg): 4540/3478 | 1.64 games/s | ETA: 357s
[gpu0] [ 416/1000] samples:  20800 | chain(game/max/avg): 3/5/2.5 | reward(game/avg): 4160/3480 | 1.64 games/s | ETA: 356s
[gpu0] [ 417/1000] samples:  20850 | chain(game/max/avg): 2/5/2.5 | reward(game/avg): 2440/3477 | 1.65 games/s | ETA: 354s
[gpu0] [ 418/1000] samples:  20900 | chain(game/max/avg): 2/5/2.5 | reward(game/avg): 2920/3476 | 1.65 games/s | ETA: 353s
[gpu0] [ 419/1000] samples:  20950 | chain(game/max/avg): 3/5/2.5 | reward(game/avg): 5240/3480 | 1.65 games/s | ETA: 351s
[gpu0] [ 420/1000] samples:  21000 | chain(game/max/avg): 2/5/2.5 | reward(game/avg): 2820/3479 | 1.66 games/s | ETA: 350s
[gpu0] [ 421/1000] samples:  21050 | chain(game/max/avg): 2/5/2.5 | reward(game/avg): 2360/3476 | 1.66 games/s | ETA: 348s
[gpu0] [ 422/1000] samples:  21100 | chain(game/max/avg): 3/5/2.5 | reward(game/avg): 2900/3475 | 1.67 games/s | ETA: 347s
[gpu0] [ 423/1000] samples:  21150 | chain(game/max/avg): 2/5/2.5 | reward(game/avg): 3180/3474 | 1.67 games/s | ETA: 346s
[gpu0] [ 424/1000] samples:  21200 | chain(game/max/avg): 3/5/2.5 | reward(game/avg): 4000/3475 | 1.67 games/s | ETA: 344s
[gpu0] [ 425/1000] samples:  21250 | chain(game/max/avg): 2/5/2.5 | reward(game/avg): 2240/3472 | 1.68 games/s | ETA: 343s
[gpu0] [ 426/1000] samples:  21300 | chain(game/max/avg): 3/5/2.5 | reward(game/avg): 4660/3475 | 1.68 games/s | ETA: 341s
[gpu0] [ 427/1000] samples:  21350 | chain(game/max/avg): 2/5/2.5 | reward(game/avg): 2700/3473 | 1.69 games/s | ETA: 340s
[gpu0] [ 428/1000] samples:  21400 | chain(game/max/avg): 3/5/2.5 | reward(game/avg): 3280/3473 | 1.69 games/s | ETA: 339s
[gpu0] [ 429/1000] samples:  21450 | chain(game/max/avg): 2/5/2.5 | reward(game/avg): 2000/3469 | 1.69 games/s | ETA: 337s
[gpu0] [ 430/1000] samples:  21500 | chain(game/max/avg): 2/5/2.5 | reward(game/avg): 2720/3468 | 1.70 games/s | ETA: 336s
[gpu0] [ 431/1000] samples:  21550 | chain(game/max/avg): 2/5/2.5 | reward(game/avg): 2870/3466 | 1.70 games/s | ETA: 335s
[gpu0] [ 432/1000] samples:  21600 | chain(game/max/avg): 2/5/2.4 | reward(game/avg): 3680/3467 | 1.70 games/s | ETA: 333s
[gpu0] [ 433/1000] samples:  21650 | chain(game/max/avg): 3/5/2.5 | reward(game/avg): 3040/3466 | 1.71 games/s | ETA: 332s
[gpu0] [ 434/1000] samples:  21700 | chain(game/max/avg): 2/5/2.4 | reward(game/avg): 3230/3465 | 1.71 games/s | ETA: 331s
[gpu0] [ 435/1000] samples:  21750 | chain(game/max/avg): 3/5/2.5 | reward(game/avg): 5300/3470 | 1.72 games/s | ETA: 329s
[gpu0] [ 436/1000] samples:  21800 | chain(game/max/avg): 3/5/2.5 | reward(game/avg): 4220/3471 | 1.72 games/s | ETA: 328s
[gpu0] [ 437/1000] samples:  21850 | chain(game/max/avg): 3/5/2.5 | reward(game/avg): 3780/3472 | 1.72 games/s | ETA: 327s
[gpu0] [ 438/1000] samples:  21900 | chain(game/max/avg): 5/5/2.5 | reward(game/avg): 8260/3483 | 1.73 games/s | ETA: 325s
[gpu0] [ 439/1000] samples:  21950 | chain(game/max/avg): 2/5/2.5 | reward(game/avg): 3200/3482 | 1.73 games/s | ETA: 324s
[gpu0] [ 440/1000] samples:  22000 | chain(game/max/avg): 2/5/2.5 | reward(game/avg): 3830/3483 | 1.74 games/s | ETA: 323s
[gpu0] [ 441/1000] samples:  22050 | chain(game/max/avg): 4/5/2.5 | reward(game/avg): 6180/3489 | 1.74 games/s | ETA: 321s
[gpu0] [ 442/1000] samples:  22100 | chain(game/max/avg): 3/5/2.5 | reward(game/avg): 4740/3492 | 1.74 games/s | ETA: 320s
[gpu0] [ 443/1000] samples:  22150 | chain(game/max/avg): 3/5/2.5 | reward(game/avg): 3060/3491 | 1.75 games/s | ETA: 319s
[gpu0] [ 444/1000] samples:  22200 | chain(game/max/avg): 4/5/2.5 | reward(game/avg): 5660/3496 | 1.75 games/s | ETA: 317s
[gpu0] [ 445/1000] samples:  22250 | chain(game/max/avg): 3/5/2.5 | reward(game/avg): 4050/3497 | 1.76 games/s | ETA: 316s
[gpu0] [ 446/1000] samples:  22300 | chain(game/max/avg): 3/5/2.5 | reward(game/avg): 3740/3498 | 1.76 games/s | ETA: 315s
[gpu0] [ 447/1000] samples:  22350 | chain(game/max/avg): 2/5/2.5 | reward(game/avg): 2700/3496 | 1.76 games/s | ETA: 314s
[gpu0] [ 448/1000] samples:  22400 | chain(game/max/avg): 3/5/2.5 | reward(game/avg): 3580/3496 | 1.77 games/s | ETA: 312s
[gpu0] [ 449/1000] samples:  22450 | chain(game/max/avg): 2/5/2.5 | reward(game/avg): 3350/3496 | 1.77 games/s | ETA: 311s
[gpu0] [ 450/1000] samples:  22500 | chain(game/max/avg): 2/5/2.5 | reward(game/avg): 3300/3495 | 1.78 games/s | ETA: 310s
[gpu0] [ 451/1000] samples:  22550 | chain(game/max/avg): 1/5/2.5 | reward(game/avg): 1690/3491 | 1.78 games/s | ETA: 309s
[gpu0] [ 452/1000] samples:  22600 | chain(game/max/avg): 3/5/2.5 | reward(game/avg): 3260/3491 | 1.78 games/s | ETA: 307s
[gpu0] [ 453/1000] samples:  22650 | chain(game/max/avg): 2/5/2.5 | reward(game/avg): 2820/3489 | 1.79 games/s | ETA: 306s
[gpu0] [ 454/1000] samples:  22700 | chain(game/max/avg): 2/5/2.5 | reward(game/avg): 3040/3488 | 1.79 games/s | ETA: 305s
[gpu0] [ 455/1000] samples:  22750 | chain(game/max/avg): 2/5/2.5 | reward(game/avg): 3030/3487 | 1.79 games/s | ETA: 304s
[gpu0] [ 456/1000] samples:  22800 | chain(game/max/avg): 2/5/2.5 | reward(game/avg): 3700/3488 | 1.80 games/s | ETA: 302s
[gpu0] [ 457/1000] samples:  22850 | chain(game/max/avg): 3/5/2.5 | reward(game/avg): 3700/3488 | 1.80 games/s | ETA: 301s
[gpu0] [ 458/1000] samples:  22900 | chain(game/max/avg): 3/5/2.5 | reward(game/avg): 4100/3490 | 1.81 games/s | ETA: 300s
[gpu0] [ 459/1000] samples:  22950 | chain(game/max/avg): 2/5/2.5 | reward(game/avg): 2020/3486 | 1.81 games/s | ETA: 299s
[gpu0] [ 460/1000] samples:  23000 | chain(game/max/avg): 2/5/2.5 | reward(game/avg): 3100/3486 | 1.81 games/s | ETA: 298s
[gpu0] [ 461/1000] samples:  23050 | chain(game/max/avg): 2/5/2.5 | reward(game/avg): 2440/3483 | 1.82 games/s | ETA: 296s
[gpu0] [ 462/1000] samples:  23100 | chain(game/max/avg): 2/5/2.5 | reward(game/avg): 3000/3482 | 1.82 games/s | ETA: 295s
[gpu0] [ 463/1000] samples:  23150 | chain(game/max/avg): 4/5/2.5 | reward(game/avg): 4880/3485 | 1.83 games/s | ETA: 294s
[gpu0] [ 464/1000] samples:  23200 | chain(game/max/avg): 2/5/2.5 | reward(game/avg): 3790/3486 | 1.83 games/s | ETA: 293s
[gpu0] [ 465/1000] samples:  23250 | chain(game/max/avg): 2/5/2.5 | reward(game/avg): 2240/3483 | 1.83 games/s | ETA: 292s
[gpu0] [ 466/1000] samples:  23300 | chain(game/max/avg): 2/5/2.5 | reward(game/avg): 2940/3482 | 1.84 games/s | ETA: 291s
[gpu0] [ 467/1000] samples:  23350 | chain(game/max/avg): 3/5/2.5 | reward(game/avg): 3110/3481 | 1.84 games/s | ETA: 289s
[gpu0] [ 468/1000] samples:  23400 | chain(game/max/avg): 2/5/2.5 | reward(game/avg): 2960/3480 | 1.85 games/s | ETA: 288s
[gpu0] [ 469/1000] samples:  23450 | chain(game/max/avg): 3/5/2.5 | reward(game/avg): 2980/3479 | 1.85 games/s | ETA: 287s
[gpu0] [ 470/1000] samples:  23500 | chain(game/max/avg): 2/5/2.5 | reward(game/avg): 3650/3479 | 1.85 games/s | ETA: 286s
[gpu0] [ 471/1000] samples:  23550 | chain(game/max/avg): 2/5/2.5 | reward(game/avg): 4410/3481 | 1.86 games/s | ETA: 285s
[gpu0] [ 472/1000] samples:  23600 | chain(game/max/avg): 3/5/2.5 | reward(game/avg): 5330/3485 | 1.86 games/s | ETA: 284s
[gpu0] [ 473/1000] samples:  23650 | chain(game/max/avg): 3/5/2.5 | reward(game/avg): 4360/3487 | 1.86 games/s | ETA: 283s
[gpu0] [ 474/1000] samples:  23700 | chain(game/max/avg): 4/5/2.5 | reward(game/avg): 4480/3489 | 1.87 games/s | ETA: 282s
[gpu0] [ 475/1000] samples:  23750 | chain(game/max/avg): 2/5/2.5 | reward(game/avg): 3530/3489 | 1.87 games/s | ETA: 280s
[gpu0] [ 476/1000] samples:  23800 | chain(game/max/avg): 2/5/2.5 | reward(game/avg): 3060/3488 | 1.88 games/s | ETA: 279s
[gpu0] [ 477/1000] samples:  23850 | chain(game/max/avg): 4/5/2.5 | reward(game/avg): 4820/3491 | 1.88 games/s | ETA: 278s
[gpu0] [ 478/1000] samples:  23900 | chain(game/max/avg): 2/5/2.5 | reward(game/avg): 2480/3489 | 1.88 games/s | ETA: 277s
[gpu0] [ 479/1000] samples:  23950 | chain(game/max/avg): 2/5/2.5 | reward(game/avg): 3260/3489 | 1.89 games/s | ETA: 276s
[gpu0] [ 480/1000] samples:  24000 | chain(game/max/avg): 2/5/2.5 | reward(game/avg): 2740/3487 | 1.89 games/s | ETA: 275s
[gpu0] [ 481/1000] samples:  24050 | chain(game/max/avg): 2/5/2.5 | reward(game/avg): 3680/3488 | 1.89 games/s | ETA: 274s
[gpu0] [ 482/1000] samples:  24100 | chain(game/max/avg): 2/5/2.5 | reward(game/avg): 3900/3488 | 1.90 games/s | ETA: 273s
[gpu0] [ 483/1000] samples:  24150 | chain(game/max/avg): 2/5/2.5 | reward(game/avg): 2720/3487 | 1.90 games/s | ETA: 272s
[gpu0] [ 484/1000] samples:  24200 | chain(game/max/avg): 3/5/2.5 | reward(game/avg): 3510/3487 | 1.91 games/s | ETA: 271s
[gpu0] [ 485/1000] samples:  24250 | chain(game/max/avg): 3/5/2.5 | reward(game/avg): 4670/3489 | 1.91 games/s | ETA: 270s
[gpu0] [ 486/1000] samples:  24300 | chain(game/max/avg): 2/5/2.5 | reward(game/avg): 3240/3489 | 1.91 games/s | ETA: 269s
[gpu0] [ 487/1000] samples:  24350 | chain(game/max/avg): 3/5/2.5 | reward(game/avg): 3520/3489 | 1.92 games/s | ETA: 268s
[gpu0] [ 488/1000] samples:  24400 | chain(game/max/avg): 2/5/2.5 | reward(game/avg): 3680/3489 | 1.92 games/s | ETA: 267s
[gpu0] [ 489/1000] samples:  24450 | chain(game/max/avg): 3/5/2.5 | reward(game/avg): 3740/3490 | 1.92 games/s | ETA: 265s
[gpu0] [ 490/1000] samples:  24500 | chain(game/max/avg): 2/5/2.5 | reward(game/avg): 2820/3488 | 1.93 games/s | ETA: 264s
[gpu0] [ 491/1000] samples:  24550 | chain(game/max/avg): 2/5/2.5 | reward(game/avg): 3520/3488 | 1.93 games/s | ETA: 263s
[gpu0] [ 492/1000] samples:  24600 | chain(game/max/avg): 2/5/2.5 | reward(game/avg): 3280/3488 | 1.94 games/s | ETA: 262s
[gpu0] [ 493/1000] samples:  24650 | chain(game/max/avg): 3/5/2.5 | reward(game/avg): 3480/3488 | 1.94 games/s | ETA: 261s
[gpu0] [ 494/1000] samples:  24700 | chain(game/max/avg): 2/5/2.5 | reward(game/avg): 3020/3487 | 1.94 games/s | ETA: 260s
[gpu0] [ 495/1000] samples:  24750 | chain(game/max/avg): 3/5/2.5 | reward(game/avg): 4360/3489 | 1.95 games/s | ETA: 259s
[gpu0] [ 496/1000] samples:  24800 | chain(game/max/avg): 3/5/2.5 | reward(game/avg): 5510/3493 | 1.95 games/s | ETA: 258s
[gpu0] [ 497/1000] samples:  24850 | chain(game/max/avg): 2/5/2.5 | reward(game/avg): 2550/3491 | 1.95 games/s | ETA: 258s
[gpu0] [ 498/1000] samples:  24900 | chain(game/max/avg): 2/5/2.5 | reward(game/avg): 2960/3490 | 1.96 games/s | ETA: 257s
[gpu0] [ 499/1000] samples:  24950 | chain(game/max/avg): 2/5/2.5 | reward(game/avg): 2980/3489 | 1.96 games/s | ETA: 256s
[gpu0] [ 500/1000] samples:  25000 | chain(game/max/avg): 3/5/2.5 | reward(game/avg): 3360/3489 | 1.96 games/s | ETA: 255s
[gpu0] [ 501/1000] samples:  25050 | chain(game/max/avg): 2/5/2.5 | reward(game/avg): 2900/3487 | 1.07 games/s | ETA: 467s
[gpu0] [ 502/1000] samples:  25100 | chain(game/max/avg): 3/5/2.5 | reward(game/avg): 3820/3488 | 1.07 games/s | ETA: 465s
[gpu0] [ 503/1000] samples:  25150 | chain(game/max/avg): 2/5/2.5 | reward(game/avg): 3540/3488 | 1.07 games/s | ETA: 464s
[gpu0] [ 504/1000] samples:  25200 | chain(game/max/avg): 2/5/2.5 | reward(game/avg): 2760/3487 | 1.07 games/s | ETA: 462s
[gpu0] [ 505/1000] samples:  25250 | chain(game/max/avg): 2/5/2.5 | reward(game/avg): 2980/3486 | 1.08 games/s | ETA: 460s
[gpu0] [ 506/1000] samples:  25300 | chain(game/max/avg): 3/5/2.5 | reward(game/avg): 3720/3486 | 1.08 games/s | ETA: 458s
[gpu0] [ 507/1000] samples:  25350 | chain(game/max/avg): 3/5/2.5 | reward(game/avg): 3000/3485 | 1.08 games/s | ETA: 456s
[gpu0] [ 508/1000] samples:  25400 | chain(game/max/avg): 2/5/2.5 | reward(game/avg): 2660/3484 | 1.08 games/s | ETA: 454s
[gpu0] [ 509/1000] samples:  25450 | chain(game/max/avg): 2/5/2.5 | reward(game/avg): 3200/3483 | 1.08 games/s | ETA: 453s
[gpu0] [ 510/1000] samples:  25500 | chain(game/max/avg): 3/5/2.5 | reward(game/avg): 3700/3484 | 1.09 games/s | ETA: 451s
[gpu0] [ 511/1000] samples:  25550 | chain(game/max/avg): 2/5/2.5 | reward(game/avg): 3620/3484 | 1.09 games/s | ETA: 449s
[gpu0] [ 512/1000] samples:  25600 | chain(game/max/avg): 3/5/2.5 | reward(game/avg): 3720/3484 | 1.09 games/s | ETA: 447s
[gpu0] [ 513/1000] samples:  25650 | chain(game/max/avg): 2/5/2.5 | reward(game/avg): 3280/3484 | 1.09 games/s | ETA: 445s
[gpu0] [ 514/1000] samples:  25700 | chain(game/max/avg): 3/5/2.5 | reward(game/avg): 4140/3485 | 1.10 games/s | ETA: 444s
[gpu0] [ 515/1000] samples:  25750 | chain(game/max/avg): 3/5/2.5 | reward(game/avg): 3900/3486 | 1.10 games/s | ETA: 442s
[gpu0] [ 516/1000] samples:  25800 | chain(game/max/avg): 2/5/2.5 | reward(game/avg): 2140/3483 | 1.10 games/s | ETA: 440s
[gpu0] [ 517/1000] samples:  25850 | chain(game/max/avg): 2/5/2.5 | reward(game/avg): 3020/3482 | 1.10 games/s | ETA: 438s
[gpu0] [ 518/1000] samples:  25900 | chain(game/max/avg): 2/5/2.5 | reward(game/avg): 2760/3481 | 1.10 games/s | ETA: 437s
[gpu0] [ 519/1000] samples:  25950 | chain(game/max/avg): 2/5/2.5 | reward(game/avg): 2980/3480 | 1.11 games/s | ETA: 435s
[gpu0] [ 520/1000] samples:  26000 | chain(game/max/avg): 2/5/2.5 | reward(game/avg): 2860/3479 | 1.11 games/s | ETA: 433s
[gpu0] [ 521/1000] samples:  26050 | chain(game/max/avg): 2/5/2.5 | reward(game/avg): 3440/3479 | 1.11 games/s | ETA: 431s
[gpu0] [ 522/1000] samples:  26100 | chain(game/max/avg): 2/5/2.5 | reward(game/avg): 4070/3480 | 1.11 games/s | ETA: 430s
[gpu0] [ 523/1000] samples:  26150 | chain(game/max/avg): 2/5/2.5 | reward(game/avg): 2900/3479 | 1.11 games/s | ETA: 428s
[gpu0] [ 524/1000] samples:  26200 | chain(game/max/avg): 3/5/2.5 | reward(game/avg): 4140/3480 | 1.12 games/s | ETA: 426s
[gpu0] [ 525/1000] samples:  26250 | chain(game/max/avg): 2/5/2.5 | reward(game/avg): 2990/3479 | 1.12 games/s | ETA: 425s
[gpu0] [ 526/1000] samples:  26300 | chain(game/max/avg): 3/5/2.5 | reward(game/avg): 4480/3481 | 1.12 games/s | ETA: 423s
[gpu0] [ 527/1000] samples:  26350 | chain(game/max/avg): 2/5/2.5 | reward(game/avg): 2540/3479 | 1.12 games/s | ETA: 421s
[gpu0] [ 528/1000] samples:  26400 | chain(game/max/avg): 2/5/2.5 | reward(game/avg): 2800/3478 | 1.13 games/s | ETA: 419s
[gpu0] [ 529/1000] samples:  26450 | chain(game/max/avg): 2/5/2.5 | reward(game/avg): 2940/3477 | 1.13 games/s | ETA: 418s
[gpu0] [ 530/1000] samples:  26500 | chain(game/max/avg): 3/5/2.5 | reward(game/avg): 4100/3478 | 1.13 games/s | ETA: 416s
[gpu0] [ 531/1000] samples:  26550 | chain(game/max/avg): 3/5/2.5 | reward(game/avg): 5320/3482 | 1.13 games/s | ETA: 414s
[gpu0] [ 532/1000] samples:  26600 | chain(game/max/avg): 3/5/2.5 | reward(game/avg): 3340/3481 | 1.13 games/s | ETA: 413s
[gpu0] [ 533/1000] samples:  26650 | chain(game/max/avg): 2/5/2.5 | reward(game/avg): 2400/3479 | 1.14 games/s | ETA: 411s
[gpu0] [ 534/1000] samples:  26700 | chain(game/max/avg): 3/5/2.5 | reward(game/avg): 4910/3482 | 1.14 games/s | ETA: 409s
[gpu0] [ 535/1000] samples:  26750 | chain(game/max/avg): 2/5/2.5 | reward(game/avg): 2820/3481 | 1.14 games/s | ETA: 408s
[gpu0] [ 536/1000] samples:  26800 | chain(game/max/avg): 3/5/2.5 | reward(game/avg): 4040/3482 | 1.14 games/s | ETA: 406s
[gpu0] [ 537/1000] samples:  26850 | chain(game/max/avg): 3/5/2.5 | reward(game/avg): 3920/3483 | 1.14 games/s | ETA: 405s
[gpu0] [ 538/1000] samples:  26900 | chain(game/max/avg): 4/5/2.5 | reward(game/avg): 5240/3486 | 1.15 games/s | ETA: 403s
[gpu0] [ 539/1000] samples:  26950 | chain(game/max/avg): 2/5/2.5 | reward(game/avg): 2210/3484 | 1.15 games/s | ETA: 401s
[gpu0] [ 542/1000] samples:  27100 | chain(game/max/avg): 3/5/2.5 | reward(game/avg): 5520/3489 | 1.16 games/s | ETA: 396s
[gpu0] [ 540/1000] samples:  27000 | chain(game/max/avg): 3/5/2.5 | reward(game/avg): 5120/3487 | 1.15 games/s | ETA: 400s
[gpu0] [ 541/1000] samples:  27050 | chain(game/max/avg): 2/5/2.5 | reward(game/avg): 3040/3486 | 1.15 games/s | ETA: 398s
[gpu0] [ 543/1000] samples:  27150 | chain(game/max/avg): 2/5/2.5 | reward(game/avg): 4000/3490 | 1.16 games/s | ETA: 395s
[gpu0] [ 544/1000] samples:  27200 | chain(game/max/avg): 3/5/2.5 | reward(game/avg): 4720/3493 | 1.16 games/s | ETA: 393s
[gpu0] [ 545/1000] samples:  27250 | chain(game/max/avg): 3/5/2.5 | reward(game/avg): 2760/3491 | 1.16 games/s | ETA: 392s
[gpu0] [ 548/1000] samples:  27400 | chain(game/max/avg): 2/5/2.5 | reward(game/avg): 2900/3493 | 1.17 games/s | ETA: 387s
[gpu0] [ 547/1000] samples:  27350 | chain(game/max/avg): 4/5/2.5 | reward(game/avg): 4840/3494 | 1.17 games/s | ETA: 389s
[gpu0] [ 546/1000] samples:  27300 | chain(game/max/avg): 2/5/2.5 | reward(game/avg): 3620/3492 | 1.16 games/s | ETA: 390s
[gpu0] [ 549/1000] samples:  27450 | chain(game/max/avg): 3/5/2.5 | reward(game/avg): 3180/3492 | 1.17 games/s | ETA: 385s
[gpu0] [ 550/1000] samples:  27500 | chain(game/max/avg): 2/5/2.5 | reward(game/avg): 2840/3491 | 1.17 games/s | ETA: 384s
[gpu0] [ 551/1000] samples:  27550 | chain(game/max/avg): 2/5/2.5 | reward(game/avg): 2540/3489 | 1.17 games/s | ETA: 382s
[gpu0] [ 552/1000] samples:  27600 | chain(game/max/avg): 3/5/2.5 | reward(game/avg): 4390/3491 | 1.18 games/s | ETA: 381s
[gpu0] [ 553/1000] samples:  27650 | chain(game/max/avg): 2/5/2.5 | reward(game/avg): 2430/3489 | 1.18 games/s | ETA: 379s
[gpu0] [ 554/1000] samples:  27700 | chain(game/max/avg): 2/5/2.5 | reward(game/avg): 4320/3491 | 1.18 games/s | ETA: 378s
[gpu0] [ 555/1000] samples:  27750 | chain(game/max/avg): 3/5/2.5 | reward(game/avg): 3560/3491 | 1.18 games/s | ETA: 376s
[gpu0] [ 556/1000] samples:  27800 | chain(game/max/avg): 2/5/2.5 | reward(game/avg): 2780/3490 | 1.18 games/s | ETA: 375s
[gpu0] [ 557/1000] samples:  27850 | chain(game/max/avg): 3/5/2.5 | reward(game/avg): 4580/3491 | 1.19 games/s | ETA: 373s
[gpu0] [ 558/1000] samples:  27900 | chain(game/max/avg): 2/5/2.5 | reward(game/avg): 3180/3491 | 1.19 games/s | ETA: 372s
[gpu0] [ 559/1000] samples:  27950 | chain(game/max/avg): 3/5/2.5 | reward(game/avg): 3960/3492 | 1.19 games/s | ETA: 370s
[gpu0] [ 560/1000] samples:  28000 | chain(game/max/avg): 3/5/2.5 | reward(game/avg): 3520/3492 | 1.19 games/s | ETA: 369s
[gpu0] [ 561/1000] samples:  28050 | chain(game/max/avg): 4/5/2.5 | reward(game/avg): 4960/3494 | 1.20 games/s | ETA: 367s
[gpu0] [ 562/1000] samples:  28100 | chain(game/max/avg): 3/5/2.5 | reward(game/avg): 4180/3496 | 1.20 games/s | ETA: 366s
[gpu0] [ 563/1000] samples:  28150 | chain(game/max/avg): 3/5/2.5 | reward(game/avg): 3680/3496 | 1.20 games/s | ETA: 364s
[gpu0] [ 564/1000] samples:  28200 | chain(game/max/avg): 3/5/2.5 | reward(game/avg): 4520/3498 | 1.20 games/s | ETA: 363s
[gpu0] [ 565/1000] samples:  28250 | chain(game/max/avg): 2/5/2.5 | reward(game/avg): 3960/3499 | 1.20 games/s | ETA: 361s
[gpu0] [ 566/1000] samples:  28300 | chain(game/max/avg): 2/5/2.5 | reward(game/avg): 3200/3498 | 1.21 games/s | ETA: 360s
[gpu0] [ 567/1000] samples:  28350 | chain(game/max/avg): 2/5/2.5 | reward(game/avg): 3180/3498 | 1.21 games/s | ETA: 358s
[gpu0] [ 568/1000] samples:  28400 | chain(game/max/avg): 3/5/2.5 | reward(game/avg): 3660/3498 | 1.21 games/s | ETA: 357s
[gpu0] [ 569/1000] samples:  28450 | chain(game/max/avg): 2/5/2.5 | reward(game/avg): 2880/3497 | 1.21 games/s | ETA: 355s
[gpu0] [ 570/1000] samples:  28500 | chain(game/max/avg): 2/5/2.5 | reward(game/avg): 3380/3497 | 1.21 games/s | ETA: 354s
[gpu0] [ 571/1000] samples:  28550 | chain(game/max/avg): 2/5/2.5 | reward(game/avg): 2820/3495 | 1.22 games/s | ETA: 353s
[gpu0] [ 572/1000] samples:  28600 | chain(game/max/avg): 3/5/2.5 | reward(game/avg): 2920/3494 | 1.22 games/s | ETA: 351s
[gpu0] [ 573/1000] samples:  28650 | chain(game/max/avg): 2/5/2.5 | reward(game/avg): 3680/3495 | 1.22 games/s | ETA: 350s
[gpu0] [ 574/1000] samples:  28700 | chain(game/max/avg): 2/5/2.5 | reward(game/avg): 2800/3493 | 1.22 games/s | ETA: 348s
[gpu0] [ 575/1000] samples:  28750 | chain(game/max/avg): 3/5/2.5 | reward(game/avg): 4170/3495 | 1.23 games/s | ETA: 347s
[gpu0] [ 576/1000] samples:  28800 | chain(game/max/avg): 3/5/2.5 | reward(game/avg): 5040/3497 | 1.23 games/s | ETA: 345s
[gpu0] [ 577/1000] samples:  28850 | chain(game/max/avg): 3/5/2.5 | reward(game/avg): 3400/3497 | 1.23 games/s | ETA: 344s
[gpu0] [ 578/1000] samples:  28900 | chain(game/max/avg): 3/5/2.5 | reward(game/avg): 4740/3499 | 1.23 games/s | ETA: 343s
[gpu0] [ 579/1000] samples:  28950 | chain(game/max/avg): 2/5/2.5 | reward(game/avg): 2840/3498 | 1.23 games/s | ETA: 341s
[gpu0] [ 580/1000] samples:  29000 | chain(game/max/avg): 2/5/2.5 | reward(game/avg): 3080/3497 | 1.24 games/s | ETA: 340s
[gpu0] [ 581/1000] samples:  29050 | chain(game/max/avg): 3/5/2.5 | reward(game/avg): 4070/3498 | 1.24 games/s | ETA: 338s
[gpu0] [ 582/1000] samples:  29100 | chain(game/max/avg): 2/5/2.5 | reward(game/avg): 3060/3498 | 1.24 games/s | ETA: 337s
[gpu0] [ 583/1000] samples:  29150 | chain(game/max/avg): 2/5/2.5 | reward(game/avg): 3420/3498 | 1.24 games/s | ETA: 336s
[gpu0] [ 584/1000] samples:  29200 | chain(game/max/avg): 2/5/2.5 | reward(game/avg): 3840/3498 | 1.24 games/s | ETA: 334s
[gpu0] [ 585/1000] samples:  29250 | chain(game/max/avg): 2/5/2.5 | reward(game/avg): 2960/3497 | 1.25 games/s | ETA: 333s
[gpu0] [ 586/1000] samples:  29300 | chain(game/max/avg): 2/5/2.5 | reward(game/avg): 3140/3497 | 1.25 games/s | ETA: 332s
[gpu0] [ 588/1000] samples:  29400 | chain(game/max/avg): 2/5/2.5 | reward(game/avg): 2920/3494 | 1.25 games/s | ETA: 329s
[gpu0] [ 587/1000] samples:  29400 | chain(game/max/avg): 2/5/2.5 | reward(game/avg): 2620/3500 | 1.25 games/s | ETA: 330s
[gpu0] [ 589/1000] samples:  29450 | chain(game/max/avg): 2/5/2.5 | reward(game/avg): 1880/3491 | 1.26 games/s | ETA: 327s
[gpu0] [ 590/1000] samples:  29500 | chain(game/max/avg): 2/5/2.5 | reward(game/avg): 2320/3489 | 1.26 games/s | ETA: 326s
[gpu0] [ 591/1000] samples:  29550 | chain(game/max/avg): 3/5/2.5 | reward(game/avg): 4240/3491 | 1.26 games/s | ETA: 325s
[gpu0] [ 592/1000] samples:  29600 | chain(game/max/avg): 2/5/2.5 | reward(game/avg): 3410/3491 | 1.26 games/s | ETA: 323s
[gpu0] [ 593/1000] samples:  29650 | chain(game/max/avg): 2/5/2.5 | reward(game/avg): 3140/3490 | 1.26 games/s | ETA: 322s
[gpu0] [ 594/1000] samples:  29700 | chain(game/max/avg): 2/5/2.5 | reward(game/avg): 3630/3490 | 1.27 games/s | ETA: 321s
[gpu0] [ 595/1000] samples:  29750 | chain(game/max/avg): 2/5/2.5 | reward(game/avg): 3060/3489 | 1.27 games/s | ETA: 319s
[gpu0] [ 596/1000] samples:  29800 | chain(game/max/avg): 2/5/2.5 | reward(game/avg): 3440/3489 | 1.27 games/s | ETA: 318s
[gpu0] [ 597/1000] samples:  29850 | chain(game/max/avg): 2/5/2.5 | reward(game/avg): 2980/3489 | 1.27 games/s | ETA: 317s
[gpu0] [ 598/1000] samples:  29900 | chain(game/max/avg): 2/5/2.5 | reward(game/avg): 3440/3488 | 1.27 games/s | ETA: 315s
[gpu0] [ 599/1000] samples:  29950 | chain(game/max/avg): 2/5/2.5 | reward(game/avg): 2000/3486 | 1.28 games/s | ETA: 314s
[gpu0] [ 600/1000] samples:  30000 | chain(game/max/avg): 3/5/2.5 | reward(game/avg): 3620/3486 | 1.28 games/s | ETA: 313s
[gpu0] [ 601/1000] samples:  30050 | chain(game/max/avg): 3/5/2.5 | reward(game/avg): 3340/3486 | 1.28 games/s | ETA: 312s
[gpu0] [ 602/1000] samples:  30100 | chain(game/max/avg): 3/5/2.5 | reward(game/avg): 3700/3486 | 1.28 games/s | ETA: 310s
[gpu0] [ 608/1000] samples:  30400 | chain(game/max/avg): 2/5/2.5 | reward(game/avg): 2520/3487 | 1.30 games/s | ETA: 303s
[gpu0] [ 603/1000] samples:  30150 | chain(game/max/avg): 2/5/2.5 | reward(game/avg): 2140/3484 | 1.29 games/s | ETA: 309s
[gpu0] [ 605/1000] samples:  30250 | chain(game/max/avg): 3/5/2.5 | reward(game/avg): 4140/3486 | 1.29 games/s | ETA: 306s
[gpu0] [ 606/1000] samples:  30300 | chain(game/max/avg): 2/5/2.5 | reward(game/avg): 3420/3485 | 1.29 games/s | ETA: 305s
[gpu0] [ 607/1000] samples:  30350 | chain(game/max/avg): 4/5/2.5 | reward(game/avg): 5260/3488 | 1.29 games/s | ETA: 304s
[gpu0] [ 604/1000] samples:  30200 | chain(game/max/avg): 2/5/2.5 | reward(game/avg): 3720/3484 | 1.29 games/s | ETA: 308s
[gpu0] [ 609/1000] samples:  30450 | chain(game/max/avg): 2/5/2.5 | reward(game/avg): 1940/3484 | 1.30 games/s | ETA: 301s
[gpu0] [ 610/1000] samples:  30500 | chain(game/max/avg): 3/5/2.5 | reward(game/avg): 4060/3485 | 1.30 games/s | ETA: 300s
[gpu0] [ 611/1000] samples:  30550 | chain(game/max/avg): 2/5/2.5 | reward(game/avg): 3060/3484 | 1.30 games/s | ETA: 299s
[gpu0] [ 612/1000] samples:  30600 | chain(game/max/avg): 3/5/2.5 | reward(game/avg): 4070/3485 | 1.30 games/s | ETA: 298s
[gpu0] [ 613/1000] samples:  30650 | chain(game/max/avg): 2/5/2.5 | reward(game/avg): 3380/3485 | 1.31 games/s | ETA: 296s
[gpu0] [ 614/1000] samples:  30700 | chain(game/max/avg): 2/5/2.5 | reward(game/avg): 3890/3486 | 1.31 games/s | ETA: 295s
[gpu0] [ 615/1000] samples:  30750 | chain(game/max/avg): 4/5/2.5 | reward(game/avg): 5920/3490 | 1.31 games/s | ETA: 294s
[gpu0] [ 618/1000] samples:  30900 | chain(game/max/avg): 2/5/2.5 | reward(game/avg): 3070/3489 | 1.32 games/s | ETA: 290s
[gpu0] [ 616/1000] samples:  30800 | chain(game/max/avg): 2/5/2.5 | reward(game/avg): 3460/3490 | 1.31 games/s | ETA: 293s
[gpu0] [ 619/1000] samples:  30950 | chain(game/max/avg): 2/5/2.5 | reward(game/avg): 3420/3489 | 1.32 games/s | ETA: 289s
[gpu0] [ 620/1000] samples:  31000 | chain(game/max/avg): 2/5/2.5 | reward(game/avg): 2720/3487 | 1.32 games/s | ETA: 288s
[gpu0] [ 617/1000] samples:  30850 | chain(game/max/avg): 3/5/2.5 | reward(game/avg): 3240/3489 | 1.31 games/s | ETA: 291s
[gpu0] [ 621/1000] samples:  31050 | chain(game/max/avg): 3/5/2.5 | reward(game/avg): 4140/3488 | 1.32 games/s | ETA: 286s
[gpu0] [ 622/1000] samples:  31100 | chain(game/max/avg): 3/5/2.5 | reward(game/avg): 3960/3489 | 1.33 games/s | ETA: 285s
[gpu0] [ 623/1000] samples:  31150 | chain(game/max/avg): 3/5/2.5 | reward(game/avg): 6400/3494 | 1.33 games/s | ETA: 284s
[gpu0] [ 624/1000] samples:  31200 | chain(game/max/avg): 3/5/2.5 | reward(game/avg): 4640/3496 | 1.33 games/s | ETA: 283s
[gpu0] [ 625/1000] samples:  31250 | chain(game/max/avg): 2/5/2.5 | reward(game/avg): 2360/3494 | 1.33 games/s | ETA: 282s
[gpu0] [ 626/1000] samples:  31300 | chain(game/max/avg): 3/5/2.5 | reward(game/avg): 4780/3496 | 1.33 games/s | ETA: 280s
[gpu0] [ 627/1000] samples:  31350 | chain(game/max/avg): 2/5/2.5 | reward(game/avg): 2500/3494 | 1.34 games/s | ETA: 279s
[gpu0] [ 628/1000] samples:  31400 | chain(game/max/avg): 3/5/2.5 | reward(game/avg): 3590/3494 | 1.34 games/s | ETA: 278s
[gpu0] [ 629/1000] samples:  31450 | chain(game/max/avg): 2/5/2.5 | reward(game/avg): 3120/3494 | 1.34 games/s | ETA: 277s
[gpu0] [ 630/1000] samples:  31500 | chain(game/max/avg): 3/5/2.5 | reward(game/avg): 3980/3495 | 1.34 games/s | ETA: 276s
[gpu0] [ 631/1000] samples:  31550 | chain(game/max/avg): 2/5/2.5 | reward(game/avg): 3620/3495 | 1.34 games/s | ETA: 274s
[gpu0] [ 632/1000] samples:  31600 | chain(game/max/avg): 3/5/2.5 | reward(game/avg): 3420/3495 | 1.35 games/s | ETA: 273s
[gpu0] [ 633/1000] samples:  31650 | chain(game/max/avg): 2/5/2.5 | reward(game/avg): 2920/3494 | 1.35 games/s | ETA: 272s
[gpu0] [ 635/1000] samples:  31750 | chain(game/max/avg): 2/5/2.5 | reward(game/avg): 3360/3494 | 1.35 games/s | ETA: 270s
[gpu0] [ 634/1000] samples:  31700 | chain(game/max/avg): 3/5/2.5 | reward(game/avg): 3680/3494 | 1.35 games/s | ETA: 271s
[gpu0] [ 636/1000] samples:  31800 | chain(game/max/avg): 2/5/2.5 | reward(game/avg): 2800/3493 | 1.36 games/s | ETA: 269s
[gpu0] [ 637/1000] samples:  31850 | chain(game/max/avg): 2/5/2.5 | reward(game/avg): 2500/3491 | 1.36 games/s | ETA: 267s
[gpu0] [ 638/1000] samples:  31900 | chain(game/max/avg): 2/5/2.5 | reward(game/avg): 3040/3491 | 1.36 games/s | ETA: 266s
[gpu0] [ 639/1000] samples:  31950 | chain(game/max/avg): 2/5/2.5 | reward(game/avg): 4170/3492 | 1.36 games/s | ETA: 265s
[gpu0] [ 640/1000] samples:  32000 | chain(game/max/avg): 2/5/2.5 | reward(game/avg): 2640/3490 | 1.36 games/s | ETA: 264s
[gpu0] [ 641/1000] samples:  32050 | chain(game/max/avg): 3/5/2.5 | reward(game/avg): 4180/3491 | 1.37 games/s | ETA: 263s
[gpu0] [ 642/1000] samples:  32100 | chain(game/max/avg): 3/5/2.5 | reward(game/avg): 4360/3493 | 1.37 games/s | ETA: 262s
[gpu0] [ 643/1000] samples:  32150 | chain(game/max/avg): 3/5/2.5 | reward(game/avg): 3640/3493 | 1.37 games/s | ETA: 261s
[gpu0] [ 644/1000] samples:  32200 | chain(game/max/avg): 3/5/2.5 | reward(game/avg): 4280/3494 | 1.37 games/s | ETA: 259s
[gpu0] [ 645/1000] samples:  32250 | chain(game/max/avg): 3/5/2.5 | reward(game/avg): 3580/3494 | 1.37 games/s | ETA: 258s
[gpu0] [ 646/1000] samples:  32300 | chain(game/max/avg): 2/5/2.5 | reward(game/avg): 3560/3494 | 1.38 games/s | ETA: 257s
[gpu0] [ 649/1000] samples:  32450 | chain(game/max/avg): 3/5/2.5 | reward(game/avg): 4320/3495 | 1.38 games/s | ETA: 254s
[gpu0] [ 648/1000] samples:  32400 | chain(game/max/avg): 2/5/2.5 | reward(game/avg): 2660/3493 | 1.38 games/s | ETA: 255s
[gpu0] [ 647/1000] samples:  32350 | chain(game/max/avg): 3/5/2.5 | reward(game/avg): 3640/3495 | 1.38 games/s | ETA: 256s
[gpu0] [ 650/1000] samples:  32500 | chain(game/max/avg): 3/5/2.5 | reward(game/avg): 3180/3494 | 1.39 games/s | ETA: 253s
[gpu0] [ 651/1000] samples:  32550 | chain(game/max/avg): 2/5/2.5 | reward(game/avg): 2920/3493 | 1.39 games/s | ETA: 252s
[gpu0] [ 652/1000] samples:  32600 | chain(game/max/avg): 3/5/2.5 | reward(game/avg): 5120/3496 | 1.39 games/s | ETA: 250s
[gpu0] [ 653/1000] samples:  32650 | chain(game/max/avg): 2/5/2.5 | reward(game/avg): 2560/3494 | 1.39 games/s | ETA: 249s
[gpu0] [ 654/1000] samples:  32700 | chain(game/max/avg): 3/5/2.5 | reward(game/avg): 3540/3494 | 1.39 games/s | ETA: 248s
[gpu0] [ 655/1000] samples:  32750 | chain(game/max/avg): 2/5/2.5 | reward(game/avg): 2580/3493 | 1.40 games/s | ETA: 247s
[gpu0] [ 656/1000] samples:  32800 | chain(game/max/avg): 4/5/2.5 | reward(game/avg): 4980/3495 | 1.40 games/s | ETA: 246s
[gpu0] [ 657/1000] samples:  32850 | chain(game/max/avg): 2/5/2.5 | reward(game/avg): 2740/3494 | 1.40 games/s | ETA: 245s
[gpu0] [ 658/1000] samples:  32900 | chain(game/max/avg): 3/5/2.5 | reward(game/avg): 4680/3496 | 1.40 games/s | ETA: 244s
[gpu0] [ 659/1000] samples:  32950 | chain(game/max/avg): 3/5/2.5 | reward(game/avg): 3940/3497 | 1.40 games/s | ETA: 243s
[gpu0] [ 660/1000] samples:  33000 | chain(game/max/avg): 4/5/2.5 | reward(game/avg): 5040/3499 | 1.41 games/s | ETA: 242s
[gpu0] [ 661/1000] samples:  33050 | chain(game/max/avg): 2/5/2.5 | reward(game/avg): 4270/3500 | 1.41 games/s | ETA: 241s
[gpu0] [ 662/1000] samples:  33150 | chain(game/max/avg): 2/5/2.5 | reward(game/avg): 3600/3500 | 1.41 games/s | ETA: 240s
[gpu0] [ 663/1000] samples:  33150 | chain(game/max/avg): 2/5/2.5 | reward(game/avg): 2740/3499 | 1.41 games/s | ETA: 239s
[gpu0] [ 664/1000] samples:  33200 | chain(game/max/avg): 3/5/2.5 | reward(game/avg): 4600/3501 | 1.41 games/s | ETA: 237s
[gpu0] [ 665/1000] samples:  33250 | chain(game/max/avg): 2/5/2.5 | reward(game/avg): 3860/3501 | 1.42 games/s | ETA: 236s
[gpu0] [ 667/1000] samples:  33350 | chain(game/max/avg): 3/5/2.5 | reward(game/avg): 4190/3502 | 1.42 games/s | ETA: 234s
[gpu0] [ 666/1000] samples:  33300 | chain(game/max/avg): 2/5/2.5 | reward(game/avg): 3420/3501 | 1.42 games/s | ETA: 235s
[gpu0] [ 668/1000] samples:  33400 | chain(game/max/avg): 3/5/2.5 | reward(game/avg): 4220/3503 | 1.42 games/s | ETA: 233s
[gpu0] [ 669/1000] samples:  33450 | chain(game/max/avg): 3/5/2.5 | reward(game/avg): 4040/3504 | 1.43 games/s | ETA: 232s
[gpu0] [ 670/1000] samples:  33500 | chain(game/max/avg): 2/5/2.5 | reward(game/avg): 3100/3503 | 1.43 games/s | ETA: 231s
[gpu0] [ 671/1000] samples:  33550 | chain(game/max/avg): 2/5/2.5 | reward(game/avg): 2680/3502 | 1.43 games/s | ETA: 230s
[gpu0] [ 672/1000] samples:  33600 | chain(game/max/avg): 3/5/2.5 | reward(game/avg): 4620/3504 | 1.43 games/s | ETA: 229s
[gpu0] [ 679/1000] samples:  33950 | chain(game/max/avg): 2/5/2.5 | reward(game/avg): 2940/3503 | 1.45 games/s | ETA: 222s
[gpu0] [ 673/1000] samples:  33650 | chain(game/max/avg): 2/5/2.5 | reward(game/avg): 2540/3502 | 1.43 games/s | ETA: 228s
[gpu0] [ 674/1000] samples:  33700 | chain(game/max/avg): 3/5/2.5 | reward(game/avg): 4700/3504 | 1.44 games/s | ETA: 227s
[gpu0] [ 675/1000] samples:  33750 | chain(game/max/avg): 3/5/2.5 | reward(game/avg): 4380/3506 | 1.44 games/s | ETA: 226s
[gpu0] [ 676/1000] samples:  33800 | chain(game/max/avg): 2/5/2.5 | reward(game/avg): 3450/3505 | 1.44 games/s | ETA: 225s
[gpu0] [ 677/1000] samples:  33850 | chain(game/max/avg): 2/5/2.5 | reward(game/avg): 2560/3504 | 1.44 games/s | ETA: 224s
[gpu0] [ 678/1000] samples:  33900 | chain(game/max/avg): 2/5/2.5 | reward(game/avg): 3420/3504 | 1.44 games/s | ETA: 223s
[gpu0] [ 680/1000] samples:  34000 | chain(game/max/avg): 3/5/2.5 | reward(game/avg): 4580/3505 | 1.45 games/s | ETA: 221s
[gpu0] [ 681/1000] samples:  34050 | chain(game/max/avg): 2/5/2.5 | reward(game/avg): 3660/3505 | 1.45 games/s | ETA: 220s
[gpu0] [ 682/1000] samples:  34100 | chain(game/max/avg): 4/5/2.5 | reward(game/avg): 5440/3508 | 1.45 games/s | ETA: 219s
[gpu0] [ 683/1000] samples:  34150 | chain(game/max/avg): 2/5/2.5 | reward(game/avg): 3140/3507 | 1.46 games/s | ETA: 218s
[gpu0] [ 684/1000] samples:  34200 | chain(game/max/avg): 4/5/2.5 | reward(game/avg): 4480/3509 | 1.46 games/s | ETA: 217s
[gpu0] [ 685/1000] samples:  34250 | chain(game/max/avg): 2/5/2.5 | reward(game/avg): 3260/3508 | 1.46 games/s | ETA: 216s
[gpu0] [ 686/1000] samples:  34300 | chain(game/max/avg): 3/5/2.5 | reward(game/avg): 3340/3508 | 1.46 games/s | ETA: 215s
[gpu0] [ 687/1000] samples:  34350 | chain(game/max/avg): 3/5/2.5 | reward(game/avg): 4170/3509 | 1.46 games/s | ETA: 214s
[gpu0] [ 688/1000] samples:  34400 | chain(game/max/avg): 2/5/2.5 | reward(game/avg): 3060/3508 | 1.47 games/s | ETA: 213s
[gpu0] [ 691/1000] samples:  34550 | chain(game/max/avg): 2/5/2.5 | reward(game/avg): 2260/3509 | 1.47 games/s | ETA: 210s
[gpu0] [ 689/1000] samples:  34450 | chain(game/max/avg): 4/5/2.5 | reward(game/avg): 5140/3511 | 1.47 games/s | ETA: 212s
[gpu0] [ 690/1000] samples:  34550 | chain(game/max/avg): 3/5/2.5 | reward(game/avg): 3340/3510 | 1.47 games/s | ETA: 211s
[gpu0] [ 692/1000] samples:  34600 | chain(game/max/avg): 2/5/2.5 | reward(game/avg): 3240/3508 | 1.47 games/s | ETA: 209s
[gpu0] [ 694/1000] samples:  34700 | chain(game/max/avg): 3/5/2.5 | reward(game/avg): 3460/3510 | 1.48 games/s | ETA: 207s
[gpu0] [ 695/1000] samples:  34750 | chain(game/max/avg): 2/5/2.5 | reward(game/avg): 3000/3509 | 1.48 games/s | ETA: 206s
[gpu0] [ 696/1000] samples:  34800 | chain(game/max/avg): 2/5/2.5 | reward(game/avg): 2200/3508 | 1.48 games/s | ETA: 205s
[gpu0] [ 697/1000] samples:  34850 | chain(game/max/avg): 3/5/2.5 | reward(game/avg): 3540/3508 | 1.49 games/s | ETA: 204s
[gpu0] [ 693/1000] samples:  34650 | chain(game/max/avg): 3/5/2.5 | reward(game/avg): 4860/3510 | 1.48 games/s | ETA: 208s
[gpu0] [ 698/1000] samples:  34900 | chain(game/max/avg): 2/5/2.5 | reward(game/avg): 3240/3507 | 1.49 games/s | ETA: 203s
[gpu0] [ 699/1000] samples:  34950 | chain(game/max/avg): 3/5/2.5 | reward(game/avg): 4640/3509 | 1.49 games/s | ETA: 202s
[gpu0] [ 700/1000] samples:  35000 | chain(game/max/avg): 2/5/2.5 | reward(game/avg): 3020/3508 | 1.49 games/s | ETA: 201s
[gpu0] [ 705/1000] samples:  35250 | chain(game/max/avg): 2/5/2.5 | reward(game/avg): 2820/3509 | 1.50 games/s | ETA: 196s
[gpu0] [ 702/1000] samples:  35100 | chain(game/max/avg): 2/5/2.5 | reward(game/avg): 2940/3509 | 1.50 games/s | ETA: 199s
[gpu0] [ 703/1000] samples:  35150 | chain(game/max/avg): 2/5/2.5 | reward(game/avg): 2600/3508 | 1.50 games/s | ETA: 198s
[gpu0] [ 701/1000] samples:  35050 | chain(game/max/avg): 3/5/2.5 | reward(game/avg): 4710/3510 | 1.49 games/s | ETA: 200s
[gpu0] [ 704/1000] samples:  35200 | chain(game/max/avg): 4/5/2.5 | reward(game/avg): 5240/3510 | 1.50 games/s | ETA: 197s
[gpu0] [ 706/1000] samples:  35300 | chain(game/max/avg): 3/5/2.5 | reward(game/avg): 3220/3509 | 1.50 games/s | ETA: 195s
[gpu0] [ 707/1000] samples:  35350 | chain(game/max/avg): 3/5/2.5 | reward(game/avg): 3880/3509 | 1.51 games/s | ETA: 194s
[gpu0] [ 708/1000] samples:  35400 | chain(game/max/avg): 3/5/2.5 | reward(game/avg): 3400/3509 | 1.51 games/s | ETA: 194s
[gpu0] [ 709/1000] samples:  35450 | chain(game/max/avg): 2/5/2.5 | reward(game/avg): 2540/3508 | 1.51 games/s | ETA: 193s
[gpu0] [ 712/1000] samples:  35600 | chain(game/max/avg): 2/5/2.5 | reward(game/avg): 2420/3506 | 1.52 games/s | ETA: 190s
[gpu0] [ 710/1000] samples:  35500 | chain(game/max/avg): 2/5/2.5 | reward(game/avg): 2880/3507 | 1.51 games/s | ETA: 192s
[gpu0] [ 711/1000] samples:  35550 | chain(game/max/avg): 2/5/2.5 | reward(game/avg): 4090/3508 | 1.51 games/s | ETA: 191s
[gpu0] [ 714/1000] samples:  35700 | chain(game/max/avg): 3/5/2.5 | reward(game/avg): 3220/3507 | 1.52 games/s | ETA: 188s
[gpu0] [ 713/1000] samples:  35650 | chain(game/max/avg): 3/5/2.5 | reward(game/avg): 4120/3507 | 1.52 games/s | ETA: 189s
[gpu0] [ 715/1000] samples:  35750 | chain(game/max/avg): 3/5/2.5 | reward(game/avg): 4220/3508 | 1.52 games/s | ETA: 187s
[gpu0] [ 716/1000] samples:  35800 | chain(game/max/avg): 3/5/2.5 | reward(game/avg): 3540/3508 | 1.53 games/s | ETA: 186s
[gpu0] [ 717/1000] samples:  35850 | chain(game/max/avg): 3/5/2.5 | reward(game/avg): 3240/3507 | 1.53 games/s | ETA: 185s
[gpu0] [ 718/1000] samples:  35900 | chain(game/max/avg): 2/5/2.5 | reward(game/avg): 2420/3506 | 1.53 games/s | ETA: 184s
[gpu0] [ 719/1000] samples:  35950 | chain(game/max/avg): 2/5/2.5 | reward(game/avg): 2040/3504 | 1.53 games/s | ETA: 183s
[gpu0] [ 720/1000] samples:  36000 | chain(game/max/avg): 2/5/2.5 | reward(game/avg): 2380/3502 | 1.53 games/s | ETA: 183s
[gpu0] [ 723/1000] samples:  36150 | chain(game/max/avg): 3/5/2.5 | reward(game/avg): 4160/3503 | 1.54 games/s | ETA: 180s
[gpu0] [ 721/1000] samples:  36100 | chain(game/max/avg): 3/5/2.5 | reward(game/avg): 3840/3507 | 1.54 games/s | ETA: 182s
[gpu0] [ 722/1000] samples:  36100 | chain(game/max/avg): 2/5/2.5 | reward(game/avg): 2810/3502 | 1.54 games/s | ETA: 181s
[gpu0] [ 724/1000] samples:  36200 | chain(game/max/avg): 4/5/2.5 | reward(game/avg): 5980/3506 | 1.54 games/s | ETA: 179s
[gpu0] [ 725/1000] samples:  36250 | chain(game/max/avg): 2/5/2.5 | reward(game/avg): 3120/3506 | 1.54 games/s | ETA: 178s
[gpu0] [ 726/1000] samples:  36300 | chain(game/max/avg): 2/5/2.5 | reward(game/avg): 3300/3505 | 1.55 games/s | ETA: 177s
[gpu0] [ 727/1000] samples:  36350 | chain(game/max/avg): 2/5/2.5 | reward(game/avg): 3620/3505 | 1.55 games/s | ETA: 176s
[gpu0] [ 728/1000] samples:  36400 | chain(game/max/avg): 3/5/2.5 | reward(game/avg): 3400/3505 | 1.55 games/s | ETA: 175s
[gpu0] [ 729/1000] samples:  36450 | chain(game/max/avg): 2/5/2.5 | reward(game/avg): 2840/3504 | 1.55 games/s | ETA: 174s
[gpu0] [ 731/1000] samples:  36550 | chain(game/max/avg): 2/5/2.5 | reward(game/avg): 1980/3504 | 1.56 games/s | ETA: 173s
[gpu0] [ 730/1000] samples:  36500 | chain(game/max/avg): 3/5/2.5 | reward(game/avg): 4460/3506 | 1.56 games/s | ETA: 174s
[gpu0] [ 732/1000] samples:  36600 | chain(game/max/avg): 2/5/2.5 | reward(game/avg): 3060/3503 | 1.56 games/s | ETA: 172s
[gpu0] [ 733/1000] samples:  36650 | chain(game/max/avg): 2/5/2.5 | reward(game/avg): 4340/3504 | 1.56 games/s | ETA: 171s
[gpu0] [ 734/1000] samples:  36700 | chain(game/max/avg): 2/5/2.5 | reward(game/avg): 3180/3504 | 1.56 games/s | ETA: 170s
[gpu0] [ 740/1000] samples:  37000 | chain(game/max/avg): 2/5/2.5 | reward(game/avg): 3440/3507 | 1.58 games/s | ETA: 165s
[gpu0] [ 735/1000] samples:  36750 | chain(game/max/avg): 3/5/2.5 | reward(game/avg): 3460/3504 | 1.57 games/s | ETA: 169s
[gpu0] [ 736/1000] samples:  36800 | chain(game/max/avg): 3/5/2.5 | reward(game/avg): 6710/3508 | 1.57 games/s | ETA: 168s
[gpu0] [ 737/1000] samples:  36850 | chain(game/max/avg): 2/5/2.5 | reward(game/avg): 3380/3508 | 1.57 games/s | ETA: 167s
[gpu0] [ 739/1000] samples:  36950 | chain(game/max/avg): 2/5/2.5 | reward(game/avg): 3570/3507 | 1.57 games/s | ETA: 166s
[gpu0] [ 738/1000] samples:  36950 | chain(game/max/avg): 2/5/2.5 | reward(game/avg): 2990/3512 | 1.57 games/s | ETA: 167s
[gpu0] [ 741/1000] samples:  37050 | chain(game/max/avg): 2/5/2.5 | reward(game/avg): 2920/3506 | 1.58 games/s | ETA: 164s
[gpu0] [ 742/1000] samples:  37100 | chain(game/max/avg): 4/5/2.5 | reward(game/avg): 4840/3508 | 1.58 games/s | ETA: 163s
[gpu0] [ 743/1000] samples:  37150 | chain(game/max/avg): 3/5/2.5 | reward(game/avg): 3920/3509 | 1.58 games/s | ETA: 162s
[gpu0] [ 744/1000] samples:  37200 | chain(game/max/avg): 2/5/2.5 | reward(game/avg): 2860/3508 | 1.59 games/s | ETA: 161s
[gpu0] [ 745/1000] samples:  37250 | chain(game/max/avg): 3/5/2.5 | reward(game/avg): 3870/3508 | 1.59 games/s | ETA: 161s
[gpu0] [ 746/1000] samples:  37300 | chain(game/max/avg): 2/5/2.5 | reward(game/avg): 3000/3508 | 1.59 games/s | ETA: 160s
[gpu0] [ 747/1000] samples:  37350 | chain(game/max/avg): 2/5/2.5 | reward(game/avg): 3890/3508 | 1.59 games/s | ETA: 159s
[gpu0] [ 748/1000] samples:  37400 | chain(game/max/avg): 2/5/2.5 | reward(game/avg): 2360/3507 | 1.59 games/s | ETA: 158s
[gpu0] [ 749/1000] samples:  37450 | chain(game/max/avg): 2/5/2.5 | reward(game/avg): 3020/3506 | 1.60 games/s | ETA: 157s
[gpu0] [ 750/1000] samples:  37500 | chain(game/max/avg): 2/5/2.5 | reward(game/avg): 3640/3506 | 1.60 games/s | ETA: 156s
[gpu0] [ 751/1000] samples:  37550 | chain(game/max/avg): 2/5/2.5 | reward(game/avg): 3360/3506 | 1.60 games/s | ETA: 156s
[gpu0] [ 752/1000] samples:  37600 | chain(game/max/avg): 3/5/2.5 | reward(game/avg): 5380/3508 | 1.60 games/s | ETA: 155s
[gpu0] [ 753/1000] samples:  37650 | chain(game/max/avg): 2/5/2.5 | reward(game/avg): 3600/3509 | 1.60 games/s | ETA: 154s
[gpu0] [ 754/1000] samples:  37700 | chain(game/max/avg): 2/5/2.5 | reward(game/avg): 2300/3507 | 1.61 games/s | ETA: 153s
[gpu0] [ 755/1000] samples:  37750 | chain(game/max/avg): 2/5/2.5 | reward(game/avg): 3110/3506 | 1.61 games/s | ETA: 152s
[gpu0] [ 756/1000] samples:  37800 | chain(game/max/avg): 2/5/2.5 | reward(game/avg): 3160/3506 | 1.61 games/s | ETA: 151s
[gpu0] [ 757/1000] samples:  37850 | chain(game/max/avg): 3/5/2.5 | reward(game/avg): 3760/3506 | 1.61 games/s | ETA: 151s
[gpu0] [ 758/1000] samples:  37900 | chain(game/max/avg): 3/5/2.5 | reward(game/avg): 4780/3508 | 1.62 games/s | ETA: 150s
[gpu0] [ 760/1000] samples:  38000 | chain(game/max/avg): 2/5/2.5 | reward(game/avg): 3480/3507 | 1.62 games/s | ETA: 148s
[gpu0] [ 759/1000] samples:  38000 | chain(game/max/avg): 2/5/2.5 | reward(game/avg): 3180/3508 | 1.62 games/s | ETA: 149s
[gpu0] [ 761/1000] samples:  38050 | chain(game/max/avg): 2/5/2.5 | reward(game/avg): 3750/3508 | 1.62 games/s | ETA: 147s
[gpu0] [ 762/1000] samples:  38100 | chain(game/max/avg): 2/5/2.5 | reward(game/avg): 2400/3506 | 1.62 games/s | ETA: 147s
[gpu0] [ 763/1000] samples:  38150 | chain(game/max/avg): 2/5/2.5 | reward(game/avg): 2300/3505 | 1.63 games/s | ETA: 146s
[gpu0] [ 764/1000] samples:  38200 | chain(game/max/avg): 3/5/2.5 | reward(game/avg): 4880/3507 | 1.63 games/s | ETA: 145s
[gpu0] [ 765/1000] samples:  38250 | chain(game/max/avg): 3/5/2.5 | reward(game/avg): 3940/3507 | 1.63 games/s | ETA: 144s
[gpu0] [ 766/1000] samples:  38300 | chain(game/max/avg): 2/5/2.5 | reward(game/avg): 3920/3508 | 1.63 games/s | ETA: 143s
[gpu0] [ 767/1000] samples:  38350 | chain(game/max/avg): 3/5/2.5 | reward(game/avg): 5230/3510 | 1.63 games/s | ETA: 143s
[gpu0] [ 768/1000] samples:  38400 | chain(game/max/avg): 2/5/2.5 | reward(game/avg): 3820/3510 | 1.64 games/s | ETA: 142s
[gpu0] [ 769/1000] samples:  38450 | chain(game/max/avg): 2/5/2.5 | reward(game/avg): 3620/3510 | 1.64 games/s | ETA: 141s
[gpu0] [ 770/1000] samples:  38500 | chain(game/max/avg): 2/5/2.5 | reward(game/avg): 2990/3510 | 1.64 games/s | ETA: 140s
[gpu0] [ 775/1000] samples:  38750 | chain(game/max/avg): 2/5/2.5 | reward(game/avg): 2660/3508 | 1.65 games/s | ETA: 136s
[gpu0] [ 771/1000] samples:  38550 | chain(game/max/avg): 3/5/2.5 | reward(game/avg): 3060/3509 | 1.64 games/s | ETA: 139s
[gpu0] [ 772/1000] samples:  38600 | chain(game/max/avg): 2/5/2.5 | reward(game/avg): 2920/3508 | 1.64 games/s | ETA: 139s
[gpu0] [ 773/1000] samples:  38650 | chain(game/max/avg): 3/5/2.5 | reward(game/avg): 4460/3510 | 1.65 games/s | ETA: 138s
[gpu0] [ 774/1000] samples:  38700 | chain(game/max/avg): 2/5/2.5 | reward(game/avg): 3340/3509 | 1.65 games/s | ETA: 137s
[gpu0] [ 776/1000] samples:  38800 | chain(game/max/avg): 2/5/2.5 | reward(game/avg): 3300/3508 | 1.65 games/s | ETA: 135s
[gpu0] [ 777/1000] samples:  38850 | chain(game/max/avg): 2/5/2.5 | reward(game/avg): 3480/3508 | 1.66 games/s | ETA: 135s
[gpu0] [ 778/1000] samples:  38900 | chain(game/max/avg): 2/5/2.5 | reward(game/avg): 2140/3506 | 1.66 games/s | ETA: 134s
[gpu0] [ 779/1000] samples:  38950 | chain(game/max/avg): 2/5/2.5 | reward(game/avg): 2100/3504 | 1.66 games/s | ETA: 133s
[gpu0] [ 780/1000] samples:  39000 | chain(game/max/avg): 2/5/2.5 | reward(game/avg): 3520/3504 | 1.66 games/s | ETA: 132s
[gpu0] [ 781/1000] samples:  39050 | chain(game/max/avg): 2/5/2.5 | reward(game/avg): 3400/3504 | 1.66 games/s | ETA: 132s
[gpu0] [ 782/1000] samples:  39100 | chain(game/max/avg): 2/5/2.5 | reward(game/avg): 3640/3505 | 1.67 games/s | ETA: 131s
[gpu0] [ 783/1000] samples:  39150 | chain(game/max/avg): 3/5/2.5 | reward(game/avg): 4360/3506 | 1.67 games/s | ETA: 130s
[gpu0] [ 784/1000] samples:  39200 | chain(game/max/avg): 2/5/2.5 | reward(game/avg): 2880/3505 | 1.67 games/s | ETA: 129s
[gpu0] [ 789/1000] samples:  39450 | chain(game/max/avg): 3/5/2.5 | reward(game/avg): 4740/3506 | 1.68 games/s | ETA: 126s
[gpu0] [ 785/1000] samples:  39250 | chain(game/max/avg): 3/5/2.5 | reward(game/avg): 3340/3505 | 1.67 games/s | ETA: 129s
[gpu0] [ 786/1000] samples:  39300 | chain(game/max/avg): 3/5/2.5 | reward(game/avg): 3410/3505 | 1.67 games/s | ETA: 128s
[gpu0] [ 787/1000] samples:  39350 | chain(game/max/avg): 2/5/2.5 | reward(game/avg): 3760/3505 | 1.68 games/s | ETA: 127s
[gpu0] [ 788/1000] samples:  39400 | chain(game/max/avg): 3/5/2.5 | reward(game/avg): 3100/3504 | 1.68 games/s | ETA: 126s
[gpu0] [ 790/1000] samples:  39500 | chain(game/max/avg): 2/5/2.5 | reward(game/avg): 4920/3508 | 1.68 games/s | ETA: 125s
[gpu0] [ 791/1000] samples:  39550 | chain(game/max/avg): 3/5/2.5 | reward(game/avg): 4440/3509 | 1.69 games/s | ETA: 124s
[gpu0] [ 794/1000] samples:  39700 | chain(game/max/avg): 2/5/2.5 | reward(game/avg): 3800/3508 | 1.69 games/s | ETA: 122s
[gpu0] [ 792/1000] samples:  39600 | chain(game/max/avg): 2/5/2.5 | reward(game/avg): 3280/3509 | 1.69 games/s | ETA: 123s
[gpu0] [ 793/1000] samples:  39650 | chain(game/max/avg): 2/5/2.5 | reward(game/avg): 2760/3508 | 1.69 games/s | ETA: 123s
[gpu0] [ 795/1000] samples:  39750 | chain(game/max/avg): 2/5/2.5 | reward(game/avg): 2130/3506 | 1.69 games/s | ETA: 121s
[gpu0] [ 797/1000] samples:  39850 | chain(game/max/avg): 3/5/2.5 | reward(game/avg): 4560/3508 | 1.70 games/s | ETA: 120s
[gpu0] [ 796/1000] samples:  39800 | chain(game/max/avg): 2/5/2.5 | reward(game/avg): 3480/3506 | 1.70 games/s | ETA: 120s
[gpu0] [ 798/1000] samples:  39900 | chain(game/max/avg): 2/5/2.5 | reward(game/avg): 2510/3506 | 1.70 games/s | ETA: 119s
[gpu0] [ 799/1000] samples:  39950 | chain(game/max/avg): 2/5/2.5 | reward(game/avg): 3060/3506 | 1.70 games/s | ETA: 118s
[gpu0] [ 800/1000] samples:  40000 | chain(game/max/avg): 2/5/2.5 | reward(game/avg): 2240/3504 | 1.70 games/s | ETA: 117s
[gpu0] [ 801/1000] samples:  40050 | chain(game/max/avg): 2/5/2.5 | reward(game/avg): 3600/3504 | 1.71 games/s | ETA: 117s
[gpu0] [ 802/1000] samples:  40100 | chain(game/max/avg): 2/5/2.5 | reward(game/avg): 3260/3504 | 1.71 games/s | ETA: 116s
[gpu0] [ 803/1000] samples:  40150 | chain(game/max/avg): 3/5/2.5 | reward(game/avg): 4120/3505 | 1.71 games/s | ETA: 115s
[gpu0] [ 804/1000] samples:  40200 | chain(game/max/avg): 2/5/2.5 | reward(game/avg): 2840/3504 | 1.71 games/s | ETA: 114s
[gpu0] [ 805/1000] samples:  40250 | chain(game/max/avg): 3/5/2.5 | reward(game/avg): 3760/3504 | 1.71 games/s | ETA: 114s
[gpu0] [ 806/1000] samples:  40300 | chain(game/max/avg): 3/5/2.5 | reward(game/avg): 3460/3504 | 1.72 games/s | ETA: 113s
[gpu0] [ 807/1000] samples:  40350 | chain(game/max/avg): 2/5/2.5 | reward(game/avg): 3040/3504 | 1.72 games/s | ETA: 112s
[gpu0] [ 808/1000] samples:  40400 | chain(game/max/avg): 2/5/2.5 | reward(game/avg): 2680/3503 | 1.72 games/s | ETA: 112s
[gpu0] [ 809/1000] samples:  40450 | chain(game/max/avg): 2/5/2.5 | reward(game/avg): 3440/3502 | 1.72 games/s | ETA: 111s
[gpu0] [ 810/1000] samples:  40500 | chain(game/max/avg): 2/5/2.5 | reward(game/avg): 2280/3501 | 1.72 games/s | ETA: 110s
[gpu0] [ 812/1000] samples:  40600 | chain(game/max/avg): 2/5/2.5 | reward(game/avg): 2090/3500 | 1.73 games/s | ETA: 109s
[gpu0] [ 811/1000] samples:  40550 | chain(game/max/avg): 3/5/2.5 | reward(game/avg): 4260/3502 | 1.73 games/s | ETA: 109s
[gpu0] [ 813/1000] samples:  40650 | chain(game/max/avg): 2/5/2.5 | reward(game/avg): 2370/3499 | 1.73 games/s | ETA: 108s
[gpu0] [ 814/1000] samples:  40700 | chain(game/max/avg): 2/5/2.5 | reward(game/avg): 3910/3499 | 1.73 games/s | ETA: 107s
[gpu0] [ 815/1000] samples:  40750 | chain(game/max/avg): 2/5/2.5 | reward(game/avg): 3060/3499 | 1.73 games/s | ETA: 107s
[gpu0] [ 816/1000] samples:  40800 | chain(game/max/avg): 2/5/2.5 | reward(game/avg): 3320/3499 | 1.73 games/s | ETA: 106s
[gpu0] [ 817/1000] samples:  40850 | chain(game/max/avg): 2/5/2.5 | reward(game/avg): 2780/3498 | 1.74 games/s | ETA: 105s
[gpu0] [ 818/1000] samples:  40900 | chain(game/max/avg): 2/5/2.5 | reward(game/avg): 2280/3496 | 1.74 games/s | ETA: 105s
[gpu0] [ 819/1000] samples:  40950 | chain(game/max/avg): 3/5/2.5 | reward(game/avg): 3300/3496 | 1.74 games/s | ETA: 104s
[gpu0] [ 820/1000] samples:  41000 | chain(game/max/avg): 2/5/2.5 | reward(game/avg): 2780/3495 | 1.74 games/s | ETA: 103s
[gpu0] [ 821/1000] samples:  41100 | chain(game/max/avg): 2/5/2.5 | reward(game/avg): 3370/3498 | 1.74 games/s | ETA: 103s
[gpu0] [ 822/1000] samples:  41100 | chain(game/max/avg): 2/5/2.5 | reward(game/avg): 2580/3494 | 1.74 games/s | ETA: 102s
[gpu0] [ 823/1000] samples:  41150 | chain(game/max/avg): 2/5/2.5 | reward(game/avg): 2840/3493 | 1.75 games/s | ETA: 101s
[gpu0] [ 824/1000] samples:  41200 | chain(game/max/avg): 3/5/2.5 | reward(game/avg): 3100/3493 | 1.75 games/s | ETA: 101s
[gpu0] [ 825/1000] samples:  41250 | chain(game/max/avg): 3/5/2.5 | reward(game/avg): 4280/3493 | 1.75 games/s | ETA: 100s
[gpu0] [ 826/1000] samples:  41300 | chain(game/max/avg): 2/5/2.5 | reward(game/avg): 2740/3493 | 1.75 games/s | ETA: 99s
[gpu0] [ 827/1000] samples:  41350 | chain(game/max/avg): 3/5/2.5 | reward(game/avg): 4360/3494 | 1.75 games/s | ETA: 99s
[gpu0] [ 828/1000] samples:  41400 | chain(game/max/avg): 3/5/2.5 | reward(game/avg): 4940/3495 | 1.75 games/s | ETA: 98s
[gpu0] [ 829/1000] samples:  41450 | chain(game/max/avg): 3/5/2.5 | reward(game/avg): 3840/3496 | 1.76 games/s | ETA: 97s
[gpu0] [ 830/1000] samples:  41500 | chain(game/max/avg): 2/5/2.5 | reward(game/avg): 2460/3495 | 1.76 games/s | ETA: 97s
[gpu0] [ 831/1000] samples:  41550 | chain(game/max/avg): 3/5/2.5 | reward(game/avg): 2960/3494 | 1.76 games/s | ETA: 96s
[gpu0] [ 832/1000] samples:  41600 | chain(game/max/avg): 3/5/2.5 | reward(game/avg): 4300/3495 | 1.76 games/s | ETA: 95s
[gpu0] [ 833/1000] samples:  41650 | chain(game/max/avg): 3/5/2.5 | reward(game/avg): 4360/3496 | 1.77 games/s | ETA: 95s
[gpu0] [ 834/1000] samples:  41700 | chain(game/max/avg): 2/5/2.5 | reward(game/avg): 3060/3495 | 1.77 games/s | ETA: 94s
[gpu0] [ 835/1000] samples:  41750 | chain(game/max/avg): 3/5/2.5 | reward(game/avg): 4960/3497 | 1.77 games/s | ETA: 93s
[gpu0] [ 836/1000] samples:  41800 | chain(game/max/avg): 4/5/2.5 | reward(game/avg): 4440/3498 | 1.77 games/s | ETA: 93s
[gpu0] [ 837/1000] samples:  41850 | chain(game/max/avg): 3/5/2.5 | reward(game/avg): 4060/3499 | 1.77 games/s | ETA: 92s
[gpu0] [ 838/1000] samples:  41900 | chain(game/max/avg): 2/5/2.5 | reward(game/avg): 2080/3497 | 1.78 games/s | ETA: 91s
[gpu0] [ 839/1000] samples:  41950 | chain(game/max/avg): 2/5/2.5 | reward(game/avg): 2940/3497 | 1.77 games/s | ETA: 91s
[gpu0] [ 840/1000] samples:  42000 | chain(game/max/avg): 2/5/2.5 | reward(game/avg): 2580/3495 | 1.77 games/s | ETA: 90s
[gpu0] [ 841/1000] samples:  42050 | chain(game/max/avg): 4/5/2.5 | reward(game/avg): 5100/3497 | 1.78 games/s | ETA: 89s
[gpu0] [ 843/1000] samples:  42150 | chain(game/max/avg): 2/5/2.5 | reward(game/avg): 3050/3497 | 1.78 games/s | ETA: 88s
[gpu0] [ 842/1000] samples:  42150 | chain(game/max/avg): 2/5/2.5 | reward(game/avg): 3330/3501 | 1.78 games/s | ETA: 89s
[gpu0] [ 844/1000] samples:  42200 | chain(game/max/avg): 3/5/2.5 | reward(game/avg): 3640/3497 | 1.78 games/s | ETA: 88s
[gpu0] [ 845/1000] samples:  42250 | chain(game/max/avg): 2/5/2.5 | reward(game/avg): 3210/3496 | 1.78 games/s | ETA: 87s
[gpu0] [ 846/1000] samples:  42300 | chain(game/max/avg): 3/5/2.5 | reward(game/avg): 4500/3498 | 1.79 games/s | ETA: 86s
[gpu0] [ 847/1000] samples:  42350 | chain(game/max/avg): 2/5/2.5 | reward(game/avg): 3100/3497 | 1.79 games/s | ETA: 86s
[gpu0] [ 848/1000] samples:  42400 | chain(game/max/avg): 3/5/2.5 | reward(game/avg): 3810/3498 | 1.79 games/s | ETA: 85s
[gpu0] [ 849/1000] samples:  42450 | chain(game/max/avg): 2/5/2.5 | reward(game/avg): 3580/3498 | 1.79 games/s | ETA: 84s
[gpu0] [ 850/1000] samples:  42500 | chain(game/max/avg): 2/5/2.5 | reward(game/avg): 3220/3497 | 1.80 games/s | ETA: 84s
[gpu0] [ 851/1000] samples:  42550 | chain(game/max/avg): 3/5/2.5 | reward(game/avg): 4640/3499 | 1.80 games/s | ETA: 83s
[gpu0] [ 852/1000] samples:  42600 | chain(game/max/avg): 2/5/2.5 | reward(game/avg): 3540/3499 | 1.80 games/s | ETA: 82s
[gpu0] [ 853/1000] samples:  42650 | chain(game/max/avg): 2/5/2.5 | reward(game/avg): 3580/3499 | 1.80 games/s | ETA: 82s
[gpu0] [ 854/1000] samples:  42700 | chain(game/max/avg): 2/5/2.5 | reward(game/avg): 4920/3500 | 1.80 games/s | ETA: 81s
[gpu0] [ 855/1000] samples:  42750 | chain(game/max/avg): 2/5/2.5 | reward(game/avg): 2460/3499 | 1.81 games/s | ETA: 80s
[gpu0] [ 856/1000] samples:  42800 | chain(game/max/avg): 2/5/2.5 | reward(game/avg): 4270/3500 | 1.81 games/s | ETA: 80s
[gpu0] [ 857/1000] samples:  42850 | chain(game/max/avg): 2/5/2.5 | reward(game/avg): 1880/3498 | 1.81 games/s | ETA: 79s
[gpu0] [ 858/1000] samples:  42900 | chain(game/max/avg): 2/5/2.5 | reward(game/avg): 3140/3498 | 1.81 games/s | ETA: 78s
[gpu0] [ 859/1000] samples:  42950 | chain(game/max/avg): 2/5/2.5 | reward(game/avg): 2380/3497 | 1.81 games/s | ETA: 78s
[gpu0] [ 860/1000] samples:  43000 | chain(game/max/avg): 2/5/2.5 | reward(game/avg): 2920/3496 | 1.82 games/s | ETA: 77s
[gpu0] [ 861/1000] samples:  43050 | chain(game/max/avg): 2/5/2.5 | reward(game/avg): 2800/3495 | 1.82 games/s | ETA: 76s
[gpu0] [ 862/1000] samples:  43100 | chain(game/max/avg): 3/5/2.5 | reward(game/avg): 5500/3497 | 1.82 games/s | ETA: 76s
[gpu0] [ 863/1000] samples:  43150 | chain(game/max/avg): 3/5/2.5 | reward(game/avg): 3720/3498 | 1.82 games/s | ETA: 75s
[gpu0] [ 864/1000] samples:  43200 | chain(game/max/avg): 3/5/2.5 | reward(game/avg): 3100/3497 | 1.82 games/s | ETA: 75s
[gpu0] [ 865/1000] samples:  43250 | chain(game/max/avg): 2/5/2.5 | reward(game/avg): 3180/3497 | 1.83 games/s | ETA: 74s
[gpu0] [ 866/1000] samples:  43300 | chain(game/max/avg): 2/5/2.5 | reward(game/avg): 3360/3497 | 1.83 games/s | ETA: 73s
[gpu0] [ 867/1000] samples:  43350 | chain(game/max/avg): 3/5/2.5 | reward(game/avg): 4760/3498 | 1.83 games/s | ETA: 73s
[gpu0] [ 868/1000] samples:  43400 | chain(game/max/avg): 3/5/2.5 | reward(game/avg): 3300/3498 | 1.83 games/s | ETA: 72s
[gpu0] [ 869/1000] samples:  43450 | chain(game/max/avg): 2/5/2.5 | reward(game/avg): 2380/3497 | 1.84 games/s | ETA: 71s
[gpu0] [ 870/1000] samples:  43500 | chain(game/max/avg): 2/5/2.5 | reward(game/avg): 3220/3496 | 1.84 games/s | ETA: 71s
[gpu0] [ 871/1000] samples:  43550 | chain(game/max/avg): 2/5/2.5 | reward(game/avg): 2440/3495 | 1.84 games/s | ETA: 70s
[gpu0] [ 872/1000] samples:  43600 | chain(game/max/avg): 3/5/2.5 | reward(game/avg): 4420/3496 | 1.84 games/s | ETA: 69s
[gpu0] [ 873/1000] samples:  43650 | chain(game/max/avg): 2/5/2.5 | reward(game/avg): 3500/3496 | 1.84 games/s | ETA: 69s
[gpu0] [ 874/1000] samples:  43700 | chain(game/max/avg): 3/5/2.5 | reward(game/avg): 3460/3496 | 1.85 games/s | ETA: 68s
[gpu0] [ 875/1000] samples:  43750 | chain(game/max/avg): 2/5/2.5 | reward(game/avg): 3300/3496 | 1.85 games/s | ETA: 68s
[gpu0] [ 876/1000] samples:  43800 | chain(game/max/avg): 3/5/2.5 | reward(game/avg): 3580/3496 | 1.85 games/s | ETA: 67s
[gpu0] [ 877/1000] samples:  43850 | chain(game/max/avg): 3/5/2.5 | reward(game/avg): 3960/3497 | 1.85 games/s | ETA: 66s
[gpu0] [ 878/1000] samples:  43900 | chain(game/max/avg): 3/5/2.5 | reward(game/avg): 4400/3498 | 1.85 games/s | ETA: 66s
[gpu0] [ 879/1000] samples:  43950 | chain(game/max/avg): 2/5/2.5 | reward(game/avg): 3660/3498 | 1.86 games/s | ETA: 65s
[gpu0] [ 880/1000] samples:  44000 | chain(game/max/avg): 3/5/2.5 | reward(game/avg): 3760/3498 | 1.86 games/s | ETA: 65s
[gpu0] [ 881/1000] samples:  44050 | chain(game/max/avg): 2/5/2.5 | reward(game/avg): 3100/3498 | 1.86 games/s | ETA: 64s
[gpu0] [ 882/1000] samples:  44100 | chain(game/max/avg): 2/5/2.5 | reward(game/avg): 3960/3498 | 1.86 games/s | ETA: 63s
[gpu0] [ 883/1000] samples:  44150 | chain(game/max/avg): 2/5/2.5 | reward(game/avg): 3220/3498 | 1.86 games/s | ETA: 63s
[gpu0] [ 884/1000] samples:  44200 | chain(game/max/avg): 2/5/2.5 | reward(game/avg): 2840/3497 | 1.87 games/s | ETA: 62s
[gpu0] [ 885/1000] samples:  44250 | chain(game/max/avg): 2/5/2.5 | reward(game/avg): 3040/3497 | 1.87 games/s | ETA: 62s
[gpu0] [ 886/1000] samples:  44300 | chain(game/max/avg): 3/5/2.5 | reward(game/avg): 3460/3496 | 1.87 games/s | ETA: 61s
[gpu0] [ 887/1000] samples:  44350 | chain(game/max/avg): 3/5/2.5 | reward(game/avg): 3420/3496 | 1.87 games/s | ETA: 60s
[gpu0] [ 888/1000] samples:  44400 | chain(game/max/avg): 3/5/2.5 | reward(game/avg): 3090/3496 | 1.88 games/s | ETA: 60s
[gpu0] [ 889/1000] samples:  44450 | chain(game/max/avg): 3/5/2.5 | reward(game/avg): 4600/3497 | 1.88 games/s | ETA: 59s
[gpu0] [ 890/1000] samples:  44500 | chain(game/max/avg): 3/5/2.5 | reward(game/avg): 4360/3498 | 1.88 games/s | ETA: 59s
[gpu0] [ 891/1000] samples:  44550 | chain(game/max/avg): 3/5/2.5 | reward(game/avg): 3700/3498 | 1.88 games/s | ETA: 58s
[gpu0] [ 892/1000] samples:  44600 | chain(game/max/avg): 3/5/2.5 | reward(game/avg): 4520/3500 | 1.88 games/s | ETA: 57s
[gpu0] [ 893/1000] samples:  44650 | chain(game/max/avg): 3/5/2.5 | reward(game/avg): 3100/3499 | 1.89 games/s | ETA: 57s
[gpu0] [ 894/1000] samples:  44700 | chain(game/max/avg): 2/5/2.5 | reward(game/avg): 4210/3500 | 1.89 games/s | ETA: 56s
[gpu0] [ 895/1000] samples:  44750 | chain(game/max/avg): 4/5/2.5 | reward(game/avg): 5540/3502 | 1.89 games/s | ETA: 56s
[gpu0] [ 896/1000] samples:  44800 | chain(game/max/avg): 3/5/2.5 | reward(game/avg): 3440/3502 | 1.89 games/s | ETA: 55s
[gpu0] [ 897/1000] samples:  44850 | chain(game/max/avg): 2/5/2.5 | reward(game/avg): 3220/3502 | 1.89 games/s | ETA: 54s
[gpu0] [ 898/1000] samples:  44900 | chain(game/max/avg): 3/5/2.5 | reward(game/avg): 3560/3502 | 1.90 games/s | ETA: 54s
[gpu0] [ 899/1000] samples:  44950 | chain(game/max/avg): 4/5/2.5 | reward(game/avg): 6140/3505 | 1.90 games/s | ETA: 53s
[gpu0] [ 900/1000] samples:  45000 | chain(game/max/avg): 3/5/2.5 | reward(game/avg): 3020/3504 | 1.90 games/s | ETA: 53s
[gpu0] [ 901/1000] samples:  45050 | chain(game/max/avg): 3/5/2.5 | reward(game/avg): 2840/3503 | 1.90 games/s | ETA: 52s
[gpu0] [ 902/1000] samples:  45100 | chain(game/max/avg): 2/5/2.5 | reward(game/avg): 2900/3503 | 1.90 games/s | ETA: 51s
[gpu0] [ 903/1000] samples:  45150 | chain(game/max/avg): 3/5/2.5 | reward(game/avg): 3200/3502 | 1.91 games/s | ETA: 51s
[gpu0] [ 904/1000] samples:  45200 | chain(game/max/avg): 3/5/2.5 | reward(game/avg): 3700/3503 | 1.90 games/s | ETA: 50s
[gpu0] [ 905/1000] samples:  45250 | chain(game/max/avg): 2/5/2.5 | reward(game/avg): 2800/3502 | 1.91 games/s | ETA: 50s
[gpu0] [ 906/1000] samples:  45300 | chain(game/max/avg): 2/5/2.5 | reward(game/avg): 2410/3501 | 1.91 games/s | ETA: 49s
[gpu0] [ 907/1000] samples:  45350 | chain(game/max/avg): 2/5/2.5 | reward(game/avg): 2900/3500 | 1.91 games/s | ETA: 49s
[gpu0] [ 908/1000] samples:  45400 | chain(game/max/avg): 2/5/2.5 | reward(game/avg): 2320/3499 | 1.91 games/s | ETA: 48s
[gpu0] [ 909/1000] samples:  45450 | chain(game/max/avg): 2/5/2.5 | reward(game/avg): 3200/3498 | 1.92 games/s | ETA: 48s
[gpu0] [ 910/1000] samples:  45500 | chain(game/max/avg): 3/5/2.5 | reward(game/avg): 4260/3499 | 1.92 games/s | ETA: 47s
[gpu0] [ 911/1000] samples:  45550 | chain(game/max/avg): 2/5/2.5 | reward(game/avg): 2460/3498 | 1.92 games/s | ETA: 46s
[gpu0] [ 912/1000] samples:  45650 | chain(game/max/avg): 3/5/2.5 | reward(game/avg): 3200/3501 | 1.92 games/s | ETA: 46s
[gpu0] [ 913/1000] samples:  45650 | chain(game/max/avg): 2/5/2.5 | reward(game/avg): 2880/3497 | 1.92 games/s | ETA: 45s
[gpu0] [ 914/1000] samples:  45700 | chain(game/max/avg): 2/5/2.5 | reward(game/avg): 3430/3497 | 1.93 games/s | ETA: 45s
[gpu0] [ 915/1000] samples:  45750 | chain(game/max/avg): 2/5/2.5 | reward(game/avg): 2740/3496 | 1.93 games/s | ETA: 44s
[gpu0] [ 916/1000] samples:  45800 | chain(game/max/avg): 4/5/2.5 | reward(game/avg): 6020/3499 | 1.93 games/s | ETA: 44s
[gpu0] [ 917/1000] samples:  45850 | chain(game/max/avg): 2/5/2.5 | reward(game/avg): 4080/3500 | 1.93 games/s | ETA: 43s
[gpu0] [ 918/1000] samples:  45900 | chain(game/max/avg): 3/5/2.5 | reward(game/avg): 4280/3500 | 1.93 games/s | ETA: 42s
[gpu0] [ 919/1000] samples:  45950 | chain(game/max/avg): 2/5/2.5 | reward(game/avg): 3520/3500 | 1.94 games/s | ETA: 42s
[gpu0] [ 920/1000] samples:  46000 | chain(game/max/avg): 2/5/2.5 | reward(game/avg): 2500/3499 | 1.94 games/s | ETA: 41s
[gpu0] [ 921/1000] samples:  46050 | chain(game/max/avg): 3/5/2.5 | reward(game/avg): 3780/3500 | 1.94 games/s | ETA: 41s
[gpu0] [ 922/1000] samples:  46100 | chain(game/max/avg): 3/5/2.5 | reward(game/avg): 3630/3500 | 1.94 games/s | ETA: 40s
[gpu0] [ 923/1000] samples:  46150 | chain(game/max/avg): 3/5/2.5 | reward(game/avg): 4480/3501 | 1.94 games/s | ETA: 40s
[gpu0] [ 924/1000] samples:  46200 | chain(game/max/avg): 3/5/2.5 | reward(game/avg): 3640/3501 | 1.95 games/s | ETA: 39s
[gpu0] [ 925/1000] samples:  46250 | chain(game/max/avg): 2/5/2.5 | reward(game/avg): 2900/3500 | 1.95 games/s | ETA: 38s
[gpu0] [ 926/1000] samples:  46300 | chain(game/max/avg): 3/5/2.5 | reward(game/avg): 4640/3502 | 1.95 games/s | ETA: 38s
[gpu0] [ 927/1000] samples:  46350 | chain(game/max/avg): 2/5/2.5 | reward(game/avg): 2880/3501 | 1.95 games/s | ETA: 37s
[gpu0] [ 928/1000] samples:  46450 | chain(game/max/avg): 4/5/2.5 | reward(game/avg): 8420/3508 | 1.96 games/s | ETA: 37s
[gpu0] [ 929/1000] samples:  46450 | chain(game/max/avg): 2/5/2.5 | reward(game/avg): 2000/3505 | 1.96 games/s | ETA: 36s
[gpu0] [ 930/1000] samples:  46500 | chain(game/max/avg): 2/5/2.5 | reward(game/avg): 3080/3504 | 1.96 games/s | ETA: 36s
[gpu0] [ 931/1000] samples:  46550 | chain(game/max/avg): 3/5/2.5 | reward(game/avg): 3320/3504 | 1.96 games/s | ETA: 35s
[gpu0] [ 933/1000] samples:  46650 | chain(game/max/avg): 2/5/2.5 | reward(game/avg): 3760/3503 | 1.97 games/s | ETA: 34s
[gpu0] [ 932/1000] samples:  46600 | chain(game/max/avg): 2/5/2.5 | reward(game/avg): 2500/3503 | 1.96 games/s | ETA: 35s
[gpu0] [ 934/1000] samples:  46700 | chain(game/max/avg): 3/5/2.5 | reward(game/avg): 4220/3504 | 1.97 games/s | ETA: 34s
[gpu0] [ 935/1000] samples:  46750 | chain(game/max/avg): 2/5/2.5 | reward(game/avg): 2340/3503 | 1.97 games/s | ETA: 33s
[gpu0] [ 937/1000] samples:  46850 | chain(game/max/avg): 2/5/2.5 | reward(game/avg): 2740/3501 | 1.97 games/s | ETA: 32s
[gpu0] [ 936/1000] samples:  46800 | chain(game/max/avg): 2/5/2.5 | reward(game/avg): 2420/3502 | 1.97 games/s | ETA: 32s
[gpu0] [ 938/1000] samples:  46950 | chain(game/max/avg): 3/5/2.5 | reward(game/avg): 3240/3503 | 1.98 games/s | ETA: 31s
[gpu0] [ 939/1000] samples:  46950 | chain(game/max/avg): 2/5/2.5 | reward(game/avg): 2480/3499 | 1.98 games/s | ETA: 31s
[gpu0] [ 940/1000] samples:  47000 | chain(game/max/avg): 2/5/2.5 | reward(game/avg): 3080/3499 | 1.98 games/s | ETA: 30s
[gpu0] [ 941/1000] samples:  47050 | chain(game/max/avg): 3/5/2.5 | reward(game/avg): 3600/3499 | 1.98 games/s | ETA: 30s
[gpu0] [ 942/1000] samples:  47100 | chain(game/max/avg): 2/5/2.5 | reward(game/avg): 3840/3499 | 1.98 games/s | ETA: 29s
[gpu0] [ 943/1000] samples:  47150 | chain(game/max/avg): 4/5/2.5 | reward(game/avg): 4780/3501 | 1.99 games/s | ETA: 29s
[gpu0] [ 945/1000] samples:  47250 | chain(game/max/avg): 2/5/2.5 | reward(game/avg): 4100/3502 | 1.99 games/s | ETA: 28s
[gpu0] [ 944/1000] samples:  47250 | chain(game/max/avg): 3/5/2.5 | reward(game/avg): 4100/3506 | 1.99 games/s | ETA: 28s
[gpu0] [ 946/1000] samples:  47300 | chain(game/max/avg): 3/5/2.5 | reward(game/avg): 3520/3502 | 1.99 games/s | ETA: 27s
[gpu0] [ 947/1000] samples:  47350 | chain(game/max/avg): 2/5/2.5 | reward(game/avg): 2900/3501 | 1.99 games/s | ETA: 27s
[gpu0] [ 948/1000] samples:  47400 | chain(game/max/avg): 3/5/2.5 | reward(game/avg): 2900/3501 | 1.99 games/s | ETA: 26s
[gpu0] [ 949/1000] samples:  47450 | chain(game/max/avg): 2/5/2.5 | reward(game/avg): 3840/3501 | 1.99 games/s | ETA: 26s
[gpu0] [ 950/1000] samples:  47500 | chain(game/max/avg): 2/5/2.5 | reward(game/avg): 2580/3500 | 2.00 games/s | ETA: 25s
[gpu0] [ 951/1000] samples:  47550 | chain(game/max/avg): 2/5/2.5 | reward(game/avg): 2980/3500 | 2.00 games/s | ETA: 25s
[gpu0] [ 952/1000] samples:  47600 | chain(game/max/avg): 2/5/2.5 | reward(game/avg): 2970/3499 | 2.00 games/s | ETA: 24s
[gpu0] [ 953/1000] samples:  47650 | chain(game/max/avg): 3/5/2.5 | reward(game/avg): 3920/3500 | 2.00 games/s | ETA: 23s
[gpu0] [ 954/1000] samples:  47700 | chain(game/max/avg): 2/5/2.5 | reward(game/avg): 2380/3498 | 2.00 games/s | ETA: 23s
[gpu0] [ 955/1000] samples:  47750 | chain(game/max/avg): 2/5/2.5 | reward(game/avg): 2200/3497 | 2.01 games/s | ETA: 22s
[gpu0] [ 956/1000] samples:  47800 | chain(game/max/avg): 3/5/2.5 | reward(game/avg): 2920/3496 | 2.01 games/s | ETA: 22s
[gpu0] [ 957/1000] samples:  47850 | chain(game/max/avg): 3/5/2.5 | reward(game/avg): 4200/3497 | 2.01 games/s | ETA: 21s
[gpu0] [ 958/1000] samples:  47900 | chain(game/max/avg): 2/5/2.5 | reward(game/avg): 2040/3496 | 2.01 games/s | ETA: 21s
[gpu0] [ 959/1000] samples:  47950 | chain(game/max/avg): 2/5/2.5 | reward(game/avg): 2940/3495 | 2.01 games/s | ETA: 20s
[gpu0] [ 960/1000] samples:  48000 | chain(game/max/avg): 2/5/2.5 | reward(game/avg): 2520/3494 | 2.02 games/s | ETA: 20s
[gpu0] [ 961/1000] samples:  48050 | chain(game/max/avg): 2/5/2.5 | reward(game/avg): 3040/3494 | 2.02 games/s | ETA: 19s
[gpu0] [ 962/1000] samples:  48100 | chain(game/max/avg): 2/5/2.5 | reward(game/avg): 3020/3493 | 2.02 games/s | ETA: 19s
[gpu0] [ 963/1000] samples:  48150 | chain(game/max/avg): 2/5/2.5 | reward(game/avg): 3820/3493 | 2.02 games/s | ETA: 18s
[gpu0] [ 964/1000] samples:  48200 | chain(game/max/avg): 2/5/2.5 | reward(game/avg): 4030/3494 | 2.02 games/s | ETA: 18s
[gpu0] [ 965/1000] samples:  48250 | chain(game/max/avg): 2/5/2.5 | reward(game/avg): 2760/3493 | 2.03 games/s | ETA: 17s
[gpu0] [ 966/1000] samples:  48300 | chain(game/max/avg): 2/5/2.5 | reward(game/avg): 3760/3493 | 2.03 games/s | ETA: 17s
[gpu0] [ 967/1000] samples:  48350 | chain(game/max/avg): 3/5/2.5 | reward(game/avg): 3660/3494 | 2.03 games/s | ETA: 16s
[gpu0] [ 968/1000] samples:  48400 | chain(game/max/avg): 3/5/2.5 | reward(game/avg): 3900/3494 | 2.03 games/s | ETA: 16s
[gpu0] [ 969/1000] samples:  48450 | chain(game/max/avg): 3/5/2.5 | reward(game/avg): 3990/3495 | 2.03 games/s | ETA: 15s
[gpu0] [ 970/1000] samples:  48500 | chain(game/max/avg): 2/5/2.5 | reward(game/avg): 3020/3494 | 2.03 games/s | ETA: 15s
[gpu0] [ 971/1000] samples:  48550 | chain(game/max/avg): 2/5/2.5 | reward(game/avg): 4240/3495 | 2.04 games/s | ETA: 14s
[gpu0] [ 972/1000] samples:  48600 | chain(game/max/avg): 2/5/2.5 | reward(game/avg): 2200/3493 | 2.04 games/s | ETA: 14s
[gpu0] [ 973/1000] samples:  48650 | chain(game/max/avg): 2/5/2.5 | reward(game/avg): 2740/3493 | 2.04 games/s | ETA: 13s
[gpu0] [ 974/1000] samples:  48700 | chain(game/max/avg): 2/5/2.5 | reward(game/avg): 3410/3493 | 2.04 games/s | ETA: 13s
[gpu0] [ 975/1000] samples:  48750 | chain(game/max/avg): 2/5/2.5 | reward(game/avg): 3410/3493 | 2.04 games/s | ETA: 12s
[gpu0] [ 976/1000] samples:  48800 | chain(game/max/avg): 2/5/2.5 | reward(game/avg): 3140/3492 | 2.05 games/s | ETA: 12s
[gpu0] [ 977/1000] samples:  48850 | chain(game/max/avg): 2/5/2.5 | reward(game/avg): 3380/3492 | 2.05 games/s | ETA: 11s
[gpu0] [ 978/1000] samples:  48900 | chain(game/max/avg): 2/5/2.5 | reward(game/avg): 6200/3495 | 2.05 games/s | ETA: 11s
[gpu0] [ 979/1000] samples:  48950 | chain(game/max/avg): 2/5/2.5 | reward(game/avg): 2770/3494 | 2.05 games/s | ETA: 10s
[gpu0] [ 980/1000] samples:  49000 | chain(game/max/avg): 2/5/2.5 | reward(game/avg): 3320/3494 | 2.05 games/s | ETA: 10s
[gpu0] [ 981/1000] samples:  49050 | chain(game/max/avg): 2/5/2.5 | reward(game/avg): 3020/3493 | 2.05 games/s | ETA: 9s
[gpu0] [ 982/1000] samples:  49100 | chain(game/max/avg): 2/5/2.5 | reward(game/avg): 2840/3493 | 2.06 games/s | ETA: 9s
[gpu0] [ 983/1000] samples:  49150 | chain(game/max/avg): 2/5/2.5 | reward(game/avg): 2660/3492 | 2.06 games/s | ETA: 8s
[gpu0] [ 984/1000] samples:  49200 | chain(game/max/avg): 2/5/2.5 | reward(game/avg): 3360/3492 | 2.06 games/s | ETA: 8s
[gpu0] [ 985/1000] samples:  49250 | chain(game/max/avg): 2/5/2.5 | reward(game/avg): 3820/3492 | 2.06 games/s | ETA: 7s
[gpu0] [ 986/1000] samples:  49300 | chain(game/max/avg): 2/5/2.5 | reward(game/avg): 2860/3491 | 2.06 games/s | ETA: 7s
[gpu0] [ 987/1000] samples:  49350 | chain(game/max/avg): 2/5/2.5 | reward(game/avg): 3960/3492 | 2.07 games/s | ETA: 6s
[gpu0] [ 988/1000] samples:  49400 | chain(game/max/avg): 2/5/2.5 | reward(game/avg): 3300/3492 | 2.07 games/s | ETA: 6s
[gpu0] [ 989/1000] samples:  49450 | chain(game/max/avg): 2/5/2.5 | reward(game/avg): 2440/3491 | 2.07 games/s | ETA: 5s
[gpu0] [ 990/1000] samples:  49500 | chain(game/max/avg): 2/5/2.5 | reward(game/avg): 3390/3491 | 2.07 games/s | ETA: 5s
[gpu0] [ 991/1000] samples:  49550 | chain(game/max/avg): 2/5/2.5 | reward(game/avg): 3540/3491 | 2.07 games/s | ETA: 4s
[gpu0] [ 992/1000] samples:  49600 | chain(game/max/avg): 3/5/2.5 | reward(game/avg): 3820/3491 | 2.07 games/s | ETA: 4s
[gpu0] [ 993/1000] samples:  49650 | chain(game/max/avg): 2/5/2.5 | reward(game/avg): 2880/3490 | 2.08 games/s | ETA: 3s
[gpu0] [ 994/1000] samples:  49700 | chain(game/max/avg): 3/5/2.5 | reward(game/avg): 4600/3491 | 2.08 games/s | ETA: 3s
[gpu0] [ 995/1000] samples:  49750 | chain(game/max/avg): 2/5/2.5 | reward(game/avg): 3180/3491 | 2.08 games/s | ETA: 2s
[gpu0] [ 996/1000] samples:  49800 | chain(game/max/avg): 2/5/2.4 | reward(game/avg): 3050/3491 | 2.08 games/s | ETA: 2s
[gpu0] [ 997/1000] samples:  49850 | chain(game/max/avg): 3/5/2.5 | reward(game/avg): 4160/3491 | 2.08 games/s | ETA: 1s
[gpu0] [ 998/1000] samples:  49900 | chain(game/max/avg): 3/5/2.5 | reward(game/avg): 4070/3492 | 2.09 games/s | ETA: 1s
[gpu0] [ 999/1000] samples:  49950 | chain(game/max/avg): 2/5/2.5 | reward(game/avg): 2750/3491 | 2.09 games/s | ETA: 0s
[gpu0] [1000/1000] samples:  50000 | chain(game/max/avg): 3/5/2.5 | reward(game/avg): 4800/3493 | 2.09 games/s | ETA: 0s
[gpu0] Self-play complete: 1000 games, 50000 samples, max chain: 5
[gpu0] Saved to runs/rtx5090-3/data/alphazero_iter_1_gpu0.bin
[2026-04-05 22:57:52] WARNING: push failed, will retry next commit
[2026-04-05 22:57:52] Train start (AlphaZero mode, replay buffer, global_step=0)
    Finished `release` profile [optimized] target(s) in 0.31s
     Running `target/release/train --alphazero --data-dir runs/rtx5090-3/data --global-step 0 --model-path runs/rtx5090-3/artifacts/puyo_model --artifacts-dir runs/rtx5090-3/artifacts --batch-size 2048 --accum-steps 1 --cols 6 --rows 14 --num-colors 4 --residual-channels 128 --num-blocks 6 --policy-conv-channels 2 --value-conv-channels 1 --value-hidden 64 --film-hidden 128 --lr-stages '0:0.2,100000:0.02,300000:0.002,500000:0.0002'`
Backend: CUDA (GPU)
Game config: cols=6, rows=14, num_colors=4
Net config: residual_channels=128, num_blocks=6
Mode: AlphaZero (Policy CE + Value MSE)
Loading AlphaZero datasets from runs/rtx5090-3/data...
Found 1 data files
  Loaded 50000 samples from runs/rtx5090-3/data/alphazero_iter_1_gpu0.bin
Loaded 50000 total samples
Train: 50000 samples (color augmented on-the-fly, no val split)
Failed to load model from runs/rtx5090-3/artifacts/puyo_model: FileNotFound("No such file or directory (os error 2)"). Initializing fresh
AlphaZero training: 1000 steps, global_step=0, LR 2e-1 (end ~2e-1), batch_size=2048, accum_steps=1, effective_batch=2048
  step 50/1000 p_loss=2.9013 v_loss=0.8088 lr=0.200000  step 100/1000 p_loss=2.8888 v_loss=0.6383 lr=0.200000  step 150/1000 p_loss=2.8778 v_loss=0.5814 lr=0.200000  step 200/1000 p_loss=2.8636 v_loss=0.5536 lr=0.200000  step 250/1000 p_loss=2.8532 v_loss=0.5355 lr=0.200000  step 300/1000 p_loss=2.8454 v_loss=0.5242 lr=0.200000  step 350/1000 p_loss=2.8394 v_loss=0.5156 lr=0.200000  step 400/1000 p_loss=2.8335 v_loss=0.5092 lr=0.200000  step 450/1000 p_loss=2.8291 v_loss=0.5039 lr=0.200000  step 500/1000 p_loss=2.8251 v_loss=0.4998 lr=0.200000  step 550/1000 p_loss=2.8215 v_loss=0.4964 lr=0.200000  step 600/1000 p_loss=2.8178 v_loss=0.4934 lr=0.200000  step 650/1000 p_loss=2.8131 v_loss=0.4913 lr=0.200000  step 700/1000 p_loss=2.8066 v_loss=0.4892 lr=0.200000  step 750/1000 p_loss=2.7982 v_loss=0.4872 lr=0.200000  step 800/1000 p_loss=2.7888 v_loss=0.4856 lr=0.200000  step 850/1000 p_loss=2.7799 v_loss=0.4843 lr=0.200000  step 900/1000 p_loss=2.7708 v_loss=0.4829 lr=0.200000  step 950/1000 p_loss=2.7622 v_loss=0.4817 lr=0.200000  step 1000/1000 p_loss=2.7536 v_loss=0.4805 lr=0.200000
Model metadata saved to runs/rtx5090-3/artifacts/puyo_model.config.json
AlphaZero training complete. final train_loss(p=2.753644, v=0.480480) global_step=1000
[2026-04-05 23:01:39] WARNING: push failed, will retry next commit
[2026-04-05 23:01:39] === Iteration 1 complete ===
[2026-04-05 23:01:39] --- Iteration 2 (sims=512, global_step=1000) ---
[2026-04-05 23:01:39] Self-play start (m=24, c_visit=50.0, num_gpus=1, games_per_gpu=1000, total=1000)
[gpu0]     Finished `release` profile [optimized] target(s) in 0.30s
[gpu0]      Running `target/release/self-play --games 1000 --simulations 512 --c-puct-init 1.5 --c-puct-base 19652.0 --m 24 --c-visit 50.0 --gamma 0.95 --min-chain 0 --threads 512 --batch-size 2048 --num-leaves 1 --model-path runs/rtx5090-3/artifacts/puyo_model --cols 6 --rows 14 --num-colors 4 --residual-channels 128 --num-blocks 6 --policy-conv-channels 2 --value-conv-channels 1 --value-hidden 64 --film-hidden 128 --output runs/rtx5090-3/data/alphazero_iter_2_gpu0.bin`
[gpu0] games=1000, simulations=512, c_puct_init=1.5, c_puct_base=19652, m=24, c_visit=50, gamma=0.95, num_leaves=1, min_chain=0
[gpu0] Game config: cols=6, rows=14, num_colors=4, residual_channels=128, num_blocks=6, policy_conv_ch=2, value_conv_ch=1, value_hidden=64, film_hidden=128
[gpu0] Backend: Cuda (GPU) — Gumbel MCTS self-play (batched)
[gpu0] Loaded existing model from runs/rtx5090-3/artifacts/puyo_model
[gpu0] Using 512 game threads, max_batch_size=2048
[gpu0] [   1/1000] samples:     36 | chain(game/max/avg): 1/1/1.0 | reward(game/avg): 80/80 | 0.01 games/s | ETA: 129978s
[gpu0] [   2/1000] samples:     72 | chain(game/max/avg): 1/1/1.0 | reward(game/avg): 40/60 | 0.01 games/s | ETA: 74171s
[gpu0] [   3/1000] samples:    119 | chain(game/max/avg): 3/3/1.7 | reward(game/avg): 1580/567 | 0.02 games/s | ETA: 62613s
[gpu0] [   4/1000] samples:    169 | chain(game/max/avg): 3/3/2.0 | reward(game/avg): 2680/1095 | 0.02 games/s | ETA: 47213s
[gpu0] [   5/1000] samples:    219 | chain(game/max/avg): 2/3/2.0 | reward(game/avg): 1040/1084 | 0.03 games/s | ETA: 38241s
[gpu0] [   6/1000] samples:    269 | chain(game/max/avg): 2/3/2.0 | reward(game/avg): 1260/1113 | 0.03 games/s | ETA: 31931s
[gpu0] [   7/1000] samples:    319 | chain(game/max/avg): 5/5/2.4 | reward(game/avg): 12460/2734 | 0.04 games/s | ETA: 28192s
[gpu0] [   8/1000] samples:    369 | chain(game/max/avg): 6/6/2.9 | reward(game/avg): 13600/4092 | 0.04 games/s | ETA: 24868s
[gpu0] [   9/1000] samples:    419 | chain(game/max/avg): 5/6/3.1 | reward(game/avg): 8380/4569 | 0.04 games/s | ETA: 22187s
[gpu0] [  10/1000] samples:    469 | chain(game/max/avg): 6/6/3.4 | reward(game/avg): 12800/5392 | 0.05 games/s | ETA: 20144s
[gpu0] [  11/1000] samples:    519 | chain(game/max/avg): 4/6/3.5 | reward(game/avg): 10050/5815 | 0.05 games/s | ETA: 18295s
[gpu0] [  12/1000] samples:    569 | chain(game/max/avg): 4/6/3.5 | reward(game/avg): 2840/5568 | 0.06 games/s | ETA: 16796s
[gpu0] [  13/1000] samples:    619 | chain(game/max/avg): 4/6/3.5 | reward(game/avg): 4510/5486 | 0.06 games/s | ETA: 15597s
[gpu0] [  14/1000] samples:    669 | chain(game/max/avg): 4/6/3.6 | reward(game/avg): 7560/5634 | 0.07 games/s | ETA: 14592s
[gpu0] [  15/1000] samples:    719 | chain(game/max/avg): 7/7/3.8 | reward(game/avg): 33030/7461 | 0.07 games/s | ETA: 13663s
[gpu0] [  16/1000] samples:    769 | chain(game/max/avg): 5/7/3.9 | reward(game/avg): 8640/7534 | 0.08 games/s | ETA: 12797s
[gpu0] [  17/1000] samples:    819 | chain(game/max/avg): 5/7/3.9 | reward(game/avg): 14360/7936 | 0.08 games/s | ETA: 12061s
[gpu0] [  18/1000] samples:    869 | chain(game/max/avg): 6/7/4.1 | reward(game/avg): 13660/8254 | 0.09 games/s | ETA: 11435s
[gpu0] [  19/1000] samples:    919 | chain(game/max/avg): 5/7/4.1 | reward(game/avg): 6880/8182 | 0.09 games/s | ETA: 10827s
[gpu0] [  20/1000] samples:    969 | chain(game/max/avg): 5/7/4.2 | reward(game/avg): 6780/8112 | 0.10 games/s | ETA: 10277s
[gpu0] [  21/1000] samples:   1019 | chain(game/max/avg): 5/7/4.2 | reward(game/avg): 14960/8438 | 0.10 games/s | ETA: 9783s
[gpu0] [  22/1000] samples:   1069 | chain(game/max/avg): 3/7/4.1 | reward(game/avg): 3480/8212 | 0.10 games/s | ETA: 9344s
[gpu0] [  23/1000] samples:   1119 | chain(game/max/avg): 5/7/4.2 | reward(game/avg): 10320/8304 | 0.11 games/s | ETA: 8942s
[gpu0] [  24/1000] samples:   1169 | chain(game/max/avg): 4/7/4.2 | reward(game/avg): 5670/8194 | 0.11 games/s | ETA: 8563s
[gpu0] [  25/1000] samples:   1219 | chain(game/max/avg): 5/7/4.2 | reward(game/avg): 5260/8077 | 0.12 games/s | ETA: 8219s
[gpu0] [  26/1000] samples:   1269 | chain(game/max/avg): 6/7/4.3 | reward(game/avg): 12680/8254 | 0.12 games/s | ETA: 7898s
[gpu0] [  27/1000] samples:   1319 | chain(game/max/avg): 5/7/4.3 | reward(game/avg): 8020/8245 | 0.13 games/s | ETA: 7611s
[gpu0] [  28/1000] samples:   1369 | chain(game/max/avg): 9/9/4.5 | reward(game/avg): 30060/9024 | 0.13 games/s | ETA: 7332s
[gpu0] [  29/1000] samples:   1419 | chain(game/max/avg): 5/9/4.5 | reward(game/avg): 10740/9083 | 0.14 games/s | ETA: 7073s
[gpu0] [  30/1000] samples:   1469 | chain(game/max/avg): 2/9/4.4 | reward(game/avg): 720/8805 | 0.14 games/s | ETA: 6832s
[gpu0] [  31/1000] samples:   1519 | chain(game/max/avg): 5/9/4.4 | reward(game/avg): 10050/8845 | 0.15 games/s | ETA: 6607s
[gpu0] [  32/1000] samples:   1569 | chain(game/max/avg): 5/9/4.4 | reward(game/avg): 12390/8956 | 0.15 games/s | ETA: 6400s
[gpu0] [  33/1000] samples:   1619 | chain(game/max/avg): 5/9/4.5 | reward(game/avg): 17420/9212 | 0.16 games/s | ETA: 6203s
[gpu0] [  34/1000] samples:   1669 | chain(game/max/avg): 6/9/4.5 | reward(game/avg): 14440/9366 | 0.16 games/s | ETA: 6034s
[gpu0] [  35/1000] samples:   1719 | chain(game/max/avg): 5/9/4.5 | reward(game/avg): 11840/9437 | 0.16 games/s | ETA: 5863s
[gpu0] [  36/1000] samples:   1769 | chain(game/max/avg): 4/9/4.5 | reward(game/avg): 6700/9361 | 0.17 games/s | ETA: 5698s
[gpu0] [  37/1000] samples:   1819 | chain(game/max/avg): 8/9/4.6 | reward(game/avg): 22080/9704 | 0.17 games/s | ETA: 5547s
[gpu0] [  38/1000] samples:   1869 | chain(game/max/avg): 5/9/4.6 | reward(game/avg): 17780/9917 | 0.18 games/s | ETA: 5405s
[gpu0] [  39/1000] samples:   1919 | chain(game/max/avg): 5/9/4.6 | reward(game/avg): 8880/9890 | 0.18 games/s | ETA: 5263s
[gpu0] [  40/1000] samples:   1969 | chain(game/max/avg): 5/9/4.6 | reward(game/avg): 10950/9917 | 0.19 games/s | ETA: 5134s
[gpu0] [  41/1000] samples:   2019 | chain(game/max/avg): 5/9/4.6 | reward(game/avg): 20240/10169 | 0.19 games/s | ETA: 5011s
[gpu0] [  42/1000] samples:   2069 | chain(game/max/avg): 8/9/4.7 | reward(game/avg): 26900/10567 | 0.20 games/s | ETA: 4888s
[gpu0] [  43/1000] samples:   2119 | chain(game/max/avg): 8/9/4.8 | reward(game/avg): 29370/11004 | 0.20 games/s | ETA: 4769s
[gpu0] [  44/1000] samples:   2169 | chain(game/max/avg): 6/9/4.8 | reward(game/avg): 24150/11303 | 0.21 games/s | ETA: 4656s
[gpu0] [  45/1000] samples:   2219 | chain(game/max/avg): 5/9/4.8 | reward(game/avg): 9300/11258 | 0.21 games/s | ETA: 4549s
[gpu0] [  46/1000] samples:   2269 | chain(game/max/avg): 6/9/4.8 | reward(game/avg): 16160/11365 | 0.21 games/s | ETA: 4446s
[gpu0] [  47/1000] samples:   2319 | chain(game/max/avg): 5/9/4.9 | reward(game/avg): 8780/11310 | 0.22 games/s | ETA: 4347s
[gpu0] [  48/1000] samples:   2369 | chain(game/max/avg): 6/9/4.9 | reward(game/avg): 15180/11391 | 0.22 games/s | ETA: 4253s
[gpu0] [  49/1000] samples:   2419 | chain(game/max/avg): 5/9/4.9 | reward(game/avg): 9060/11343 | 0.23 games/s | ETA: 4166s
[gpu0] [  50/1000] samples:   2469 | chain(game/max/avg): 8/9/4.9 | reward(game/avg): 33020/11777 | 0.23 games/s | ETA: 4089s
[gpu0] [  51/1000] samples:   2519 | chain(game/max/avg): 6/9/5.0 | reward(game/avg): 27680/12088 | 0.24 games/s | ETA: 4013s
[gpu0] [  52/1000] samples:   2569 | chain(game/max/avg): 5/9/5.0 | reward(game/avg): 18540/12212 | 0.24 games/s | ETA: 3934s
[gpu0] [  53/1000] samples:   2619 | chain(game/max/avg): 5/9/5.0 | reward(game/avg): 9460/12161 | 0.25 games/s | ETA: 3863s
[gpu0] [  54/1000] samples:   2669 | chain(game/max/avg): 5/9/5.0 | reward(game/avg): 9840/12118 | 0.25 games/s | ETA: 3788s
[gpu0] [  55/1000] samples:   2719 | chain(game/max/avg): 7/9/5.0 | reward(game/avg): 35140/12536 | 0.25 games/s | ETA: 3723s
[gpu0] [  56/1000] samples:   2769 | chain(game/max/avg): 5/9/5.0 | reward(game/avg): 18450/12642 | 0.26 games/s | ETA: 3655s
[gpu0] [  57/1000] samples:   2819 | chain(game/max/avg): 6/9/5.0 | reward(game/avg): 9480/12586 | 0.26 games/s | ETA: 3587s
[gpu0] [  58/1000] samples:   2869 | chain(game/max/avg): 6/9/5.0 | reward(game/avg): 31310/12909 | 0.27 games/s | ETA: 3522s
[gpu0] [  59/1000] samples:   2919 | chain(game/max/avg): 5/9/5.0 | reward(game/avg): 17240/12983 | 0.27 games/s | ETA: 3459s
[gpu0] [  60/1000] samples:   2969 | chain(game/max/avg): 8/9/5.1 | reward(game/avg): 41400/13456 | 0.28 games/s | ETA: 3399s
[gpu0] [  61/1000] samples:   3019 | chain(game/max/avg): 5/9/5.1 | reward(game/avg): 8960/13382 | 0.28 games/s | ETA: 3340s
[gpu0] [  62/1000] samples:   3069 | chain(game/max/avg): 4/9/5.1 | reward(game/avg): 2720/13210 | 0.29 games/s | ETA: 3286s
[gpu0] [  63/1000] samples:   3119 | chain(game/max/avg): 6/9/5.1 | reward(game/avg): 10340/13165 | 0.29 games/s | ETA: 3231s
[gpu0] [  64/1000] samples:   3169 | chain(game/max/avg): 6/9/5.1 | reward(game/avg): 27960/13396 | 0.29 games/s | ETA: 3179s
[gpu0] [  65/1000] samples:   3219 | chain(game/max/avg): 5/9/5.1 | reward(game/avg): 14070/13406 | 0.30 games/s | ETA: 3128s
[gpu0] [  66/1000] samples:   3269 | chain(game/max/avg): 6/9/5.1 | reward(game/avg): 20570/13515 | 0.30 games/s | ETA: 3081s
[gpu0] [  67/1000] samples:   3319 | chain(game/max/avg): 6/9/5.1 | reward(game/avg): 19860/13610 | 0.31 games/s | ETA: 3033s
[gpu0] [  68/1000] samples:   3369 | chain(game/max/avg): 5/9/5.1 | reward(game/avg): 17840/13672 | 0.31 games/s | ETA: 2987s
[gpu0] [  69/1000] samples:   3419 | chain(game/max/avg): 6/9/5.1 | reward(game/avg): 27660/13875 | 0.32 games/s | ETA: 2941s
[gpu0] [  70/1000] samples:   3469 | chain(game/max/avg): 6/9/5.1 | reward(game/avg): 19000/13948 | 0.32 games/s | ETA: 2897s
[gpu0] [  71/1000] samples:   3519 | chain(game/max/avg): 7/9/5.2 | reward(game/avg): 30380/14179 | 0.33 games/s | ETA: 2854s
[gpu0] [  72/1000] samples:   3569 | chain(game/max/avg): 6/9/5.2 | reward(game/avg): 17940/14232 | 0.33 games/s | ETA: 2813s
[gpu0] [  73/1000] samples:   3619 | chain(game/max/avg): 5/9/5.2 | reward(game/avg): 9900/14172 | 0.33 games/s | ETA: 2773s
[gpu0] [  74/1000] samples:   3669 | chain(game/max/avg): 6/9/5.2 | reward(game/avg): 23290/14295 | 0.34 games/s | ETA: 2733s
[gpu0] [  75/1000] samples:   3719 | chain(game/max/avg): 6/9/5.2 | reward(game/avg): 12680/14274 | 0.34 games/s | ETA: 2694s
[gpu0] [  76/1000] samples:   3769 | chain(game/max/avg): 4/9/5.2 | reward(game/avg): 7010/14178 | 0.35 games/s | ETA: 2656s
[gpu0] [  77/1000] samples:   3819 | chain(game/max/avg): 5/9/5.2 | reward(game/avg): 10740/14134 | 0.35 games/s | ETA: 2620s
[gpu0] [  78/1000] samples:   3869 | chain(game/max/avg): 6/9/5.2 | reward(game/avg): 24740/14270 | 0.36 games/s | ETA: 2584s
[gpu0] [  79/1000] samples:   3919 | chain(game/max/avg): 5/9/5.2 | reward(game/avg): 11550/14235 | 0.36 games/s | ETA: 2550s
[gpu0] [  80/1000] samples:   3969 | chain(game/max/avg): 7/9/5.2 | reward(game/avg): 42670/14591 | 0.37 games/s | ETA: 2516s
[gpu0] [  81/1000] samples:   4019 | chain(game/max/avg): 5/9/5.2 | reward(game/avg): 17300/14624 | 0.37 games/s | ETA: 2483s
[gpu0] [  82/1000] samples:   4069 | chain(game/max/avg): 5/9/5.2 | reward(game/avg): 17540/14660 | 0.37 games/s | ETA: 2451s
[gpu0] [  83/1000] samples:   4119 | chain(game/max/avg): 7/9/5.2 | reward(game/avg): 26410/14801 | 0.38 games/s | ETA: 2419s
[gpu0] [  84/1000] samples:   4169 | chain(game/max/avg): 5/9/5.2 | reward(game/avg): 10960/14755 | 0.38 games/s | ETA: 2389s
[gpu0] [  85/1000] samples:   4219 | chain(game/max/avg): 5/9/5.2 | reward(game/avg): 11840/14721 | 0.39 games/s | ETA: 2359s
[gpu0] [  86/1000] samples:   4269 | chain(game/max/avg): 6/9/5.2 | reward(game/avg): 14860/14723 | 0.39 games/s | ETA: 2329s
[gpu0] [  87/1000] samples:   4319 | chain(game/max/avg): 6/9/5.2 | reward(game/avg): 23420/14823 | 0.40 games/s | ETA: 2300s
[gpu0] [  88/1000] samples:   4369 | chain(game/max/avg): 8/9/5.3 | reward(game/avg): 33820/15039 | 0.40 games/s | ETA: 2272s
[gpu0] [  89/1000] samples:   4419 | chain(game/max/avg): 6/9/5.3 | reward(game/avg): 16920/15060 | 0.41 games/s | ETA: 2244s
[gpu0] [  90/1000] samples:   4469 | chain(game/max/avg): 7/9/5.3 | reward(game/avg): 32570/15254 | 0.41 games/s | ETA: 2216s
[gpu0] [  91/1000] samples:   4519 | chain(game/max/avg): 6/9/5.3 | reward(game/avg): 22660/15336 | 0.42 games/s | ETA: 2190s
[gpu0] [  92/1000] samples:   4569 | chain(game/max/avg): 5/9/5.3 | reward(game/avg): 17510/15359 | 0.42 games/s | ETA: 2164s
[gpu0] [  93/1000] samples:   4619 | chain(game/max/avg): 7/9/5.3 | reward(game/avg): 21580/15426 | 0.42 games/s | ETA: 2138s
[gpu0] [  94/1000] samples:   4669 | chain(game/max/avg): 5/9/5.3 | reward(game/avg): 10700/15376 | 0.43 games/s | ETA: 2113s
[gpu0] [  95/1000] samples:   4719 | chain(game/max/avg): 6/9/5.3 | reward(game/avg): 23980/15467 | 0.43 games/s | ETA: 2089s
[gpu0] [  96/1000] samples:   4769 | chain(game/max/avg): 6/9/5.3 | reward(game/avg): 25760/15574 | 0.44 games/s | ETA: 2065s
[gpu0] [  97/1000] samples:   4819 | chain(game/max/avg): 6/9/5.3 | reward(game/avg): 15300/15571 | 0.44 games/s | ETA: 2043s
[gpu0] [  98/1000] samples:   4869 | chain(game/max/avg): 6/9/5.3 | reward(game/avg): 24460/15662 | 0.45 games/s | ETA: 2022s
[gpu0] [  99/1000] samples:   4919 | chain(game/max/avg): 6/9/5.4 | reward(game/avg): 29740/15804 | 0.45 games/s | ETA: 1999s
[gpu0] [ 100/1000] samples:   4969 | chain(game/max/avg): 6/9/5.4 | reward(game/avg): 30440/15950 | 0.46 games/s | ETA: 1978s
[gpu0] [ 101/1000] samples:   5019 | chain(game/max/avg): 5/9/5.4 | reward(game/avg): 21600/16006 | 0.46 games/s | ETA: 1957s
[gpu0] [ 102/1000] samples:   5069 | chain(game/max/avg): 7/9/5.4 | reward(game/avg): 25720/16101 | 0.46 games/s | ETA: 1936s
[gpu0] [ 103/1000] samples:   5119 | chain(game/max/avg): 5/9/5.4 | reward(game/avg): 9560/16038 | 0.47 games/s | ETA: 1915s
[gpu0] [ 104/1000] samples:   5169 | chain(game/max/avg): 8/9/5.4 | reward(game/avg): 35780/16228 | 0.47 games/s | ETA: 1895s
[gpu0] [ 105/1000] samples:   5219 | chain(game/max/avg): 7/9/5.4 | reward(game/avg): 31960/16378 | 0.48 games/s | ETA: 1875s
[gpu0] [ 106/1000] samples:   5269 | chain(game/max/avg): 6/9/5.4 | reward(game/avg): 25180/16461 | 0.48 games/s | ETA: 1855s
[gpu0] [ 107/1000] samples:   5319 | chain(game/max/avg): 6/9/5.4 | reward(game/avg): 22940/16521 | 0.49 games/s | ETA: 1836s
[gpu0] [ 108/1000] samples:   5369 | chain(game/max/avg): 6/9/5.4 | reward(game/avg): 19840/16552 | 0.49 games/s | ETA: 1817s
[gpu0] [ 109/1000] samples:   5419 | chain(game/max/avg): 6/9/5.4 | reward(game/avg): 19140/16576 | 0.50 games/s | ETA: 1799s
[gpu0] [ 110/1000] samples:   5469 | chain(game/max/avg): 5/9/5.4 | reward(game/avg): 19910/16606 | 0.50 games/s | ETA: 1780s
[gpu0] [ 111/1000] samples:   5519 | chain(game/max/avg): 6/9/5.4 | reward(game/avg): 10800/16554 | 0.50 games/s | ETA: 1763s
[gpu0] [ 112/1000] samples:   5569 | chain(game/max/avg): 5/9/5.4 | reward(game/avg): 11580/16509 | 0.51 games/s | ETA: 1745s
[gpu0] [ 113/1000] samples:   5619 | chain(game/max/avg): 6/9/5.4 | reward(game/avg): 17130/16515 | 0.51 games/s | ETA: 1728s
[gpu0] [ 114/1000] samples:   5669 | chain(game/max/avg): 6/9/5.4 | reward(game/avg): 26900/16606 | 0.52 games/s | ETA: 1711s
[gpu0] [ 115/1000] samples:   5719 | chain(game/max/avg): 6/9/5.4 | reward(game/avg): 31900/16739 | 0.52 games/s | ETA: 1694s
[gpu0] [ 116/1000] samples:   5769 | chain(game/max/avg): 7/9/5.5 | reward(game/avg): 26580/16824 | 0.53 games/s | ETA: 1678s
[gpu0] [ 117/1000] samples:   5819 | chain(game/max/avg): 8/9/5.5 | reward(game/avg): 41760/17037 | 0.53 games/s | ETA: 1662s
[gpu0] [ 118/1000] samples:   5869 | chain(game/max/avg): 5/9/5.5 | reward(game/avg): 15860/17027 | 0.54 games/s | ETA: 1647s
[gpu0] [ 119/1000] samples:   5919 | chain(game/max/avg): 6/9/5.5 | reward(game/avg): 28260/17121 | 0.54 games/s | ETA: 1632s
[gpu0] [ 120/1000] samples:   5969 | chain(game/max/avg): 5/9/5.5 | reward(game/avg): 12230/17080 | 0.54 games/s | ETA: 1617s
[gpu0] [ 121/1000] samples:   6019 | chain(game/max/avg): 6/9/5.5 | reward(game/avg): 24150/17139 | 0.55 games/s | ETA: 1602s
[gpu0] [ 122/1000] samples:   6069 | chain(game/max/avg): 5/9/5.5 | reward(game/avg): 21230/17172 | 0.55 games/s | ETA: 1587s
[gpu0] [ 123/1000] samples:   6119 | chain(game/max/avg): 6/9/5.5 | reward(game/avg): 31940/17292 | 0.56 games/s | ETA: 1572s
[gpu0] [ 124/1000] samples:   6169 | chain(game/max/avg): 7/9/5.5 | reward(game/avg): 35300/17438 | 0.56 games/s | ETA: 1558s
[gpu0] [ 125/1000] samples:   6219 | chain(game/max/avg): 5/9/5.5 | reward(game/avg): 13940/17410 | 0.57 games/s | ETA: 1544s
[gpu0] [ 126/1000] samples:   6269 | chain(game/max/avg): 6/9/5.5 | reward(game/avg): 18480/17418 | 0.57 games/s | ETA: 1530s
[gpu0] [ 127/1000] samples:   6319 | chain(game/max/avg): 6/9/5.5 | reward(game/avg): 16200/17409 | 0.58 games/s | ETA: 1516s
[gpu0] [ 128/1000] samples:   6369 | chain(game/max/avg): 5/9/5.5 | reward(game/avg): 13670/17379 | 0.58 games/s | ETA: 1503s
[gpu0] [ 129/1000] samples:   6419 | chain(game/max/avg): 6/9/5.5 | reward(game/avg): 21780/17413 | 0.58 games/s | ETA: 1490s
[gpu0] [ 130/1000] samples:   6469 | chain(game/max/avg): 6/9/5.5 | reward(game/avg): 26200/17481 | 0.59 games/s | ETA: 1477s
[gpu0] [ 131/1000] samples:   6519 | chain(game/max/avg): 4/9/5.5 | reward(game/avg): 7140/17402 | 0.59 games/s | ETA: 1464s
[gpu0] [ 132/1000] samples:   6569 | chain(game/max/avg): 8/9/5.5 | reward(game/avg): 35780/17541 | 0.60 games/s | ETA: 1451s
[gpu0] [ 133/1000] samples:   6619 | chain(game/max/avg): 7/9/5.5 | reward(game/avg): 28850/17626 | 0.60 games/s | ETA: 1439s
[gpu0] [ 134/1000] samples:   6669 | chain(game/max/avg): 6/9/5.5 | reward(game/avg): 23380/17669 | 0.61 games/s | ETA: 1427s
[gpu0] [ 135/1000] samples:   6719 | chain(game/max/avg): 5/9/5.5 | reward(game/avg): 20610/17691 | 0.61 games/s | ETA: 1415s
[gpu0] [ 136/1000] samples:   6769 | chain(game/max/avg): 8/9/5.5 | reward(game/avg): 40950/17862 | 0.62 games/s | ETA: 1403s
[gpu0] [ 137/1000] samples:   6819 | chain(game/max/avg): 6/9/5.5 | reward(game/avg): 22640/17897 | 0.62 games/s | ETA: 1392s
[gpu0] [ 138/1000] samples:   6869 | chain(game/max/avg): 5/9/5.5 | reward(game/avg): 17080/17891 | 0.62 games/s | ETA: 1380s
[gpu0] [ 139/1000] samples:   6919 | chain(game/max/avg): 5/9/5.5 | reward(game/avg): 11020/17842 | 0.63 games/s | ETA: 1369s
[gpu0] [ 140/1000] samples:   6969 | chain(game/max/avg): 6/9/5.5 | reward(game/avg): 23970/17885 | 0.63 games/s | ETA: 1357s
[gpu0] [ 141/1000] samples:   7019 | chain(game/max/avg): 5/9/5.5 | reward(game/avg): 13260/17853 | 0.64 games/s | ETA: 1346s
[gpu0] [ 142/1000] samples:   7069 | chain(game/max/avg): 5/9/5.5 | reward(game/avg): 20380/17870 | 0.64 games/s | ETA: 1336s
[gpu0] [ 143/1000] samples:   7119 | chain(game/max/avg): 4/9/5.5 | reward(game/avg): 7900/17801 | 0.65 games/s | ETA: 1325s
[gpu0] [ 144/1000] samples:   7169 | chain(game/max/avg): 8/9/5.5 | reward(game/avg): 30420/17888 | 0.65 games/s | ETA: 1314s
[gpu0] [ 145/1000] samples:   7219 | chain(game/max/avg): 5/9/5.5 | reward(game/avg): 16550/17879 | 0.66 games/s | ETA: 1303s
[gpu0] [ 146/1000] samples:   7269 | chain(game/max/avg): 6/9/5.5 | reward(game/avg): 19960/17893 | 0.66 games/s | ETA: 1293s
[gpu0] [ 147/1000] samples:   7319 | chain(game/max/avg): 6/9/5.5 | reward(game/avg): 24020/17935 | 0.66 games/s | ETA: 1283s
[gpu0] [ 148/1000] samples:   7369 | chain(game/max/avg): 5/9/5.5 | reward(game/avg): 13470/17905 | 0.67 games/s | ETA: 1273s
[gpu0] [ 149/1000] samples:   7419 | chain(game/max/avg): 5/9/5.5 | reward(game/avg): 15580/17889 | 0.67 games/s | ETA: 1263s
[gpu0] [ 150/1000] samples:   7469 | chain(game/max/avg): 6/9/5.5 | reward(game/avg): 25930/17943 | 0.68 games/s | ETA: 1253s
[gpu0] [ 151/1000] samples:   7519 | chain(game/max/avg): 5/9/5.5 | reward(game/avg): 21640/17967 | 0.68 games/s | ETA: 1243s
[gpu0] [ 152/1000] samples:   7569 | chain(game/max/avg): 8/9/5.5 | reward(game/avg): 29100/18041 | 0.69 games/s | ETA: 1234s
[gpu0] [ 153/1000] samples:   7619 | chain(game/max/avg): 8/9/5.6 | reward(game/avg): 30840/18124 | 0.69 games/s | ETA: 1224s
[gpu0] [ 154/1000] samples:   7669 | chain(game/max/avg): 7/9/5.6 | reward(game/avg): 29530/18198 | 0.70 games/s | ETA: 1215s
[gpu0] [ 155/1000] samples:   7719 | chain(game/max/avg): 6/9/5.6 | reward(game/avg): 20540/18213 | 0.70 games/s | ETA: 1206s
[gpu0] [ 156/1000] samples:   7769 | chain(game/max/avg): 5/9/5.6 | reward(game/avg): 11180/18168 | 0.70 games/s | ETA: 1197s
[gpu0] [ 157/1000] samples:   7819 | chain(game/max/avg): 10/10/5.6 | reward(game/avg): 46720/18350 | 0.71 games/s | ETA: 1189s
[gpu0] [ 158/1000] samples:   7869 | chain(game/max/avg): 6/10/5.6 | reward(game/avg): 28140/18412 | 0.71 games/s | ETA: 1180s
[gpu0] [ 159/1000] samples:   7919 | chain(game/max/avg): 6/10/5.6 | reward(game/avg): 19690/18420 | 0.72 games/s | ETA: 1171s
[gpu0] [ 160/1000] samples:   7969 | chain(game/max/avg): 7/10/5.6 | reward(game/avg): 28690/18484 | 0.72 games/s | ETA: 1162s
[gpu0] [ 161/1000] samples:   8019 | chain(game/max/avg): 5/10/5.6 | reward(game/avg): 9940/18431 | 0.73 games/s | ETA: 1154s
[gpu0] [ 162/1000] samples:   8069 | chain(game/max/avg): 5/10/5.6 | reward(game/avg): 10040/18380 | 0.73 games/s | ETA: 1146s
[gpu0] [ 163/1000] samples:   8119 | chain(game/max/avg): 6/10/5.6 | reward(game/avg): 24420/18417 | 0.74 games/s | ETA: 1138s
[gpu0] [ 164/1000] samples:   8169 | chain(game/max/avg): 6/10/5.6 | reward(game/avg): 23920/18450 | 0.74 games/s | ETA: 1129s
[gpu0] [ 165/1000] samples:   8219 | chain(game/max/avg): 6/10/5.6 | reward(game/avg): 22050/18472 | 0.74 games/s | ETA: 1121s
[gpu0] [ 166/1000] samples:   8269 | chain(game/max/avg): 6/10/5.6 | reward(game/avg): 13020/18439 | 0.75 games/s | ETA: 1113s
[gpu0] [ 167/1000] samples:   8319 | chain(game/max/avg): 6/10/5.6 | reward(game/avg): 27010/18490 | 0.75 games/s | ETA: 1106s
[gpu0] [ 168/1000] samples:   8369 | chain(game/max/avg): 7/10/5.6 | reward(game/avg): 20520/18502 | 0.76 games/s | ETA: 1098s
[gpu0] [ 169/1000] samples:   8419 | chain(game/max/avg): 5/10/5.6 | reward(game/avg): 10870/18457 | 0.76 games/s | ETA: 1090s
[gpu0] [ 170/1000] samples:   8469 | chain(game/max/avg): 6/10/5.6 | reward(game/avg): 11000/18413 | 0.77 games/s | ETA: 1082s
[gpu0] [ 171/1000] samples:   8519 | chain(game/max/avg): 6/10/5.6 | reward(game/avg): 23920/18446 | 0.77 games/s | ETA: 1075s
[gpu0] [ 172/1000] samples:   8569 | chain(game/max/avg): 8/10/5.6 | reward(game/avg): 32870/18530 | 0.78 games/s | ETA: 1067s
[gpu0] [ 173/1000] samples:   8619 | chain(game/max/avg): 6/10/5.6 | reward(game/avg): 33010/18613 | 0.78 games/s | ETA: 1060s
[gpu0] [ 174/1000] samples:   8669 | chain(game/max/avg): 6/10/5.6 | reward(game/avg): 19320/18617 | 0.78 games/s | ETA: 1053s
[gpu0] [ 175/1000] samples:   8719 | chain(game/max/avg): 6/10/5.6 | reward(game/avg): 21370/18633 | 0.79 games/s | ETA: 1046s
[gpu0] [ 176/1000] samples:   8769 | chain(game/max/avg): 6/10/5.6 | reward(game/avg): 23620/18661 | 0.79 games/s | ETA: 1039s
[gpu0] [ 177/1000] samples:   8819 | chain(game/max/avg): 7/10/5.7 | reward(game/avg): 29300/18721 | 0.80 games/s | ETA: 1031s
[gpu0] [ 178/1000] samples:   8869 | chain(game/max/avg): 5/10/5.7 | reward(game/avg): 16610/18710 | 0.80 games/s | ETA: 1025s
[gpu0] [ 179/1000] samples:   8919 | chain(game/max/avg): 8/10/5.7 | reward(game/avg): 41040/18834 | 0.81 games/s | ETA: 1018s
[gpu0] [ 180/1000] samples:   8969 | chain(game/max/avg): 6/10/5.7 | reward(game/avg): 20880/18846 | 0.81 games/s | ETA: 1011s
[gpu0] [ 181/1000] samples:   9019 | chain(game/max/avg): 7/10/5.7 | reward(game/avg): 35640/18939 | 0.82 games/s | ETA: 1005s
[gpu0] [ 182/1000] samples:   9069 | chain(game/max/avg): 6/10/5.7 | reward(game/avg): 27250/18984 | 0.82 games/s | ETA: 998s
[gpu0] [ 183/1000] samples:   9119 | chain(game/max/avg): 7/10/5.7 | reward(game/avg): 20400/18992 | 0.82 games/s | ETA: 992s
[gpu0] [ 184/1000] samples:   9169 | chain(game/max/avg): 6/10/5.7 | reward(game/avg): 17070/18981 | 0.83 games/s | ETA: 985s
[gpu0] [ 185/1000] samples:   9219 | chain(game/max/avg): 6/10/5.7 | reward(game/avg): 28740/19034 | 0.83 games/s | ETA: 979s
[gpu0] [ 186/1000] samples:   9269 | chain(game/max/avg): 6/10/5.7 | reward(game/avg): 18570/19032 | 0.84 games/s | ETA: 973s
[gpu0] [ 187/1000] samples:   9319 | chain(game/max/avg): 5/10/5.7 | reward(game/avg): 13580/19003 | 0.84 games/s | ETA: 966s
[gpu0] [ 188/1000] samples:   9369 | chain(game/max/avg): 7/10/5.7 | reward(game/avg): 33060/19077 | 0.85 games/s | ETA: 960s
[gpu0] [ 189/1000] samples:   9419 | chain(game/max/avg): 7/10/5.7 | reward(game/avg): 32040/19146 | 0.85 games/s | ETA: 954s
[gpu0] [ 190/1000] samples:   9469 | chain(game/max/avg): 6/10/5.7 | reward(game/avg): 22580/19164 | 0.85 games/s | ETA: 948s
[gpu0] [ 191/1000] samples:   9519 | chain(game/max/avg): 6/10/5.7 | reward(game/avg): 30520/19223 | 0.86 games/s | ETA: 942s
[gpu0] [ 192/1000] samples:   9569 | chain(game/max/avg): 7/10/5.7 | reward(game/avg): 30220/19281 | 0.86 games/s | ETA: 936s
[gpu0] [ 193/1000] samples:   9619 | chain(game/max/avg): 6/10/5.7 | reward(game/avg): 13760/19252 | 0.87 games/s | ETA: 930s
[gpu0] [ 194/1000] samples:   9669 | chain(game/max/avg): 7/10/5.7 | reward(game/avg): 24830/19281 | 0.87 games/s | ETA: 924s
[gpu0] [ 195/1000] samples:   9719 | chain(game/max/avg): 6/10/5.7 | reward(game/avg): 17070/19270 | 0.88 games/s | ETA: 918s
[gpu0] [ 196/1000] samples:   9769 | chain(game/max/avg): 6/10/5.7 | reward(game/avg): 16910/19258 | 0.88 games/s | ETA: 912s
[gpu0] [ 197/1000] samples:   9819 | chain(game/max/avg): 5/10/5.7 | reward(game/avg): 16930/19246 | 0.89 games/s | ETA: 907s
[gpu0] [ 198/1000] samples:   9869 | chain(game/max/avg): 5/10/5.7 | reward(game/avg): 18670/19243 | 0.89 games/s | ETA: 901s
[gpu0] [ 199/1000] samples:   9919 | chain(game/max/avg): 5/10/5.7 | reward(game/avg): 14520/19219 | 0.89 games/s | ETA: 895s
[gpu0] [ 200/1000] samples:   9969 | chain(game/max/avg): 6/10/5.7 | reward(game/avg): 28180/19264 | 0.90 games/s | ETA: 890s
[gpu0] [ 201/1000] samples:  10019 | chain(game/max/avg): 6/10/5.7 | reward(game/avg): 20040/19268 | 0.90 games/s | ETA: 884s
[gpu0] [ 202/1000] samples:  10069 | chain(game/max/avg): 5/10/5.7 | reward(game/avg): 11620/19230 | 0.91 games/s | ETA: 879s
[gpu0] [ 203/1000] samples:  10119 | chain(game/max/avg): 8/10/5.7 | reward(game/avg): 42130/19343 | 0.91 games/s | ETA: 874s
[gpu0] [ 204/1000] samples:  10169 | chain(game/max/avg): 5/10/5.7 | reward(game/avg): 19610/19344 | 0.92 games/s | ETA: 868s
[gpu0] [ 205/1000] samples:  10219 | chain(game/max/avg): 5/10/5.7 | reward(game/avg): 25370/19373 | 0.92 games/s | ETA: 863s
[gpu0] [ 206/1000] samples:  10269 | chain(game/max/avg): 6/10/5.7 | reward(game/avg): 23410/19393 | 0.93 games/s | ETA: 858s
[gpu0] [ 207/1000] samples:  10319 | chain(game/max/avg): 6/10/5.7 | reward(game/avg): 14080/19367 | 0.93 games/s | ETA: 853s
[gpu0] [ 208/1000] samples:  10369 | chain(game/max/avg): 5/10/5.7 | reward(game/avg): 19330/19367 | 0.93 games/s | ETA: 848s
[gpu0] [ 209/1000] samples:  10419 | chain(game/max/avg): 6/10/5.7 | reward(game/avg): 17690/19359 | 0.94 games/s | ETA: 843s
[gpu0] [ 210/1000] samples:  10469 | chain(game/max/avg): 4/10/5.7 | reward(game/avg): 15790/19342 | 0.94 games/s | ETA: 838s
[gpu0] [ 211/1000] samples:  10519 | chain(game/max/avg): 6/10/5.7 | reward(game/avg): 22820/19359 | 0.95 games/s | ETA: 833s
[gpu0] [ 212/1000] samples:  10569 | chain(game/max/avg): 6/10/5.7 | reward(game/avg): 20160/19362 | 0.95 games/s | ETA: 828s
[gpu0] [ 213/1000] samples:  10619 | chain(game/max/avg): 5/10/5.7 | reward(game/avg): 16830/19350 | 0.96 games/s | ETA: 823s
[gpu0] [ 214/1000] samples:  10669 | chain(game/max/avg): 5/10/5.7 | reward(game/avg): 17200/19340 | 0.96 games/s | ETA: 818s
[gpu0] [ 215/1000] samples:  10719 | chain(game/max/avg): 6/10/5.7 | reward(game/avg): 29620/19388 | 0.97 games/s | ETA: 813s
[gpu0] [ 216/1000] samples:  10769 | chain(game/max/avg): 6/10/5.7 | reward(game/avg): 32690/19450 | 0.97 games/s | ETA: 808s
[gpu0] [ 217/1000] samples:  10819 | chain(game/max/avg): 5/10/5.7 | reward(game/avg): 16390/19436 | 0.97 games/s | ETA: 804s
[gpu0] [ 218/1000] samples:  10869 | chain(game/max/avg): 7/10/5.7 | reward(game/avg): 38960/19525 | 0.98 games/s | ETA: 799s
[gpu0] [ 219/1000] samples:  10919 | chain(game/max/avg): 7/10/5.7 | reward(game/avg): 29200/19569 | 0.98 games/s | ETA: 794s
[gpu0] [ 220/1000] samples:  10969 | chain(game/max/avg): 6/10/5.7 | reward(game/avg): 15040/19549 | 0.99 games/s | ETA: 790s
[gpu0] [ 221/1000] samples:  11019 | chain(game/max/avg): 5/10/5.7 | reward(game/avg): 13560/19522 | 0.99 games/s | ETA: 785s
[gpu0] [ 222/1000] samples:  11069 | chain(game/max/avg): 6/10/5.7 | reward(game/avg): 22580/19536 | 1.00 games/s | ETA: 781s
[gpu0] [ 223/1000] samples:  11119 | chain(game/max/avg): 5/10/5.7 | reward(game/avg): 15080/19516 | 1.00 games/s | ETA: 776s
[gpu0] [ 224/1000] samples:  11169 | chain(game/max/avg): 7/10/5.7 | reward(game/avg): 33060/19576 | 1.01 games/s | ETA: 772s
[gpu0] [ 225/1000] samples:  11219 | chain(game/max/avg): 8/10/5.7 | reward(game/avg): 40420/19669 | 1.01 games/s | ETA: 768s
[gpu0] [ 226/1000] samples:  11269 | chain(game/max/avg): 6/10/5.7 | reward(game/avg): 30570/19717 | 1.01 games/s | ETA: 763s
[gpu0] [ 227/1000] samples:  11319 | chain(game/max/avg): 8/10/5.7 | reward(game/avg): 37260/19794 | 1.02 games/s | ETA: 759s
[gpu0] [ 228/1000] samples:  11369 | chain(game/max/avg): 5/10/5.7 | reward(game/avg): 9800/19750 | 1.02 games/s | ETA: 755s
[gpu0] [ 229/1000] samples:  11419 | chain(game/max/avg): 6/10/5.7 | reward(game/avg): 22380/19762 | 1.03 games/s | ETA: 751s
[gpu0] [ 230/1000] samples:  11469 | chain(game/max/avg): 6/10/5.7 | reward(game/avg): 24040/19780 | 1.03 games/s | ETA: 747s
[gpu0] [ 231/1000] samples:  11519 | chain(game/max/avg): 5/10/5.7 | reward(game/avg): 16100/19765 | 1.04 games/s | ETA: 742s
[gpu0] [ 232/1000] samples:  11569 | chain(game/max/avg): 4/10/5.7 | reward(game/avg): 9440/19720 | 1.04 games/s | ETA: 738s
[gpu0] [ 233/1000] samples:  11619 | chain(game/max/avg): 6/10/5.7 | reward(game/avg): 17830/19712 | 1.04 games/s | ETA: 734s
[gpu0] [ 234/1000] samples:  11669 | chain(game/max/avg): 7/10/5.7 | reward(game/avg): 25510/19737 | 1.05 games/s | ETA: 730s
[gpu0] [ 235/1000] samples:  11719 | chain(game/max/avg): 5/10/5.7 | reward(game/avg): 21270/19743 | 1.05 games/s | ETA: 726s
[gpu0] [ 236/1000] samples:  11769 | chain(game/max/avg): 6/10/5.7 | reward(game/avg): 19610/19743 | 1.06 games/s | ETA: 722s
[gpu0] [ 237/1000] samples:  11819 | chain(game/max/avg): 5/10/5.7 | reward(game/avg): 17570/19733 | 1.06 games/s | ETA: 719s
[gpu0] [ 238/1000] samples:  11869 | chain(game/max/avg): 8/10/5.7 | reward(game/avg): 36790/19805 | 1.07 games/s | ETA: 715s
[gpu0] [ 239/1000] samples:  11919 | chain(game/max/avg): 6/10/5.7 | reward(game/avg): 15260/19786 | 1.07 games/s | ETA: 711s
[gpu0] [ 240/1000] samples:  11969 | chain(game/max/avg): 6/10/5.7 | reward(game/avg): 21420/19793 | 1.08 games/s | ETA: 707s
[gpu0] [ 241/1000] samples:  12019 | chain(game/max/avg): 5/10/5.7 | reward(game/avg): 13590/19767 | 1.08 games/s | ETA: 703s
[gpu0] [ 242/1000] samples:  12069 | chain(game/max/avg): 6/10/5.7 | reward(game/avg): 22400/19778 | 1.08 games/s | ETA: 699s
[gpu0] [ 243/1000] samples:  12119 | chain(game/max/avg): 9/10/5.7 | reward(game/avg): 39740/19860 | 1.09 games/s | ETA: 696s
[gpu0] [ 244/1000] samples:  12169 | chain(game/max/avg): 6/10/5.8 | reward(game/avg): 19320/19858 | 1.09 games/s | ETA: 692s
[gpu0] [ 245/1000] samples:  12219 | chain(game/max/avg): 6/10/5.8 | reward(game/avg): 31900/19907 | 1.10 games/s | ETA: 688s
[gpu0] [ 246/1000] samples:  12269 | chain(game/max/avg): 4/10/5.7 | reward(game/avg): 10180/19868 | 1.10 games/s | ETA: 685s
[gpu0] [ 247/1000] samples:  12319 | chain(game/max/avg): 5/10/5.7 | reward(game/avg): 14110/19844 | 1.11 games/s | ETA: 681s
[gpu0] [ 248/1000] samples:  12369 | chain(game/max/avg): 7/10/5.7 | reward(game/avg): 31850/19893 | 1.11 games/s | ETA: 677s
[gpu0] [ 249/1000] samples:  12419 | chain(game/max/avg): 6/10/5.7 | reward(game/avg): 18880/19889 | 1.11 games/s | ETA: 674s
[gpu0] [ 250/1000] samples:  12469 | chain(game/max/avg): 5/10/5.7 | reward(game/avg): 15590/19871 | 1.12 games/s | ETA: 670s
[gpu0] [ 251/1000] samples:  12519 | chain(game/max/avg): 6/10/5.7 | reward(game/avg): 20930/19876 | 1.12 games/s | ETA: 667s
[gpu0] [ 252/1000] samples:  12569 | chain(game/max/avg): 6/10/5.7 | reward(game/avg): 30850/19919 | 1.13 games/s | ETA: 663s
[gpu0] [ 253/1000] samples:  12619 | chain(game/max/avg): 6/10/5.7 | reward(game/avg): 21280/19925 | 1.13 games/s | ETA: 660s
[gpu0] [ 254/1000] samples:  12669 | chain(game/max/avg): 8/10/5.8 | reward(game/avg): 42070/20012 | 1.14 games/s | ETA: 656s
[gpu0] [ 255/1000] samples:  12719 | chain(game/max/avg): 7/10/5.8 | reward(game/avg): 31580/20057 | 1.14 games/s | ETA: 653s
[gpu0] [ 256/1000] samples:  12769 | chain(game/max/avg): 8/10/5.8 | reward(game/avg): 40700/20138 | 1.15 games/s | ETA: 649s
[gpu0] [ 257/1000] samples:  12819 | chain(game/max/avg): 7/10/5.8 | reward(game/avg): 30040/20176 | 1.15 games/s | ETA: 646s
[gpu0] [ 258/1000] samples:  12869 | chain(game/max/avg): 5/10/5.8 | reward(game/avg): 20740/20178 | 1.15 games/s | ETA: 643s
[gpu0] [ 259/1000] samples:  12919 | chain(game/max/avg): 6/10/5.8 | reward(game/avg): 26320/20202 | 1.16 games/s | ETA: 639s
[gpu0] [ 260/1000] samples:  12969 | chain(game/max/avg): 6/10/5.8 | reward(game/avg): 24310/20218 | 1.16 games/s | ETA: 636s
[gpu0] [ 261/1000] samples:  13019 | chain(game/max/avg): 7/10/5.8 | reward(game/avg): 35840/20278 | 1.17 games/s | ETA: 633s
[gpu0] [ 262/1000] samples:  13069 | chain(game/max/avg): 5/10/5.8 | reward(game/avg): 22730/20287 | 1.17 games/s | ETA: 630s
[gpu0] [ 263/1000] samples:  13119 | chain(game/max/avg): 6/10/5.8 | reward(game/avg): 26400/20310 | 1.18 games/s | ETA: 626s
[gpu0] [ 264/1000] samples:  13169 | chain(game/max/avg): 6/10/5.8 | reward(game/avg): 17420/20300 | 1.18 games/s | ETA: 623s
[gpu0] [ 265/1000] samples:  13219 | chain(game/max/avg): 6/10/5.8 | reward(game/avg): 24770/20316 | 1.19 games/s | ETA: 620s
[gpu0] [ 266/1000] samples:  13269 | chain(game/max/avg): 6/10/5.8 | reward(game/avg): 23880/20330 | 1.19 games/s | ETA: 617s
[gpu0] [ 267/1000] samples:  13319 | chain(game/max/avg): 5/10/5.8 | reward(game/avg): 16540/20316 | 1.19 games/s | ETA: 614s
[gpu0] [ 268/1000] samples:  13369 | chain(game/max/avg): 6/10/5.8 | reward(game/avg): 22300/20323 | 1.20 games/s | ETA: 611s
[gpu0] [ 269/1000] samples:  13419 | chain(game/max/avg): 5/10/5.8 | reward(game/avg): 20820/20325 | 1.20 games/s | ETA: 607s
[gpu0] [ 270/1000] samples:  13469 | chain(game/max/avg): 7/10/5.8 | reward(game/avg): 33620/20374 | 1.21 games/s | ETA: 604s
[gpu0] [ 271/1000] samples:  13519 | chain(game/max/avg): 6/10/5.8 | reward(game/avg): 29830/20409 | 1.21 games/s | ETA: 601s
[gpu0] [ 272/1000] samples:  13569 | chain(game/max/avg): 5/10/5.8 | reward(game/avg): 16070/20393 | 1.22 games/s | ETA: 598s
[gpu0] [ 273/1000] samples:  13619 | chain(game/max/avg): 6/10/5.8 | reward(game/avg): 18540/20386 | 1.22 games/s | ETA: 595s
[gpu0] [ 274/1000] samples:  13669 | chain(game/max/avg): 6/10/5.8 | reward(game/avg): 24940/20403 | 1.23 games/s | ETA: 592s
[gpu0] [ 275/1000] samples:  13719 | chain(game/max/avg): 7/10/5.8 | reward(game/avg): 19750/20400 | 1.23 games/s | ETA: 590s
[gpu0] [ 276/1000] samples:  13769 | chain(game/max/avg): 6/10/5.8 | reward(game/avg): 30960/20439 | 1.23 games/s | ETA: 587s
[gpu0] [ 277/1000] samples:  13819 | chain(game/max/avg): 6/10/5.8 | reward(game/avg): 28540/20468 | 1.24 games/s | ETA: 584s
[gpu0] [ 278/1000] samples:  13869 | chain(game/max/avg): 7/10/5.8 | reward(game/avg): 28700/20498 | 1.24 games/s | ETA: 581s
[gpu0] [ 279/1000] samples:  13919 | chain(game/max/avg): 5/10/5.8 | reward(game/avg): 16890/20485 | 1.25 games/s | ETA: 578s
[gpu0] [ 280/1000] samples:  13969 | chain(game/max/avg): 6/10/5.8 | reward(game/avg): 21960/20490 | 1.25 games/s | ETA: 575s
[gpu0] [ 281/1000] samples:  14019 | chain(game/max/avg): 7/10/5.8 | reward(game/avg): 32160/20531 | 1.26 games/s | ETA: 572s
[gpu0] [ 282/1000] samples:  14069 | chain(game/max/avg): 6/10/5.8 | reward(game/avg): 21760/20536 | 1.26 games/s | ETA: 569s
[gpu0] [ 283/1000] samples:  14119 | chain(game/max/avg): 8/10/5.8 | reward(game/avg): 36470/20592 | 1.27 games/s | ETA: 567s
[gpu0] [ 284/1000] samples:  14169 | chain(game/max/avg): 6/10/5.8 | reward(game/avg): 23400/20602 | 1.27 games/s | ETA: 564s
[gpu0] [ 285/1000] samples:  14219 | chain(game/max/avg): 5/10/5.8 | reward(game/avg): 19290/20597 | 1.27 games/s | ETA: 561s
[gpu0] [ 286/1000] samples:  14269 | chain(game/max/avg): 7/10/5.8 | reward(game/avg): 32520/20639 | 1.28 games/s | ETA: 559s
[gpu0] [ 287/1000] samples:  14319 | chain(game/max/avg): 6/10/5.8 | reward(game/avg): 26870/20661 | 1.28 games/s | ETA: 556s
[gpu0] [ 288/1000] samples:  14369 | chain(game/max/avg): 5/10/5.8 | reward(game/avg): 15210/20642 | 1.29 games/s | ETA: 553s
[gpu0] [ 289/1000] samples:  14419 | chain(game/max/avg): 6/10/5.8 | reward(game/avg): 22060/20647 | 1.29 games/s | ETA: 551s
[gpu0] [ 290/1000] samples:  14469 | chain(game/max/avg): 6/10/5.8 | reward(game/avg): 23820/20658 | 1.30 games/s | ETA: 548s
[gpu0] [ 291/1000] samples:  14519 | chain(game/max/avg): 7/10/5.8 | reward(game/avg): 37990/20717 | 1.30 games/s | ETA: 545s
[gpu0] [ 292/1000] samples:  14569 | chain(game/max/avg): 6/10/5.8 | reward(game/avg): 26690/20738 | 1.30 games/s | ETA: 543s
[gpu0] [ 293/1000] samples:  14619 | chain(game/max/avg): 7/10/5.8 | reward(game/avg): 31850/20776 | 1.31 games/s | ETA: 540s
[gpu0] [ 294/1000] samples:  14669 | chain(game/max/avg): 6/10/5.8 | reward(game/avg): 25640/20792 | 1.31 games/s | ETA: 538s
[gpu0] [ 295/1000] samples:  14719 | chain(game/max/avg): 5/10/5.8 | reward(game/avg): 17550/20781 | 1.32 games/s | ETA: 535s
[gpu0] [ 296/1000] samples:  14769 | chain(game/max/avg): 5/10/5.8 | reward(game/avg): 15500/20763 | 1.32 games/s | ETA: 533s
[gpu0] [ 297/1000] samples:  14819 | chain(game/max/avg): 6/10/5.8 | reward(game/avg): 29260/20792 | 1.33 games/s | ETA: 530s
[gpu0] [ 298/1000] samples:  14869 | chain(game/max/avg): 6/10/5.8 | reward(game/avg): 22940/20799 | 1.33 games/s | ETA: 528s
[gpu0] [ 299/1000] samples:  14919 | chain(game/max/avg): 5/10/5.8 | reward(game/avg): 13920/20776 | 1.34 games/s | ETA: 525s
[gpu0] [ 300/1000] samples:  14969 | chain(game/max/avg): 5/10/5.8 | reward(game/avg): 14960/20757 | 1.34 games/s | ETA: 523s
[gpu0] [ 301/1000] samples:  15019 | chain(game/max/avg): 5/10/5.8 | reward(game/avg): 14470/20736 | 1.34 games/s | ETA: 520s
[gpu0] [ 302/1000] samples:  15069 | chain(game/max/avg): 6/10/5.8 | reward(game/avg): 22480/20742 | 1.35 games/s | ETA: 518s
[gpu0] [ 303/1000] samples:  15119 | chain(game/max/avg): 6/10/5.8 | reward(game/avg): 24160/20753 | 1.35 games/s | ETA: 515s
[gpu0] [ 304/1000] samples:  15169 | chain(game/max/avg): 6/10/5.8 | reward(game/avg): 26890/20773 | 1.36 games/s | ETA: 513s
[gpu0] [ 305/1000] samples:  15219 | chain(game/max/avg): 5/10/5.8 | reward(game/avg): 19260/20768 | 1.36 games/s | ETA: 510s
[gpu0] [ 306/1000] samples:  15269 | chain(game/max/avg): 8/10/5.8 | reward(game/avg): 40600/20833 | 1.37 games/s | ETA: 508s
[gpu0] [ 307/1000] samples:  15319 | chain(game/max/avg): 6/10/5.8 | reward(game/avg): 23410/20841 | 1.37 games/s | ETA: 506s
[gpu0] [ 308/1000] samples:  15369 | chain(game/max/avg): 5/10/5.8 | reward(game/avg): 19470/20837 | 1.37 games/s | ETA: 503s
[gpu0] [ 309/1000] samples:  15419 | chain(game/max/avg): 6/10/5.8 | reward(game/avg): 25480/20852 | 1.38 games/s | ETA: 501s
[gpu0] [ 310/1000] samples:  15469 | chain(game/max/avg): 4/10/5.8 | reward(game/avg): 14440/20831 | 1.38 games/s | ETA: 499s
[gpu0] [ 311/1000] samples:  15519 | chain(game/max/avg): 6/10/5.8 | reward(game/avg): 24330/20843 | 1.39 games/s | ETA: 497s
[gpu0] [ 312/1000] samples:  15569 | chain(game/max/avg): 6/10/5.8 | reward(game/avg): 29850/20871 | 1.39 games/s | ETA: 494s
[gpu0] [ 313/1000] samples:  15619 | chain(game/max/avg): 7/10/5.8 | reward(game/avg): 27660/20893 | 1.40 games/s | ETA: 492s
[gpu0] [ 314/1000] samples:  15669 | chain(game/max/avg): 6/10/5.8 | reward(game/avg): 21780/20896 | 1.40 games/s | ETA: 490s
[gpu0] [ 315/1000] samples:  15719 | chain(game/max/avg): 5/10/5.8 | reward(game/avg): 17640/20886 | 1.41 games/s | ETA: 487s
[gpu0] [ 316/1000] samples:  15769 | chain(game/max/avg): 7/10/5.8 | reward(game/avg): 27480/20906 | 1.41 games/s | ETA: 485s
[gpu0] [ 317/1000] samples:  15819 | chain(game/max/avg): 6/10/5.8 | reward(game/avg): 22960/20913 | 1.41 games/s | ETA: 483s
[gpu0] [ 318/1000] samples:  15869 | chain(game/max/avg): 7/10/5.8 | reward(game/avg): 31460/20946 | 1.42 games/s | ETA: 481s
[gpu0] [ 319/1000] samples:  15919 | chain(game/max/avg): 5/10/5.8 | reward(game/avg): 11640/20917 | 1.42 games/s | ETA: 479s
[gpu0] [ 320/1000] samples:  15969 | chain(game/max/avg): 5/10/5.8 | reward(game/avg): 18420/20909 | 1.43 games/s | ETA: 477s
[gpu0] [ 321/1000] samples:  16019 | chain(game/max/avg): 5/10/5.8 | reward(game/avg): 18900/20903 | 1.43 games/s | ETA: 474s
[gpu0] [ 322/1000] samples:  16069 | chain(game/max/avg): 5/10/5.8 | reward(game/avg): 12380/20876 | 1.44 games/s | ETA: 472s
[gpu0] [ 323/1000] samples:  16119 | chain(game/max/avg): 6/10/5.8 | reward(game/avg): 21660/20879 | 1.44 games/s | ETA: 470s
[gpu0] [ 324/1000] samples:  16169 | chain(game/max/avg): 7/10/5.8 | reward(game/avg): 26400/20896 | 1.44 games/s | ETA: 468s
[gpu0] [ 325/1000] samples:  16219 | chain(game/max/avg): 6/10/5.8 | reward(game/avg): 29980/20924 | 1.45 games/s | ETA: 466s
[gpu0] [ 326/1000] samples:  16269 | chain(game/max/avg): 5/10/5.8 | reward(game/avg): 13110/20900 | 1.45 games/s | ETA: 464s
[gpu0] [ 327/1000] samples:  16319 | chain(game/max/avg): 6/10/5.8 | reward(game/avg): 30670/20930 | 1.46 games/s | ETA: 462s
[gpu0] [ 328/1000] samples:  16369 | chain(game/max/avg): 5/10/5.8 | reward(game/avg): 15150/20912 | 1.46 games/s | ETA: 460s
[gpu0] [ 329/1000] samples:  16419 | chain(game/max/avg): 5/10/5.8 | reward(game/avg): 13170/20889 | 1.47 games/s | ETA: 458s
[gpu0] [ 330/1000] samples:  16469 | chain(game/max/avg): 5/10/5.8 | reward(game/avg): 19670/20885 | 1.47 games/s | ETA: 456s
[gpu0] [ 331/1000] samples:  16519 | chain(game/max/avg): 6/10/5.8 | reward(game/avg): 19200/20880 | 1.48 games/s | ETA: 453s
[gpu0] [ 332/1000] samples:  16569 | chain(game/max/avg): 6/10/5.8 | reward(game/avg): 19550/20876 | 1.48 games/s | ETA: 451s
[gpu0] [ 333/1000] samples:  16619 | chain(game/max/avg): 5/10/5.8 | reward(game/avg): 19200/20871 | 1.48 games/s | ETA: 449s
[gpu0] [ 334/1000] samples:  16669 | chain(game/max/avg): 8/10/5.8 | reward(game/avg): 31560/20903 | 1.49 games/s | ETA: 447s
[gpu0] [ 335/1000] samples:  16719 | chain(game/max/avg): 6/10/5.8 | reward(game/avg): 20860/20903 | 1.49 games/s | ETA: 445s
[gpu0] [ 336/1000] samples:  16769 | chain(game/max/avg): 7/10/5.8 | reward(game/avg): 35020/20945 | 1.50 games/s | ETA: 444s
[gpu0] [ 337/1000] samples:  16819 | chain(game/max/avg): 5/10/5.8 | reward(game/avg): 15820/20929 | 1.50 games/s | ETA: 442s
[gpu0] [ 338/1000] samples:  16869 | chain(game/max/avg): 7/10/5.8 | reward(game/avg): 27180/20948 | 1.51 games/s | ETA: 440s
[gpu0] [ 339/1000] samples:  16919 | chain(game/max/avg): 6/10/5.8 | reward(game/avg): 24330/20958 | 1.51 games/s | ETA: 438s
[gpu0] [ 340/1000] samples:  16969 | chain(game/max/avg): 6/10/5.8 | reward(game/avg): 20860/20958 | 1.51 games/s | ETA: 436s
[gpu0] [ 341/1000] samples:  17019 | chain(game/max/avg): 6/10/5.8 | reward(game/avg): 18920/20952 | 1.52 games/s | ETA: 434s
[gpu0] [ 342/1000] samples:  17069 | chain(game/max/avg): 5/10/5.8 | reward(game/avg): 21960/20955 | 1.52 games/s | ETA: 432s
[gpu0] [ 343/1000] samples:  17119 | chain(game/max/avg): 6/10/5.8 | reward(game/avg): 23580/20962 | 1.53 games/s | ETA: 430s
[gpu0] [ 344/1000] samples:  17169 | chain(game/max/avg): 6/10/5.8 | reward(game/avg): 22980/20968 | 1.53 games/s | ETA: 428s
[gpu0] [ 345/1000] samples:  17219 | chain(game/max/avg): 6/10/5.8 | reward(game/avg): 26560/20984 | 1.54 games/s | ETA: 426s
[gpu0] [ 346/1000] samples:  17269 | chain(game/max/avg): 7/10/5.8 | reward(game/avg): 31600/21015 | 1.54 games/s | ETA: 424s
[gpu0] [ 347/1000] samples:  17319 | chain(game/max/avg): 7/10/5.8 | reward(game/avg): 31340/21045 | 1.55 games/s | ETA: 423s
[gpu0] [ 348/1000] samples:  17369 | chain(game/max/avg): 6/10/5.8 | reward(game/avg): 24600/21055 | 1.55 games/s | ETA: 421s
[gpu0] [ 349/1000] samples:  17419 | chain(game/max/avg): 5/10/5.8 | reward(game/avg): 16770/21043 | 1.55 games/s | ETA: 419s
[gpu0] [ 350/1000] samples:  17469 | chain(game/max/avg): 7/10/5.8 | reward(game/avg): 31300/21072 | 1.56 games/s | ETA: 417s
[gpu0] [ 351/1000] samples:  17519 | chain(game/max/avg): 8/10/5.8 | reward(game/avg): 32240/21104 | 1.56 games/s | ETA: 415s
[gpu0] [ 352/1000] samples:  17569 | chain(game/max/avg): 6/10/5.8 | reward(game/avg): 17180/21093 | 1.57 games/s | ETA: 413s
[gpu0] [ 353/1000] samples:  17619 | chain(game/max/avg): 6/10/5.8 | reward(game/avg): 20000/21090 | 1.57 games/s | ETA: 412s
[gpu0] [ 354/1000] samples:  17669 | chain(game/max/avg): 6/10/5.8 | reward(game/avg): 23220/21096 | 1.58 games/s | ETA: 410s
[gpu0] [ 355/1000] samples:  17719 | chain(game/max/avg): 6/10/5.8 | reward(game/avg): 30230/21121 | 1.58 games/s | ETA: 408s
[gpu0] [ 356/1000] samples:  17769 | chain(game/max/avg): 5/10/5.8 | reward(game/avg): 16700/21109 | 1.59 games/s | ETA: 406s
[gpu0] [ 357/1000] samples:  17819 | chain(game/max/avg): 7/10/5.8 | reward(game/avg): 27150/21126 | 1.59 games/s | ETA: 405s
[gpu0] [ 358/1000] samples:  17869 | chain(game/max/avg): 6/10/5.8 | reward(game/avg): 24830/21136 | 1.59 games/s | ETA: 403s
[gpu0] [ 359/1000] samples:  17919 | chain(game/max/avg): 6/10/5.8 | reward(game/avg): 21750/21138 | 1.60 games/s | ETA: 401s
[gpu0] [ 360/1000] samples:  17969 | chain(game/max/avg): 5/10/5.8 | reward(game/avg): 16740/21126 | 1.60 games/s | ETA: 399s
[gpu0] [ 361/1000] samples:  18019 | chain(game/max/avg): 5/10/5.8 | reward(game/avg): 20590/21124 | 1.61 games/s | ETA: 398s
[gpu0] [ 362/1000] samples:  18069 | chain(game/max/avg): 7/10/5.8 | reward(game/avg): 25100/21135 | 1.61 games/s | ETA: 396s
[gpu0] [ 363/1000] samples:  18119 | chain(game/max/avg): 5/10/5.8 | reward(game/avg): 15240/21119 | 1.62 games/s | ETA: 394s
[gpu0] [ 364/1000] samples:  18169 | chain(game/max/avg): 5/10/5.8 | reward(game/avg): 21220/21119 | 1.62 games/s | ETA: 393s
[gpu0] [ 365/1000] samples:  18219 | chain(game/max/avg): 5/10/5.8 | reward(game/avg): 24000/21127 | 1.62 games/s | ETA: 391s
[gpu0] [ 366/1000] samples:  18269 | chain(game/max/avg): 5/10/5.8 | reward(game/avg): 13760/21107 | 1.63 games/s | ETA: 389s
[gpu0] [ 367/1000] samples:  18319 | chain(game/max/avg): 6/10/5.8 | reward(game/avg): 19320/21102 | 1.63 games/s | ETA: 388s
[gpu0] [ 368/1000] samples:  18369 | chain(game/max/avg): 5/10/5.8 | reward(game/avg): 13400/21081 | 1.64 games/s | ETA: 386s
[gpu0] [ 369/1000] samples:  18419 | chain(game/max/avg): 5/10/5.8 | reward(game/avg): 17660/21072 | 1.64 games/s | ETA: 384s
[gpu0] [ 370/1000] samples:  18469 | chain(game/max/avg): 7/10/5.8 | reward(game/avg): 27460/21089 | 1.65 games/s | ETA: 383s
[gpu0] [ 371/1000] samples:  18519 | chain(game/max/avg): 5/10/5.8 | reward(game/avg): 14070/21070 | 1.65 games/s | ETA: 381s
[gpu0] [ 372/1000] samples:  18569 | chain(game/max/avg): 7/10/5.8 | reward(game/avg): 28600/21090 | 1.66 games/s | ETA: 379s
[gpu0] [ 373/1000] samples:  18619 | chain(game/max/avg): 5/10/5.8 | reward(game/avg): 16160/21077 | 1.66 games/s | ETA: 378s
[gpu0] [ 374/1000] samples:  18669 | chain(game/max/avg): 5/10/5.8 | reward(game/avg): 17990/21069 | 1.66 games/s | ETA: 376s
[gpu0] [ 375/1000] samples:  18719 | chain(game/max/avg): 6/10/5.8 | reward(game/avg): 24800/21079 | 1.67 games/s | ETA: 375s
[gpu0] [ 376/1000] samples:  18769 | chain(game/max/avg): 5/10/5.8 | reward(game/avg): 17200/21069 | 1.67 games/s | ETA: 373s
[gpu0] [ 377/1000] samples:  18819 | chain(game/max/avg): 5/10/5.8 | reward(game/avg): 17460/21059 | 1.68 games/s | ETA: 371s
[gpu0] [ 378/1000] samples:  18869 | chain(game/max/avg): 5/10/5.8 | reward(game/avg): 22510/21063 | 1.68 games/s | ETA: 370s
[gpu0] [ 379/1000] samples:  18919 | chain(game/max/avg): 6/10/5.8 | reward(game/avg): 18780/21057 | 1.69 games/s | ETA: 368s
[gpu0] [ 380/1000] samples:  18969 | chain(game/max/avg): 6/10/5.8 | reward(game/avg): 21610/21058 | 1.69 games/s | ETA: 367s
[gpu0] [ 381/1000] samples:  19019 | chain(game/max/avg): 7/10/5.8 | reward(game/avg): 33410/21091 | 1.69 games/s | ETA: 365s
[gpu0] [ 382/1000] samples:  19069 | chain(game/max/avg): 7/10/5.8 | reward(game/avg): 31500/21118 | 1.70 games/s | ETA: 364s
[gpu0] [ 383/1000] samples:  19119 | chain(game/max/avg): 6/10/5.8 | reward(game/avg): 19440/21114 | 1.70 games/s | ETA: 362s
[gpu0] [ 384/1000] samples:  19169 | chain(game/max/avg): 6/10/5.8 | reward(game/avg): 17480/21104 | 1.71 games/s | ETA: 361s
[gpu0] [ 385/1000] samples:  19219 | chain(game/max/avg): 6/10/5.8 | reward(game/avg): 23060/21109 | 1.71 games/s | ETA: 359s
[gpu0] [ 386/1000] samples:  19269 | chain(game/max/avg): 6/10/5.8 | reward(game/avg): 27600/21126 | 1.72 games/s | ETA: 358s
[gpu0] [ 387/1000] samples:  19319 | chain(game/max/avg): 6/10/5.8 | reward(game/avg): 24910/21136 | 1.72 games/s | ETA: 356s
[gpu0] [ 388/1000] samples:  19369 | chain(game/max/avg): 6/10/5.8 | reward(game/avg): 26500/21150 | 1.73 games/s | ETA: 355s
[gpu0] [ 389/1000] samples:  19419 | chain(game/max/avg): 5/10/5.8 | reward(game/avg): 17200/21140 | 1.73 games/s | ETA: 353s
[gpu0] [ 390/1000] samples:  19469 | chain(game/max/avg): 5/10/5.8 | reward(game/avg): 20840/21139 | 1.73 games/s | ETA: 352s
[gpu0] [ 391/1000] samples:  19519 | chain(game/max/avg): 6/10/5.8 | reward(game/avg): 25500/21150 | 1.74 games/s | ETA: 350s
[gpu0] [ 392/1000] samples:  19569 | chain(game/max/avg): 8/10/5.8 | reward(game/avg): 47960/21218 | 1.74 games/s | ETA: 349s
[gpu0] [ 393/1000] samples:  19619 | chain(game/max/avg): 5/10/5.8 | reward(game/avg): 18300/21211 | 1.75 games/s | ETA: 347s
[gpu0] [ 394/1000] samples:  19669 | chain(game/max/avg): 5/10/5.8 | reward(game/avg): 18720/21205 | 1.75 games/s | ETA: 346s
[gpu0] [ 395/1000] samples:  19719 | chain(game/max/avg): 5/10/5.8 | reward(game/avg): 14220/21187 | 1.76 games/s | ETA: 345s
[gpu0] [ 396/1000] samples:  19769 | chain(game/max/avg): 6/10/5.8 | reward(game/avg): 20060/21184 | 1.76 games/s | ETA: 343s
[gpu0] [ 397/1000] samples:  19819 | chain(game/max/avg): 6/10/5.8 | reward(game/avg): 22880/21188 | 1.76 games/s | ETA: 342s
[gpu0] [ 398/1000] samples:  19869 | chain(game/max/avg): 7/10/5.8 | reward(game/avg): 27350/21204 | 1.77 games/s | ETA: 340s
[gpu0] [ 399/1000] samples:  19919 | chain(game/max/avg): 6/10/5.8 | reward(game/avg): 23660/21210 | 1.77 games/s | ETA: 339s
[gpu0] [ 400/1000] samples:  19969 | chain(game/max/avg): 6/10/5.8 | reward(game/avg): 25100/21220 | 1.78 games/s | ETA: 337s
[gpu0] [ 401/1000] samples:  20019 | chain(game/max/avg): 5/10/5.8 | reward(game/avg): 19790/21216 | 1.78 games/s | ETA: 336s
[gpu0] [ 402/1000] samples:  20069 | chain(game/max/avg): 5/10/5.8 | reward(game/avg): 18580/21210 | 1.79 games/s | ETA: 335s
[gpu0] [ 403/1000] samples:  20119 | chain(game/max/avg): 6/10/5.8 | reward(game/avg): 25900/21221 | 1.79 games/s | ETA: 333s
[gpu0] [ 404/1000] samples:  20169 | chain(game/max/avg): 7/10/5.8 | reward(game/avg): 29130/21241 | 1.80 games/s | ETA: 332s
[gpu0] [ 405/1000] samples:  20219 | chain(game/max/avg): 5/10/5.8 | reward(game/avg): 20460/21239 | 1.80 games/s | ETA: 331s
[gpu0] [ 406/1000] samples:  20269 | chain(game/max/avg): 6/10/5.8 | reward(game/avg): 20160/21236 | 1.80 games/s | ETA: 329s
[gpu0] [ 407/1000] samples:  20319 | chain(game/max/avg): 6/10/5.8 | reward(game/avg): 20900/21235 | 1.81 games/s | ETA: 328s
[gpu0] [ 408/1000] samples:  20369 | chain(game/max/avg): 6/10/5.8 | reward(game/avg): 26660/21249 | 1.81 games/s | ETA: 326s
[gpu0] [ 409/1000] samples:  20419 | chain(game/max/avg): 6/10/5.8 | reward(game/avg): 29620/21269 | 1.82 games/s | ETA: 325s
[gpu0] [ 410/1000] samples:  20469 | chain(game/max/avg): 7/10/5.8 | reward(game/avg): 28300/21286 | 1.82 games/s | ETA: 324s
[gpu0] [ 411/1000] samples:  20519 | chain(game/max/avg): 7/10/5.8 | reward(game/avg): 26560/21299 | 1.83 games/s | ETA: 322s
[gpu0] [ 412/1000] samples:  20569 | chain(game/max/avg): 6/10/5.8 | reward(game/avg): 21680/21300 | 1.83 games/s | ETA: 321s
[gpu0] [ 413/1000] samples:  20619 | chain(game/max/avg): 6/10/5.8 | reward(game/avg): 22180/21302 | 1.84 games/s | ETA: 320s
[gpu0] [ 414/1000] samples:  20669 | chain(game/max/avg): 5/10/5.8 | reward(game/avg): 13760/21284 | 1.84 games/s | ETA: 319s
[gpu0] [ 415/1000] samples:  20719 | chain(game/max/avg): 6/10/5.8 | reward(game/avg): 20960/21283 | 1.84 games/s | ETA: 317s
[gpu0] [ 416/1000] samples:  20769 | chain(game/max/avg): 6/10/5.8 | reward(game/avg): 26790/21296 | 1.85 games/s | ETA: 316s
[gpu0] [ 417/1000] samples:  20819 | chain(game/max/avg): 5/10/5.8 | reward(game/avg): 19090/21291 | 1.85 games/s | ETA: 315s
[gpu0] [ 418/1000] samples:  20869 | chain(game/max/avg): 5/10/5.8 | reward(game/avg): 19620/21287 | 1.86 games/s | ETA: 313s
[gpu0] [ 419/1000] samples:  20919 | chain(game/max/avg): 5/10/5.8 | reward(game/avg): 19240/21282 | 1.86 games/s | ETA: 312s
[gpu0] [ 420/1000] samples:  20969 | chain(game/max/avg): 5/10/5.8 | reward(game/avg): 21260/21282 | 1.87 games/s | ETA: 311s
[gpu0] [ 421/1000] samples:  21019 | chain(game/max/avg): 6/10/5.8 | reward(game/avg): 24900/21291 | 1.87 games/s | ETA: 310s
[gpu0] [ 422/1000] samples:  21069 | chain(game/max/avg): 5/10/5.8 | reward(game/avg): 18280/21284 | 1.87 games/s | ETA: 308s
[gpu0] [ 423/1000] samples:  21119 | chain(game/max/avg): 6/10/5.8 | reward(game/avg): 23710/21289 | 1.88 games/s | ETA: 307s
[gpu0] [ 424/1000] samples:  21169 | chain(game/max/avg): 5/10/5.8 | reward(game/avg): 16680/21278 | 1.88 games/s | ETA: 306s
[gpu0] [ 425/1000] samples:  21219 | chain(game/max/avg): 6/10/5.8 | reward(game/avg): 18200/21271 | 1.89 games/s | ETA: 305s
[gpu0] [ 426/1000] samples:  21269 | chain(game/max/avg): 5/10/5.8 | reward(game/avg): 15290/21257 | 1.89 games/s | ETA: 303s
[gpu0] [ 427/1000] samples:  21319 | chain(game/max/avg): 7/10/5.8 | reward(game/avg): 31220/21281 | 1.90 games/s | ETA: 302s
[gpu0] [ 428/1000] samples:  21369 | chain(game/max/avg): 6/10/5.8 | reward(game/avg): 28780/21298 | 1.90 games/s | ETA: 301s
[gpu0] [ 429/1000] samples:  21419 | chain(game/max/avg): 4/10/5.8 | reward(game/avg): 14160/21281 | 1.91 games/s | ETA: 300s
[gpu0] [ 430/1000] samples:  21469 | chain(game/max/avg): 6/10/5.8 | reward(game/avg): 18360/21275 | 1.91 games/s | ETA: 298s
[gpu0] [ 431/1000] samples:  21519 | chain(game/max/avg): 7/10/5.8 | reward(game/avg): 26360/21286 | 1.91 games/s | ETA: 297s
[gpu0] [ 432/1000] samples:  21569 | chain(game/max/avg): 6/10/5.8 | reward(game/avg): 17330/21277 | 1.92 games/s | ETA: 296s
[gpu0] [ 433/1000] samples:  21619 | chain(game/max/avg): 5/10/5.8 | reward(game/avg): 25220/21286 | 1.92 games/s | ETA: 295s
[gpu0] [ 434/1000] samples:  21669 | chain(game/max/avg): 6/10/5.8 | reward(game/avg): 27120/21300 | 1.93 games/s | ETA: 294s
[gpu0] [ 435/1000] samples:  21719 | chain(game/max/avg): 6/10/5.8 | reward(game/avg): 20760/21299 | 1.93 games/s | ETA: 292s
[gpu0] [ 436/1000] samples:  21769 | chain(game/max/avg): 7/10/5.8 | reward(game/avg): 25200/21308 | 1.94 games/s | ETA: 291s
[gpu0] [ 437/1000] samples:  21819 | chain(game/max/avg): 6/10/5.8 | reward(game/avg): 27120/21321 | 1.94 games/s | ETA: 290s
[gpu0] [ 438/1000] samples:  21869 | chain(game/max/avg): 6/10/5.8 | reward(game/avg): 20160/21318 | 1.94 games/s | ETA: 289s
[gpu0] [ 439/1000] samples:  21919 | chain(game/max/avg): 6/10/5.8 | reward(game/avg): 24310/21325 | 1.95 games/s | ETA: 288s
[gpu0] [ 440/1000] samples:  21969 | chain(game/max/avg): 6/10/5.8 | reward(game/avg): 15320/21311 | 1.95 games/s | ETA: 287s
[gpu0] [ 441/1000] samples:  22019 | chain(game/max/avg): 8/10/5.8 | reward(game/avg): 38400/21350 | 1.96 games/s | ETA: 286s
[gpu0] [ 442/1000] samples:  22069 | chain(game/max/avg): 5/10/5.8 | reward(game/avg): 21430/21350 | 1.96 games/s | ETA: 284s
[gpu0] [ 443/1000] samples:  22119 | chain(game/max/avg): 5/10/5.8 | reward(game/avg): 14500/21335 | 1.97 games/s | ETA: 283s
[gpu0] [ 444/1000] samples:  22169 | chain(game/max/avg): 5/10/5.8 | reward(game/avg): 14340/21319 | 1.97 games/s | ETA: 282s
[gpu0] [ 445/1000] samples:  22219 | chain(game/max/avg): 6/10/5.8 | reward(game/avg): 21000/21318 | 1.98 games/s | ETA: 281s
[gpu0] [ 446/1000] samples:  22269 | chain(game/max/avg): 5/10/5.8 | reward(game/avg): 18080/21311 | 1.98 games/s | ETA: 280s
[gpu0] [ 447/1000] samples:  22319 | chain(game/max/avg): 5/10/5.8 | reward(game/avg): 17240/21302 | 1.98 games/s | ETA: 279s
[gpu0] [ 448/1000] samples:  22369 | chain(game/max/avg): 6/10/5.8 | reward(game/avg): 22310/21304 | 1.99 games/s | ETA: 278s
[gpu0] [ 449/1000] samples:  22419 | chain(game/max/avg): 5/10/5.8 | reward(game/avg): 17100/21295 | 1.99 games/s | ETA: 276s
[gpu0] [ 450/1000] samples:  22469 | chain(game/max/avg): 6/10/5.8 | reward(game/avg): 25260/21304 | 2.00 games/s | ETA: 275s
[gpu0] [ 451/1000] samples:  22519 | chain(game/max/avg): 6/10/5.8 | reward(game/avg): 21580/21304 | 2.00 games/s | ETA: 274s
[gpu0] [ 452/1000] samples:  22569 | chain(game/max/avg): 6/10/5.8 | reward(game/avg): 17050/21295 | 2.01 games/s | ETA: 273s
[gpu0] [ 453/1000] samples:  22619 | chain(game/max/avg): 5/10/5.8 | reward(game/avg): 22960/21299 | 2.01 games/s | ETA: 272s
[gpu0] [ 454/1000] samples:  22669 | chain(game/max/avg): 7/10/5.8 | reward(game/avg): 27940/21313 | 2.02 games/s | ETA: 271s
[gpu0] [ 455/1000] samples:  22719 | chain(game/max/avg): 6/10/5.8 | reward(game/avg): 22480/21316 | 2.02 games/s | ETA: 270s
[gpu0] [ 456/1000] samples:  22769 | chain(game/max/avg): 5/10/5.8 | reward(game/avg): 17840/21308 | 2.02 games/s | ETA: 269s
[gpu0] [ 457/1000] samples:  22819 | chain(game/max/avg): 7/10/5.8 | reward(game/avg): 21660/21309 | 2.03 games/s | ETA: 268s
[gpu0] [ 458/1000] samples:  22869 | chain(game/max/avg): 7/10/5.8 | reward(game/avg): 26220/21320 | 2.03 games/s | ETA: 267s
[gpu0] [ 459/1000] samples:  22919 | chain(game/max/avg): 6/10/5.8 | reward(game/avg): 26800/21332 | 2.04 games/s | ETA: 266s
[gpu0] [ 460/1000] samples:  22969 | chain(game/max/avg): 5/10/5.8 | reward(game/avg): 18920/21326 | 2.04 games/s | ETA: 265s
[gpu0] [ 461/1000] samples:  23019 | chain(game/max/avg): 5/10/5.8 | reward(game/avg): 24660/21334 | 2.05 games/s | ETA: 263s
[gpu0] [ 462/1000] samples:  23069 | chain(game/max/avg): 5/10/5.8 | reward(game/avg): 19300/21329 | 2.05 games/s | ETA: 262s
[gpu0] [ 463/1000] samples:  23119 | chain(game/max/avg): 4/10/5.8 | reward(game/avg): 9900/21304 | 2.05 games/s | ETA: 261s
[gpu0] [ 464/1000] samples:  23169 | chain(game/max/avg): 5/10/5.8 | reward(game/avg): 17270/21296 | 2.06 games/s | ETA: 260s
[gpu0] [ 465/1000] samples:  23219 | chain(game/max/avg): 6/10/5.8 | reward(game/avg): 24740/21303 | 2.06 games/s | ETA: 259s
[gpu0] [ 466/1000] samples:  23269 | chain(game/max/avg): 5/10/5.8 | reward(game/avg): 16240/21292 | 2.07 games/s | ETA: 258s
[gpu0] [ 467/1000] samples:  23319 | chain(game/max/avg): 5/10/5.8 | reward(game/avg): 14480/21278 | 2.07 games/s | ETA: 257s
[gpu0] [ 468/1000] samples:  23369 | chain(game/max/avg): 7/10/5.8 | reward(game/avg): 33100/21303 | 2.08 games/s | ETA: 256s
[gpu0] [ 469/1000] samples:  23419 | chain(game/max/avg): 6/10/5.8 | reward(game/avg): 27620/21316 | 2.08 games/s | ETA: 255s
[gpu0] [ 470/1000] samples:  23469 | chain(game/max/avg): 7/10/5.8 | reward(game/avg): 23210/21320 | 2.08 games/s | ETA: 254s
[gpu0] [ 471/1000] samples:  23519 | chain(game/max/avg): 5/10/5.8 | reward(game/avg): 22460/21323 | 2.09 games/s | ETA: 253s
[gpu0] [ 472/1000] samples:  23569 | chain(game/max/avg): 6/10/5.8 | reward(game/avg): 24860/21330 | 2.09 games/s | ETA: 252s
[gpu0] [ 473/1000] samples:  23619 | chain(game/max/avg): 5/10/5.8 | reward(game/avg): 15160/21317 | 2.10 games/s | ETA: 251s
[gpu0] [ 474/1000] samples:  23669 | chain(game/max/avg): 7/10/5.8 | reward(game/avg): 30460/21337 | 2.10 games/s | ETA: 250s
[gpu0] [ 475/1000] samples:  23719 | chain(game/max/avg): 5/10/5.8 | reward(game/avg): 17280/21328 | 2.11 games/s | ETA: 249s
[gpu0] [ 476/1000] samples:  23769 | chain(game/max/avg): 6/10/5.8 | reward(game/avg): 20920/21327 | 2.11 games/s | ETA: 248s
[gpu0] [ 477/1000] samples:  23819 | chain(game/max/avg): 6/10/5.8 | reward(game/avg): 20280/21325 | 2.11 games/s | ETA: 247s
[gpu0] [ 478/1000] samples:  23869 | chain(game/max/avg): 6/10/5.8 | reward(game/avg): 19760/21322 | 2.12 games/s | ETA: 246s
[gpu0] [ 479/1000] samples:  23919 | chain(game/max/avg): 6/10/5.8 | reward(game/avg): 20160/21319 | 2.12 games/s | ETA: 245s
[gpu0] [ 480/1000] samples:  23969 | chain(game/max/avg): 6/10/5.8 | reward(game/avg): 22860/21323 | 2.13 games/s | ETA: 245s
[gpu0] [ 481/1000] samples:  24019 | chain(game/max/avg): 7/10/5.8 | reward(game/avg): 32930/21347 | 2.13 games/s | ETA: 244s
[gpu0] [ 482/1000] samples:  24069 | chain(game/max/avg): 5/10/5.8 | reward(game/avg): 18400/21341 | 2.14 games/s | ETA: 243s
[gpu0] [ 483/1000] samples:  24119 | chain(game/max/avg): 6/10/5.8 | reward(game/avg): 33520/21366 | 2.14 games/s | ETA: 242s
[gpu0] [ 484/1000] samples:  24169 | chain(game/max/avg): 6/10/5.8 | reward(game/avg): 17660/21358 | 2.14 games/s | ETA: 241s
[gpu0] [ 485/1000] samples:  24219 | chain(game/max/avg): 5/10/5.8 | reward(game/avg): 17160/21349 | 2.15 games/s | ETA: 240s
[gpu0] [ 486/1000] samples:  24269 | chain(game/max/avg): 6/10/5.8 | reward(game/avg): 22510/21352 | 2.15 games/s | ETA: 239s
[gpu0] [ 487/1000] samples:  24319 | chain(game/max/avg): 6/10/5.8 | reward(game/avg): 25250/21360 | 2.15 games/s | ETA: 238s
[gpu0] [ 488/1000] samples:  24369 | chain(game/max/avg): 5/10/5.8 | reward(game/avg): 15920/21349 | 2.16 games/s | ETA: 237s
[gpu0] [ 489/1000] samples:  24419 | chain(game/max/avg): 5/10/5.8 | reward(game/avg): 17060/21340 | 2.16 games/s | ETA: 236s
[gpu0] [ 490/1000] samples:  24469 | chain(game/max/avg): 7/10/5.8 | reward(game/avg): 29740/21357 | 2.17 games/s | ETA: 235s
[gpu0] [ 491/1000] samples:  24519 | chain(game/max/avg): 5/10/5.8 | reward(game/avg): 20800/21356 | 2.17 games/s | ETA: 234s
[gpu0] [ 492/1000] samples:  24569 | chain(game/max/avg): 6/10/5.8 | reward(game/avg): 26990/21367 | 2.17 games/s | ETA: 234s
[gpu0] [ 493/1000] samples:  24619 | chain(game/max/avg): 5/10/5.8 | reward(game/avg): 17580/21360 | 2.18 games/s | ETA: 233s
[gpu0] [ 494/1000] samples:  24669 | chain(game/max/avg): 7/10/5.8 | reward(game/avg): 30350/21378 | 2.18 games/s | ETA: 232s
[gpu0] [ 495/1000] samples:  24719 | chain(game/max/avg): 6/10/5.8 | reward(game/avg): 28580/21392 | 2.19 games/s | ETA: 231s
[gpu0] [ 496/1000] samples:  24769 | chain(game/max/avg): 7/10/5.8 | reward(game/avg): 28120/21406 | 2.19 games/s | ETA: 230s
[gpu0] [ 497/1000] samples:  24819 | chain(game/max/avg): 7/10/5.8 | reward(game/avg): 38740/21441 | 2.19 games/s | ETA: 229s
[gpu0] [ 498/1000] samples:  24869 | chain(game/max/avg): 5/10/5.8 | reward(game/avg): 13240/21424 | 2.19 games/s | ETA: 229s
[gpu0] [ 499/1000] samples:  24919 | chain(game/max/avg): 5/10/5.8 | reward(game/avg): 15930/21413 | 2.20 games/s | ETA: 228s
[gpu0] [ 500/1000] samples:  24969 | chain(game/max/avg): 5/10/5.8 | reward(game/avg): 21200/21413 | 2.20 games/s | ETA: 228s
[gpu0] [ 501/1000] samples:  25019 | chain(game/max/avg): 5/10/5.8 | reward(game/avg): 18210/21407 | 1.45 games/s | ETA: 343s
[gpu0] [ 502/1000] samples:  25069 | chain(game/max/avg): 5/10/5.8 | reward(game/avg): 11330/21387 | 1.38 games/s | ETA: 362s
[gpu0] [ 503/1000] samples:  25119 | chain(game/max/avg): 2/10/5.8 | reward(game/avg): 840/21346 | 1.30 games/s | ETA: 381s
[gpu0] [ 504/1000] samples:  25169 | chain(game/max/avg): 3/10/5.8 | reward(game/avg): 2680/21309 | 1.28 games/s | ETA: 386s
[gpu0] [ 505/1000] samples:  25219 | chain(game/max/avg): 7/10/5.8 | reward(game/avg): 22380/21311 | 1.26 games/s | ETA: 394s
[gpu0] [ 506/1000] samples:  25269 | chain(game/max/avg): 3/10/5.8 | reward(game/avg): 2180/21273 | 1.25 games/s | ETA: 394s
[gpu0] [ 507/1000] samples:  25319 | chain(game/max/avg): 3/10/5.8 | reward(game/avg): 1520/21234 | 1.25 games/s | ETA: 393s
[gpu0] [ 508/1000] samples:  25369 | chain(game/max/avg): 2/10/5.8 | reward(game/avg): 2680/21197 | 1.25 games/s | ETA: 394s
[gpu0] [ 509/1000] samples:  25419 | chain(game/max/avg): 6/10/5.8 | reward(game/avg): 22020/21199 | 1.25 games/s | ETA: 393s
[2026-04-05 23:08:28] Interrupted, terminating self-play child processes...
[gpu0] [ 510/1000] samples:  25469 | chain(game/max/avg): 3/10/5.8 | reward(game/avg): 2500/21162 | 1.25 games/s | ETA: 392s
[gpu0] [ 511/1000] samples:  25519 | chain(game/max/avg): 6/10/5.8 | reward(game/avg): 20150/21160 | 1.25 games/s | ETA: 391s
[gpu0] [ 512/1000] samples:  25569 | chain(game/max/avg): 8/10/5.8 | reward(game/avg): 37750/21193 | 1.25 games/s | ETA: 390s
[gpu0] [ 513/1000] samples:  25619 | chain(game/max/avg): 5/10/5.8 | reward(game/avg): 18140/21187 | 1.25 games/s | ETA: 389s
[gpu0] [ 514/1000] samples:  25669 | chain(game/max/avg): 2/10/5.8 | reward(game/avg): 940/21147 | 1.25 games/s | ETA: 388s
[gpu0] [ 515/1000] samples:  25719 | chain(game/max/avg): 5/10/5.8 | reward(game/avg): 6180/21118 | 1.25 games/s | ETA: 387s
[gpu0] [ 516/1000] samples:  25769 | chain(game/max/avg): 3/10/5.8 | reward(game/avg): 2340/21082 | 1.25 games/s | ETA: 386s
[gpu0] [ 517/1000] samples:  25819 | chain(game/max/avg): 2/10/5.8 | reward(game/avg): 1660/21044 | 1.26 games/s | ETA: 384s
[gpu0] [ 518/1000] samples:  25869 | chain(game/max/avg): 3/10/5.7 | reward(game/avg): 2700/21009 | 1.26 games/s | ETA: 383s
[gpu0] [ 519/1000] samples:  25919 | chain(game/max/avg): 5/10/5.7 | reward(game/avg): 6920/20982 | 1.26 games/s | ETA: 383s
[gpu0] [ 520/1000] samples:  25969 | chain(game/max/avg): 5/10/5.7 | reward(game/avg): 15740/20972 | 1.26 games/s | ETA: 381s
[gpu0] [ 521/1000] samples:  26019 | chain(game/max/avg): 4/10/5.7 | reward(game/avg): 3920/20939 | 1.26 games/s | ETA: 380s
[gpu0] [ 522/1000] samples:  26069 | chain(game/max/avg): 2/10/5.7 | reward(game/avg): 1260/20901 | 1.26 games/s | ETA: 379s
[gpu0] [ 523/1000] samples:  26119 | chain(game/max/avg): 5/10/5.7 | reward(game/avg): 6560/20874 | 1.26 games/s | ETA: 378s
[2026-04-05 23:09:31] Pre-building release binaries...
    Finished `release` profile [optimized] target(s) in 0.30s
[2026-04-05 23:09:32] === AlphaZero Loop Start (branch=rtx5090-3, run_dir=runs/rtx5090-3, iteration=2, games=1000x1gpu, sims=512+0/iter, max=512, min_chain=0, threads=512) ===
[2026-04-05 23:09:32] --- Iteration 2 (sims=512, global_step=1000) ---
[2026-04-05 23:09:32] Self-play start (m=24, c_visit=50.0, num_gpus=1, games_per_gpu=1000, total=1000)
[gpu0]     Finished `release` profile [optimized] target(s) in 0.30s
[gpu0]      Running `target/release/self-play --games 1000 --simulations 512 --c-puct-init 1.5 --c-puct-base 19652.0 --m 24 --c-visit 50.0 --gamma 0.95 --min-chain 0 --threads 512 --batch-size 2048 --num-leaves 1 --model-path runs/rtx5090-3/artifacts/puyo_model --cols 6 --rows 14 --num-colors 4 --residual-channels 128 --num-blocks 6 --policy-conv-channels 2 --value-conv-channels 1 --value-hidden 64 --film-hidden 128 --output runs/rtx5090-3/data/alphazero_iter_2_gpu0.bin`
[gpu0] games=1000, simulations=512, c_puct_init=1.5, c_puct_base=19652, m=24, c_visit=50, gamma=0.95, num_leaves=1, min_chain=0
[gpu0] Game config: cols=6, rows=14, num_colors=4, residual_channels=128, num_blocks=6, policy_conv_ch=2, value_conv_ch=1, value_hidden=64, film_hidden=128
[gpu0] Backend: Cuda (GPU) — Gumbel MCTS self-play (batched)
[gpu0] Loaded existing model from runs/rtx5090-3/artifacts/puyo_model
[gpu0] Using 512 game threads, max_batch_size=2048
[gpu0] [   1/1000] samples:     43 | chain(game/max/avg): 1/1/1.0 | reward(game/avg): 160/160 | 0.01 games/s | ETA: 146041s
[gpu0] [   2/1000] samples:     93 | chain(game/max/avg): 4/4/2.5 | reward(game/avg): 4520/2340 | 0.01 games/s | ETA: 97541s
[gpu0] [   3/1000] samples:    143 | chain(game/max/avg): 3/4/2.7 | reward(game/avg): 2830/2503 | 0.01 games/s | ETA: 66506s
[gpu0] [   4/1000] samples:    193 | chain(game/max/avg): 4/4/3.0 | reward(game/avg): 5020/3132 | 0.02 games/s | ETA: 49945s
[gpu0] [   5/1000] samples:    243 | chain(game/max/avg): 6/6/3.6 | reward(game/avg): 14100/5326 | 0.02 games/s | ETA: 39986s
[gpu0] [   6/1000] samples:    293 | chain(game/max/avg): 3/6/3.5 | reward(game/avg): 2060/4782 | 0.03 games/s | ETA: 33419s
[gpu0] [   7/1000] samples:    343 | chain(game/max/avg): 4/6/3.6 | reward(game/avg): 3700/4627 | 0.03 games/s | ETA: 28683s
[gpu0] [   8/1000] samples:    393 | chain(game/max/avg): 4/6/3.6 | reward(game/avg): 4480/4609 | 0.04 games/s | ETA: 25113s
[gpu0] [   9/1000] samples:    443 | chain(game/max/avg): 5/6/3.8 | reward(game/avg): 6100/4774 | 0.04 games/s | ETA: 22393s
[gpu0] [  10/1000] samples:    493 | chain(game/max/avg): 2/6/3.6 | reward(game/avg): 880/4385 | 0.05 games/s | ETA: 20167s
[gpu0] [  11/1000] samples:    543 | chain(game/max/avg): 6/6/3.8 | reward(game/avg): 18160/5637 | 0.05 games/s | ETA: 18347s
[gpu0] [  12/1000] samples:    593 | chain(game/max/avg): 6/6/4.0 | reward(game/avg): 14920/6411 | 0.06 games/s | ETA: 16801s
[gpu0] [  13/1000] samples:    643 | chain(game/max/avg): 5/6/4.1 | reward(game/avg): 6800/6441 | 0.06 games/s | ETA: 15510s
[gpu0] [  14/1000] samples:    693 | chain(game/max/avg): 6/6/4.2 | reward(game/avg): 26770/7893 | 0.07 games/s | ETA: 14420s
[gpu0] [  15/1000] samples:    743 | chain(game/max/avg): 5/6/4.3 | reward(game/avg): 5680/7745 | 0.07 games/s | ETA: 13467s
[gpu0] [  16/1000] samples:    793 | chain(game/max/avg): 6/6/4.4 | reward(game/avg): 9940/7882 | 0.08 games/s | ETA: 12630s
[gpu0] [  17/1000] samples:    843 | chain(game/max/avg): 7/7/4.5 | reward(game/avg): 18200/8489 | 0.08 games/s | ETA: 11891s
[gpu0] [  18/1000] samples:    893 | chain(game/max/avg): 4/7/4.5 | reward(game/avg): 4040/8242 | 0.09 games/s | ETA: 11250s
[gpu0] [  19/1000] samples:    943 | chain(game/max/avg): 5/7/4.5 | reward(game/avg): 9330/8299 | 0.09 games/s | ETA: 10671s
[gpu0] [  20/1000] samples:    993 | chain(game/max/avg): 3/7/4.5 | reward(game/avg): 3450/8057 | 0.10 games/s | ETA: 10145s
[gpu0] [  21/1000] samples:   1043 | chain(game/max/avg): 3/7/4.4 | reward(game/avg): 1780/7758 | 0.10 games/s | ETA: 9663s
[gpu0] [  22/1000] samples:   1093 | chain(game/max/avg): 4/7/4.4 | reward(game/avg): 5280/7645 | 0.11 games/s | ETA: 9239s
[gpu0] [  23/1000] samples:   1143 | chain(game/max/avg): 5/7/4.4 | reward(game/avg): 8560/7685 | 0.11 games/s | ETA: 8831s
[gpu0] [  24/1000] samples:   1193 | chain(game/max/avg): 5/7/4.4 | reward(game/avg): 9320/7753 | 0.12 games/s | ETA: 8455s
[gpu0] [  25/1000] samples:   1243 | chain(game/max/avg): 7/7/4.5 | reward(game/avg): 17060/8126 | 0.12 games/s | ETA: 8116s
[gpu0] [  26/1000] samples:   1293 | chain(game/max/avg): 4/7/4.5 | reward(game/avg): 4440/7984 | 0.12 games/s | ETA: 7798s
[gpu0] [  27/1000] samples:   1343 | chain(game/max/avg): 3/7/4.4 | reward(game/avg): 3330/7811 | 0.13 games/s | ETA: 7541s
[gpu0] [  28/1000] samples:   1393 | chain(game/max/avg): 5/7/4.5 | reward(game/avg): 8140/7823 | 0.13 games/s | ETA: 7284s
[gpu0] [  29/1000] samples:   1443 | chain(game/max/avg): 5/7/4.5 | reward(game/avg): 8920/7861 | 0.14 games/s | ETA: 7029s
[gpu0] [  30/1000] samples:   1493 | chain(game/max/avg): 5/7/4.5 | reward(game/avg): 7600/7852 | 0.14 games/s | ETA: 6799s
[gpu0] [  31/1000] samples:   1543 | chain(game/max/avg): 6/7/4.5 | reward(game/avg): 13460/8033 | 0.15 games/s | ETA: 6576s
[gpu0] [  32/1000] samples:   1593 | chain(game/max/avg): 5/7/4.6 | reward(game/avg): 6880/7997 | 0.15 games/s | ETA: 6380s
[gpu0] [  33/1000] samples:   1643 | chain(game/max/avg): 5/7/4.6 | reward(game/avg): 8160/8002 | 0.16 games/s | ETA: 6180s
[gpu0] [  34/1000] samples:   1693 | chain(game/max/avg): 3/7/4.5 | reward(game/avg): 5580/7931 | 0.16 games/s | ETA: 5993s
[gpu0] [  35/1000] samples:   1743 | chain(game/max/avg): 5/7/4.5 | reward(game/avg): 8920/7959 | 0.17 games/s | ETA: 5816s
[gpu0] [  36/1000] samples:   1793 | chain(game/max/avg): 6/7/4.6 | reward(game/avg): 11060/8045 | 0.17 games/s | ETA: 5655s
[gpu0] [  37/1000] samples:   1843 | chain(game/max/avg): 6/7/4.6 | reward(game/avg): 9780/8092 | 0.18 games/s | ETA: 5499s
[gpu0] [  38/1000] samples:   1893 | chain(game/max/avg): 4/7/4.6 | reward(game/avg): 3180/7963 | 0.18 games/s | ETA: 5364s
[gpu0] [  39/1000] samples:   1943 | chain(game/max/avg): 5/7/4.6 | reward(game/avg): 11520/8054 | 0.18 games/s | ETA: 5232s
[gpu0] [  40/1000] samples:   1993 | chain(game/max/avg): 7/7/4.7 | reward(game/avg): 19900/8350 | 0.19 games/s | ETA: 5103s
[gpu0] [  41/1000] samples:   2043 | chain(game/max/avg): 7/7/4.7 | reward(game/avg): 16160/8541 | 0.19 games/s | ETA: 4976s
[gpu0] [  42/1000] samples:   2093 | chain(game/max/avg): 5/7/4.7 | reward(game/avg): 8540/8541 | 0.20 games/s | ETA: 4855s
[gpu0] [  43/1000] samples:   2143 | chain(game/max/avg): 4/7/4.7 | reward(game/avg): 9230/8557 | 0.20 games/s | ETA: 4740s
[gpu0] [  44/1000] samples:   2193 | chain(game/max/avg): 6/7/4.8 | reward(game/avg): 23730/8902 | 0.21 games/s | ETA: 4633s
[gpu0] [  45/1000] samples:   2243 | chain(game/max/avg): 5/7/4.8 | reward(game/avg): 16500/9070 | 0.21 games/s | ETA: 4528s
[gpu0] [  46/1000] samples:   2293 | chain(game/max/avg): 7/7/4.8 | reward(game/avg): 15760/9216 | 0.22 games/s | ETA: 4426s
[gpu0] [  47/1000] samples:   2343 | chain(game/max/avg): 5/7/4.8 | reward(game/avg): 6160/9151 | 0.22 games/s | ETA: 4328s
[gpu0] [  48/1000] samples:   2393 | chain(game/max/avg): 6/7/4.8 | reward(game/avg): 17720/9329 | 0.22 games/s | ETA: 4244s
[gpu0] [  49/1000] samples:   2443 | chain(game/max/avg): 10/10/4.9 | reward(game/avg): 48560/10130 | 0.23 games/s | ETA: 4162s
[gpu0] [  50/1000] samples:   2493 | chain(game/max/avg): 5/10/4.9 | reward(game/avg): 20240/10332 | 0.23 games/s | ETA: 4076s
[gpu0] [  51/1000] samples:   2543 | chain(game/max/avg): 5/10/4.9 | reward(game/avg): 11400/10353 | 0.24 games/s | ETA: 3994s
[gpu0] [  52/1000] samples:   2593 | chain(game/max/avg): 5/10/4.9 | reward(game/avg): 13750/10418 | 0.24 games/s | ETA: 3919s
[gpu0] [  53/1000] samples:   2643 | chain(game/max/avg): 6/10/5.0 | reward(game/avg): 17890/10559 | 0.25 games/s | ETA: 3841s
[gpu0] [  54/1000] samples:   2693 | chain(game/max/avg): 5/10/5.0 | reward(game/avg): 9030/10531 | 0.25 games/s | ETA: 3771s
[gpu0] [  55/1000] samples:   2743 | chain(game/max/avg): 3/10/4.9 | reward(game/avg): 4160/10415 | 0.26 games/s | ETA: 3700s
[gpu0] [  56/1000] samples:   2793 | chain(game/max/avg): 3/10/4.9 | reward(game/avg): 1660/10259 | 0.26 games/s | ETA: 3633s
[gpu0] [  57/1000] samples:   2843 | chain(game/max/avg): 5/10/4.9 | reward(game/avg): 11340/10278 | 0.26 games/s | ETA: 3566s
[gpu0] [  58/1000] samples:   2893 | chain(game/max/avg): 6/10/4.9 | reward(game/avg): 16740/10389 | 0.27 games/s | ETA: 3502s
[gpu0] [  59/1000] samples:   2943 | chain(game/max/avg): 6/10/4.9 | reward(game/avg): 19460/10543 | 0.27 games/s | ETA: 3446s
[gpu0] [  60/1000] samples:   2993 | chain(game/max/avg): 5/10/4.9 | reward(game/avg): 15260/10622 | 0.28 games/s | ETA: 3385s
[gpu0] [  61/1000] samples:   3043 | chain(game/max/avg): 5/10/4.9 | reward(game/avg): 13300/10666 | 0.28 games/s | ETA: 3330s
[gpu0] [  62/1000] samples:   3093 | chain(game/max/avg): 4/10/4.9 | reward(game/avg): 4640/10568 | 0.29 games/s | ETA: 3273s
[gpu0] [  63/1000] samples:   3143 | chain(game/max/avg): 4/10/4.9 | reward(game/avg): 4130/10466 | 0.29 games/s | ETA: 3218s
[gpu0] [  64/1000] samples:   3193 | chain(game/max/avg): 5/10/4.9 | reward(game/avg): 11640/10485 | 0.30 games/s | ETA: 3168s
[gpu0] [  65/1000] samples:   3243 | chain(game/max/avg): 5/10/4.9 | reward(game/avg): 5980/10415 | 0.30 games/s | ETA: 3118s
[gpu0] [  66/1000] samples:   3293 | chain(game/max/avg): 6/10/4.9 | reward(game/avg): 20360/10566 | 0.30 games/s | ETA: 3068s
[gpu0] [  67/1000] samples:   3343 | chain(game/max/avg): 5/10/4.9 | reward(game/avg): 9380/10548 | 0.31 games/s | ETA: 3019s
[gpu0] [  68/1000] samples:   3393 | chain(game/max/avg): 6/10/4.9 | reward(game/avg): 24990/10761 | 0.31 games/s | ETA: 2973s
[gpu0] [  69/1000] samples:   3443 | chain(game/max/avg): 7/10/5.0 | reward(game/avg): 16720/10847 | 0.32 games/s | ETA: 2927s
[gpu0] [  70/1000] samples:   3493 | chain(game/max/avg): 5/10/5.0 | reward(game/avg): 7550/10800 | 0.32 games/s | ETA: 2883s
[gpu0] [  71/1000] samples:   3543 | chain(game/max/avg): 5/10/5.0 | reward(game/avg): 12420/10823 | 0.33 games/s | ETA: 2840s
[gpu0] [  72/1000] samples:   3593 | chain(game/max/avg): 7/10/5.0 | reward(game/avg): 30100/11090 | 0.33 games/s | ETA: 2799s
[gpu0] [  73/1000] samples:   3643 | chain(game/max/avg): 7/10/5.0 | reward(game/avg): 35880/11430 | 0.34 games/s | ETA: 2759s
[gpu0] [  74/1000] samples:   3693 | chain(game/max/avg): 7/10/5.1 | reward(game/avg): 28140/11656 | 0.34 games/s | ETA: 2720s
[gpu0] [  75/1000] samples:   3743 | chain(game/max/avg): 5/10/5.1 | reward(game/avg): 14800/11698 | 0.35 games/s | ETA: 2681s
[gpu0] [  76/1000] samples:   3793 | chain(game/max/avg): 5/10/5.1 | reward(game/avg): 9500/11669 | 0.35 games/s | ETA: 2643s
[gpu0] [  77/1000] samples:   3843 | chain(game/max/avg): 4/10/5.0 | reward(game/avg): 7960/11621 | 0.35 games/s | ETA: 2609s
[gpu0] [  78/1000] samples:   3893 | chain(game/max/avg): 6/10/5.1 | reward(game/avg): 12540/11632 | 0.36 games/s | ETA: 2575s
[gpu0] [  79/1000] samples:   3943 | chain(game/max/avg): 5/10/5.1 | reward(game/avg): 9320/11603 | 0.36 games/s | ETA: 2539s
[gpu0] [  80/1000] samples:   3993 | chain(game/max/avg): 5/10/5.0 | reward(game/avg): 11120/11597 | 0.37 games/s | ETA: 2506s
[gpu0] [  81/1000] samples:   4043 | chain(game/max/avg): 7/10/5.1 | reward(game/avg): 35310/11890 | 0.37 games/s | ETA: 2474s
[gpu0] [  82/1000] samples:   4093 | chain(game/max/avg): 6/10/5.1 | reward(game/avg): 18650/11972 | 0.38 games/s | ETA: 2442s
[gpu0] [  83/1000] samples:   4143 | chain(game/max/avg): 6/10/5.1 | reward(game/avg): 20570/12076 | 0.38 games/s | ETA: 2410s
[gpu0] [  84/1000] samples:   4193 | chain(game/max/avg): 4/10/5.1 | reward(game/avg): 8200/12030 | 0.38 games/s | ETA: 2380s
[gpu0] [  85/1000] samples:   4243 | chain(game/max/avg): 5/10/5.1 | reward(game/avg): 19240/12115 | 0.39 games/s | ETA: 2349s
[gpu0] [  86/1000] samples:   4293 | chain(game/max/avg): 7/10/5.1 | reward(game/avg): 31940/12345 | 0.39 games/s | ETA: 2321s
[gpu0] [  87/1000] samples:   4343 | chain(game/max/avg): 7/10/5.1 | reward(game/avg): 22650/12464 | 0.40 games/s | ETA: 2292s
[gpu0] [  88/1000] samples:   4393 | chain(game/max/avg): 6/10/5.1 | reward(game/avg): 11960/12458 | 0.40 games/s | ETA: 2264s
[gpu0] [  89/1000] samples:   4443 | chain(game/max/avg): 6/10/5.1 | reward(game/avg): 28120/12634 | 0.41 games/s | ETA: 2236s
[gpu0] [  90/1000] samples:   4493 | chain(game/max/avg): 8/10/5.2 | reward(game/avg): 27650/12801 | 0.41 games/s | ETA: 2209s
[gpu0] [  91/1000] samples:   4543 | chain(game/max/avg): 6/10/5.2 | reward(game/avg): 14720/12822 | 0.42 games/s | ETA: 2183s
[gpu0] [  92/1000] samples:   4593 | chain(game/max/avg): 5/10/5.2 | reward(game/avg): 13620/12830 | 0.42 games/s | ETA: 2158s
[gpu0] [  93/1000] samples:   4643 | chain(game/max/avg): 5/10/5.2 | reward(game/avg): 15420/12858 | 0.43 games/s | ETA: 2132s
[gpu0] [  94/1000] samples:   4693 | chain(game/max/avg): 6/10/5.2 | reward(game/avg): 15260/12884 | 0.43 games/s | ETA: 2108s
[gpu0] [  95/1000] samples:   4743 | chain(game/max/avg): 6/10/5.2 | reward(game/avg): 21400/12973 | 0.43 games/s | ETA: 2084s
[gpu0] [  96/1000] samples:   4793 | chain(game/max/avg): 7/10/5.2 | reward(game/avg): 30480/13156 | 0.44 games/s | ETA: 2061s
[gpu0] [  97/1000] samples:   4843 | chain(game/max/avg): 6/10/5.2 | reward(game/avg): 19890/13225 | 0.44 games/s | ETA: 2038s
[gpu0] [  98/1000] samples:   4893 | chain(game/max/avg): 6/10/5.2 | reward(game/avg): 12640/13219 | 0.45 games/s | ETA: 2015s
[gpu0] [  99/1000] samples:   4943 | chain(game/max/avg): 6/10/5.2 | reward(game/avg): 19080/13278 | 0.45 games/s | ETA: 1993s
[gpu0] [ 100/1000] samples:   4993 | chain(game/max/avg): 5/10/5.2 | reward(game/avg): 16150/13307 | 0.46 games/s | ETA: 1973s
[gpu0] [ 101/1000] samples:   5043 | chain(game/max/avg): 5/10/5.2 | reward(game/avg): 13760/13312 | 0.46 games/s | ETA: 1953s
[gpu0] [ 102/1000] samples:   5093 | chain(game/max/avg): 5/10/5.2 | reward(game/avg): 18100/13359 | 0.46 games/s | ETA: 1932s
[gpu0] [ 103/1000] samples:   5143 | chain(game/max/avg): 6/10/5.2 | reward(game/avg): 23590/13458 | 0.47 games/s | ETA: 1911s
[gpu0] [ 104/1000] samples:   5193 | chain(game/max/avg): 7/10/5.3 | reward(game/avg): 16900/13491 | 0.47 games/s | ETA: 1891s
[gpu0] [ 105/1000] samples:   5243 | chain(game/max/avg): 5/10/5.3 | reward(game/avg): 9520/13453 | 0.48 games/s | ETA: 1871s
[gpu0] [ 106/1000] samples:   5293 | chain(game/max/avg): 4/10/5.2 | reward(game/avg): 7440/13397 | 0.48 games/s | ETA: 1852s
[gpu0] [ 107/1000] samples:   5343 | chain(game/max/avg): 5/10/5.2 | reward(game/avg): 14120/13403 | 0.49 games/s | ETA: 1834s
[gpu0] [ 108/1000] samples:   5393 | chain(game/max/avg): 6/10/5.2 | reward(game/avg): 22810/13490 | 0.49 games/s | ETA: 1815s
[gpu0] [ 109/1000] samples:   5443 | chain(game/max/avg): 6/10/5.3 | reward(game/avg): 22030/13569 | 0.50 games/s | ETA: 1797s
[gpu0] [ 110/1000] samples:   5493 | chain(game/max/avg): 6/10/5.3 | reward(game/avg): 25520/13677 | 0.50 games/s | ETA: 1779s
[gpu0] [ 111/1000] samples:   5543 | chain(game/max/avg): 6/10/5.3 | reward(game/avg): 21040/13744 | 0.50 games/s | ETA: 1761s
[gpu0] [ 112/1000] samples:   5593 | chain(game/max/avg): 6/10/5.3 | reward(game/avg): 23350/13829 | 0.51 games/s | ETA: 1744s
[gpu0] [ 113/1000] samples:   5643 | chain(game/max/avg): 5/10/5.3 | reward(game/avg): 11740/13811 | 0.51 games/s | ETA: 1726s
[gpu0] [ 114/1000] samples:   5693 | chain(game/max/avg): 7/10/5.3 | reward(game/avg): 22440/13887 | 0.52 games/s | ETA: 1710s
[gpu0] [ 115/1000] samples:   5743 | chain(game/max/avg): 6/10/5.3 | reward(game/avg): 13640/13885 | 0.52 games/s | ETA: 1693s
[gpu0] [ 116/1000] samples:   5793 | chain(game/max/avg): 5/10/5.3 | reward(game/avg): 12470/13872 | 0.53 games/s | ETA: 1677s
[gpu0] [ 117/1000] samples:   5843 | chain(game/max/avg): 6/10/5.3 | reward(game/avg): 22120/13943 | 0.53 games/s | ETA: 1661s
[gpu0] [ 118/1000] samples:   5893 | chain(game/max/avg): 5/10/5.3 | reward(game/avg): 19500/13990 | 0.54 games/s | ETA: 1646s
[gpu0] [ 119/1000] samples:   5943 | chain(game/max/avg): 6/10/5.3 | reward(game/avg): 20120/14041 | 0.54 games/s | ETA: 1631s
[gpu0] [ 120/1000] samples:   5993 | chain(game/max/avg): 7/10/5.3 | reward(game/avg): 34020/14208 | 0.54 games/s | ETA: 1615s
[gpu0] [ 121/1000] samples:   6043 | chain(game/max/avg): 8/10/5.3 | reward(game/avg): 45640/14468 | 0.55 games/s | ETA: 1601s
[gpu0] [ 122/1000] samples:   6093 | chain(game/max/avg): 7/10/5.4 | reward(game/avg): 21190/14523 | 0.55 games/s | ETA: 1586s
[gpu0] [ 123/1000] samples:   6143 | chain(game/max/avg): 5/10/5.3 | reward(game/avg): 6700/14459 | 0.56 games/s | ETA: 1572s
[gpu0] [ 124/1000] samples:   6193 | chain(game/max/avg): 5/10/5.3 | reward(game/avg): 15460/14467 | 0.56 games/s | ETA: 1558s
[gpu0] [ 125/1000] samples:   6243 | chain(game/max/avg): 8/10/5.4 | reward(game/avg): 37900/14655 | 0.57 games/s | ETA: 1544s
[gpu0] [ 126/1000] samples:   6293 | chain(game/max/avg): 7/10/5.4 | reward(game/avg): 28820/14767 | 0.57 games/s | ETA: 1531s
[gpu0] [ 127/1000] samples:   6343 | chain(game/max/avg): 5/10/5.4 | reward(game/avg): 20920/14816 | 0.58 games/s | ETA: 1517s
[gpu0] [ 128/1000] samples:   6393 | chain(game/max/avg): 7/10/5.4 | reward(game/avg): 31720/14948 | 0.58 games/s | ETA: 1504s
[gpu0] [ 129/1000] samples:   6443 | chain(game/max/avg): 5/10/5.4 | reward(game/avg): 10100/14910 | 0.58 games/s | ETA: 1491s
[gpu0] [ 130/1000] samples:   6493 | chain(game/max/avg): 5/10/5.4 | reward(game/avg): 17750/14932 | 0.59 games/s | ETA: 1478s
[gpu0] [ 131/1000] samples:   6543 | chain(game/max/avg): 6/10/5.4 | reward(game/avg): 27550/15028 | 0.59 games/s | ETA: 1465s
[gpu0] [ 132/1000] samples:   6593 | chain(game/max/avg): 5/10/5.4 | reward(game/avg): 16990/15043 | 0.60 games/s | ETA: 1452s
[gpu0] [ 133/1000] samples:   6643 | chain(game/max/avg): 6/10/5.4 | reward(game/avg): 25950/15125 | 0.60 games/s | ETA: 1440s
[gpu0] [ 134/1000] samples:   6693 | chain(game/max/avg): 6/10/5.4 | reward(game/avg): 26200/15208 | 0.61 games/s | ETA: 1427s
[gpu0] [ 135/1000] samples:   6743 | chain(game/max/avg): 7/10/5.4 | reward(game/avg): 27000/15295 | 0.61 games/s | ETA: 1415s
[gpu0] [ 136/1000] samples:   6793 | chain(game/max/avg): 6/10/5.4 | reward(game/avg): 29990/15403 | 0.62 games/s | ETA: 1403s
[gpu0] [ 137/1000] samples:   6843 | chain(game/max/avg): 5/10/5.4 | reward(game/avg): 13960/15393 | 0.62 games/s | ETA: 1391s
[gpu0] [ 138/1000] samples:   6893 | chain(game/max/avg): 6/10/5.4 | reward(game/avg): 16600/15401 | 0.62 games/s | ETA: 1380s
[gpu0] [ 139/1000] samples:   6943 | chain(game/max/avg): 6/10/5.4 | reward(game/avg): 24860/15469 | 0.63 games/s | ETA: 1368s
[gpu0] [ 140/1000] samples:   6993 | chain(game/max/avg): 5/10/5.4 | reward(game/avg): 18650/15492 | 0.63 games/s | ETA: 1357s
[gpu0] [ 141/1000] samples:   7043 | chain(game/max/avg): 6/10/5.4 | reward(game/avg): 20330/15526 | 0.64 games/s | ETA: 1346s
[gpu0] [ 142/1000] samples:   7093 | chain(game/max/avg): 5/10/5.4 | reward(game/avg): 18090/15545 | 0.64 games/s | ETA: 1335s
[gpu0] [ 143/1000] samples:   7143 | chain(game/max/avg): 5/10/5.4 | reward(game/avg): 18030/15562 | 0.65 games/s | ETA: 1324s
[gpu0] [ 144/1000] samples:   7193 | chain(game/max/avg): 5/10/5.4 | reward(game/avg): 12220/15539 | 0.65 games/s | ETA: 1314s
[gpu0] [ 145/1000] samples:   7243 | chain(game/max/avg): 5/10/5.4 | reward(game/avg): 10600/15505 | 0.66 games/s | ETA: 1303s
[gpu0] [ 146/1000] samples:   7293 | chain(game/max/avg): 7/10/5.4 | reward(game/avg): 19890/15535 | 0.66 games/s | ETA: 1293s
[gpu0] [ 147/1000] samples:   7343 | chain(game/max/avg): 6/10/5.4 | reward(game/avg): 22270/15580 | 0.67 games/s | ETA: 1283s
[gpu0] [ 148/1000] samples:   7393 | chain(game/max/avg): 6/10/5.4 | reward(game/avg): 20070/15611 | 0.67 games/s | ETA: 1273s
[gpu0] [ 149/1000] samples:   7443 | chain(game/max/avg): 6/10/5.4 | reward(game/avg): 23790/15666 | 0.67 games/s | ETA: 1263s
[gpu0] [ 150/1000] samples:   7493 | chain(game/max/avg): 8/10/5.4 | reward(game/avg): 44080/15855 | 0.68 games/s | ETA: 1253s
[gpu0] [ 151/1000] samples:   7543 | chain(game/max/avg): 5/10/5.4 | reward(game/avg): 20110/15883 | 0.68 games/s | ETA: 1244s
[gpu0] [ 152/1000] samples:   7593 | chain(game/max/avg): 6/10/5.4 | reward(game/avg): 24380/15939 | 0.69 games/s | ETA: 1234s
[gpu0] [ 153/1000] samples:   7643 | chain(game/max/avg): 6/10/5.5 | reward(game/avg): 27870/16017 | 0.69 games/s | ETA: 1225s
[gpu0] [ 154/1000] samples:   7693 | chain(game/max/avg): 7/10/5.5 | reward(game/avg): 31820/16120 | 0.70 games/s | ETA: 1215s
[gpu0] [ 155/1000] samples:   7743 | chain(game/max/avg): 6/10/5.5 | reward(game/avg): 16120/16120 | 0.70 games/s | ETA: 1206s
[gpu0] [ 156/1000] samples:   7793 | chain(game/max/avg): 5/10/5.5 | reward(game/avg): 25050/16177 | 0.71 games/s | ETA: 1197s
[gpu0] [ 157/1000] samples:   7843 | chain(game/max/avg): 7/10/5.5 | reward(game/avg): 31920/16277 | 0.71 games/s | ETA: 1188s
[gpu0] [ 158/1000] samples:   7893 | chain(game/max/avg): 7/10/5.5 | reward(game/avg): 33360/16385 | 0.71 games/s | ETA: 1179s
[gpu0] [ 159/1000] samples:   7943 | chain(game/max/avg): 7/10/5.5 | reward(game/avg): 26860/16451 | 0.72 games/s | ETA: 1170s
[gpu0] [ 160/1000] samples:   7993 | chain(game/max/avg): 7/10/5.5 | reward(game/avg): 28560/16527 | 0.72 games/s | ETA: 1162s
[gpu0] [ 161/1000] samples:   8043 | chain(game/max/avg): 6/10/5.5 | reward(game/avg): 27780/16597 | 0.73 games/s | ETA: 1153s
[gpu0] [ 162/1000] samples:   8093 | chain(game/max/avg): 5/10/5.5 | reward(game/avg): 16310/16595 | 0.73 games/s | ETA: 1145s
[gpu0] [ 163/1000] samples:   8143 | chain(game/max/avg): 6/10/5.5 | reward(game/avg): 22420/16631 | 0.74 games/s | ETA: 1137s
[gpu0] [ 164/1000] samples:   8193 | chain(game/max/avg): 7/10/5.5 | reward(game/avg): 28580/16704 | 0.74 games/s | ETA: 1128s
[gpu0] [ 165/1000] samples:   8243 | chain(game/max/avg): 5/10/5.5 | reward(game/avg): 10780/16668 | 0.75 games/s | ETA: 1120s
[gpu0] [ 166/1000] samples:   8293 | chain(game/max/avg): 6/10/5.5 | reward(game/avg): 28400/16738 | 0.75 games/s | ETA: 1112s
[gpu0] [ 167/1000] samples:   8343 | chain(game/max/avg): 5/10/5.5 | reward(game/avg): 19500/16755 | 0.75 games/s | ETA: 1105s
[gpu0] [ 168/1000] samples:   8393 | chain(game/max/avg): 6/10/5.5 | reward(game/avg): 22020/16786 | 0.76 games/s | ETA: 1097s
[gpu0] [ 169/1000] samples:   8443 | chain(game/max/avg): 6/10/5.5 | reward(game/avg): 30960/16870 | 0.76 games/s | ETA: 1089s
[gpu0] [ 170/1000] samples:   8493 | chain(game/max/avg): 6/10/5.5 | reward(game/avg): 13220/16849 | 0.77 games/s | ETA: 1081s
[gpu0] [ 171/1000] samples:   8543 | chain(game/max/avg): 7/10/5.5 | reward(game/avg): 23540/16888 | 0.77 games/s | ETA: 1074s
[gpu0] [ 172/1000] samples:   8593 | chain(game/max/avg): 6/10/5.5 | reward(game/avg): 20740/16910 | 0.78 games/s | ETA: 1066s
[gpu0] [ 173/1000] samples:   8643 | chain(game/max/avg): 6/10/5.5 | reward(game/avg): 28510/16977 | 0.78 games/s | ETA: 1059s
[gpu0] [ 174/1000] samples:   8693 | chain(game/max/avg): 7/10/5.5 | reward(game/avg): 20980/17000 | 0.79 games/s | ETA: 1052s
[gpu0] [ 175/1000] samples:   8743 | chain(game/max/avg): 6/10/5.5 | reward(game/avg): 19310/17014 | 0.79 games/s | ETA: 1044s
[gpu0] [ 176/1000] samples:   8793 | chain(game/max/avg): 6/10/5.5 | reward(game/avg): 15700/17006 | 0.79 games/s | ETA: 1037s
[gpu0] [ 177/1000] samples:   8843 | chain(game/max/avg): 6/10/5.5 | reward(game/avg): 31350/17087 | 0.80 games/s | ETA: 1030s
[gpu0] [ 178/1000] samples:   8893 | chain(game/max/avg): 6/10/5.6 | reward(game/avg): 22720/17119 | 0.80 games/s | ETA: 1023s
[gpu0] [ 179/1000] samples:   8943 | chain(game/max/avg): 5/10/5.5 | reward(game/avg): 17200/17119 | 0.81 games/s | ETA: 1017s
[gpu0] [ 180/1000] samples:   8993 | chain(game/max/avg): 6/10/5.5 | reward(game/avg): 23040/17152 | 0.81 games/s | ETA: 1010s
[gpu0] [ 181/1000] samples:   9043 | chain(game/max/avg): 5/10/5.5 | reward(game/avg): 10660/17116 | 0.82 games/s | ETA: 1003s
[gpu0] [ 182/1000] samples:   9093 | chain(game/max/avg): 5/10/5.5 | reward(game/avg): 14510/17102 | 0.82 games/s | ETA: 996s
[gpu0] [ 183/1000] samples:   9143 | chain(game/max/avg): 5/10/5.5 | reward(game/avg): 14240/17086 | 0.83 games/s | ETA: 990s
[gpu0] [ 184/1000] samples:   9193 | chain(game/max/avg): 7/10/5.5 | reward(game/avg): 32850/17172 | 0.83 games/s | ETA: 983s
[gpu0] [ 185/1000] samples:   9243 | chain(game/max/avg): 5/10/5.5 | reward(game/avg): 10360/17135 | 0.83 games/s | ETA: 977s
[gpu0] [ 186/1000] samples:   9293 | chain(game/max/avg): 8/10/5.6 | reward(game/avg): 26410/17185 | 0.84 games/s | ETA: 970s
[gpu0] [ 187/1000] samples:   9343 | chain(game/max/avg): 6/10/5.6 | reward(game/avg): 24780/17226 | 0.84 games/s | ETA: 964s
[gpu0] [ 188/1000] samples:   9393 | chain(game/max/avg): 5/10/5.6 | reward(game/avg): 21960/17251 | 0.85 games/s | ETA: 958s
[gpu0] [ 189/1000] samples:   9443 | chain(game/max/avg): 7/10/5.6 | reward(game/avg): 24140/17287 | 0.85 games/s | ETA: 952s
[gpu0] [ 190/1000] samples:   9493 | chain(game/max/avg): 6/10/5.6 | reward(game/avg): 17750/17290 | 0.86 games/s | ETA: 946s
[gpu0] [ 191/1000] samples:   9543 | chain(game/max/avg): 4/10/5.6 | reward(game/avg): 7640/17239 | 0.86 games/s | ETA: 940s
[gpu0] [ 192/1000] samples:   9593 | chain(game/max/avg): 6/10/5.6 | reward(game/avg): 19560/17251 | 0.87 games/s | ETA: 934s
[gpu0] [ 193/1000] samples:   9643 | chain(game/max/avg): 8/10/5.6 | reward(game/avg): 35520/17346 | 0.87 games/s | ETA: 928s
[gpu0] [ 194/1000] samples:   9693 | chain(game/max/avg): 6/10/5.6 | reward(game/avg): 17200/17345 | 0.87 games/s | ETA: 922s
[gpu0] [ 195/1000] samples:   9743 | chain(game/max/avg): 5/10/5.6 | reward(game/avg): 17790/17347 | 0.88 games/s | ETA: 916s
[gpu0] [ 196/1000] samples:   9793 | chain(game/max/avg): 5/10/5.6 | reward(game/avg): 13400/17327 | 0.88 games/s | ETA: 910s
[gpu0] [ 197/1000] samples:   9843 | chain(game/max/avg): 6/10/5.6 | reward(game/avg): 25900/17371 | 0.89 games/s | ETA: 904s
[gpu0] [ 198/1000] samples:   9893 | chain(game/max/avg): 6/10/5.6 | reward(game/avg): 24410/17406 | 0.89 games/s | ETA: 899s
[gpu0] [ 199/1000] samples:   9943 | chain(game/max/avg): 5/10/5.6 | reward(game/avg): 16200/17400 | 0.90 games/s | ETA: 893s
[gpu0] [ 200/1000] samples:   9993 | chain(game/max/avg): 6/10/5.6 | reward(game/avg): 24060/17434 | 0.90 games/s | ETA: 888s
[gpu0] [ 201/1000] samples:  10043 | chain(game/max/avg): 4/10/5.6 | reward(game/avg): 6980/17382 | 0.91 games/s | ETA: 882s
[gpu0] [ 202/1000] samples:  10093 | chain(game/max/avg): 5/10/5.6 | reward(game/avg): 20170/17395 | 0.91 games/s | ETA: 877s
[gpu0] [ 203/1000] samples:  10143 | chain(game/max/avg): 6/10/5.6 | reward(game/avg): 28060/17448 | 0.91 games/s | ETA: 871s
[gpu0] [ 204/1000] samples:  10193 | chain(game/max/avg): 5/10/5.6 | reward(game/avg): 15620/17439 | 0.92 games/s | ETA: 866s
[gpu0] [ 205/1000] samples:  10243 | chain(game/max/avg): 6/10/5.6 | reward(game/avg): 32500/17512 | 0.92 games/s | ETA: 861s
[gpu0] [ 206/1000] samples:  10293 | chain(game/max/avg): 6/10/5.6 | reward(game/avg): 20930/17529 | 0.93 games/s | ETA: 855s
[gpu0] [ 207/1000] samples:  10343 | chain(game/max/avg): 6/10/5.6 | reward(game/avg): 23540/17558 | 0.93 games/s | ETA: 850s
[gpu0] [ 208/1000] samples:  10393 | chain(game/max/avg): 5/10/5.6 | reward(game/avg): 13060/17536 | 0.94 games/s | ETA: 845s
[gpu0] [ 209/1000] samples:  10443 | chain(game/max/avg): 8/10/5.6 | reward(game/avg): 33320/17612 | 0.94 games/s | ETA: 840s
[gpu0] [ 210/1000] samples:  10493 | chain(game/max/avg): 7/10/5.6 | reward(game/avg): 32790/17684 | 0.95 games/s | ETA: 835s
[gpu0] [ 211/1000] samples:  10543 | chain(game/max/avg): 5/10/5.6 | reward(game/avg): 20650/17698 | 0.95 games/s | ETA: 830s
[gpu0] [ 212/1000] samples:  10593 | chain(game/max/avg): 6/10/5.6 | reward(game/avg): 37550/17792 | 0.95 games/s | ETA: 825s
[gpu0] [ 213/1000] samples:  10643 | chain(game/max/avg): 5/10/5.6 | reward(game/avg): 21540/17810 | 0.96 games/s | ETA: 820s
[gpu0] [ 214/1000] samples:  10693 | chain(game/max/avg): 6/10/5.6 | reward(game/avg): 27340/17854 | 0.96 games/s | ETA: 816s
[gpu0] [ 215/1000] samples:  10743 | chain(game/max/avg): 7/10/5.6 | reward(game/avg): 38010/17948 | 0.97 games/s | ETA: 811s
[gpu0] [ 216/1000] samples:  10793 | chain(game/max/avg): 7/10/5.6 | reward(game/avg): 28810/17998 | 0.97 games/s | ETA: 806s
[gpu0] [ 217/1000] samples:  10843 | chain(game/max/avg): 4/10/5.6 | reward(game/avg): 8370/17954 | 0.98 games/s | ETA: 802s
[gpu0] [ 218/1000] samples:  10893 | chain(game/max/avg): 7/10/5.6 | reward(game/avg): 19080/17959 | 0.98 games/s | ETA: 797s
[gpu0] [ 219/1000] samples:  10943 | chain(game/max/avg): 5/10/5.6 | reward(game/avg): 19440/17966 | 0.99 games/s | ETA: 792s
[gpu0] [ 220/1000] samples:  10993 | chain(game/max/avg): 6/10/5.6 | reward(game/avg): 23020/17989 | 0.99 games/s | ETA: 788s
[gpu0] [ 221/1000] samples:  11043 | chain(game/max/avg): 5/10/5.6 | reward(game/avg): 20740/18001 | 0.99 games/s | ETA: 783s
[gpu0] [ 222/1000] samples:  11093 | chain(game/max/avg): 4/10/5.6 | reward(game/avg): 10460/17967 | 1.00 games/s | ETA: 779s
[gpu0] [ 223/1000] samples:  11143 | chain(game/max/avg): 5/10/5.6 | reward(game/avg): 18200/17968 | 1.00 games/s | ETA: 775s
[gpu0] [ 224/1000] samples:  11193 | chain(game/max/avg): 5/10/5.6 | reward(game/avg): 11260/17938 | 1.01 games/s | ETA: 770s
[gpu0] [ 225/1000] samples:  11243 | chain(game/max/avg): 6/10/5.6 | reward(game/avg): 15300/17926 | 1.01 games/s | ETA: 766s
[gpu0] [ 226/1000] samples:  11293 | chain(game/max/avg): 5/10/5.6 | reward(game/avg): 17270/17924 | 1.02 games/s | ETA: 762s
[gpu0] [ 227/1000] samples:  11343 | chain(game/max/avg): 6/10/5.6 | reward(game/avg): 28680/17971 | 1.02 games/s | ETA: 757s
[gpu0] [ 228/1000] samples:  11393 | chain(game/max/avg): 6/10/5.6 | reward(game/avg): 23620/17996 | 1.02 games/s | ETA: 753s
[gpu0] [ 229/1000] samples:  11443 | chain(game/max/avg): 7/10/5.6 | reward(game/avg): 23180/18018 | 1.03 games/s | ETA: 749s
[gpu0] [ 230/1000] samples:  11493 | chain(game/max/avg): 5/10/5.6 | reward(game/avg): 21110/18032 | 1.03 games/s | ETA: 745s
[gpu0] [ 231/1000] samples:  11543 | chain(game/max/avg): 5/10/5.6 | reward(game/avg): 12260/18007 | 1.04 games/s | ETA: 741s
[gpu0] [ 232/1000] samples:  11593 | chain(game/max/avg): 5/10/5.6 | reward(game/avg): 14040/17990 | 1.04 games/s | ETA: 737s
[gpu0] [ 233/1000] samples:  11643 | chain(game/max/avg): 6/10/5.6 | reward(game/avg): 25690/18023 | 1.05 games/s | ETA: 732s
[gpu0] [ 234/1000] samples:  11693 | chain(game/max/avg): 6/10/5.6 | reward(game/avg): 31300/18080 | 1.05 games/s | ETA: 728s
[gpu0] [ 235/1000] samples:  11743 | chain(game/max/avg): 6/10/5.6 | reward(game/avg): 17940/18079 | 1.06 games/s | ETA: 725s
[gpu0] [ 236/1000] samples:  11793 | chain(game/max/avg): 5/10/5.6 | reward(game/avg): 11940/18053 | 1.06 games/s | ETA: 721s
[gpu0] [ 237/1000] samples:  11843 | chain(game/max/avg): 5/10/5.6 | reward(game/avg): 13090/18032 | 1.06 games/s | ETA: 717s
[gpu0] [ 238/1000] samples:  11893 | chain(game/max/avg): 5/10/5.6 | reward(game/avg): 22480/18051 | 1.07 games/s | ETA: 713s
[gpu0] [ 239/1000] samples:  11943 | chain(game/max/avg): 5/10/5.6 | reward(game/avg): 22380/18069 | 1.07 games/s | ETA: 709s
[gpu0] [ 240/1000] samples:  11993 | chain(game/max/avg): 6/10/5.6 | reward(game/avg): 26390/18103 | 1.08 games/s | ETA: 706s
[gpu0] [ 241/1000] samples:  12043 | chain(game/max/avg): 6/10/5.6 | reward(game/avg): 20100/18112 | 1.08 games/s | ETA: 702s
[gpu0] [ 242/1000] samples:  12093 | chain(game/max/avg): 8/10/5.6 | reward(game/avg): 42790/18214 | 1.09 games/s | ETA: 698s
[gpu0] [ 243/1000] samples:  12143 | chain(game/max/avg): 6/10/5.6 | reward(game/avg): 21300/18226 | 1.09 games/s | ETA: 694s
[gpu0] [ 244/1000] samples:  12193 | chain(game/max/avg): 6/10/5.6 | reward(game/avg): 30550/18277 | 1.09 games/s | ETA: 690s
[gpu0] [ 245/1000] samples:  12243 | chain(game/max/avg): 6/10/5.6 | reward(game/avg): 27870/18316 | 1.10 games/s | ETA: 687s
[gpu0] [ 246/1000] samples:  12293 | chain(game/max/avg): 6/10/5.6 | reward(game/avg): 30680/18366 | 1.10 games/s | ETA: 683s
[gpu0] [ 247/1000] samples:  12343 | chain(game/max/avg): 8/10/5.6 | reward(game/avg): 31220/18418 | 1.11 games/s | ETA: 680s
[gpu0] [ 248/1000] samples:  12393 | chain(game/max/avg): 5/10/5.6 | reward(game/avg): 17380/18414 | 1.11 games/s | ETA: 676s
[gpu0] [ 249/1000] samples:  12443 | chain(game/max/avg): 5/10/5.6 | reward(game/avg): 20810/18424 | 1.12 games/s | ETA: 672s
[gpu0] [ 250/1000] samples:  12493 | chain(game/max/avg): 5/10/5.6 | reward(game/avg): 11540/18396 | 1.12 games/s | ETA: 669s
[gpu0] [ 251/1000] samples:  12543 | chain(game/max/avg): 7/10/5.6 | reward(game/avg): 29700/18441 | 1.13 games/s | ETA: 665s
[gpu0] [ 252/1000] samples:  12593 | chain(game/max/avg): 6/10/5.6 | reward(game/avg): 12520/18418 | 1.13 games/s | ETA: 662s
[gpu0] [ 253/1000] samples:  12643 | chain(game/max/avg): 6/10/5.6 | reward(game/avg): 16820/18412 | 1.13 games/s | ETA: 659s
[gpu0] [ 254/1000] samples:  12693 | chain(game/max/avg): 6/10/5.6 | reward(game/avg): 21560/18424 | 1.14 games/s | ETA: 655s
[gpu0] [ 255/1000] samples:  12743 | chain(game/max/avg): 4/10/5.6 | reward(game/avg): 14560/18409 | 1.14 games/s | ETA: 652s
[gpu0] [ 256/1000] samples:  12793 | chain(game/max/avg): 6/10/5.6 | reward(game/avg): 23500/18429 | 1.15 games/s | ETA: 648s
[gpu0] [ 257/1000] samples:  12843 | chain(game/max/avg): 6/10/5.6 | reward(game/avg): 19570/18433 | 1.15 games/s | ETA: 645s
[gpu0] [ 258/1000] samples:  12893 | chain(game/max/avg): 5/10/5.6 | reward(game/avg): 12520/18410 | 1.16 games/s | ETA: 642s
[gpu0] [ 259/1000] samples:  12943 | chain(game/max/avg): 5/10/5.6 | reward(game/avg): 11700/18384 | 1.16 games/s | ETA: 639s
[gpu0] [ 260/1000] samples:  12993 | chain(game/max/avg): 8/10/5.6 | reward(game/avg): 31140/18433 | 1.16 games/s | ETA: 635s
[gpu0] [ 261/1000] samples:  13043 | chain(game/max/avg): 6/10/5.6 | reward(game/avg): 22310/18448 | 1.17 games/s | ETA: 632s
[gpu0] [ 262/1000] samples:  13093 | chain(game/max/avg): 5/10/5.6 | reward(game/avg): 19880/18454 | 1.17 games/s | ETA: 629s
[gpu0] [ 263/1000] samples:  13143 | chain(game/max/avg): 6/10/5.6 | reward(game/avg): 22280/18468 | 1.18 games/s | ETA: 626s
[gpu0] [ 264/1000] samples:  13193 | chain(game/max/avg): 6/10/5.6 | reward(game/avg): 27580/18503 | 1.18 games/s | ETA: 622s
[gpu0] [ 265/1000] samples:  13243 | chain(game/max/avg): 6/10/5.6 | reward(game/avg): 22100/18516 | 1.19 games/s | ETA: 619s
[gpu0] [ 266/1000] samples:  13293 | chain(game/max/avg): 7/10/5.6 | reward(game/avg): 29060/18556 | 1.19 games/s | ETA: 616s
[gpu0] [ 267/1000] samples:  13343 | chain(game/max/avg): 6/10/5.6 | reward(game/avg): 19640/18560 | 1.20 games/s | ETA: 613s
[gpu0] [ 268/1000] samples:  13393 | chain(game/max/avg): 6/10/5.6 | reward(game/avg): 13480/18541 | 1.20 games/s | ETA: 610s
[gpu0] [ 269/1000] samples:  13443 | chain(game/max/avg): 5/10/5.6 | reward(game/avg): 22110/18554 | 1.20 games/s | ETA: 607s
[gpu0] [ 270/1000] samples:  13493 | chain(game/max/avg): 6/10/5.6 | reward(game/avg): 28140/18590 | 1.21 games/s | ETA: 604s
[gpu0] [ 271/1000] samples:  13543 | chain(game/max/avg): 6/10/5.6 | reward(game/avg): 20780/18598 | 1.21 games/s | ETA: 601s
[gpu0] [ 272/1000] samples:  13593 | chain(game/max/avg): 5/10/5.6 | reward(game/avg): 16920/18592 | 1.22 games/s | ETA: 598s
[gpu0] [ 273/1000] samples:  13643 | chain(game/max/avg): 5/10/5.6 | reward(game/avg): 18860/18593 | 1.22 games/s | ETA: 595s
[gpu0] [ 274/1000] samples:  13693 | chain(game/max/avg): 7/10/5.6 | reward(game/avg): 24800/18615 | 1.23 games/s | ETA: 592s
[gpu0] [ 275/1000] samples:  13743 | chain(game/max/avg): 6/10/5.6 | reward(game/avg): 26240/18643 | 1.23 games/s | ETA: 589s
[gpu0] [ 276/1000] samples:  13793 | chain(game/max/avg): 6/10/5.6 | reward(game/avg): 20720/18651 | 1.23 games/s | ETA: 586s
[gpu0] [ 277/1000] samples:  13843 | chain(game/max/avg): 6/10/5.6 | reward(game/avg): 23640/18669 | 1.24 games/s | ETA: 584s
[gpu0] [ 278/1000] samples:  13893 | chain(game/max/avg): 8/10/5.6 | reward(game/avg): 35500/18729 | 1.24 games/s | ETA: 581s
[gpu0] [ 279/1000] samples:  13943 | chain(game/max/avg): 6/10/5.6 | reward(game/avg): 19970/18734 | 1.25 games/s | ETA: 578s
[gpu0] [ 280/1000] samples:  13993 | chain(game/max/avg): 8/10/5.6 | reward(game/avg): 32830/18784 | 1.25 games/s | ETA: 575s
[gpu0] [ 281/1000] samples:  14043 | chain(game/max/avg): 5/10/5.6 | reward(game/avg): 13780/18766 | 1.26 games/s | ETA: 572s
[gpu0] [ 282/1000] samples:  14093 | chain(game/max/avg): 6/10/5.6 | reward(game/avg): 22890/18781 | 1.26 games/s | ETA: 569s
[gpu0] [ 283/1000] samples:  14143 | chain(game/max/avg): 5/10/5.6 | reward(game/avg): 15960/18771 | 1.27 games/s | ETA: 567s
[gpu0] [ 284/1000] samples:  14193 | chain(game/max/avg): 6/10/5.6 | reward(game/avg): 12900/18750 | 1.27 games/s | ETA: 564s
[gpu0] [ 285/1000] samples:  14243 | chain(game/max/avg): 6/10/5.6 | reward(game/avg): 21280/18759 | 1.27 games/s | ETA: 561s
[gpu0] [ 286/1000] samples:  14293 | chain(game/max/avg): 6/10/5.6 | reward(game/avg): 22040/18770 | 1.28 games/s | ETA: 558s
[gpu0] [ 287/1000] samples:  14343 | chain(game/max/avg): 6/10/5.6 | reward(game/avg): 26940/18799 | 1.28 games/s | ETA: 556s
[gpu0] [ 288/1000] samples:  14393 | chain(game/max/avg): 6/10/5.6 | reward(game/avg): 25630/18823 | 1.29 games/s | ETA: 553s
[gpu0] [ 289/1000] samples:  14443 | chain(game/max/avg): 5/10/5.6 | reward(game/avg): 21760/18833 | 1.29 games/s | ETA: 550s
[gpu0] [ 290/1000] samples:  14493 | chain(game/max/avg): 6/10/5.6 | reward(game/avg): 21100/18841 | 1.30 games/s | ETA: 548s
[gpu0] [ 291/1000] samples:  14543 | chain(game/max/avg): 5/10/5.6 | reward(game/avg): 16640/18833 | 1.30 games/s | ETA: 545s
[gpu0] [ 292/1000] samples:  14593 | chain(game/max/avg): 5/10/5.6 | reward(game/avg): 22620/18846 | 1.30 games/s | ETA: 543s
[gpu0] [ 293/1000] samples:  14643 | chain(game/max/avg): 7/10/5.6 | reward(game/avg): 20800/18853 | 1.31 games/s | ETA: 540s
[gpu0] [ 294/1000] samples:  14693 | chain(game/max/avg): 6/10/5.6 | reward(game/avg): 20610/18859 | 1.31 games/s | ETA: 537s
[gpu0] [ 295/1000] samples:  14743 | chain(game/max/avg): 7/10/5.7 | reward(game/avg): 34380/18911 | 1.32 games/s | ETA: 535s
[gpu0] [ 296/1000] samples:  14793 | chain(game/max/avg): 6/10/5.7 | reward(game/avg): 20580/18917 | 1.32 games/s | ETA: 532s
[gpu0] [ 297/1000] samples:  14843 | chain(game/max/avg): 7/10/5.7 | reward(game/avg): 43640/19000 | 1.33 games/s | ETA: 530s
[gpu0] [ 298/1000] samples:  14893 | chain(game/max/avg): 6/10/5.7 | reward(game/avg): 19540/19002 | 1.33 games/s | ETA: 527s
[gpu0] [ 299/1000] samples:  14943 | chain(game/max/avg): 5/10/5.7 | reward(game/avg): 10070/18972 | 1.34 games/s | ETA: 525s
[gpu0] [ 300/1000] samples:  14993 | chain(game/max/avg): 6/10/5.7 | reward(game/avg): 24770/18991 | 1.34 games/s | ETA: 522s
[gpu0] [ 301/1000] samples:  15043 | chain(game/max/avg): 5/10/5.7 | reward(game/avg): 17160/18985 | 1.34 games/s | ETA: 520s
[gpu0] [ 302/1000] samples:  15093 | chain(game/max/avg): 4/10/5.7 | reward(game/avg): 8860/18952 | 1.35 games/s | ETA: 517s
[gpu0] [ 303/1000] samples:  15143 | chain(game/max/avg): 6/10/5.7 | reward(game/avg): 27200/18979 | 1.35 games/s | ETA: 515s
[gpu0] [ 304/1000] samples:  15193 | chain(game/max/avg): 6/10/5.7 | reward(game/avg): 23030/18992 | 1.36 games/s | ETA: 513s
[gpu0] [ 305/1000] samples:  15243 | chain(game/max/avg): 7/10/5.7 | reward(game/avg): 29460/19027 | 1.36 games/s | ETA: 510s
[gpu0] [ 306/1000] samples:  15293 | chain(game/max/avg): 5/10/5.7 | reward(game/avg): 23960/19043 | 1.37 games/s | ETA: 508s
[gpu0] [ 307/1000] samples:  15343 | chain(game/max/avg): 6/10/5.7 | reward(game/avg): 30920/19081 | 1.37 games/s | ETA: 506s
[gpu0] [ 308/1000] samples:  15393 | chain(game/max/avg): 6/10/5.7 | reward(game/avg): 22930/19094 | 1.38 games/s | ETA: 503s
[gpu0] [ 309/1000] samples:  15443 | chain(game/max/avg): 6/10/5.7 | reward(game/avg): 30790/19132 | 1.38 games/s | ETA: 501s
[gpu0] [ 310/1000] samples:  15493 | chain(game/max/avg): 5/10/5.7 | reward(game/avg): 10610/19104 | 1.38 games/s | ETA: 499s
[gpu0] [ 311/1000] samples:  15543 | chain(game/max/avg): 6/10/5.7 | reward(game/avg): 19860/19107 | 1.39 games/s | ETA: 496s
[gpu0] [ 312/1000] samples:  15593 | chain(game/max/avg): 5/10/5.7 | reward(game/avg): 14960/19093 | 1.39 games/s | ETA: 494s
[gpu0] [ 313/1000] samples:  15643 | chain(game/max/avg): 6/10/5.7 | reward(game/avg): 21300/19101 | 1.40 games/s | ETA: 492s
[gpu0] [ 314/1000] samples:  15693 | chain(game/max/avg): 5/10/5.7 | reward(game/avg): 20110/19104 | 1.40 games/s | ETA: 490s
[gpu0] [ 315/1000] samples:  15743 | chain(game/max/avg): 6/10/5.7 | reward(game/avg): 25880/19125 | 1.41 games/s | ETA: 487s
[gpu0] [ 316/1000] samples:  15793 | chain(game/max/avg): 7/10/5.7 | reward(game/avg): 36510/19180 | 1.41 games/s | ETA: 485s
[gpu0] [ 317/1000] samples:  15843 | chain(game/max/avg): 5/10/5.7 | reward(game/avg): 17850/19176 | 1.41 games/s | ETA: 483s
[gpu0] [ 318/1000] samples:  15893 | chain(game/max/avg): 5/10/5.7 | reward(game/avg): 14200/19160 | 1.42 games/s | ETA: 481s
[gpu0] [ 319/1000] samples:  15943 | chain(game/max/avg): 5/10/5.7 | reward(game/avg): 20610/19165 | 1.42 games/s | ETA: 478s
[gpu0] [ 320/1000] samples:  15993 | chain(game/max/avg): 6/10/5.7 | reward(game/avg): 20000/19168 | 1.43 games/s | ETA: 476s
[gpu0] [ 321/1000] samples:  16043 | chain(game/max/avg): 7/10/5.7 | reward(game/avg): 24880/19185 | 1.43 games/s | ETA: 474s
[gpu0] [ 322/1000] samples:  16093 | chain(game/max/avg): 6/10/5.7 | reward(game/avg): 21030/19191 | 1.44 games/s | ETA: 472s
[gpu0] [ 323/1000] samples:  16143 | chain(game/max/avg): 5/10/5.7 | reward(game/avg): 16380/19182 | 1.44 games/s | ETA: 470s
[gpu0] [ 324/1000] samples:  16193 | chain(game/max/avg): 6/10/5.7 | reward(game/avg): 20430/19186 | 1.45 games/s | ETA: 468s
[gpu0] [ 325/1000] samples:  16243 | chain(game/max/avg): 7/10/5.7 | reward(game/avg): 36680/19240 | 1.45 games/s | ETA: 466s
[gpu0] [ 326/1000] samples:  16293 | chain(game/max/avg): 5/10/5.7 | reward(game/avg): 19850/19242 | 1.45 games/s | ETA: 464s
[gpu0] [ 327/1000] samples:  16343 | chain(game/max/avg): 7/10/5.7 | reward(game/avg): 30160/19275 | 1.46 games/s | ETA: 461s
[gpu0] [ 328/1000] samples:  16393 | chain(game/max/avg): 5/10/5.7 | reward(game/avg): 19140/19275 | 1.46 games/s | ETA: 459s
[gpu0] [ 329/1000] samples:  16443 | chain(game/max/avg): 6/10/5.7 | reward(game/avg): 22080/19283 | 1.47 games/s | ETA: 457s
[gpu0] [ 330/1000] samples:  16493 | chain(game/max/avg): 5/10/5.7 | reward(game/avg): 21080/19289 | 1.47 games/s | ETA: 455s
[gpu0] [ 331/1000] samples:  16543 | chain(game/max/avg): 6/10/5.7 | reward(game/avg): 31960/19327 | 1.48 games/s | ETA: 453s
[gpu0] [ 332/1000] samples:  16593 | chain(game/max/avg): 5/10/5.7 | reward(game/avg): 21240/19333 | 1.48 games/s | ETA: 451s
[gpu0] [ 333/1000] samples:  16643 | chain(game/max/avg): 6/10/5.7 | reward(game/avg): 20520/19337 | 1.48 games/s | ETA: 449s
[gpu0] [ 334/1000] samples:  16693 | chain(game/max/avg): 6/10/5.7 | reward(game/avg): 23630/19349 | 1.49 games/s | ETA: 447s
[gpu0] [ 335/1000] samples:  16743 | chain(game/max/avg): 7/10/5.7 | reward(game/avg): 29220/19379 | 1.49 games/s | ETA: 445s
[gpu0] [ 336/1000] samples:  16793 | chain(game/max/avg): 6/10/5.7 | reward(game/avg): 27900/19404 | 1.50 games/s | ETA: 443s
[gpu0] [ 337/1000] samples:  16843 | chain(game/max/avg): 6/10/5.7 | reward(game/avg): 24140/19418 | 1.50 games/s | ETA: 441s
[gpu0] [ 338/1000] samples:  16893 | chain(game/max/avg): 6/10/5.7 | reward(game/avg): 33860/19461 | 1.51 games/s | ETA: 439s
[gpu0] [ 339/1000] samples:  16943 | chain(game/max/avg): 6/10/5.7 | reward(game/avg): 19780/19462 | 1.51 games/s | ETA: 437s
[gpu0] [ 340/1000] samples:  16993 | chain(game/max/avg): 6/10/5.7 | reward(game/avg): 26540/19483 | 1.52 games/s | ETA: 436s
[gpu0] [ 341/1000] samples:  17043 | chain(game/max/avg): 6/10/5.7 | reward(game/avg): 19860/19484 | 1.52 games/s | ETA: 434s
[gpu0] [ 342/1000] samples:  17093 | chain(game/max/avg): 6/10/5.7 | reward(game/avg): 19600/19484 | 1.52 games/s | ETA: 432s
[gpu0] [ 343/1000] samples:  17143 | chain(game/max/avg): 7/10/5.7 | reward(game/avg): 23300/19495 | 1.53 games/s | ETA: 430s
[gpu0] [ 344/1000] samples:  17193 | chain(game/max/avg): 4/10/5.7 | reward(game/avg): 9360/19466 | 1.53 games/s | ETA: 428s
[gpu0] [ 345/1000] samples:  17243 | chain(game/max/avg): 5/10/5.7 | reward(game/avg): 21640/19472 | 1.54 games/s | ETA: 426s
[gpu0] [ 346/1000] samples:  17293 | chain(game/max/avg): 6/10/5.7 | reward(game/avg): 23660/19484 | 1.54 games/s | ETA: 424s
[gpu0] [ 347/1000] samples:  17343 | chain(game/max/avg): 6/10/5.7 | reward(game/avg): 22760/19494 | 1.55 games/s | ETA: 422s
[gpu0] [ 348/1000] samples:  17393 | chain(game/max/avg): 6/10/5.7 | reward(game/avg): 26260/19513 | 1.55 games/s | ETA: 421s
[gpu0] [ 349/1000] samples:  17443 | chain(game/max/avg): 7/10/5.7 | reward(game/avg): 30960/19546 | 1.55 games/s | ETA: 419s
[gpu0] [ 350/1000] samples:  17493 | chain(game/max/avg): 6/10/5.7 | reward(game/avg): 22090/19553 | 1.56 games/s | ETA: 417s
[gpu0] [ 351/1000] samples:  17543 | chain(game/max/avg): 6/10/5.7 | reward(game/avg): 23120/19563 | 1.56 games/s | ETA: 415s
[gpu0] [ 352/1000] samples:  17593 | chain(game/max/avg): 6/10/5.7 | reward(game/avg): 23230/19574 | 1.57 games/s | ETA: 413s
[gpu0] [ 353/1000] samples:  17643 | chain(game/max/avg): 5/10/5.7 | reward(game/avg): 22050/19581 | 1.57 games/s | ETA: 411s
[gpu0] [ 354/1000] samples:  17693 | chain(game/max/avg): 6/10/5.7 | reward(game/avg): 20620/19584 | 1.58 games/s | ETA: 410s
[gpu0] [ 355/1000] samples:  17743 | chain(game/max/avg): 6/10/5.7 | reward(game/avg): 25370/19600 | 1.58 games/s | ETA: 408s
[gpu0] [ 356/1000] samples:  17793 | chain(game/max/avg): 5/10/5.7 | reward(game/avg): 18580/19597 | 1.59 games/s | ETA: 406s
[gpu0] [ 357/1000] samples:  17843 | chain(game/max/avg): 6/10/5.7 | reward(game/avg): 25020/19612 | 1.59 games/s | ETA: 404s
[gpu0] [ 358/1000] samples:  17893 | chain(game/max/avg): 7/10/5.7 | reward(game/avg): 25500/19629 | 1.59 games/s | ETA: 403s
[gpu0] [ 359/1000] samples:  17943 | chain(game/max/avg): 6/10/5.7 | reward(game/avg): 17950/19624 | 1.60 games/s | ETA: 401s
[gpu0] [ 360/1000] samples:  17993 | chain(game/max/avg): 5/10/5.7 | reward(game/avg): 12360/19604 | 1.60 games/s | ETA: 399s
[gpu0] [ 361/1000] samples:  18043 | chain(game/max/avg): 6/10/5.7 | reward(game/avg): 18460/19601 | 1.61 games/s | ETA: 398s
[gpu0] [ 362/1000] samples:  18093 | chain(game/max/avg): 6/10/5.7 | reward(game/avg): 24630/19615 | 1.61 games/s | ETA: 396s
[gpu0] [ 363/1000] samples:  18143 | chain(game/max/avg): 5/10/5.7 | reward(game/avg): 18540/19612 | 1.62 games/s | ETA: 394s
[gpu0] [ 364/1000] samples:  18193 | chain(game/max/avg): 5/10/5.7 | reward(game/avg): 13960/19596 | 1.62 games/s | ETA: 392s
[gpu0] [ 365/1000] samples:  18243 | chain(game/max/avg): 6/10/5.7 | reward(game/avg): 26720/19616 | 1.62 games/s | ETA: 391s
[gpu0] [ 366/1000] samples:  18293 | chain(game/max/avg): 6/10/5.7 | reward(game/avg): 17460/19610 | 1.63 games/s | ETA: 389s
[gpu0] [ 367/1000] samples:  18343 | chain(game/max/avg): 7/10/5.7 | reward(game/avg): 33180/19647 | 1.63 games/s | ETA: 387s
[gpu0] [ 368/1000] samples:  18393 | chain(game/max/avg): 5/10/5.7 | reward(game/avg): 15300/19635 | 1.64 games/s | ETA: 386s
[gpu0] [ 369/1000] samples:  18443 | chain(game/max/avg): 6/10/5.7 | reward(game/avg): 18480/19632 | 1.64 games/s | ETA: 384s
[gpu0] [ 370/1000] samples:  18493 | chain(game/max/avg): 5/10/5.7 | reward(game/avg): 14720/19619 | 1.65 games/s | ETA: 383s
[gpu0] [ 371/1000] samples:  18543 | chain(game/max/avg): 5/10/5.7 | reward(game/avg): 16720/19611 | 1.65 games/s | ETA: 381s
[gpu0] [ 372/1000] samples:  18593 | chain(game/max/avg): 7/10/5.7 | reward(game/avg): 30820/19641 | 1.66 games/s | ETA: 379s
[gpu0] [ 373/1000] samples:  18643 | chain(game/max/avg): 6/10/5.7 | reward(game/avg): 18680/19638 | 1.66 games/s | ETA: 378s
[gpu0] [ 374/1000] samples:  18693 | chain(game/max/avg): 6/10/5.7 | reward(game/avg): 25160/19653 | 1.66 games/s | ETA: 376s
[gpu0] [ 375/1000] samples:  18743 | chain(game/max/avg): 7/10/5.7 | reward(game/avg): 34340/19692 | 1.67 games/s | ETA: 375s
[gpu0] [ 376/1000] samples:  18793 | chain(game/max/avg): 6/10/5.7 | reward(game/avg): 23860/19703 | 1.67 games/s | ETA: 373s
[gpu0] [ 377/1000] samples:  18843 | chain(game/max/avg): 6/10/5.7 | reward(game/avg): 20520/19705 | 1.68 games/s | ETA: 371s
[gpu0] [ 378/1000] samples:  18893 | chain(game/max/avg): 6/10/5.7 | reward(game/avg): 20800/19708 | 1.68 games/s | ETA: 370s
[gpu0] [ 379/1000] samples:  18943 | chain(game/max/avg): 5/10/5.7 | reward(game/avg): 19200/19707 | 1.69 games/s | ETA: 368s
[gpu0] [ 380/1000] samples:  18993 | chain(game/max/avg): 6/10/5.7 | reward(game/avg): 20990/19710 | 1.69 games/s | ETA: 367s
[gpu0] [ 381/1000] samples:  19043 | chain(game/max/avg): 6/10/5.7 | reward(game/avg): 16860/19703 | 1.70 games/s | ETA: 365s
[gpu0] [ 382/1000] samples:  19093 | chain(game/max/avg): 5/10/5.7 | reward(game/avg): 21640/19708 | 1.70 games/s | ETA: 364s
[gpu0] [ 383/1000] samples:  19143 | chain(game/max/avg): 6/10/5.7 | reward(game/avg): 30340/19736 | 1.70 games/s | ETA: 362s
[gpu0] [ 384/1000] samples:  19193 | chain(game/max/avg): 5/10/5.7 | reward(game/avg): 19790/19736 | 1.71 games/s | ETA: 361s
[gpu0] [ 385/1000] samples:  19243 | chain(game/max/avg): 5/10/5.7 | reward(game/avg): 19450/19735 | 1.71 games/s | ETA: 359s
[gpu0] [ 386/1000] samples:  19293 | chain(game/max/avg): 5/10/5.7 | reward(game/avg): 21800/19741 | 1.72 games/s | ETA: 358s
[gpu0] [ 387/1000] samples:  19343 | chain(game/max/avg): 5/10/5.7 | reward(game/avg): 16300/19732 | 1.72 games/s | ETA: 356s
[gpu0] [ 388/1000] samples:  19393 | chain(game/max/avg): 7/10/5.7 | reward(game/avg): 31240/19761 | 1.73 games/s | ETA: 355s
[gpu0] [ 389/1000] samples:  19443 | chain(game/max/avg): 7/10/5.7 | reward(game/avg): 34160/19798 | 1.73 games/s | ETA: 353s
[gpu0] [ 390/1000] samples:  19493 | chain(game/max/avg): 6/10/5.7 | reward(game/avg): 29870/19824 | 1.73 games/s | ETA: 352s
[gpu0] [ 391/1000] samples:  19543 | chain(game/max/avg): 6/10/5.7 | reward(game/avg): 25480/19839 | 1.74 games/s | ETA: 350s
[gpu0] [ 392/1000] samples:  19593 | chain(game/max/avg): 6/10/5.7 | reward(game/avg): 19430/19838 | 1.74 games/s | ETA: 349s
[gpu0] [ 393/1000] samples:  19643 | chain(game/max/avg): 6/10/5.7 | reward(game/avg): 26140/19854 | 1.75 games/s | ETA: 347s
[gpu0] [ 394/1000] samples:  19693 | chain(game/max/avg): 7/10/5.7 | reward(game/avg): 27320/19873 | 1.75 games/s | ETA: 346s
[gpu0] [ 395/1000] samples:  19743 | chain(game/max/avg): 5/10/5.7 | reward(game/avg): 16500/19864 | 1.76 games/s | ETA: 344s
[gpu0] [ 396/1000] samples:  19793 | chain(game/max/avg): 6/10/5.7 | reward(game/avg): 23780/19874 | 1.76 games/s | ETA: 343s
[gpu0] [ 397/1000] samples:  19843 | chain(game/max/avg): 6/10/5.7 | reward(game/avg): 26740/19891 | 1.77 games/s | ETA: 342s
[gpu0] [ 398/1000] samples:  19893 | chain(game/max/avg): 5/10/5.7 | reward(game/avg): 14580/19878 | 1.77 games/s | ETA: 340s
[gpu0] [ 399/1000] samples:  19943 | chain(game/max/avg): 5/10/5.7 | reward(game/avg): 19680/19877 | 1.77 games/s | ETA: 339s
[gpu0] [ 400/1000] samples:  19993 | chain(game/max/avg): 6/10/5.7 | reward(game/avg): 28000/19898 | 1.78 games/s | ETA: 337s
[gpu0] [ 401/1000] samples:  20043 | chain(game/max/avg): 6/10/5.7 | reward(game/avg): 20030/19898 | 1.78 games/s | ETA: 336s
[gpu0] [ 402/1000] samples:  20093 | chain(game/max/avg): 6/10/5.7 | reward(game/avg): 20980/19901 | 1.79 games/s | ETA: 335s
[gpu0] [ 403/1000] samples:  20143 | chain(game/max/avg): 6/10/5.7 | reward(game/avg): 35940/19940 | 1.79 games/s | ETA: 333s
[gpu0] [ 404/1000] samples:  20193 | chain(game/max/avg): 6/10/5.7 | reward(game/avg): 20240/19941 | 1.80 games/s | ETA: 332s
[gpu0] [ 405/1000] samples:  20243 | chain(game/max/avg): 6/10/5.7 | reward(game/avg): 24930/19954 | 1.80 games/s | ETA: 331s
[gpu0] [ 406/1000] samples:  20293 | chain(game/max/avg): 5/10/5.7 | reward(game/avg): 20380/19955 | 1.80 games/s | ETA: 329s
[gpu0] [ 407/1000] samples:  20343 | chain(game/max/avg): 6/10/5.7 | reward(game/avg): 21520/19958 | 1.81 games/s | ETA: 328s
[gpu0] [ 408/1000] samples:  20393 | chain(game/max/avg): 6/10/5.7 | reward(game/avg): 25350/19972 | 1.81 games/s | ETA: 326s
[gpu0] [ 409/1000] samples:  20443 | chain(game/max/avg): 7/10/5.7 | reward(game/avg): 25940/19986 | 1.82 games/s | ETA: 325s
[gpu0] [ 410/1000] samples:  20493 | chain(game/max/avg): 6/10/5.7 | reward(game/avg): 16140/19977 | 1.82 games/s | ETA: 324s
[gpu0] [ 411/1000] samples:  20543 | chain(game/max/avg): 4/10/5.7 | reward(game/avg): 9900/19952 | 1.83 games/s | ETA: 323s
[gpu0] [ 412/1000] samples:  20593 | chain(game/max/avg): 7/10/5.7 | reward(game/avg): 40850/20003 | 1.83 games/s | ETA: 321s
[gpu0] [ 413/1000] samples:  20643 | chain(game/max/avg): 6/10/5.7 | reward(game/avg): 24520/20014 | 1.84 games/s | ETA: 320s
[gpu0] [ 414/1000] samples:  20693 | chain(game/max/avg): 6/10/5.7 | reward(game/avg): 19700/20013 | 1.84 games/s | ETA: 319s
[gpu0] [ 415/1000] samples:  20743 | chain(game/max/avg): 6/10/5.7 | reward(game/avg): 30450/20038 | 1.84 games/s | ETA: 317s
[gpu0] [ 416/1000] samples:  20793 | chain(game/max/avg): 5/10/5.7 | reward(game/avg): 22420/20044 | 1.85 games/s | ETA: 316s
[gpu0] [ 417/1000] samples:  20843 | chain(game/max/avg): 6/10/5.7 | reward(game/avg): 26080/20059 | 1.85 games/s | ETA: 315s
[gpu0] [ 418/1000] samples:  20893 | chain(game/max/avg): 7/10/5.7 | reward(game/avg): 24770/20070 | 1.86 games/s | ETA: 313s
[gpu0] [ 419/1000] samples:  20943 | chain(game/max/avg): 6/10/5.7 | reward(game/avg): 23780/20079 | 1.86 games/s | ETA: 312s
[gpu0] [ 420/1000] samples:  20993 | chain(game/max/avg): 6/10/5.7 | reward(game/avg): 21900/20083 | 1.87 games/s | ETA: 311s
[gpu0] [ 421/1000] samples:  21043 | chain(game/max/avg): 5/10/5.7 | reward(game/avg): 15880/20073 | 1.87 games/s | ETA: 310s
[gpu0] [ 422/1000] samples:  21093 | chain(game/max/avg): 6/10/5.7 | reward(game/avg): 22760/20079 | 1.87 games/s | ETA: 308s
[gpu0] [ 423/1000] samples:  21143 | chain(game/max/avg): 5/10/5.7 | reward(game/avg): 19920/20079 | 1.88 games/s | ETA: 307s
[gpu0] [ 424/1000] samples:  21193 | chain(game/max/avg): 6/10/5.7 | reward(game/avg): 27770/20097 | 1.88 games/s | ETA: 306s
[gpu0] [ 425/1000] samples:  21243 | chain(game/max/avg): 6/10/5.7 | reward(game/avg): 20450/20098 | 1.89 games/s | ETA: 305s
[gpu0] [ 426/1000] samples:  21293 | chain(game/max/avg): 5/10/5.7 | reward(game/avg): 15290/20087 | 1.89 games/s | ETA: 303s
[gpu0] [ 427/1000] samples:  21343 | chain(game/max/avg): 7/10/5.7 | reward(game/avg): 22100/20091 | 1.90 games/s | ETA: 302s
[gpu0] [ 428/1000] samples:  21393 | chain(game/max/avg): 4/10/5.7 | reward(game/avg): 15080/20080 | 1.90 games/s | ETA: 301s
[gpu0] [ 429/1000] samples:  21443 | chain(game/max/avg): 5/10/5.7 | reward(game/avg): 13300/20064 | 1.91 games/s | ETA: 300s
[gpu0] [ 430/1000] samples:  21493 | chain(game/max/avg): 6/10/5.7 | reward(game/avg): 25060/20076 | 1.91 games/s | ETA: 299s
[gpu0] [ 431/1000] samples:  21543 | chain(game/max/avg): 7/10/5.7 | reward(game/avg): 24280/20085 | 1.91 games/s | ETA: 297s
[gpu0] [ 432/1000] samples:  21593 | chain(game/max/avg): 7/10/5.7 | reward(game/avg): 30160/20109 | 1.92 games/s | ETA: 296s
[gpu0] [ 433/1000] samples:  21643 | chain(game/max/avg): 6/10/5.7 | reward(game/avg): 28660/20128 | 1.92 games/s | ETA: 295s
[gpu0] [ 434/1000] samples:  21693 | chain(game/max/avg): 5/10/5.7 | reward(game/avg): 17840/20123 | 1.93 games/s | ETA: 294s
[gpu0] [ 435/1000] samples:  21743 | chain(game/max/avg): 7/10/5.7 | reward(game/avg): 25360/20135 | 1.93 games/s | ETA: 293s
[gpu0] [ 436/1000] samples:  21793 | chain(game/max/avg): 6/10/5.7 | reward(game/avg): 19750/20134 | 1.94 games/s | ETA: 291s
[gpu0] [ 437/1000] samples:  21843 | chain(game/max/avg): 6/10/5.7 | reward(game/avg): 19780/20133 | 1.94 games/s | ETA: 290s
[gpu0] [ 438/1000] samples:  21893 | chain(game/max/avg): 6/10/5.7 | reward(game/avg): 29160/20154 | 1.94 games/s | ETA: 289s
[gpu0] [ 439/1000] samples:  21943 | chain(game/max/avg): 5/10/5.7 | reward(game/avg): 20640/20155 | 1.95 games/s | ETA: 288s
[gpu0] [ 440/1000] samples:  21993 | chain(game/max/avg): 5/10/5.7 | reward(game/avg): 15560/20145 | 1.95 games/s | ETA: 287s
[gpu0] [ 441/1000] samples:  22043 | chain(game/max/avg): 6/10/5.7 | reward(game/avg): 25900/20158 | 1.96 games/s | ETA: 286s
[gpu0] [ 442/1000] samples:  22093 | chain(game/max/avg): 6/10/5.7 | reward(game/avg): 25520/20170 | 1.96 games/s | ETA: 284s
[gpu0] [ 443/1000] samples:  22143 | chain(game/max/avg): 5/10/5.7 | reward(game/avg): 16980/20163 | 1.97 games/s | ETA: 283s
[gpu0] [ 444/1000] samples:  22193 | chain(game/max/avg): 6/10/5.7 | reward(game/avg): 24760/20173 | 1.97 games/s | ETA: 282s
[gpu0] [ 445/1000] samples:  22243 | chain(game/max/avg): 5/10/5.7 | reward(game/avg): 19000/20170 | 1.97 games/s | ETA: 281s
[gpu0] [ 446/1000] samples:  22293 | chain(game/max/avg): 6/10/5.7 | reward(game/avg): 21980/20174 | 1.98 games/s | ETA: 280s
[gpu0] [ 447/1000] samples:  22343 | chain(game/max/avg): 6/10/5.7 | reward(game/avg): 24660/20185 | 1.98 games/s | ETA: 279s
[gpu0] [ 448/1000] samples:  22393 | chain(game/max/avg): 5/10/5.7 | reward(game/avg): 22350/20189 | 1.99 games/s | ETA: 278s
[gpu0] [ 449/1000] samples:  22443 | chain(game/max/avg): 6/10/5.7 | reward(game/avg): 20640/20190 | 1.99 games/s | ETA: 277s
[gpu0] [ 450/1000] samples:  22493 | chain(game/max/avg): 6/10/5.7 | reward(game/avg): 22260/20195 | 2.00 games/s | ETA: 275s
[gpu0] [ 451/1000] samples:  22543 | chain(game/max/avg): 6/10/5.7 | reward(game/avg): 23440/20202 | 2.00 games/s | ETA: 274s
[gpu0] [ 452/1000] samples:  22593 | chain(game/max/avg): 5/10/5.7 | reward(game/avg): 17250/20196 | 2.01 games/s | ETA: 273s
[gpu0] [ 453/1000] samples:  22643 | chain(game/max/avg): 6/10/5.7 | reward(game/avg): 18000/20191 | 2.01 games/s | ETA: 272s
[gpu0] [ 454/1000] samples:  22693 | chain(game/max/avg): 5/10/5.7 | reward(game/avg): 20850/20192 | 2.01 games/s | ETA: 271s
[gpu0] [ 455/1000] samples:  22743 | chain(game/max/avg): 6/10/5.7 | reward(game/avg): 30390/20215 | 2.02 games/s | ETA: 270s
[gpu0] [ 456/1000] samples:  22793 | chain(game/max/avg): 6/10/5.7 | reward(game/avg): 24900/20225 | 2.02 games/s | ETA: 269s
[gpu0] [ 457/1000] samples:  22843 | chain(game/max/avg): 6/10/5.7 | reward(game/avg): 20670/20226 | 2.03 games/s | ETA: 268s
[gpu0] [ 458/1000] samples:  22893 | chain(game/max/avg): 6/10/5.7 | reward(game/avg): 25820/20238 | 2.03 games/s | ETA: 267s
[gpu0] [ 459/1000] samples:  22943 | chain(game/max/avg): 5/10/5.7 | reward(game/avg): 22710/20243 | 2.04 games/s | ETA: 266s
[gpu0] [ 460/1000] samples:  22993 | chain(game/max/avg): 6/10/5.7 | reward(game/avg): 24600/20253 | 2.04 games/s | ETA: 265s
[gpu0] [ 461/1000] samples:  23043 | chain(game/max/avg): 5/10/5.7 | reward(game/avg): 20400/20253 | 2.04 games/s | ETA: 264s
[gpu0] [ 462/1000] samples:  23093 | chain(game/max/avg): 5/10/5.7 | reward(game/avg): 17620/20248 | 2.05 games/s | ETA: 263s
[gpu0] [ 463/1000] samples:  23143 | chain(game/max/avg): 8/10/5.7 | reward(game/avg): 35640/20281 | 2.05 games/s | ETA: 262s
[gpu0] [ 464/1000] samples:  23193 | chain(game/max/avg): 5/10/5.7 | reward(game/avg): 20840/20282 | 2.06 games/s | ETA: 261s
[gpu0] [ 465/1000] samples:  23243 | chain(game/max/avg): 5/10/5.7 | reward(game/avg): 18760/20279 | 2.06 games/s | ETA: 259s
[gpu0] [ 466/1000] samples:  23293 | chain(game/max/avg): 7/10/5.7 | reward(game/avg): 22680/20284 | 2.07 games/s | ETA: 258s
[gpu0] [ 467/1000] samples:  23343 | chain(game/max/avg): 6/10/5.7 | reward(game/avg): 18570/20280 | 2.07 games/s | ETA: 257s
[gpu0] [ 468/1000] samples:  23393 | chain(game/max/avg): 5/10/5.7 | reward(game/avg): 13200/20265 | 2.08 games/s | ETA: 256s
[gpu0] [ 469/1000] samples:  23443 | chain(game/max/avg): 7/10/5.7 | reward(game/avg): 27060/20280 | 2.08 games/s | ETA: 255s
[gpu0] [ 470/1000] samples:  23493 | chain(game/max/avg): 7/10/5.7 | reward(game/avg): 32250/20305 | 2.08 games/s | ETA: 254s
[gpu0] [ 471/1000] samples:  23543 | chain(game/max/avg): 6/10/5.7 | reward(game/avg): 21840/20308 | 2.09 games/s | ETA: 253s
[gpu0] [ 472/1000] samples:  23593 | chain(game/max/avg): 5/10/5.7 | reward(game/avg): 20540/20309 | 2.09 games/s | ETA: 252s
[gpu0] [ 473/1000] samples:  23643 | chain(game/max/avg): 6/10/5.7 | reward(game/avg): 16540/20301 | 2.10 games/s | ETA: 251s
[gpu0] [ 474/1000] samples:  23693 | chain(game/max/avg): 4/10/5.7 | reward(game/avg): 12890/20285 | 2.10 games/s | ETA: 250s
[gpu0] [ 475/1000] samples:  23743 | chain(game/max/avg): 7/10/5.7 | reward(game/avg): 27860/20301 | 2.10 games/s | ETA: 249s
[gpu0] [ 476/1000] samples:  23793 | chain(game/max/avg): 6/10/5.7 | reward(game/avg): 23380/20308 | 2.11 games/s | ETA: 248s
[gpu0] [ 477/1000] samples:  23843 | chain(game/max/avg): 5/10/5.7 | reward(game/avg): 14360/20295 | 2.11 games/s | ETA: 247s
[gpu0] [ 478/1000] samples:  23893 | chain(game/max/avg): 5/10/5.7 | reward(game/avg): 15680/20286 | 2.12 games/s | ETA: 247s
[gpu0] [ 479/1000] samples:  23943 | chain(game/max/avg): 5/10/5.7 | reward(game/avg): 16400/20277 | 2.12 games/s | ETA: 246s
[gpu0] [ 480/1000] samples:  23993 | chain(game/max/avg): 6/10/5.7 | reward(game/avg): 23340/20284 | 2.13 games/s | ETA: 245s
[gpu0] [ 481/1000] samples:  24043 | chain(game/max/avg): 5/10/5.7 | reward(game/avg): 12480/20268 | 2.13 games/s | ETA: 244s
[gpu0] [ 482/1000] samples:  24093 | chain(game/max/avg): 6/10/5.7 | reward(game/avg): 15400/20257 | 2.13 games/s | ETA: 243s
[gpu0] [ 483/1000] samples:  24143 | chain(game/max/avg): 6/10/5.7 | reward(game/avg): 24440/20266 | 2.14 games/s | ETA: 242s
[gpu0] [ 484/1000] samples:  24193 | chain(game/max/avg): 5/10/5.7 | reward(game/avg): 19020/20264 | 2.14 games/s | ETA: 241s
[gpu0] [ 485/1000] samples:  24243 | chain(game/max/avg): 6/10/5.7 | reward(game/avg): 23220/20270 | 2.15 games/s | ETA: 240s
[gpu0] [ 486/1000] samples:  24293 | chain(game/max/avg): 7/10/5.7 | reward(game/avg): 17760/20264 | 2.15 games/s | ETA: 239s
[gpu0] [ 487/1000] samples:  24343 | chain(game/max/avg): 6/10/5.7 | reward(game/avg): 21950/20268 | 2.16 games/s | ETA: 238s
[gpu0] [ 488/1000] samples:  24393 | chain(game/max/avg): 6/10/5.7 | reward(game/avg): 24160/20276 | 2.16 games/s | ETA: 237s
[gpu0] [ 489/1000] samples:  24443 | chain(game/max/avg): 6/10/5.7 | reward(game/avg): 19580/20274 | 2.16 games/s | ETA: 236s
[gpu0] [ 490/1000] samples:  24493 | chain(game/max/avg): 6/10/5.7 | reward(game/avg): 24940/20284 | 2.17 games/s | ETA: 235s
[gpu0] [ 491/1000] samples:  24543 | chain(game/max/avg): 6/10/5.7 | reward(game/avg): 23250/20290 | 2.17 games/s | ETA: 234s
[gpu0] [ 492/1000] samples:  24593 | chain(game/max/avg): 5/10/5.7 | reward(game/avg): 13330/20276 | 2.17 games/s | ETA: 234s
[gpu0] [ 493/1000] samples:  24643 | chain(game/max/avg): 6/10/5.7 | reward(game/avg): 20760/20277 | 2.18 games/s | ETA: 233s
[gpu0] [ 494/1000] samples:  24693 | chain(game/max/avg): 6/10/5.7 | reward(game/avg): 14300/20265 | 2.18 games/s | ETA: 232s
[gpu0] [ 495/1000] samples:  24743 | chain(game/max/avg): 6/10/5.7 | reward(game/avg): 19410/20263 | 2.18 games/s | ETA: 231s
[gpu0] [ 496/1000] samples:  24793 | chain(game/max/avg): 5/10/5.7 | reward(game/avg): 13820/20250 | 2.19 games/s | ETA: 230s
[gpu0] [ 497/1000] samples:  24843 | chain(game/max/avg): 5/10/5.7 | reward(game/avg): 23770/20257 | 2.19 games/s | ETA: 230s
[gpu0] [ 498/1000] samples:  24893 | chain(game/max/avg): 5/10/5.7 | reward(game/avg): 19540/20256 | 2.19 games/s | ETA: 229s
[gpu0] [ 499/1000] samples:  24943 | chain(game/max/avg): 6/10/5.7 | reward(game/avg): 27560/20270 | 2.19 games/s | ETA: 228s
[gpu0] [ 500/1000] samples:  24993 | chain(game/max/avg): 5/10/5.7 | reward(game/avg): 17710/20265 | 2.19 games/s | ETA: 228s
[gpu0] [ 501/1000] samples:  25043 | chain(game/max/avg): 6/10/5.7 | reward(game/avg): 22050/20269 | 1.38 games/s | ETA: 363s
[gpu0] [ 502/1000] samples:  25087 | chain(game/max/avg): 1/10/5.7 | reward(game/avg): 260/20229 | 1.31 games/s | ETA: 381s
[gpu0] [ 503/1000] samples:  25132 | chain(game/max/avg): 4/10/5.7 | reward(game/avg): 3360/20195 | 1.31 games/s | ETA: 379s
[gpu0] [ 504/1000] samples:  25182 | chain(game/max/avg): 3/10/5.7 | reward(game/avg): 1700/20159 | 1.30 games/s | ETA: 382s
[gpu0] [ 505/1000] samples:  25232 | chain(game/max/avg): 7/10/5.7 | reward(game/avg): 17340/20153 | 1.27 games/s | ETA: 391s
[gpu0] [ 506/1000] samples:  25282 | chain(game/max/avg): 5/10/5.7 | reward(game/avg): 5700/20125 | 1.27 games/s | ETA: 390s
[gpu0] [ 507/1000] samples:  25332 | chain(game/max/avg): 6/10/5.7 | reward(game/avg): 20290/20125 | 1.25 games/s | ETA: 396s
[gpu0] [ 508/1000] samples:  25382 | chain(game/max/avg): 2/10/5.7 | reward(game/avg): 1260/20088 | 1.24 games/s | ETA: 395s
[gpu0] [ 509/1000] samples:  25432 | chain(game/max/avg): 5/10/5.7 | reward(game/avg): 18540/20085 | 1.24 games/s | ETA: 396s
[gpu0] [ 510/1000] samples:  25482 | chain(game/max/avg): 5/10/5.7 | reward(game/avg): 14140/20073 | 1.24 games/s | ETA: 394s
[gpu0] [ 511/1000] samples:  25532 | chain(game/max/avg): 3/10/5.7 | reward(game/avg): 3430/20040 | 1.24 games/s | ETA: 393s
[gpu0] [ 512/1000] samples:  25582 | chain(game/max/avg): 5/10/5.7 | reward(game/avg): 7140/20015 | 1.24 games/s | ETA: 393s
[gpu0] [ 513/1000] samples:  25632 | chain(game/max/avg): 6/10/5.7 | reward(game/avg): 19780/20015 | 1.24 games/s | ETA: 392s
[gpu0] [ 514/1000] samples:  25682 | chain(game/max/avg): 6/10/5.7 | reward(game/avg): 21940/20019 | 1.24 games/s | ETA: 390s
[gpu0] [ 515/1000] samples:  25732 | chain(game/max/avg): 7/10/5.7 | reward(game/avg): 26900/20032 | 1.24 games/s | ETA: 390s
[gpu0] [ 516/1000] samples:  25782 | chain(game/max/avg): 5/10/5.7 | reward(game/avg): 12800/20018 | 1.24 games/s | ETA: 389s
[gpu0] [ 517/1000] samples:  25832 | chain(game/max/avg): 7/10/5.7 | reward(game/avg): 24500/20027 | 1.25 games/s | ETA: 388s
[gpu0] [ 518/1000] samples:  25882 | chain(game/max/avg): 6/10/5.7 | reward(game/avg): 17950/20023 | 1.25 games/s | ETA: 386s
[gpu0] [ 519/1000] samples:  25932 | chain(game/max/avg): 2/10/5.7 | reward(game/avg): 1120/19986 | 1.25 games/s | ETA: 385s
[gpu0] [ 520/1000] samples:  25982 | chain(game/max/avg): 2/10/5.7 | reward(game/avg): 1140/19950 | 1.25 games/s | ETA: 383s
[gpu0] [ 521/1000] samples:  26032 | chain(game/max/avg): 6/10/5.7 | reward(game/avg): 18360/19947 | 1.25 games/s | ETA: 382s
[gpu0] [ 522/1000] samples:  26082 | chain(game/max/avg): 7/10/5.7 | reward(game/avg): 35220/19976 | 1.25 games/s | ETA: 381s
[gpu0] [ 523/1000] samples:  26132 | chain(game/max/avg): 6/10/5.7 | reward(game/avg): 24200/19984 | 1.26 games/s | ETA: 380s
[gpu0] [ 524/1000] samples:  26182 | chain(game/max/avg): 3/10/5.7 | reward(game/avg): 7150/19960 | 1.26 games/s | ETA: 379s
[gpu0] [ 525/1000] samples:  26232 | chain(game/max/avg): 5/10/5.7 | reward(game/avg): 10660/19942 | 1.26 games/s | ETA: 378s
[gpu0] [ 526/1000] samples:  26282 | chain(game/max/avg): 5/10/5.7 | reward(game/avg): 14760/19932 | 1.26 games/s | ETA: 377s
[gpu0] [ 527/1000] samples:  26332 | chain(game/max/avg): 5/10/5.7 | reward(game/avg): 6920/19907 | 1.26 games/s | ETA: 376s
[gpu0] [ 528/1000] samples:  26382 | chain(game/max/avg): 5/10/5.7 | reward(game/avg): 5480/19880 | 1.26 games/s | ETA: 375s
[gpu0] [ 529/1000] samples:  26432 | chain(game/max/avg): 6/10/5.7 | reward(game/avg): 17970/19877 | 1.26 games/s | ETA: 373s
[gpu0] [ 530/1000] samples:  26482 | chain(game/max/avg): 6/10/5.7 | reward(game/avg): 26020/19888 | 1.26 games/s | ETA: 372s
[gpu0] [ 531/1000] samples:  26532 | chain(game/max/avg): 4/10/5.7 | reward(game/avg): 3380/19857 | 1.27 games/s | ETA: 371s
[gpu0] [ 532/1000] samples:  26582 | chain(game/max/avg): 4/10/5.7 | reward(game/avg): 6990/19833 | 1.27 games/s | ETA: 369s
[gpu0] [ 533/1000] samples:  26632 | chain(game/max/avg): 5/10/5.7 | reward(game/avg): 11280/19817 | 1.27 games/s | ETA: 368s
[gpu0] [ 534/1000] samples:  26682 | chain(game/max/avg): 5/10/5.7 | reward(game/avg): 10210/19799 | 1.27 games/s | ETA: 367s
[gpu0] [ 535/1000] samples:  26732 | chain(game/max/avg): 5/10/5.7 | reward(game/avg): 20040/19799 | 1.27 games/s | ETA: 365s
[gpu0] [ 536/1000] samples:  26782 | chain(game/max/avg): 5/10/5.7 | reward(game/avg): 7820/19777 | 1.27 games/s | ETA: 364s
[gpu0] [ 537/1000] samples:  26832 | chain(game/max/avg): 7/10/5.7 | reward(game/avg): 30950/19798 | 1.28 games/s | ETA: 363s
[gpu0] [ 538/1000] samples:  26882 | chain(game/max/avg): 5/10/5.7 | reward(game/avg): 15380/19789 | 1.28 games/s | ETA: 362s
[gpu0] [ 539/1000] samples:  26932 | chain(game/max/avg): 6/10/5.7 | reward(game/avg): 17180/19785 | 1.28 games/s | ETA: 360s
[gpu0] [ 540/1000] samples:  26982 | chain(game/max/avg): 6/10/5.7 | reward(game/avg): 26880/19798 | 1.28 games/s | ETA: 359s
[gpu0] [ 541/1000] samples:  27032 | chain(game/max/avg): 5/10/5.7 | reward(game/avg): 9260/19778 | 1.28 games/s | ETA: 358s
[gpu0] [ 542/1000] samples:  27082 | chain(game/max/avg): 5/10/5.7 | reward(game/avg): 19880/19778 | 1.28 games/s | ETA: 357s
[gpu0] [ 543/1000] samples:  27132 | chain(game/max/avg): 5/10/5.7 | reward(game/avg): 17700/19775 | 1.28 games/s | ETA: 356s
[gpu0] [ 544/1000] samples:  27182 | chain(game/max/avg): 5/10/5.7 | reward(game/avg): 9460/19756 | 1.29 games/s | ETA: 355s
[gpu0] [ 545/1000] samples:  27232 | chain(game/max/avg): 6/10/5.7 | reward(game/avg): 18970/19754 | 1.29 games/s | ETA: 353s
[gpu0] [ 546/1000] samples:  27282 | chain(game/max/avg): 5/10/5.7 | reward(game/avg): 11480/19739 | 1.29 games/s | ETA: 352s
[gpu0] [ 547/1000] samples:  27332 | chain(game/max/avg): 5/10/5.6 | reward(game/avg): 12460/19726 | 1.29 games/s | ETA: 351s
[gpu0] [ 548/1000] samples:  27382 | chain(game/max/avg): 6/10/5.6 | reward(game/avg): 15460/19718 | 1.29 games/s | ETA: 351s
[gpu0] [ 549/1000] samples:  27432 | chain(game/max/avg): 5/10/5.6 | reward(game/avg): 10300/19701 | 1.29 games/s | ETA: 350s
[gpu0] [ 550/1000] samples:  27482 | chain(game/max/avg): 5/10/5.6 | reward(game/avg): 21150/19703 | 1.29 games/s | ETA: 349s
[gpu0] [ 551/1000] samples:  27532 | chain(game/max/avg): 3/10/5.6 | reward(game/avg): 1500/19670 | 1.29 games/s | ETA: 348s
[gpu0] [ 552/1000] samples:  27582 | chain(game/max/avg): 7/10/5.6 | reward(game/avg): 24350/19679 | 1.29 games/s | ETA: 347s
[gpu0] [ 553/1000] samples:  27632 | chain(game/max/avg): 6/10/5.6 | reward(game/avg): 19400/19678 | 1.29 games/s | ETA: 345s
[gpu0] [ 554/1000] samples:  27682 | chain(game/max/avg): 6/10/5.6 | reward(game/avg): 31840/19700 | 1.30 games/s | ETA: 344s
[gpu0] [ 555/1000] samples:  27732 | chain(game/max/avg): 6/10/5.6 | reward(game/avg): 17240/19696 | 1.30 games/s | ETA: 343s
[gpu0] [ 556/1000] samples:  27782 | chain(game/max/avg): 4/10/5.6 | reward(game/avg): 7310/19674 | 1.30 games/s | ETA: 341s
[gpu0] [ 557/1000] samples:  27832 | chain(game/max/avg): 6/10/5.6 | reward(game/avg): 29620/19692 | 1.30 games/s | ETA: 340s
[gpu0] [ 558/1000] samples:  27882 | chain(game/max/avg): 7/10/5.6 | reward(game/avg): 22090/19696 | 1.30 games/s | ETA: 339s
[gpu0] [ 559/1000] samples:  27932 | chain(game/max/avg): 6/10/5.6 | reward(game/avg): 17510/19692 | 1.31 games/s | ETA: 337s
[gpu0] [ 560/1000] samples:  27982 | chain(game/max/avg): 5/10/5.6 | reward(game/avg): 8500/19672 | 1.31 games/s | ETA: 336s
[gpu0] [ 561/1000] samples:  28032 | chain(game/max/avg): 6/10/5.6 | reward(game/avg): 11440/19657 | 1.31 games/s | ETA: 335s
[gpu0] [ 562/1000] samples:  28082 | chain(game/max/avg): 3/10/5.6 | reward(game/avg): 3600/19629 | 1.31 games/s | ETA: 334s
[gpu0] [ 563/1000] samples:  28132 | chain(game/max/avg): 6/10/5.6 | reward(game/avg): 13570/19618 | 1.31 games/s | ETA: 332s
[gpu0] [ 564/1000] samples:  28182 | chain(game/max/avg): 6/10/5.6 | reward(game/avg): 13600/19607 | 1.32 games/s | ETA: 331s
[gpu0] [ 565/1000] samples:  28232 | chain(game/max/avg): 5/10/5.6 | reward(game/avg): 13320/19596 | 1.32 games/s | ETA: 330s
[gpu0] [ 566/1000] samples:  28282 | chain(game/max/avg): 5/10/5.6 | reward(game/avg): 21580/19600 | 1.32 games/s | ETA: 329s
[gpu0] [ 567/1000] samples:  28332 | chain(game/max/avg): 5/10/5.6 | reward(game/avg): 14890/19591 | 1.32 games/s | ETA: 327s
[gpu0] [ 568/1000] samples:  28382 | chain(game/max/avg): 7/10/5.6 | reward(game/avg): 24200/19599 | 1.32 games/s | ETA: 326s
[gpu0] [ 569/1000] samples:  28432 | chain(game/max/avg): 7/10/5.6 | reward(game/avg): 38260/19632 | 1.33 games/s | ETA: 325s
[gpu0] [ 570/1000] samples:  28482 | chain(game/max/avg): 5/10/5.6 | reward(game/avg): 22280/19637 | 1.33 games/s | ETA: 324s
[gpu0] [ 571/1000] samples:  28532 | chain(game/max/avg): 5/10/5.6 | reward(game/avg): 16040/19631 | 1.33 games/s | ETA: 323s
[gpu0] [ 572/1000] samples:  28582 | chain(game/max/avg): 5/10/5.6 | reward(game/avg): 23500/19637 | 1.33 games/s | ETA: 321s
[gpu0] [ 573/1000] samples:  28632 | chain(game/max/avg): 6/10/5.6 | reward(game/avg): 12990/19626 | 1.33 games/s | ETA: 320s
[gpu0] [ 574/1000] samples:  28682 | chain(game/max/avg): 5/10/5.6 | reward(game/avg): 13900/19616 | 1.34 games/s | ETA: 319s
[gpu0] [ 575/1000] samples:  28732 | chain(game/max/avg): 6/10/5.6 | reward(game/avg): 10420/19600 | 1.34 games/s | ETA: 318s
[gpu0] [ 576/1000] samples:  28782 | chain(game/max/avg): 7/10/5.6 | reward(game/avg): 31000/19620 | 1.34 games/s | ETA: 316s
[gpu0] [ 577/1000] samples:  28832 | chain(game/max/avg): 6/10/5.6 | reward(game/avg): 29100/19636 | 1.34 games/s | ETA: 315s
[gpu0] [ 578/1000] samples:  28882 | chain(game/max/avg): 7/10/5.6 | reward(game/avg): 25680/19646 | 1.34 games/s | ETA: 314s
[gpu0] [ 579/1000] samples:  28932 | chain(game/max/avg): 5/10/5.6 | reward(game/avg): 14590/19638 | 1.35 games/s | ETA: 313s
[gpu0] [ 580/1000] samples:  28982 | chain(game/max/avg): 7/10/5.6 | reward(game/avg): 24220/19646 | 1.35 games/s | ETA: 312s
[gpu0] [ 581/1000] samples:  29032 | chain(game/max/avg): 6/10/5.6 | reward(game/avg): 16720/19641 | 1.35 games/s | ETA: 310s
[gpu0] [ 582/1000] samples:  29082 | chain(game/max/avg): 6/10/5.6 | reward(game/avg): 11860/19627 | 1.35 games/s | ETA: 309s
[gpu0] [ 583/1000] samples:  29132 | chain(game/max/avg): 5/10/5.6 | reward(game/avg): 16340/19622 | 1.35 games/s | ETA: 308s
[gpu0] [ 584/1000] samples:  29182 | chain(game/max/avg): 5/10/5.6 | reward(game/avg): 12640/19610 | 1.36 games/s | ETA: 307s
[gpu0] [ 585/1000] samples:  29232 | chain(game/max/avg): 5/10/5.6 | reward(game/avg): 9760/19593 | 1.36 games/s | ETA: 306s
[gpu0] [ 586/1000] samples:  29282 | chain(game/max/avg): 6/10/5.6 | reward(game/avg): 23580/19600 | 1.36 games/s | ETA: 304s
[gpu0] [ 587/1000] samples:  29332 | chain(game/max/avg): 6/10/5.6 | reward(game/avg): 10740/19584 | 1.36 games/s | ETA: 303s
[gpu0] [ 588/1000] samples:  29382 | chain(game/max/avg): 5/10/5.6 | reward(game/avg): 9500/19567 | 1.36 games/s | ETA: 302s
[gpu0] [ 589/1000] samples:  29432 | chain(game/max/avg): 5/10/5.6 | reward(game/avg): 11520/19554 | 1.37 games/s | ETA: 301s
[gpu0] [ 590/1000] samples:  29482 | chain(game/max/avg): 6/10/5.6 | reward(game/avg): 25000/19563 | 1.37 games/s | ETA: 300s
[gpu0] [ 591/1000] samples:  29532 | chain(game/max/avg): 6/10/5.6 | reward(game/avg): 26290/19574 | 1.37 games/s | ETA: 299s
[gpu0] [ 592/1000] samples:  29582 | chain(game/max/avg): 5/10/5.6 | reward(game/avg): 13860/19565 | 1.37 games/s | ETA: 297s
[gpu0] [ 593/1000] samples:  29632 | chain(game/max/avg): 7/10/5.6 | reward(game/avg): 35000/19591 | 1.37 games/s | ETA: 296s
[gpu0] [ 594/1000] samples:  29682 | chain(game/max/avg): 6/10/5.6 | reward(game/avg): 22460/19596 | 1.38 games/s | ETA: 295s
[gpu0] [ 595/1000] samples:  29732 | chain(game/max/avg): 6/10/5.6 | reward(game/avg): 17180/19591 | 1.38 games/s | ETA: 294s
[gpu0] [ 596/1000] samples:  29782 | chain(game/max/avg): 5/10/5.6 | reward(game/avg): 13120/19581 | 1.38 games/s | ETA: 293s
[gpu0] [ 597/1000] samples:  29832 | chain(game/max/avg): 4/10/5.6 | reward(game/avg): 9120/19563 | 1.38 games/s | ETA: 292s
[gpu0] [ 598/1000] samples:  29882 | chain(game/max/avg): 5/10/5.6 | reward(game/avg): 20090/19564 | 1.38 games/s | ETA: 291s
[gpu0] [ 599/1000] samples:  29932 | chain(game/max/avg): 6/10/5.6 | reward(game/avg): 22680/19569 | 1.39 games/s | ETA: 289s
[gpu0] [ 600/1000] samples:  29982 | chain(game/max/avg): 6/10/5.6 | reward(game/avg): 14540/19561 | 1.39 games/s | ETA: 288s
[gpu0] [ 601/1000] samples:  30032 | chain(game/max/avg): 5/10/5.6 | reward(game/avg): 17950/19558 | 1.39 games/s | ETA: 287s
[gpu0] [ 602/1000] samples:  30082 | chain(game/max/avg): 6/10/5.6 | reward(game/avg): 20980/19560 | 1.39 games/s | ETA: 286s
[gpu0] [ 603/1000] samples:  30132 | chain(game/max/avg): 7/10/5.6 | reward(game/avg): 29100/19576 | 1.39 games/s | ETA: 285s
[gpu0] [ 604/1000] samples:  30182 | chain(game/max/avg): 6/10/5.6 | reward(game/avg): 20270/19577 | 1.40 games/s | ETA: 284s
[gpu0] [ 605/1000] samples:  30232 | chain(game/max/avg): 5/10/5.6 | reward(game/avg): 14620/19569 | 1.40 games/s | ETA: 283s
[gpu0] [ 606/1000] samples:  30282 | chain(game/max/avg): 5/10/5.6 | reward(game/avg): 15340/19562 | 1.40 games/s | ETA: 282s
[gpu0] [ 607/1000] samples:  30332 | chain(game/max/avg): 9/10/5.7 | reward(game/avg): 37880/19592 | 1.40 games/s | ETA: 280s
[gpu0] [ 608/1000] samples:  30382 | chain(game/max/avg): 5/10/5.6 | reward(game/avg): 8760/19575 | 1.40 games/s | ETA: 279s
[gpu0] [ 609/1000] samples:  30432 | chain(game/max/avg): 7/10/5.7 | reward(game/avg): 25240/19584 | 1.40 games/s | ETA: 278s
[gpu0] [ 610/1000] samples:  30482 | chain(game/max/avg): 5/10/5.7 | reward(game/avg): 5920/19562 | 1.41 games/s | ETA: 277s
[gpu0] [ 611/1000] samples:  30532 | chain(game/max/avg): 5/10/5.6 | reward(game/avg): 11840/19549 | 1.41 games/s | ETA: 276s
[gpu0] [ 612/1000] samples:  30582 | chain(game/max/avg): 7/10/5.7 | reward(game/avg): 30340/19567 | 1.41 games/s | ETA: 275s
[gpu0] [ 613/1000] samples:  30632 | chain(game/max/avg): 5/10/5.7 | reward(game/avg): 17660/19563 | 1.41 games/s | ETA: 274s
[gpu0] [ 614/1000] samples:  30682 | chain(game/max/avg): 5/10/5.6 | reward(game/avg): 8700/19546 | 1.42 games/s | ETA: 273s
[gpu0] [ 615/1000] samples:  30732 | chain(game/max/avg): 6/10/5.7 | reward(game/avg): 17060/19542 | 1.42 games/s | ETA: 272s
[gpu0] [ 616/1000] samples:  30782 | chain(game/max/avg): 5/10/5.6 | reward(game/avg): 21220/19544 | 1.42 games/s | ETA: 271s
[gpu0] [ 617/1000] samples:  30832 | chain(game/max/avg): 6/10/5.6 | reward(game/avg): 31110/19563 | 1.42 games/s | ETA: 269s
[gpu0] [ 618/1000] samples:  30882 | chain(game/max/avg): 5/10/5.6 | reward(game/avg): 15320/19556 | 1.42 games/s | ETA: 268s
[gpu0] [ 619/1000] samples:  30932 | chain(game/max/avg): 6/10/5.6 | reward(game/avg): 17460/19553 | 1.43 games/s | ETA: 267s
[gpu0] [ 620/1000] samples:  30982 | chain(game/max/avg): 5/10/5.6 | reward(game/avg): 15140/19546 | 1.43 games/s | ETA: 266s
[gpu0] [ 621/1000] samples:  31032 | chain(game/max/avg): 5/10/5.6 | reward(game/avg): 21880/19550 | 1.43 games/s | ETA: 265s
[gpu0] [ 622/1000] samples:  31082 | chain(game/max/avg): 5/10/5.6 | reward(game/avg): 8800/19532 | 1.43 games/s | ETA: 264s
[gpu0] [ 623/1000] samples:  31132 | chain(game/max/avg): 8/10/5.7 | reward(game/avg): 35900/19559 | 1.43 games/s | ETA: 263s
[gpu0] [ 624/1000] samples:  31182 | chain(game/max/avg): 5/10/5.6 | reward(game/avg): 11640/19546 | 1.44 games/s | ETA: 262s
[gpu0] [ 625/1000] samples:  31232 | chain(game/max/avg): 5/10/5.6 | reward(game/avg): 11520/19533 | 1.44 games/s | ETA: 261s
[gpu0] [ 626/1000] samples:  31282 | chain(game/max/avg): 5/10/5.6 | reward(game/avg): 20260/19534 | 1.44 games/s | ETA: 260s
[gpu0] [ 627/1000] samples:  31332 | chain(game/max/avg): 4/10/5.6 | reward(game/avg): 7380/19515 | 1.44 games/s | ETA: 259s
[gpu0] [ 628/1000] samples:  31382 | chain(game/max/avg): 5/10/5.6 | reward(game/avg): 16620/19510 | 1.44 games/s | ETA: 258s
[gpu0] [ 629/1000] samples:  31432 | chain(game/max/avg): 6/10/5.6 | reward(game/avg): 16010/19505 | 1.45 games/s | ETA: 256s
[gpu0] [ 630/1000] samples:  31482 | chain(game/max/avg): 6/10/5.6 | reward(game/avg): 12700/19494 | 1.45 games/s | ETA: 255s
[gpu0] [ 631/1000] samples:  31532 | chain(game/max/avg): 7/10/5.6 | reward(game/avg): 45870/19536 | 1.45 games/s | ETA: 254s
[gpu0] [ 632/1000] samples:  31582 | chain(game/max/avg): 6/10/5.6 | reward(game/avg): 24360/19543 | 1.45 games/s | ETA: 253s
[gpu0] [ 633/1000] samples:  31632 | chain(game/max/avg): 7/10/5.6 | reward(game/avg): 24110/19550 | 1.46 games/s | ETA: 252s
[gpu0] [ 634/1000] samples:  31682 | chain(game/max/avg): 5/10/5.6 | reward(game/avg): 20280/19552 | 1.46 games/s | ETA: 251s
[gpu0] [ 635/1000] samples:  31732 | chain(game/max/avg): 5/10/5.6 | reward(game/avg): 18070/19549 | 1.46 games/s | ETA: 250s
[gpu0] [ 636/1000] samples:  31782 | chain(game/max/avg): 6/10/5.6 | reward(game/avg): 27470/19562 | 1.46 games/s | ETA: 249s
[gpu0] [ 637/1000] samples:  31832 | chain(game/max/avg): 6/10/5.6 | reward(game/avg): 25860/19572 | 1.46 games/s | ETA: 248s
[gpu0] [ 638/1000] samples:  31882 | chain(game/max/avg): 7/10/5.7 | reward(game/avg): 38780/19602 | 1.47 games/s | ETA: 247s
[gpu0] [ 639/1000] samples:  31932 | chain(game/max/avg): 6/10/5.7 | reward(game/avg): 21680/19605 | 1.47 games/s | ETA: 246s
[gpu0] [ 640/1000] samples:  31982 | chain(game/max/avg): 6/10/5.7 | reward(game/avg): 15040/19598 | 1.47 games/s | ETA: 245s
[gpu0] [ 641/1000] samples:  32032 | chain(game/max/avg): 6/10/5.7 | reward(game/avg): 27350/19610 | 1.47 games/s | ETA: 244s
[gpu0] [ 642/1000] samples:  32082 | chain(game/max/avg): 6/10/5.7 | reward(game/avg): 25640/19619 | 1.47 games/s | ETA: 243s
[gpu0] [ 643/1000] samples:  32132 | chain(game/max/avg): 6/10/5.7 | reward(game/avg): 15420/19613 | 1.48 games/s | ETA: 242s
[gpu0] [ 644/1000] samples:  32182 | chain(game/max/avg): 5/10/5.7 | reward(game/avg): 13180/19603 | 1.48 games/s | ETA: 241s
[gpu0] [ 645/1000] samples:  32232 | chain(game/max/avg): 9/10/5.7 | reward(game/avg): 45860/19643 | 1.48 games/s | ETA: 240s
[gpu0] [ 646/1000] samples:  32282 | chain(game/max/avg): 7/10/5.7 | reward(game/avg): 27280/19655 | 1.48 games/s | ETA: 239s
[gpu0] [ 647/1000] samples:  32332 | chain(game/max/avg): 6/10/5.7 | reward(game/avg): 22540/19660 | 1.49 games/s | ETA: 238s
[gpu0] [ 648/1000] samples:  32382 | chain(game/max/avg): 5/10/5.7 | reward(game/avg): 16970/19656 | 1.49 games/s | ETA: 237s
[gpu0] [ 649/1000] samples:  32432 | chain(game/max/avg): 5/10/5.7 | reward(game/avg): 8740/19639 | 1.49 games/s | ETA: 236s
[gpu0] [ 650/1000] samples:  32482 | chain(game/max/avg): 5/10/5.7 | reward(game/avg): 14140/19630 | 1.49 games/s | ETA: 235s
[gpu0] [ 651/1000] samples:  32532 | chain(game/max/avg): 6/10/5.7 | reward(game/avg): 24560/19638 | 1.49 games/s | ETA: 233s
[gpu0] [ 652/1000] samples:  32582 | chain(game/max/avg): 4/10/5.7 | reward(game/avg): 6220/19617 | 1.50 games/s | ETA: 233s
[gpu0] [ 653/1000] samples:  32632 | chain(game/max/avg): 6/10/5.7 | reward(game/avg): 21810/19621 | 1.50 games/s | ETA: 232s
[gpu0] [ 654/1000] samples:  32682 | chain(game/max/avg): 6/10/5.7 | reward(game/avg): 27560/19633 | 1.50 games/s | ETA: 231s
[gpu0] [ 655/1000] samples:  32732 | chain(game/max/avg): 7/10/5.7 | reward(game/avg): 26940/19644 | 1.50 games/s | ETA: 230s
[gpu0] [ 656/1000] samples:  32782 | chain(game/max/avg): 6/10/5.7 | reward(game/avg): 19480/19644 | 1.51 games/s | ETA: 229s
[gpu0] [ 657/1000] samples:  32832 | chain(game/max/avg): 5/10/5.7 | reward(game/avg): 14530/19636 | 1.51 games/s | ETA: 228s
[gpu0] [ 658/1000] samples:  32882 | chain(game/max/avg): 7/10/5.7 | reward(game/avg): 27600/19648 | 1.51 games/s | ETA: 227s
[gpu0] [ 659/1000] samples:  32932 | chain(game/max/avg): 7/10/5.7 | reward(game/avg): 25720/19657 | 1.51 games/s | ETA: 226s
[gpu0] [ 660/1000] samples:  32982 | chain(game/max/avg): 6/10/5.7 | reward(game/avg): 20880/19659 | 1.51 games/s | ETA: 225s
[gpu0] [ 661/1000] samples:  33032 | chain(game/max/avg): 7/10/5.7 | reward(game/avg): 25840/19668 | 1.52 games/s | ETA: 224s
[gpu0] [ 662/1000] samples:  33082 | chain(game/max/avg): 6/10/5.7 | reward(game/avg): 13400/19659 | 1.52 games/s | ETA: 223s
[gpu0] [ 663/1000] samples:  33132 | chain(game/max/avg): 7/10/5.7 | reward(game/avg): 25380/19668 | 1.52 games/s | ETA: 222s
[gpu0] [ 664/1000] samples:  33182 | chain(game/max/avg): 6/10/5.7 | reward(game/avg): 16670/19663 | 1.52 games/s | ETA: 221s
[gpu0] [ 665/1000] samples:  33232 | chain(game/max/avg): 6/10/5.7 | reward(game/avg): 19800/19663 | 1.52 games/s | ETA: 220s
[gpu0] [ 666/1000] samples:  33282 | chain(game/max/avg): 4/10/5.7 | reward(game/avg): 6760/19644 | 1.53 games/s | ETA: 219s
[gpu0] [ 667/1000] samples:  33332 | chain(game/max/avg): 5/10/5.7 | reward(game/avg): 12530/19633 | 1.53 games/s | ETA: 218s
[gpu0] [ 668/1000] samples:  33382 | chain(game/max/avg): 6/10/5.7 | reward(game/avg): 24490/19641 | 1.53 games/s | ETA: 217s
[gpu0] [ 669/1000] samples:  33432 | chain(game/max/avg): 6/10/5.7 | reward(game/avg): 23140/19646 | 1.53 games/s | ETA: 216s
[gpu0] [ 670/1000] samples:  33482 | chain(game/max/avg): 6/10/5.7 | reward(game/avg): 23790/19652 | 1.54 games/s | ETA: 215s
[gpu0] [ 671/1000] samples:  33532 | chain(game/max/avg): 6/10/5.7 | reward(game/avg): 24900/19660 | 1.54 games/s | ETA: 214s
[gpu0] [ 672/1000] samples:  33582 | chain(game/max/avg): 6/10/5.7 | reward(game/avg): 22440/19664 | 1.54 games/s | ETA: 213s
[gpu0] [ 673/1000] samples:  33632 | chain(game/max/avg): 5/10/5.7 | reward(game/avg): 14270/19656 | 1.54 games/s | ETA: 212s
[gpu0] [ 674/1000] samples:  33682 | chain(game/max/avg): 6/10/5.7 | reward(game/avg): 22140/19660 | 1.54 games/s | ETA: 211s
[gpu0] [ 675/1000] samples:  33732 | chain(game/max/avg): 6/10/5.7 | reward(game/avg): 27730/19672 | 1.55 games/s | ETA: 210s
[gpu0] [ 676/1000] samples:  33782 | chain(game/max/avg): 5/10/5.7 | reward(game/avg): 20300/19672 | 1.55 games/s | ETA: 209s
[gpu0] [ 677/1000] samples:  33832 | chain(game/max/avg): 5/10/5.7 | reward(game/avg): 14420/19665 | 1.55 games/s | ETA: 208s
[gpu0] [ 678/1000] samples:  33882 | chain(game/max/avg): 5/10/5.7 | reward(game/avg): 16300/19660 | 1.55 games/s | ETA: 207s
[gpu0] [ 679/1000] samples:  33932 | chain(game/max/avg): 6/10/5.7 | reward(game/avg): 11610/19648 | 1.55 games/s | ETA: 206s
[gpu0] [ 680/1000] samples:  33982 | chain(game/max/avg): 6/10/5.7 | reward(game/avg): 11920/19637 | 1.56 games/s | ETA: 206s
[gpu0] [ 681/1000] samples:  34032 | chain(game/max/avg): 7/10/5.7 | reward(game/avg): 30420/19652 | 1.56 games/s | ETA: 205s
[gpu0] [ 682/1000] samples:  34082 | chain(game/max/avg): 6/10/5.7 | reward(game/avg): 20460/19654 | 1.56 games/s | ETA: 204s
[gpu0] [ 683/1000] samples:  34132 | chain(game/max/avg): 5/10/5.7 | reward(game/avg): 8710/19638 | 1.56 games/s | ETA: 203s
[gpu0] [ 684/1000] samples:  34182 | chain(game/max/avg): 8/10/5.7 | reward(game/avg): 31750/19655 | 1.57 games/s | ETA: 202s
[gpu0] [ 685/1000] samples:  34232 | chain(game/max/avg): 5/10/5.7 | reward(game/avg): 14200/19647 | 1.57 games/s | ETA: 201s
[gpu0] [ 686/1000] samples:  34282 | chain(game/max/avg): 6/10/5.7 | reward(game/avg): 16500/19643 | 1.57 games/s | ETA: 200s
[gpu0] [ 687/1000] samples:  34332 | chain(game/max/avg): 6/10/5.7 | reward(game/avg): 21540/19645 | 1.57 games/s | ETA: 199s
[gpu0] [ 688/1000] samples:  34382 | chain(game/max/avg): 6/10/5.7 | reward(game/avg): 22250/19649 | 1.58 games/s | ETA: 198s
[gpu0] [ 689/1000] samples:  34432 | chain(game/max/avg): 5/10/5.7 | reward(game/avg): 16420/19645 | 1.58 games/s | ETA: 197s
[gpu0] [ 690/1000] samples:  34482 | chain(game/max/avg): 6/10/5.7 | reward(game/avg): 22240/19648 | 1.58 games/s | ETA: 196s
[gpu0] [ 691/1000] samples:  34532 | chain(game/max/avg): 6/10/5.7 | reward(game/avg): 30120/19663 | 1.58 games/s | ETA: 195s
[gpu0] [ 692/1000] samples:  34582 | chain(game/max/avg): 7/10/5.7 | reward(game/avg): 43780/19698 | 1.58 games/s | ETA: 194s
[gpu0] [ 693/1000] samples:  34632 | chain(game/max/avg): 5/10/5.7 | reward(game/avg): 17360/19695 | 1.59 games/s | ETA: 194s
[gpu0] [ 694/1000] samples:  34682 | chain(game/max/avg): 7/10/5.7 | reward(game/avg): 21440/19697 | 1.59 games/s | ETA: 193s
[gpu0] [ 695/1000] samples:  34732 | chain(game/max/avg): 7/10/5.7 | reward(game/avg): 22540/19702 | 1.59 games/s | ETA: 192s
[gpu0] [ 696/1000] samples:  34782 | chain(game/max/avg): 8/10/5.7 | reward(game/avg): 38820/19729 | 1.59 games/s | ETA: 191s
[gpu0] [ 697/1000] samples:  34832 | chain(game/max/avg): 5/10/5.7 | reward(game/avg): 25820/19738 | 1.59 games/s | ETA: 190s
[gpu0] [ 698/1000] samples:  34882 | chain(game/max/avg): 5/10/5.7 | reward(game/avg): 13320/19729 | 1.60 games/s | ETA: 189s
[gpu0] [ 699/1000] samples:  34932 | chain(game/max/avg): 5/10/5.7 | reward(game/avg): 17290/19725 | 1.60 games/s | ETA: 188s
[gpu0] [ 700/1000] samples:  34982 | chain(game/max/avg): 7/10/5.7 | reward(game/avg): 21540/19728 | 1.60 games/s | ETA: 187s
[gpu0] [ 701/1000] samples:  35032 | chain(game/max/avg): 4/10/5.7 | reward(game/avg): 12200/19717 | 1.60 games/s | ETA: 187s
[gpu0] [ 702/1000] samples:  35082 | chain(game/max/avg): 6/10/5.7 | reward(game/avg): 19790/19717 | 1.61 games/s | ETA: 186s
[gpu0] [ 703/1000] samples:  35132 | chain(game/max/avg): 6/10/5.7 | reward(game/avg): 20160/19718 | 1.61 games/s | ETA: 185s
[gpu0] [ 704/1000] samples:  35182 | chain(game/max/avg): 6/10/5.7 | reward(game/avg): 21420/19720 | 1.61 games/s | ETA: 184s
[gpu0] [ 705/1000] samples:  35232 | chain(game/max/avg): 6/10/5.7 | reward(game/avg): 17740/19717 | 1.61 games/s | ETA: 183s
[gpu0] [ 706/1000] samples:  35282 | chain(game/max/avg): 7/10/5.7 | reward(game/avg): 30620/19733 | 1.61 games/s | ETA: 182s
[gpu0] [ 707/1000] samples:  35332 | chain(game/max/avg): 6/10/5.7 | reward(game/avg): 26850/19743 | 1.62 games/s | ETA: 181s
[gpu0] [ 708/1000] samples:  35382 | chain(game/max/avg): 6/10/5.7 | reward(game/avg): 23600/19748 | 1.62 games/s | ETA: 180s
[gpu0] [ 709/1000] samples:  35432 | chain(game/max/avg): 5/10/5.7 | reward(game/avg): 24400/19755 | 1.62 games/s | ETA: 180s
[gpu0] [ 710/1000] samples:  35482 | chain(game/max/avg): 6/10/5.7 | reward(game/avg): 23180/19760 | 1.62 games/s | ETA: 179s
[gpu0] [ 711/1000] samples:  35532 | chain(game/max/avg): 7/10/5.7 | reward(game/avg): 24450/19766 | 1.62 games/s | ETA: 178s
[gpu0] [ 712/1000] samples:  35582 | chain(game/max/avg): 5/10/5.7 | reward(game/avg): 16820/19762 | 1.63 games/s | ETA: 177s
[gpu0] [ 713/1000] samples:  35632 | chain(game/max/avg): 6/10/5.7 | reward(game/avg): 23990/19768 | 1.63 games/s | ETA: 176s
[gpu0] [ 714/1000] samples:  35682 | chain(game/max/avg): 5/10/5.7 | reward(game/avg): 17350/19765 | 1.63 games/s | ETA: 175s
[gpu0] [ 715/1000] samples:  35732 | chain(game/max/avg): 7/10/5.7 | reward(game/avg): 32700/19783 | 1.63 games/s | ETA: 174s
[gpu0] [ 716/1000] samples:  35782 | chain(game/max/avg): 7/10/5.7 | reward(game/avg): 31470/19799 | 1.64 games/s | ETA: 174s
[gpu0] [ 717/1000] samples:  35832 | chain(game/max/avg): 8/10/5.7 | reward(game/avg): 30680/19814 | 1.64 games/s | ETA: 173s
[gpu0] [ 718/1000] samples:  35882 | chain(game/max/avg): 6/10/5.7 | reward(game/avg): 25860/19823 | 1.64 games/s | ETA: 172s
[gpu0] [ 719/1000] samples:  35932 | chain(game/max/avg): 6/10/5.7 | reward(game/avg): 18800/19821 | 1.64 games/s | ETA: 171s
[gpu0] [ 720/1000] samples:  35982 | chain(game/max/avg): 8/10/5.7 | reward(game/avg): 26580/19831 | 1.64 games/s | ETA: 170s
[gpu0] [ 721/1000] samples:  36032 | chain(game/max/avg): 6/10/5.7 | reward(game/avg): 32080/19848 | 1.65 games/s | ETA: 169s
[gpu0] [ 722/1000] samples:  36082 | chain(game/max/avg): 6/10/5.7 | reward(game/avg): 20470/19848 | 1.65 games/s | ETA: 169s
[gpu0] [ 723/1000] samples:  36132 | chain(game/max/avg): 5/10/5.7 | reward(game/avg): 14440/19841 | 1.65 games/s | ETA: 168s
[gpu0] [ 724/1000] samples:  36182 | chain(game/max/avg): 6/10/5.7 | reward(game/avg): 19000/19840 | 1.65 games/s | ETA: 167s
[gpu0] [ 725/1000] samples:  36232 | chain(game/max/avg): 5/10/5.7 | reward(game/avg): 15780/19834 | 1.66 games/s | ETA: 166s
[gpu0] [ 726/1000] samples:  36282 | chain(game/max/avg): 6/10/5.7 | reward(game/avg): 26320/19843 | 1.66 games/s | ETA: 165s
[gpu0] [ 727/1000] samples:  36332 | chain(game/max/avg): 6/10/5.7 | reward(game/avg): 26240/19852 | 1.66 games/s | ETA: 164s
[gpu0] [ 728/1000] samples:  36382 | chain(game/max/avg): 6/10/5.7 | reward(game/avg): 16240/19847 | 1.66 games/s | ETA: 164s
[gpu0] [ 729/1000] samples:  36432 | chain(game/max/avg): 6/10/5.7 | reward(game/avg): 25340/19855 | 1.66 games/s | ETA: 163s
[gpu0] [ 730/1000] samples:  36482 | chain(game/max/avg): 7/10/5.7 | reward(game/avg): 32520/19872 | 1.67 games/s | ETA: 162s
[gpu0] [ 731/1000] samples:  36532 | chain(game/max/avg): 5/10/5.7 | reward(game/avg): 12880/19862 | 1.67 games/s | ETA: 161s
[gpu0] [ 732/1000] samples:  36582 | chain(game/max/avg): 5/10/5.7 | reward(game/avg): 12060/19852 | 1.67 games/s | ETA: 160s
[gpu0] [ 733/1000] samples:  36632 | chain(game/max/avg): 5/10/5.7 | reward(game/avg): 17480/19848 | 1.67 games/s | ETA: 160s
[gpu0] [ 734/1000] samples:  36682 | chain(game/max/avg): 5/10/5.7 | reward(game/avg): 20760/19850 | 1.68 games/s | ETA: 159s
[gpu0] [ 735/1000] samples:  36732 | chain(game/max/avg): 6/10/5.7 | reward(game/avg): 19300/19849 | 1.68 games/s | ETA: 158s
[gpu0] [ 736/1000] samples:  36782 | chain(game/max/avg): 6/10/5.7 | reward(game/avg): 25060/19856 | 1.67 games/s | ETA: 158s
[gpu0] [ 737/1000] samples:  36832 | chain(game/max/avg): 5/10/5.7 | reward(game/avg): 14440/19849 | 1.68 games/s | ETA: 157s
[gpu0] [ 738/1000] samples:  36882 | chain(game/max/avg): 6/10/5.7 | reward(game/avg): 21460/19851 | 1.68 games/s | ETA: 156s
[gpu0] [ 739/1000] samples:  36932 | chain(game/max/avg): 6/10/5.7 | reward(game/avg): 14760/19844 | 1.68 games/s | ETA: 155s
[gpu0] [ 740/1000] samples:  36982 | chain(game/max/avg): 7/10/5.7 | reward(game/avg): 23460/19849 | 1.68 games/s | ETA: 155s
[gpu0] [ 741/1000] samples:  37032 | chain(game/max/avg): 6/10/5.7 | reward(game/avg): 24740/19855 | 1.68 games/s | ETA: 154s
[gpu0] [ 742/1000] samples:  37082 | chain(game/max/avg): 5/10/5.7 | reward(game/avg): 17760/19853 | 1.68 games/s | ETA: 153s
[gpu0] [ 743/1000] samples:  37132 | chain(game/max/avg): 6/10/5.7 | reward(game/avg): 30450/19867 | 1.69 games/s | ETA: 152s
[gpu0] [ 744/1000] samples:  37182 | chain(game/max/avg): 6/10/5.7 | reward(game/avg): 29620/19880 | 1.69 games/s | ETA: 152s
[gpu0] [ 745/1000] samples:  37232 | chain(game/max/avg): 7/10/5.7 | reward(game/avg): 28780/19892 | 1.69 games/s | ETA: 151s
[gpu0] [ 746/1000] samples:  37282 | chain(game/max/avg): 6/10/5.7 | reward(game/avg): 29450/19905 | 1.69 games/s | ETA: 150s
[gpu0] [ 747/1000] samples:  37332 | chain(game/max/avg): 5/10/5.7 | reward(game/avg): 8240/19889 | 1.70 games/s | ETA: 149s
[gpu0] [ 748/1000] samples:  37382 | chain(game/max/avg): 7/10/5.7 | reward(game/avg): 27490/19899 | 1.70 games/s | ETA: 148s
[gpu0] [ 749/1000] samples:  37432 | chain(game/max/avg): 6/10/5.7 | reward(game/avg): 23370/19904 | 1.70 games/s | ETA: 148s
[gpu0] [ 750/1000] samples:  37482 | chain(game/max/avg): 6/10/5.7 | reward(game/avg): 17430/19901 | 1.70 games/s | ETA: 147s
[gpu0] [ 751/1000] samples:  37532 | chain(game/max/avg): 7/10/5.7 | reward(game/avg): 29590/19914 | 1.70 games/s | ETA: 146s
[gpu0] [ 752/1000] samples:  37582 | chain(game/max/avg): 5/10/5.7 | reward(game/avg): 14640/19906 | 1.71 games/s | ETA: 145s
[gpu0] [ 753/1000] samples:  37632 | chain(game/max/avg): 4/10/5.7 | reward(game/avg): 10040/19893 | 1.71 games/s | ETA: 145s
[gpu0] [ 754/1000] samples:  37682 | chain(game/max/avg): 7/10/5.7 | reward(game/avg): 20980/19895 | 1.71 games/s | ETA: 144s
[gpu0] [ 755/1000] samples:  37732 | chain(game/max/avg): 6/10/5.7 | reward(game/avg): 15640/19889 | 1.71 games/s | ETA: 143s
[gpu0] [ 756/1000] samples:  37782 | chain(game/max/avg): 6/10/5.7 | reward(game/avg): 23780/19894 | 1.72 games/s | ETA: 142s
[gpu0] [ 757/1000] samples:  37832 | chain(game/max/avg): 6/10/5.7 | reward(game/avg): 29700/19907 | 1.72 games/s | ETA: 141s
[gpu0] [ 758/1000] samples:  37882 | chain(game/max/avg): 7/10/5.7 | reward(game/avg): 30050/19921 | 1.72 games/s | ETA: 141s
[gpu0] [ 759/1000] samples:  37932 | chain(game/max/avg): 5/10/5.7 | reward(game/avg): 14960/19914 | 1.72 games/s | ETA: 140s
[gpu0] [ 760/1000] samples:  37982 | chain(game/max/avg): 7/10/5.7 | reward(game/avg): 24070/19920 | 1.72 games/s | ETA: 139s
[gpu0] [ 761/1000] samples:  38032 | chain(game/max/avg): 7/10/5.7 | reward(game/avg): 24010/19925 | 1.73 games/s | ETA: 138s
[gpu0] [ 762/1000] samples:  38082 | chain(game/max/avg): 6/10/5.7 | reward(game/avg): 20430/19926 | 1.73 games/s | ETA: 138s
[gpu0] [ 763/1000] samples:  38132 | chain(game/max/avg): 5/10/5.7 | reward(game/avg): 17420/19922 | 1.73 games/s | ETA: 137s
[gpu0] [ 764/1000] samples:  38182 | chain(game/max/avg): 6/10/5.7 | reward(game/avg): 15790/19917 | 1.73 games/s | ETA: 136s
[gpu0] [ 765/1000] samples:  38232 | chain(game/max/avg): 6/10/5.7 | reward(game/avg): 14180/19909 | 1.74 games/s | ETA: 135s
[gpu0] [ 766/1000] samples:  38282 | chain(game/max/avg): 9/10/5.7 | reward(game/avg): 39450/19935 | 1.74 games/s | ETA: 135s
[gpu0] [ 767/1000] samples:  38332 | chain(game/max/avg): 7/10/5.7 | reward(game/avg): 28600/19946 | 1.74 games/s | ETA: 134s
[gpu0] [ 768/1000] samples:  38382 | chain(game/max/avg): 6/10/5.7 | reward(game/avg): 30850/19960 | 1.74 games/s | ETA: 133s
[gpu0] [ 769/1000] samples:  38432 | chain(game/max/avg): 5/10/5.7 | reward(game/avg): 12220/19950 | 1.74 games/s | ETA: 132s
[gpu0] [ 770/1000] samples:  38482 | chain(game/max/avg): 6/10/5.7 | reward(game/avg): 24510/19956 | 1.75 games/s | ETA: 132s
[gpu0] [ 771/1000] samples:  38532 | chain(game/max/avg): 5/10/5.7 | reward(game/avg): 10720/19944 | 1.75 games/s | ETA: 131s
[gpu0] [ 772/1000] samples:  38582 | chain(game/max/avg): 5/10/5.7 | reward(game/avg): 17120/19941 | 1.75 games/s | ETA: 130s
[gpu0] [ 773/1000] samples:  38632 | chain(game/max/avg): 7/10/5.7 | reward(game/avg): 31370/19955 | 1.75 games/s | ETA: 129s
[gpu0] [ 774/1000] samples:  38682 | chain(game/max/avg): 6/10/5.7 | reward(game/avg): 24640/19962 | 1.76 games/s | ETA: 129s
[gpu0] [ 775/1000] samples:  38732 | chain(game/max/avg): 5/10/5.7 | reward(game/avg): 13160/19953 | 1.76 games/s | ETA: 128s
[gpu0] [ 776/1000] samples:  38782 | chain(game/max/avg): 7/10/5.7 | reward(game/avg): 32150/19968 | 1.76 games/s | ETA: 127s
[gpu0] [ 777/1000] samples:  38832 | chain(game/max/avg): 6/10/5.7 | reward(game/avg): 19120/19967 | 1.76 games/s | ETA: 127s
[gpu0] [ 778/1000] samples:  38882 | chain(game/max/avg): 6/10/5.7 | reward(game/avg): 24340/19973 | 1.76 games/s | ETA: 126s
[gpu0] [ 779/1000] samples:  38932 | chain(game/max/avg): 5/10/5.7 | reward(game/avg): 14400/19966 | 1.77 games/s | ETA: 125s
[gpu0] [ 780/1000] samples:  38982 | chain(game/max/avg): 6/10/5.7 | reward(game/avg): 25210/19973 | 1.77 games/s | ETA: 124s
[gpu0] [ 781/1000] samples:  39032 | chain(game/max/avg): 5/10/5.7 | reward(game/avg): 15490/19967 | 1.77 games/s | ETA: 124s
[gpu0] [ 782/1000] samples:  39082 | chain(game/max/avg): 5/10/5.7 | reward(game/avg): 16190/19962 | 1.77 games/s | ETA: 123s
[gpu0] [ 783/1000] samples:  39132 | chain(game/max/avg): 6/10/5.7 | reward(game/avg): 21980/19965 | 1.78 games/s | ETA: 122s
[gpu0] [ 784/1000] samples:  39182 | chain(game/max/avg): 5/10/5.7 | reward(game/avg): 15120/19958 | 1.78 games/s | ETA: 121s
[gpu0] [ 785/1000] samples:  39232 | chain(game/max/avg): 7/10/5.7 | reward(game/avg): 31550/19973 | 1.78 games/s | ETA: 121s
[gpu0] [ 786/1000] samples:  39282 | chain(game/max/avg): 6/10/5.7 | reward(game/avg): 20190/19973 | 1.78 games/s | ETA: 120s
[gpu0] [ 787/1000] samples:  39332 | chain(game/max/avg): 6/10/5.7 | reward(game/avg): 23800/19978 | 1.79 games/s | ETA: 119s
[gpu0] [ 788/1000] samples:  39382 | chain(game/max/avg): 6/10/5.7 | reward(game/avg): 28300/19989 | 1.79 games/s | ETA: 119s
[gpu0] [ 789/1000] samples:  39432 | chain(game/max/avg): 8/10/5.7 | reward(game/avg): 37920/20012 | 1.79 games/s | ETA: 118s
[gpu0] [ 790/1000] samples:  39482 | chain(game/max/avg): 6/10/5.7 | reward(game/avg): 26210/20019 | 1.79 games/s | ETA: 117s
[gpu0] [ 791/1000] samples:  39532 | chain(game/max/avg): 6/10/5.7 | reward(game/avg): 22630/20023 | 1.79 games/s | ETA: 116s
[gpu0] [ 792/1000] samples:  39582 | chain(game/max/avg): 6/10/5.7 | reward(game/avg): 17780/20020 | 1.80 games/s | ETA: 116s
[gpu0] [ 793/1000] samples:  39632 | chain(game/max/avg): 5/10/5.7 | reward(game/avg): 19490/20019 | 1.80 games/s | ETA: 115s
[gpu0] [ 794/1000] samples:  39682 | chain(game/max/avg): 6/10/5.7 | reward(game/avg): 20530/20020 | 1.80 games/s | ETA: 114s
[gpu0] [ 795/1000] samples:  39732 | chain(game/max/avg): 7/10/5.7 | reward(game/avg): 22220/20023 | 1.80 games/s | ETA: 114s
[gpu0] [ 796/1000] samples:  39782 | chain(game/max/avg): 6/10/5.7 | reward(game/avg): 20960/20024 | 1.81 games/s | ETA: 113s
[gpu0] [ 797/1000] samples:  39832 | chain(game/max/avg): 5/10/5.7 | reward(game/avg): 18380/20022 | 1.81 games/s | ETA: 112s
[gpu0] [ 798/1000] samples:  39882 | chain(game/max/avg): 5/10/5.7 | reward(game/avg): 12280/20012 | 1.81 games/s | ETA: 112s
[gpu0] [ 799/1000] samples:  39932 | chain(game/max/avg): 6/10/5.7 | reward(game/avg): 17720/20009 | 1.81 games/s | ETA: 111s
[gpu0] [ 800/1000] samples:  39982 | chain(game/max/avg): 6/10/5.7 | reward(game/avg): 17740/20006 | 1.81 games/s | ETA: 110s
[gpu0] [ 801/1000] samples:  40032 | chain(game/max/avg): 7/10/5.7 | reward(game/avg): 23520/20011 | 1.82 games/s | ETA: 110s
[gpu0] [ 802/1000] samples:  40082 | chain(game/max/avg): 7/10/5.7 | reward(game/avg): 33040/20027 | 1.82 games/s | ETA: 109s
[gpu0] [ 803/1000] samples:  40132 | chain(game/max/avg): 5/10/5.7 | reward(game/avg): 15190/20021 | 1.82 games/s | ETA: 108s
[gpu0] [ 804/1000] samples:  40182 | chain(game/max/avg): 5/10/5.7 | reward(game/avg): 18700/20019 | 1.82 games/s | ETA: 108s
[gpu0] [ 805/1000] samples:  40232 | chain(game/max/avg): 5/10/5.7 | reward(game/avg): 10580/20008 | 1.83 games/s | ETA: 107s
[gpu0] [ 806/1000] samples:  40282 | chain(game/max/avg): 6/10/5.7 | reward(game/avg): 14540/20001 | 1.83 games/s | ETA: 106s
[gpu0] [ 807/1000] samples:  40332 | chain(game/max/avg): 7/10/5.7 | reward(game/avg): 31200/20015 | 1.83 games/s | ETA: 105s
[gpu0] [ 808/1000] samples:  40382 | chain(game/max/avg): 6/10/5.7 | reward(game/avg): 22110/20017 | 1.83 games/s | ETA: 105s
[gpu0] [ 809/1000] samples:  40432 | chain(game/max/avg): 6/10/5.7 | reward(game/avg): 16760/20013 | 1.83 games/s | ETA: 104s
[gpu0] [ 810/1000] samples:  40482 | chain(game/max/avg): 6/10/5.7 | reward(game/avg): 30560/20026 | 1.84 games/s | ETA: 103s
[gpu0] [ 811/1000] samples:  40532 | chain(game/max/avg): 6/10/5.7 | reward(game/avg): 15830/20021 | 1.84 games/s | ETA: 103s
[gpu0] [ 812/1000] samples:  40582 | chain(game/max/avg): 6/10/5.7 | reward(game/avg): 32060/20036 | 1.84 games/s | ETA: 102s
[gpu0] [ 813/1000] samples:  40632 | chain(game/max/avg): 6/10/5.7 | reward(game/avg): 19340/20035 | 1.84 games/s | ETA: 101s
[gpu0] [ 814/1000] samples:  40682 | chain(game/max/avg): 7/10/5.7 | reward(game/avg): 28220/20045 | 1.85 games/s | ETA: 101s
[gpu0] [ 815/1000] samples:  40732 | chain(game/max/avg): 6/10/5.7 | reward(game/avg): 25400/20052 | 1.85 games/s | ETA: 100s
[gpu0] [ 816/1000] samples:  40782 | chain(game/max/avg): 6/10/5.7 | reward(game/avg): 23710/20056 | 1.85 games/s | ETA: 99s
[gpu0] [ 817/1000] samples:  40832 | chain(game/max/avg): 6/10/5.7 | reward(game/avg): 19400/20055 | 1.85 games/s | ETA: 99s
[gpu0] [ 818/1000] samples:  40882 | chain(game/max/avg): 6/10/5.7 | reward(game/avg): 16660/20051 | 1.85 games/s | ETA: 98s
[gpu0] [ 819/1000] samples:  40932 | chain(game/max/avg): 6/10/5.7 | reward(game/avg): 19650/20051 | 1.86 games/s | ETA: 98s
[gpu0] [ 820/1000] samples:  40982 | chain(game/max/avg): 5/10/5.7 | reward(game/avg): 16600/20047 | 1.86 games/s | ETA: 97s
[gpu0] [ 821/1000] samples:  41032 | chain(game/max/avg): 6/10/5.7 | reward(game/avg): 17640/20044 | 1.86 games/s | ETA: 96s
[gpu0] [ 822/1000] samples:  41082 | chain(game/max/avg): 6/10/5.7 | reward(game/avg): 20780/20044 | 1.86 games/s | ETA: 96s
[gpu0] [ 823/1000] samples:  41132 | chain(game/max/avg): 7/10/5.7 | reward(game/avg): 28140/20054 | 1.86 games/s | ETA: 95s
[gpu0] [ 824/1000] samples:  41182 | chain(game/max/avg): 5/10/5.7 | reward(game/avg): 19520/20054 | 1.86 games/s | ETA: 95s
[gpu0] [ 825/1000] samples:  41232 | chain(game/max/avg): 5/10/5.7 | reward(game/avg): 21260/20055 | 1.86 games/s | ETA: 94s
[gpu0] [ 826/1000] samples:  41282 | chain(game/max/avg): 6/10/5.7 | reward(game/avg): 23900/20060 | 1.86 games/s | ETA: 93s
[gpu0] [ 827/1000] samples:  41332 | chain(game/max/avg): 6/10/5.7 | reward(game/avg): 23180/20064 | 1.87 games/s | ETA: 93s
[gpu0] [ 828/1000] samples:  41382 | chain(game/max/avg): 8/10/5.7 | reward(game/avg): 37860/20085 | 1.87 games/s | ETA: 92s
[gpu0] [ 829/1000] samples:  41432 | chain(game/max/avg): 6/10/5.7 | reward(game/avg): 24180/20090 | 1.87 games/s | ETA: 91s
[gpu0] [ 830/1000] samples:  41482 | chain(game/max/avg): 6/10/5.7 | reward(game/avg): 17990/20087 | 1.87 games/s | ETA: 91s
[gpu0] [ 831/1000] samples:  41532 | chain(game/max/avg): 6/10/5.7 | reward(game/avg): 33740/20104 | 1.87 games/s | ETA: 90s
[gpu0] [ 832/1000] samples:  41582 | chain(game/max/avg): 7/10/5.7 | reward(game/avg): 30390/20116 | 1.88 games/s | ETA: 90s
[gpu0] [ 833/1000] samples:  41632 | chain(game/max/avg): 6/10/5.7 | reward(game/avg): 29960/20128 | 1.88 games/s | ETA: 89s
[gpu0] [ 834/1000] samples:  41682 | chain(game/max/avg): 6/10/5.7 | reward(game/avg): 20260/20128 | 1.88 games/s | ETA: 88s
[gpu0] [ 835/1000] samples:  41732 | chain(game/max/avg): 6/10/5.7 | reward(game/avg): 22400/20131 | 1.88 games/s | ETA: 88s
[gpu0] [ 836/1000] samples:  41782 | chain(game/max/avg): 6/10/5.7 | reward(game/avg): 22190/20133 | 1.89 games/s | ETA: 87s
[gpu0] [ 837/1000] samples:  41832 | chain(game/max/avg): 5/10/5.7 | reward(game/avg): 15040/20127 | 1.89 games/s | ETA: 86s
[gpu0] [ 838/1000] samples:  41882 | chain(game/max/avg): 6/10/5.7 | reward(game/avg): 24090/20132 | 1.89 games/s | ETA: 86s
[gpu0] [ 839/1000] samples:  41932 | chain(game/max/avg): 5/10/5.7 | reward(game/avg): 16790/20128 | 1.89 games/s | ETA: 85s
[gpu0] [ 840/1000] samples:  41982 | chain(game/max/avg): 6/10/5.7 | reward(game/avg): 17160/20125 | 1.89 games/s | ETA: 84s
[gpu0] [ 841/1000] samples:  42032 | chain(game/max/avg): 7/10/5.7 | reward(game/avg): 32780/20140 | 1.90 games/s | ETA: 84s
[gpu0] [ 842/1000] samples:  42082 | chain(game/max/avg): 6/10/5.7 | reward(game/avg): 19200/20138 | 1.90 games/s | ETA: 83s
[gpu0] [ 843/1000] samples:  42132 | chain(game/max/avg): 7/10/5.7 | reward(game/avg): 31640/20152 | 1.90 games/s | ETA: 83s
[gpu0] [ 844/1000] samples:  42182 | chain(game/max/avg): 6/10/5.7 | reward(game/avg): 24120/20157 | 1.90 games/s | ETA: 82s
[gpu0] [ 845/1000] samples:  42232 | chain(game/max/avg): 5/10/5.7 | reward(game/avg): 21760/20159 | 1.91 games/s | ETA: 81s
[gpu0] [ 846/1000] samples:  42282 | chain(game/max/avg): 6/10/5.7 | reward(game/avg): 18140/20156 | 1.91 games/s | ETA: 81s
[gpu0] [ 847/1000] samples:  42332 | chain(game/max/avg): 6/10/5.7 | reward(game/avg): 20760/20157 | 1.91 games/s | ETA: 80s
[gpu0] [ 848/1000] samples:  42382 | chain(game/max/avg): 5/10/5.7 | reward(game/avg): 13320/20149 | 1.91 games/s | ETA: 80s
[gpu0] [ 849/1000] samples:  42432 | chain(game/max/avg): 5/10/5.7 | reward(game/avg): 15860/20144 | 1.91 games/s | ETA: 79s
[gpu0] [ 850/1000] samples:  42482 | chain(game/max/avg): 6/10/5.7 | reward(game/avg): 20720/20145 | 1.92 games/s | ETA: 78s
[gpu0] [ 851/1000] samples:  42532 | chain(game/max/avg): 5/10/5.7 | reward(game/avg): 13020/20136 | 1.92 games/s | ETA: 78s
[gpu0] [ 852/1000] samples:  42582 | chain(game/max/avg): 7/10/5.7 | reward(game/avg): 32340/20151 | 1.92 games/s | ETA: 77s
[gpu0] [ 853/1000] samples:  42632 | chain(game/max/avg): 8/10/5.7 | reward(game/avg): 35950/20169 | 1.92 games/s | ETA: 76s
[gpu0] [ 854/1000] samples:  42682 | chain(game/max/avg): 5/10/5.7 | reward(game/avg): 19220/20168 | 1.93 games/s | ETA: 76s
[gpu0] [ 855/1000] samples:  42732 | chain(game/max/avg): 6/10/5.7 | reward(game/avg): 16820/20164 | 1.93 games/s | ETA: 75s
[gpu0] [ 856/1000] samples:  42782 | chain(game/max/avg): 5/10/5.7 | reward(game/avg): 13470/20156 | 1.93 games/s | ETA: 75s
[gpu0] [ 857/1000] samples:  42832 | chain(game/max/avg): 6/10/5.7 | reward(game/avg): 23460/20160 | 1.93 games/s | ETA: 74s
[gpu0] [ 858/1000] samples:  42882 | chain(game/max/avg): 7/10/5.7 | reward(game/avg): 32020/20174 | 1.93 games/s | ETA: 73s
[gpu0] [ 859/1000] samples:  42932 | chain(game/max/avg): 6/10/5.7 | reward(game/avg): 23520/20178 | 1.94 games/s | ETA: 73s
[gpu0] [ 860/1000] samples:  42982 | chain(game/max/avg): 6/10/5.7 | reward(game/avg): 24280/20183 | 1.94 games/s | ETA: 72s
[gpu0] [ 861/1000] samples:  43032 | chain(game/max/avg): 6/10/5.7 | reward(game/avg): 31580/20196 | 1.94 games/s | ETA: 72s
[gpu0] [ 862/1000] samples:  43082 | chain(game/max/avg): 7/10/5.7 | reward(game/avg): 31400/20209 | 1.94 games/s | ETA: 71s
[gpu0] [ 863/1000] samples:  43132 | chain(game/max/avg): 5/10/5.7 | reward(game/avg): 15640/20204 | 1.94 games/s | ETA: 70s
[gpu0] [ 864/1000] samples:  43182 | chain(game/max/avg): 8/10/5.7 | reward(game/avg): 30480/20215 | 1.95 games/s | ETA: 70s
[gpu0] [ 865/1000] samples:  43232 | chain(game/max/avg): 6/10/5.7 | reward(game/avg): 22340/20218 | 1.95 games/s | ETA: 69s
[gpu0] [ 866/1000] samples:  43282 | chain(game/max/avg): 5/10/5.7 | reward(game/avg): 15870/20213 | 1.95 games/s | ETA: 69s
[gpu0] [ 867/1000] samples:  43332 | chain(game/max/avg): 5/10/5.7 | reward(game/avg): 15980/20208 | 1.95 games/s | ETA: 68s
[gpu0] [ 868/1000] samples:  43382 | chain(game/max/avg): 6/10/5.7 | reward(game/avg): 24660/20213 | 1.96 games/s | ETA: 67s
[gpu0] [ 869/1000] samples:  43432 | chain(game/max/avg): 7/10/5.7 | reward(game/avg): 30680/20225 | 1.96 games/s | ETA: 67s
[gpu0] [ 870/1000] samples:  43482 | chain(game/max/avg): 6/10/5.7 | reward(game/avg): 31630/20238 | 1.96 games/s | ETA: 66s
[gpu0] [ 871/1000] samples:  43532 | chain(game/max/avg): 7/10/5.7 | reward(game/avg): 30340/20250 | 1.96 games/s | ETA: 66s
[gpu0] [ 872/1000] samples:  43582 | chain(game/max/avg): 7/10/5.7 | reward(game/avg): 23660/20254 | 1.96 games/s | ETA: 65s
[gpu0] [ 873/1000] samples:  43632 | chain(game/max/avg): 5/10/5.7 | reward(game/avg): 15880/20249 | 1.97 games/s | ETA: 65s
[gpu0] [ 874/1000] samples:  43682 | chain(game/max/avg): 5/10/5.7 | reward(game/avg): 18020/20246 | 1.97 games/s | ETA: 64s
[gpu0] [ 875/1000] samples:  43732 | chain(game/max/avg): 5/10/5.7 | reward(game/avg): 21850/20248 | 1.97 games/s | ETA: 63s
[gpu0] [ 876/1000] samples:  43782 | chain(game/max/avg): 5/10/5.7 | reward(game/avg): 10120/20236 | 1.97 games/s | ETA: 63s
[gpu0] [ 877/1000] samples:  43832 | chain(game/max/avg): 6/10/5.7 | reward(game/avg): 16730/20232 | 1.98 games/s | ETA: 62s
[gpu0] [ 878/1000] samples:  43882 | chain(game/max/avg): 8/10/5.7 | reward(game/avg): 28800/20242 | 1.98 games/s | ETA: 62s
[gpu0] [ 879/1000] samples:  43932 | chain(game/max/avg): 4/10/5.7 | reward(game/avg): 14230/20235 | 1.98 games/s | ETA: 61s
[gpu0] [ 880/1000] samples:  43982 | chain(game/max/avg): 5/10/5.7 | reward(game/avg): 21760/20237 | 1.98 games/s | ETA: 61s
[gpu0] [ 881/1000] samples:  44032 | chain(game/max/avg): 5/10/5.7 | reward(game/avg): 21710/20239 | 1.98 games/s | ETA: 60s
[gpu0] [ 882/1000] samples:  44082 | chain(game/max/avg): 5/10/5.7 | reward(game/avg): 16680/20235 | 1.99 games/s | ETA: 59s
[gpu0] [ 883/1000] samples:  44132 | chain(game/max/avg): 7/10/5.7 | reward(game/avg): 32960/20249 | 1.99 games/s | ETA: 59s
[gpu0] [ 884/1000] samples:  44182 | chain(game/max/avg): 6/10/5.7 | reward(game/avg): 31560/20262 | 1.99 games/s | ETA: 58s
[gpu0] [ 885/1000] samples:  44232 | chain(game/max/avg): 6/10/5.7 | reward(game/avg): 26670/20269 | 1.99 games/s | ETA: 58s
[gpu0] [ 886/1000] samples:  44282 | chain(game/max/avg): 5/10/5.7 | reward(game/avg): 21920/20271 | 1.99 games/s | ETA: 57s
[gpu0] [ 887/1000] samples:  44332 | chain(game/max/avg): 5/10/5.7 | reward(game/avg): 20000/20271 | 1.99 games/s | ETA: 57s
[gpu0] [ 888/1000] samples:  44382 | chain(game/max/avg): 7/10/5.7 | reward(game/avg): 33560/20286 | 2.00 games/s | ETA: 56s
[gpu0] [ 889/1000] samples:  44432 | chain(game/max/avg): 5/10/5.7 | reward(game/avg): 12920/20277 | 2.00 games/s | ETA: 56s
[gpu0] [ 890/1000] samples:  44482 | chain(game/max/avg): 5/10/5.7 | reward(game/avg): 19060/20276 | 2.00 games/s | ETA: 55s
[gpu0] [ 891/1000] samples:  44532 | chain(game/max/avg): 7/10/5.7 | reward(game/avg): 23540/20280 | 2.00 games/s | ETA: 54s
[gpu0] [ 892/1000] samples:  44582 | chain(game/max/avg): 6/10/5.7 | reward(game/avg): 19140/20278 | 2.00 games/s | ETA: 54s
[gpu0] [ 893/1000] samples:  44632 | chain(game/max/avg): 5/10/5.7 | reward(game/avg): 17310/20275 | 2.01 games/s | ETA: 53s
[gpu0] [ 894/1000] samples:  44682 | chain(game/max/avg): 6/10/5.7 | reward(game/avg): 29700/20286 | 2.01 games/s | ETA: 53s
[gpu0] [ 895/1000] samples:  44732 | chain(game/max/avg): 4/10/5.7 | reward(game/avg): 12520/20277 | 2.01 games/s | ETA: 52s
[gpu0] [ 896/1000] samples:  44782 | chain(game/max/avg): 6/10/5.7 | reward(game/avg): 23930/20281 | 2.01 games/s | ETA: 52s
[gpu0] [ 897/1000] samples:  44832 | chain(game/max/avg): 5/10/5.7 | reward(game/avg): 22020/20283 | 2.02 games/s | ETA: 51s
[gpu0] [ 898/1000] samples:  44882 | chain(game/max/avg): 6/10/5.7 | reward(game/avg): 23690/20287 | 2.02 games/s | ETA: 51s
[gpu0] [ 899/1000] samples:  44932 | chain(game/max/avg): 7/10/5.7 | reward(game/avg): 26120/20293 | 2.02 games/s | ETA: 50s
[gpu0] [ 900/1000] samples:  44982 | chain(game/max/avg): 5/10/5.7 | reward(game/avg): 13040/20285 | 2.02 games/s | ETA: 49s
[gpu0] [ 901/1000] samples:  45032 | chain(game/max/avg): 5/10/5.7 | reward(game/avg): 15660/20280 | 2.02 games/s | ETA: 49s
[gpu0] [ 902/1000] samples:  45082 | chain(game/max/avg): 5/10/5.7 | reward(game/avg): 18440/20278 | 2.03 games/s | ETA: 48s
[gpu0] [ 903/1000] samples:  45132 | chain(game/max/avg): 6/10/5.7 | reward(game/avg): 26360/20285 | 2.03 games/s | ETA: 48s
[gpu0] [ 904/1000] samples:  45182 | chain(game/max/avg): 6/10/5.7 | reward(game/avg): 17890/20282 | 2.03 games/s | ETA: 47s
[gpu0] [ 905/1000] samples:  45232 | chain(game/max/avg): 7/10/5.7 | reward(game/avg): 20800/20283 | 2.03 games/s | ETA: 47s
[gpu0] [ 906/1000] samples:  45282 | chain(game/max/avg): 6/10/5.7 | reward(game/avg): 20900/20283 | 2.04 games/s | ETA: 46s
[gpu0] [ 907/1000] samples:  45332 | chain(game/max/avg): 8/10/5.7 | reward(game/avg): 30090/20294 | 2.04 games/s | ETA: 46s
[gpu0] [ 908/1000] samples:  45382 | chain(game/max/avg): 6/10/5.7 | reward(game/avg): 25880/20300 | 2.04 games/s | ETA: 45s
[gpu0] [ 909/1000] samples:  45432 | chain(game/max/avg): 6/10/5.7 | reward(game/avg): 29310/20310 | 2.04 games/s | ETA: 45s
[gpu0] [ 910/1000] samples:  45482 | chain(game/max/avg): 5/10/5.7 | reward(game/avg): 21040/20311 | 2.04 games/s | ETA: 44s
[gpu0] [ 911/1000] samples:  45532 | chain(game/max/avg): 5/10/5.7 | reward(game/avg): 14580/20305 | 2.05 games/s | ETA: 43s
[gpu0] [ 912/1000] samples:  45582 | chain(game/max/avg): 5/10/5.7 | reward(game/avg): 19410/20304 | 2.05 games/s | ETA: 43s
[gpu0] [ 913/1000] samples:  45632 | chain(game/max/avg): 5/10/5.7 | reward(game/avg): 20510/20304 | 2.05 games/s | ETA: 42s
[gpu0] [ 914/1000] samples:  45682 | chain(game/max/avg): 6/10/5.7 | reward(game/avg): 23710/20308 | 2.05 games/s | ETA: 42s
[gpu0] [ 915/1000] samples:  45732 | chain(game/max/avg): 7/10/5.7 | reward(game/avg): 31420/20320 | 2.05 games/s | ETA: 41s
[gpu0] [ 916/1000] samples:  45782 | chain(game/max/avg): 5/10/5.7 | reward(game/avg): 16260/20315 | 2.06 games/s | ETA: 41s
[gpu0] [ 917/1000] samples:  45832 | chain(game/max/avg): 6/10/5.7 | reward(game/avg): 21300/20317 | 2.06 games/s | ETA: 40s
[gpu0] [ 918/1000] samples:  45882 | chain(game/max/avg): 6/10/5.7 | reward(game/avg): 17330/20313 | 2.06 games/s | ETA: 40s
[gpu0] [ 919/1000] samples:  45932 | chain(game/max/avg): 5/10/5.7 | reward(game/avg): 17240/20310 | 2.06 games/s | ETA: 39s
[gpu0] [ 920/1000] samples:  45982 | chain(game/max/avg): 6/10/5.7 | reward(game/avg): 21580/20311 | 2.07 games/s | ETA: 39s
[gpu0] [ 921/1000] samples:  46032 | chain(game/max/avg): 7/10/5.7 | reward(game/avg): 29780/20322 | 2.07 games/s | ETA: 38s
[gpu0] [ 922/1000] samples:  46082 | chain(game/max/avg): 6/10/5.7 | reward(game/avg): 23040/20325 | 2.07 games/s | ETA: 38s
[gpu0] [ 923/1000] samples:  46132 | chain(game/max/avg): 6/10/5.7 | reward(game/avg): 20280/20325 | 2.07 games/s | ETA: 37s
[gpu0] [ 924/1000] samples:  46182 | chain(game/max/avg): 6/10/5.7 | reward(game/avg): 23480/20328 | 2.07 games/s | ETA: 37s
[gpu0] [ 925/1000] samples:  46232 | chain(game/max/avg): 6/10/5.7 | reward(game/avg): 25050/20333 | 2.08 games/s | ETA: 36s
[gpu0] [ 926/1000] samples:  46282 | chain(game/max/avg): 5/10/5.7 | reward(game/avg): 18520/20331 | 2.08 games/s | ETA: 36s
[gpu0] [ 927/1000] samples:  46332 | chain(game/max/avg): 5/10/5.7 | reward(game/avg): 15740/20326 | 2.08 games/s | ETA: 35s
[gpu0] [ 928/1000] samples:  46382 | chain(game/max/avg): 5/10/5.7 | reward(game/avg): 20140/20326 | 2.08 games/s | ETA: 35s
[gpu0] [ 929/1000] samples:  46432 | chain(game/max/avg): 5/10/5.7 | reward(game/avg): 17020/20322 | 2.09 games/s | ETA: 34s
[gpu0] [ 930/1000] samples:  46482 | chain(game/max/avg): 7/10/5.7 | reward(game/avg): 27400/20330 | 2.09 games/s | ETA: 34s
[gpu0] [ 931/1000] samples:  46532 | chain(game/max/avg): 5/10/5.7 | reward(game/avg): 16740/20326 | 2.09 games/s | ETA: 33s
[gpu0] [ 932/1000] samples:  46582 | chain(game/max/avg): 7/10/5.7 | reward(game/avg): 21540/20327 | 2.09 games/s | ETA: 32s
[gpu0] [ 933/1000] samples:  46632 | chain(game/max/avg): 5/10/5.7 | reward(game/avg): 13000/20320 | 2.09 games/s | ETA: 32s
[gpu0] [ 934/1000] samples:  46682 | chain(game/max/avg): 6/10/5.7 | reward(game/avg): 24480/20324 | 2.10 games/s | ETA: 31s
[gpu0] [ 935/1000] samples:  46732 | chain(game/max/avg): 5/10/5.7 | reward(game/avg): 25790/20330 | 2.10 games/s | ETA: 31s
[gpu0] [ 936/1000] samples:  46782 | chain(game/max/avg): 6/10/5.7 | reward(game/avg): 17500/20327 | 2.10 games/s | ETA: 30s
[gpu0] [ 937/1000] samples:  46832 | chain(game/max/avg): 5/10/5.7 | reward(game/avg): 14260/20320 | 2.10 games/s | ETA: 30s
[gpu0] [ 938/1000] samples:  46882 | chain(game/max/avg): 4/10/5.7 | reward(game/avg): 13520/20313 | 2.10 games/s | ETA: 30s
[gpu0] [ 939/1000] samples:  46932 | chain(game/max/avg): 7/10/5.7 | reward(game/avg): 28300/20322 | 2.10 games/s | ETA: 29s
[gpu0] [ 940/1000] samples:  46982 | chain(game/max/avg): 6/10/5.7 | reward(game/avg): 19800/20321 | 2.10 games/s | ETA: 29s
[gpu0] [ 941/1000] samples:  47032 | chain(game/max/avg): 5/10/5.7 | reward(game/avg): 20030/20321 | 2.11 games/s | ETA: 28s
[gpu0] [ 942/1000] samples:  47082 | chain(game/max/avg): 5/10/5.7 | reward(game/avg): 18350/20319 | 2.11 games/s | ETA: 28s
[gpu0] [ 943/1000] samples:  47132 | chain(game/max/avg): 6/10/5.7 | reward(game/avg): 21240/20320 | 2.11 games/s | ETA: 27s
[gpu0] [ 944/1000] samples:  47182 | chain(game/max/avg): 5/10/5.7 | reward(game/avg): 17480/20317 | 2.11 games/s | ETA: 27s
[gpu0] [ 945/1000] samples:  47232 | chain(game/max/avg): 7/10/5.7 | reward(game/avg): 24490/20321 | 2.11 games/s | ETA: 26s
[gpu0] [ 946/1000] samples:  47282 | chain(game/max/avg): 6/10/5.7 | reward(game/avg): 27660/20329 | 2.12 games/s | ETA: 26s
[gpu0] [ 947/1000] samples:  47332 | chain(game/max/avg): 4/10/5.7 | reward(game/avg): 10880/20319 | 2.12 games/s | ETA: 25s
[gpu0] [ 948/1000] samples:  47382 | chain(game/max/avg): 5/10/5.7 | reward(game/avg): 18900/20317 | 2.12 games/s | ETA: 25s
[gpu0] [ 949/1000] samples:  47432 | chain(game/max/avg): 5/10/5.7 | reward(game/avg): 16650/20313 | 2.12 games/s | ETA: 24s
[gpu0] [ 950/1000] samples:  47482 | chain(game/max/avg): 6/10/5.7 | reward(game/avg): 27370/20321 | 2.13 games/s | ETA: 24s
[gpu0] [ 951/1000] samples:  47532 | chain(game/max/avg): 6/10/5.7 | reward(game/avg): 19580/20320 | 2.13 games/s | ETA: 23s
[gpu0] [ 952/1000] samples:  47582 | chain(game/max/avg): 7/10/5.7 | reward(game/avg): 22670/20323 | 2.13 games/s | ETA: 23s
[gpu0] [ 953/1000] samples:  47632 | chain(game/max/avg): 5/10/5.7 | reward(game/avg): 14380/20316 | 2.13 games/s | ETA: 22s
[gpu0] [ 954/1000] samples:  47682 | chain(game/max/avg): 5/10/5.7 | reward(game/avg): 18180/20314 | 2.13 games/s | ETA: 22s
[gpu0] [ 955/1000] samples:  47732 | chain(game/max/avg): 5/10/5.7 | reward(game/avg): 20440/20314 | 2.14 games/s | ETA: 21s
[gpu0] [ 956/1000] samples:  47782 | chain(game/max/avg): 7/10/5.7 | reward(game/avg): 23220/20317 | 2.14 games/s | ETA: 21s
[gpu0] [ 957/1000] samples:  47832 | chain(game/max/avg): 5/10/5.7 | reward(game/avg): 16350/20313 | 2.14 games/s | ETA: 20s
[gpu0] [ 958/1000] samples:  47882 | chain(game/max/avg): 5/10/5.7 | reward(game/avg): 22700/20316 | 2.14 games/s | ETA: 20s
[gpu0] [ 959/1000] samples:  47932 | chain(game/max/avg): 6/10/5.7 | reward(game/avg): 30740/20326 | 2.15 games/s | ETA: 19s
[gpu0] [ 960/1000] samples:  47982 | chain(game/max/avg): 5/10/5.7 | reward(game/avg): 13660/20320 | 2.15 games/s | ETA: 19s
[gpu0] [ 961/1000] samples:  48032 | chain(game/max/avg): 5/10/5.7 | reward(game/avg): 15400/20314 | 2.15 games/s | ETA: 18s
[gpu0] [ 962/1000] samples:  48082 | chain(game/max/avg): 5/10/5.7 | reward(game/avg): 18410/20312 | 2.15 games/s | ETA: 18s
[gpu0] [ 963/1000] samples:  48132 | chain(game/max/avg): 6/10/5.7 | reward(game/avg): 19740/20312 | 2.15 games/s | ETA: 17s
[gpu0] [ 964/1000] samples:  48182 | chain(game/max/avg): 6/10/5.7 | reward(game/avg): 21890/20313 | 2.16 games/s | ETA: 17s
[gpu0] [ 965/1000] samples:  48232 | chain(game/max/avg): 7/10/5.7 | reward(game/avg): 32700/20326 | 2.16 games/s | ETA: 16s
[gpu0] [ 966/1000] samples:  48282 | chain(game/max/avg): 5/10/5.7 | reward(game/avg): 21140/20327 | 2.16 games/s | ETA: 16s
[gpu0] [ 967/1000] samples:  48332 | chain(game/max/avg): 5/10/5.7 | reward(game/avg): 15370/20322 | 2.16 games/s | ETA: 15s
[gpu0] [ 968/1000] samples:  48382 | chain(game/max/avg): 6/10/5.7 | reward(game/avg): 18330/20320 | 2.16 games/s | ETA: 15s
[gpu0] [ 969/1000] samples:  48432 | chain(game/max/avg): 6/10/5.7 | reward(game/avg): 26900/20327 | 2.17 games/s | ETA: 14s
[gpu0] [ 970/1000] samples:  48482 | chain(game/max/avg): 7/10/5.7 | reward(game/avg): 25940/20333 | 2.17 games/s | ETA: 14s
[gpu0] [ 971/1000] samples:  48532 | chain(game/max/avg): 6/10/5.7 | reward(game/avg): 22940/20335 | 2.17 games/s | ETA: 13s
[gpu0] [ 972/1000] samples:  48582 | chain(game/max/avg): 6/10/5.7 | reward(game/avg): 31690/20347 | 2.17 games/s | ETA: 13s
[gpu0] [ 973/1000] samples:  48632 | chain(game/max/avg): 6/10/5.7 | reward(game/avg): 19830/20346 | 2.17 games/s | ETA: 12s
[gpu0] [ 974/1000] samples:  48732 | chain(game/max/avg): 6/10/5.7 | reward(game/avg): 21300/20368 | 2.18 games/s | ETA: 12s
[gpu0] [ 975/1000] samples:  48732 | chain(game/max/avg): 5/10/5.7 | reward(game/avg): 20460/20347 | 2.18 games/s | ETA: 11s
[gpu0] [ 976/1000] samples:  48782 | chain(game/max/avg): 7/10/5.7 | reward(game/avg): 30380/20358 | 2.18 games/s | ETA: 11s
[gpu0] [ 977/1000] samples:  48832 | chain(game/max/avg): 5/10/5.7 | reward(game/avg): 14040/20351 | 2.18 games/s | ETA: 11s
[gpu0] [ 978/1000] samples:  48882 | chain(game/max/avg): 5/10/5.7 | reward(game/avg): 18060/20349 | 2.18 games/s | ETA: 10s
[gpu0] [ 979/1000] samples:  48932 | chain(game/max/avg): 6/10/5.7 | reward(game/avg): 25160/20354 | 2.19 games/s | ETA: 10s
[gpu0] [ 980/1000] samples:  48982 | chain(game/max/avg): 7/10/5.7 | reward(game/avg): 34790/20369 | 2.19 games/s | ETA: 9s
[gpu0] [ 981/1000] samples:  49032 | chain(game/max/avg): 5/10/5.7 | reward(game/avg): 21100/20369 | 2.19 games/s | ETA: 9s
[gpu0] [ 982/1000] samples:  49082 | chain(game/max/avg): 5/10/5.7 | reward(game/avg): 17620/20367 | 2.19 games/s | ETA: 8s
[gpu0] [ 983/1000] samples:  49132 | chain(game/max/avg): 7/10/5.7 | reward(game/avg): 31940/20378 | 2.20 games/s | ETA: 8s
[gpu0] [ 984/1000] samples:  49182 | chain(game/max/avg): 6/10/5.7 | reward(game/avg): 28920/20387 | 2.20 games/s | ETA: 7s
[gpu0] [ 985/1000] samples:  49232 | chain(game/max/avg): 5/10/5.7 | reward(game/avg): 17630/20384 | 2.20 games/s | ETA: 7s
[gpu0] [ 986/1000] samples:  49282 | chain(game/max/avg): 5/10/5.7 | reward(game/avg): 18880/20383 | 2.20 games/s | ETA: 6s
[gpu0] [ 987/1000] samples:  49332 | chain(game/max/avg): 6/10/5.7 | reward(game/avg): 23260/20386 | 2.20 games/s | ETA: 6s
[gpu0] [ 988/1000] samples:  49382 | chain(game/max/avg): 7/10/5.7 | reward(game/avg): 23660/20389 | 2.21 games/s | ETA: 5s
[gpu0] [ 989/1000] samples:  49432 | chain(game/max/avg): 7/10/5.7 | reward(game/avg): 25700/20394 | 2.21 games/s | ETA: 5s
[gpu0] [ 990/1000] samples:  49482 | chain(game/max/avg): 5/10/5.7 | reward(game/avg): 18120/20392 | 2.21 games/s | ETA: 5s
[gpu0] [ 991/1000] samples:  49532 | chain(game/max/avg): 7/10/5.7 | reward(game/avg): 35820/20408 | 2.21 games/s | ETA: 4s
[gpu0] [ 992/1000] samples:  49582 | chain(game/max/avg): 5/10/5.7 | reward(game/avg): 11900/20399 | 2.21 games/s | ETA: 4s
[gpu0] [ 993/1000] samples:  49632 | chain(game/max/avg): 5/10/5.7 | reward(game/avg): 13590/20392 | 2.22 games/s | ETA: 3s
[gpu0] [ 994/1000] samples:  49682 | chain(game/max/avg): 7/10/5.7 | reward(game/avg): 26020/20398 | 2.22 games/s | ETA: 3s
[gpu0] [ 995/1000] samples:  49732 | chain(game/max/avg): 5/10/5.7 | reward(game/avg): 22220/20400 | 2.22 games/s | ETA: 2s
[gpu0] [ 996/1000] samples:  49782 | chain(game/max/avg): 5/10/5.7 | reward(game/avg): 13660/20393 | 2.22 games/s | ETA: 2s
[gpu0] [ 997/1000] samples:  49832 | chain(game/max/avg): 6/10/5.7 | reward(game/avg): 32320/20405 | 2.22 games/s | ETA: 1s
[gpu0] [ 998/1000] samples:  49882 | chain(game/max/avg): 5/10/5.7 | reward(game/avg): 15100/20399 | 2.22 games/s | ETA: 1s
[gpu0] [ 999/1000] samples:  49932 | chain(game/max/avg): 7/10/5.7 | reward(game/avg): 26190/20405 | 2.22 games/s | ETA: 0s
[gpu0] [1000/1000] samples:  49982 | chain(game/max/avg): 5/10/5.7 | reward(game/avg): 20030/20405 | 2.22 games/s | ETA: 0s
[gpu0] Self-play complete: 1000 games, 49982 samples, max chain: 10
[gpu0] Saved to runs/rtx5090-3/data/alphazero_iter_2_gpu0.bin
[2026-04-05 23:17:04] Train start (AlphaZero mode, replay buffer, global_step=1000)
    Finished `release` profile [optimized] target(s) in 0.31s
     Running `target/release/train --alphazero --data-dir runs/rtx5090-3/data --global-step 1000 --model-path runs/rtx5090-3/artifacts/puyo_model --artifacts-dir runs/rtx5090-3/artifacts --batch-size 2048 --accum-steps 1 --cols 6 --rows 14 --num-colors 4 --residual-channels 128 --num-blocks 6 --policy-conv-channels 2 --value-conv-channels 1 --value-hidden 64 --film-hidden 128 --lr-stages '0:0.2,100000:0.02,300000:0.002,500000:0.0002'`
Backend: CUDA (GPU)
Game config: cols=6, rows=14, num_colors=4
Net config: residual_channels=128, num_blocks=6
Mode: AlphaZero (Policy CE + Value MSE)
Loading AlphaZero datasets from runs/rtx5090-3/data...
Found 2 data files
  Loaded 50000 samples from runs/rtx5090-3/data/alphazero_iter_1_gpu0.bin
  Loaded 49982 samples from runs/rtx5090-3/data/alphazero_iter_2_gpu0.bin
Loaded 99982 total samples
Train: 99982 samples (color augmented on-the-fly, no val split)
Loaded existing model from runs/rtx5090-3/artifacts/puyo_model
AlphaZero training: 1000 steps, global_step=1000, LR 2e-1 (end ~2e-1), batch_size=2048, accum_steps=1, effective_batch=2048
  step 50/1000 p_loss=2.8580 v_loss=8.3799 lr=0.200000  step 100/1000 p_loss=2.8501 v_loss=7.2608 lr=0.200000  step 150/1000 p_loss=2.8383 v_loss=6.8716 lr=0.200000  step 200/1000 p_loss=2.8257 v_loss=6.6603 lr=0.200000  step 250/1000 p_loss=2.8134 v_loss=6.5269 lr=0.200000  step 300/1000 p_loss=2.8021 v_loss=6.4459 lr=0.200000  step 350/1000 p_loss=2.7924 v_loss=6.3866 lr=0.200000  step 400/1000 p_loss=2.7840 v_loss=6.3439 lr=0.200000  step 450/1000 p_loss=2.7769 v_loss=6.3090 lr=0.200000  step 500/1000 p_loss=2.7709 v_loss=6.2806 lr=0.200000  step 550/1000 p_loss=2.7655 v_loss=6.2544 lr=0.200000  step 600/1000 p_loss=2.7606 v_loss=6.2369 lr=0.200000  step 650/1000 p_loss=2.7559 v_loss=6.2194 lr=0.200000  step 700/1000 p_loss=2.7518 v_loss=6.2057 lr=0.200000  step 750/1000 p_loss=2.7477 v_loss=6.1915 lr=0.200000  step 800/1000 p_loss=2.7442 v_loss=6.1813 lr=0.200000  step 850/1000 p_loss=2.7407 v_loss=6.1700 lr=0.200000  step 900/1000 p_loss=2.7376 v_loss=6.1599 lr=0.200000  step 950/1000 p_loss=2.7344 v_loss=6.1513 lr=0.200000  step 1000/1000 p_loss=2.7316 v_loss=6.1444 lr=0.200000
Model metadata saved to runs/rtx5090-3/artifacts/puyo_model.config.json
AlphaZero training complete. final train_loss(p=2.731596, v=6.144433) global_step=2000
[2026-04-05 23:20:50] === Iteration 2 complete ===
[2026-04-05 23:20:50] --- Iteration 3 (sims=512, global_step=2000) ---
[2026-04-05 23:20:50] Self-play start (m=24, c_visit=50.0, num_gpus=1, games_per_gpu=1000, total=1000)
[gpu0]     Finished `release` profile [optimized] target(s) in 0.30s
[gpu0]      Running `target/release/self-play --games 1000 --simulations 512 --c-puct-init 1.5 --c-puct-base 19652.0 --m 24 --c-visit 50.0 --gamma 0.95 --min-chain 0 --threads 512 --batch-size 2048 --num-leaves 1 --model-path runs/rtx5090-3/artifacts/puyo_model --cols 6 --rows 14 --num-colors 4 --residual-channels 128 --num-blocks 6 --policy-conv-channels 2 --value-conv-channels 1 --value-hidden 64 --film-hidden 128 --output runs/rtx5090-3/data/alphazero_iter_3_gpu0.bin`
[gpu0] games=1000, simulations=512, c_puct_init=1.5, c_puct_base=19652, m=24, c_visit=50, gamma=0.95, num_leaves=1, min_chain=0
[gpu0] Game config: cols=6, rows=14, num_colors=4, residual_channels=128, num_blocks=6, policy_conv_ch=2, value_conv_ch=1, value_hidden=64, film_hidden=128
[gpu0] Backend: Cuda (GPU) — Gumbel MCTS self-play (batched)
[gpu0] Loaded existing model from runs/rtx5090-3/artifacts/puyo_model
[gpu0] Using 512 game threads, max_batch_size=2048
[gpu0] [   1/1000] samples:     50 | chain(game/max/avg): 4/4/4.0 | reward(game/avg): 9440/9440 | 0.00 games/s | ETA: 224328s
[gpu0] [   2/1000] samples:    100 | chain(game/max/avg): 5/5/4.5 | reward(game/avg): 11010/10225 | 0.01 games/s | ETA: 112056s
[gpu0] [   3/1000] samples:    150 | chain(game/max/avg): 7/7/5.3 | reward(game/avg): 20200/13550 | 0.01 games/s | ETA: 74703s
[gpu0] [   4/1000] samples:    200 | chain(game/max/avg): 3/7/4.8 | reward(game/avg): 8250/12225 | 0.02 games/s | ETA: 56009s
[gpu0] [   5/1000] samples:    250 | chain(game/max/avg): 4/7/4.6 | reward(game/avg): 7080/11196 | 0.02 games/s | ETA: 44786s
[gpu0] [   6/1000] samples:    300 | chain(game/max/avg): 4/7/4.5 | reward(game/avg): 10250/11038 | 0.03 games/s | ETA: 37299s
[gpu0] [   7/1000] samples:    350 | chain(game/max/avg): 6/7/4.7 | reward(game/avg): 20730/12423 | 0.03 games/s | ETA: 31961s
[gpu0] [   8/1000] samples:    400 | chain(game/max/avg): 5/7/4.8 | reward(game/avg): 14120/12635 | 0.04 games/s | ETA: 27950s
[gpu0] [   9/1000] samples:    450 | chain(game/max/avg): 4/7/4.7 | reward(game/avg): 7870/12106 | 0.04 games/s | ETA: 24822s
[gpu0] [  10/1000] samples:    500 | chain(game/max/avg): 6/7/4.8 | reward(game/avg): 15320/12427 | 0.04 games/s | ETA: 22318s
[gpu0] [  11/1000] samples:    550 | chain(game/max/avg): 5/7/4.8 | reward(game/avg): 13620/12535 | 0.05 games/s | ETA: 20273s
[gpu0] [  12/1000] samples:    600 | chain(game/max/avg): 6/7/4.9 | reward(game/avg): 17340/12936 | 0.05 games/s | ETA: 18565s
[gpu0] [  13/1000] samples:    650 | chain(game/max/avg): 4/7/4.8 | reward(game/avg): 9020/12635 | 0.06 games/s | ETA: 17125s
[gpu0] [  14/1000] samples:    700 | chain(game/max/avg): 3/7/4.7 | reward(game/avg): 5690/12139 | 0.06 games/s | ETA: 15889s
[gpu0] [  15/1000] samples:    750 | chain(game/max/avg): 4/7/4.7 | reward(game/avg): 9160/11940 | 0.07 games/s | ETA: 14814s
[gpu0] [  16/1000] samples:    800 | chain(game/max/avg): 4/7/4.6 | reward(game/avg): 9380/11780 | 0.07 games/s | ETA: 13874s
[gpu0] [  17/1000] samples:    850 | chain(game/max/avg): 2/7/4.5 | reward(game/avg): 3120/11271 | 0.08 games/s | ETA: 13045s
[gpu0] [  18/1000] samples:    900 | chain(game/max/avg): 6/7/4.6 | reward(game/avg): 18480/11671 | 0.08 games/s | ETA: 12310s
[gpu0] [  19/1000] samples:    950 | chain(game/max/avg): 4/7/4.5 | reward(game/avg): 7350/11444 | 0.08 games/s | ETA: 11650s
[gpu0] [  20/1000] samples:   1000 | chain(game/max/avg): 3/7/4.5 | reward(game/avg): 4900/11116 | 0.09 games/s | ETA: 11056s
[gpu0] [  21/1000] samples:   1050 | chain(game/max/avg): 4/7/4.4 | reward(game/avg): 9360/11033 | 0.09 games/s | ETA: 10519s
[gpu0] [  22/1000] samples:   1100 | chain(game/max/avg): 3/7/4.4 | reward(game/avg): 4990/10758 | 0.10 games/s | ETA: 10031s
[gpu0] [  23/1000] samples:   1150 | chain(game/max/avg): 5/7/4.4 | reward(game/avg): 13600/10882 | 0.10 games/s | ETA: 9585s
[gpu0] [  24/1000] samples:   1200 | chain(game/max/avg): 5/7/4.4 | reward(game/avg): 12270/10940 | 0.11 games/s | ETA: 9176s
[gpu0] [  25/1000] samples:   1250 | chain(game/max/avg): 4/7/4.4 | reward(game/avg): 7020/10783 | 0.11 games/s | ETA: 8800s
[gpu0] [  26/1000] samples:   1300 | chain(game/max/avg): 4/7/4.4 | reward(game/avg): 8080/10679 | 0.12 games/s | ETA: 8453s
[gpu0] [  27/1000] samples:   1350 | chain(game/max/avg): 5/7/4.4 | reward(game/avg): 11240/10700 | 0.12 games/s | ETA: 8132s
[gpu0] [  28/1000] samples:   1400 | chain(game/max/avg): 5/7/4.4 | reward(game/avg): 13750/10809 | 0.12 games/s | ETA: 7833s
[gpu0] [  29/1000] samples:   1450 | chain(game/max/avg): 4/7/4.4 | reward(game/avg): 8520/10730 | 0.13 games/s | ETA: 7555s
[gpu0] [  30/1000] samples:   1500 | chain(game/max/avg): 4/7/4.4 | reward(game/avg): 8460/10654 | 0.13 games/s | ETA: 7296s
[gpu0] [  31/1000] samples:   1550 | chain(game/max/avg): 4/7/4.4 | reward(game/avg): 10060/10635 | 0.14 games/s | ETA: 7053s
[gpu0] [  32/1000] samples:   1600 | chain(game/max/avg): 4/7/4.4 | reward(game/avg): 6190/10496 | 0.14 games/s | ETA: 6826s
[gpu0] [  33/1000] samples:   1650 | chain(game/max/avg): 3/7/4.3 | reward(game/avg): 6640/10379 | 0.15 games/s | ETA: 6613s
[gpu0] [  34/1000] samples:   1700 | chain(game/max/avg): 5/7/4.4 | reward(game/avg): 13230/10463 | 0.15 games/s | ETA: 6411s
[gpu0] [  35/1000] samples:   1750 | chain(game/max/avg): 4/7/4.3 | reward(game/avg): 9180/10426 | 0.16 games/s | ETA: 6222s
[gpu0] [  36/1000] samples:   1800 | chain(game/max/avg): 6/7/4.4 | reward(game/avg): 22130/10751 | 0.16 games/s | ETA: 6043s
[gpu0] [  37/1000] samples:   1850 | chain(game/max/avg): 4/7/4.4 | reward(game/avg): 8280/10685 | 0.16 games/s | ETA: 5873s
[gpu0] [  38/1000] samples:   1900 | chain(game/max/avg): 4/7/4.4 | reward(game/avg): 8920/10638 | 0.17 games/s | ETA: 5713s
[gpu0] [  39/1000] samples:   1950 | chain(game/max/avg): 4/7/4.4 | reward(game/avg): 7350/10554 | 0.17 games/s | ETA: 5561s
[gpu0] [  40/1000] samples:   2000 | chain(game/max/avg): 4/7/4.3 | reward(game/avg): 8060/10492 | 0.18 games/s | ETA: 5416s
[gpu0] [  41/1000] samples:   2050 | chain(game/max/avg): 4/7/4.3 | reward(game/avg): 6600/10397 | 0.18 games/s | ETA: 5278s
[gpu0] [  42/1000] samples:   2100 | chain(game/max/avg): 3/7/4.3 | reward(game/avg): 6580/10306 | 0.19 games/s | ETA: 5147s
[gpu0] [  43/1000] samples:   2150 | chain(game/max/avg): 4/7/4.3 | reward(game/avg): 11470/10333 | 0.19 games/s | ETA: 5022s
[gpu0] [  44/1000] samples:   2200 | chain(game/max/avg): 3/7/4.3 | reward(game/avg): 6660/10249 | 0.19 games/s | ETA: 4903s
[gpu0] [  45/1000] samples:   2250 | chain(game/max/avg): 5/7/4.3 | reward(game/avg): 9610/10235 | 0.20 games/s | ETA: 4789s
[gpu0] [  46/1000] samples:   2300 | chain(game/max/avg): 5/7/4.3 | reward(game/avg): 13250/10301 | 0.20 games/s | ETA: 4680s
[gpu0] [  47/1000] samples:   2350 | chain(game/max/avg): 6/7/4.3 | reward(game/avg): 16340/10429 | 0.21 games/s | ETA: 4576s
[gpu0] [  48/1000] samples:   2400 | chain(game/max/avg): 5/7/4.4 | reward(game/avg): 12300/10468 | 0.21 games/s | ETA: 4476s
[gpu0] [  49/1000] samples:   2450 | chain(game/max/avg): 5/7/4.4 | reward(game/avg): 9880/10456 | 0.22 games/s | ETA: 4380s
[gpu0] [  50/1000] samples:   2500 | chain(game/max/avg): 4/7/4.4 | reward(game/avg): 6820/10383 | 0.22 games/s | ETA: 4288s
[gpu0] [  51/1000] samples:   2550 | chain(game/max/avg): 6/7/4.4 | reward(game/avg): 13240/10439 | 0.23 games/s | ETA: 4200s
[gpu0] [  52/1000] samples:   2600 | chain(game/max/avg): 3/7/4.4 | reward(game/avg): 6480/10363 | 0.23 games/s | ETA: 4114s
[gpu0] [  53/1000] samples:   2650 | chain(game/max/avg): 4/7/4.4 | reward(game/avg): 7200/10304 | 0.23 games/s | ETA: 4033s
[gpu0] [  54/1000] samples:   2700 | chain(game/max/avg): 4/7/4.4 | reward(game/avg): 11320/10322 | 0.24 games/s | ETA: 3954s
[gpu0] [  55/1000] samples:   2750 | chain(game/max/avg): 4/7/4.3 | reward(game/avg): 9740/10312 | 0.24 games/s | ETA: 3878s
[gpu0] [  56/1000] samples:   2800 | chain(game/max/avg): 4/7/4.3 | reward(game/avg): 6380/10242 | 0.25 games/s | ETA: 3805s
[gpu0] [  57/1000] samples:   2850 | chain(game/max/avg): 4/7/4.3 | reward(game/avg): 11330/10261 | 0.25 games/s | ETA: 3734s
[gpu0] [  58/1000] samples:   2900 | chain(game/max/avg): 3/7/4.3 | reward(game/avg): 5780/10183 | 0.26 games/s | ETA: 3666s
[gpu0] [  59/1000] samples:   2950 | chain(game/max/avg): 4/7/4.3 | reward(game/avg): 10100/10182 | 0.26 games/s | ETA: 3600s
[gpu0] [  60/1000] samples:   3000 | chain(game/max/avg): 3/7/4.3 | reward(game/avg): 5740/10108 | 0.27 games/s | ETA: 3536s
[gpu0] [  61/1000] samples:   3050 | chain(game/max/avg): 4/7/4.3 | reward(game/avg): 5300/10029 | 0.27 games/s | ETA: 3474s
[gpu0] [  62/1000] samples:   3100 | chain(game/max/avg): 4/7/4.3 | reward(game/avg): 9540/10021 | 0.27 games/s | ETA: 3415s
[gpu0] [  63/1000] samples:   3150 | chain(game/max/avg): 4/7/4.3 | reward(game/avg): 10010/10021 | 0.28 games/s | ETA: 3357s
[gpu0] [  64/1000] samples:   3200 | chain(game/max/avg): 4/7/4.3 | reward(game/avg): 8550/9998 | 0.28 games/s | ETA: 3301s
[gpu0] [  65/1000] samples:   3250 | chain(game/max/avg): 4/7/4.3 | reward(game/avg): 8080/9969 | 0.29 games/s | ETA: 3247s
[gpu0] [  66/1000] samples:   3300 | chain(game/max/avg): 4/7/4.3 | reward(game/avg): 8860/9952 | 0.29 games/s | ETA: 3194s
[gpu0] [  67/1000] samples:   3350 | chain(game/max/avg): 6/7/4.3 | reward(game/avg): 14420/10019 | 0.30 games/s | ETA: 3143s
[gpu0] [  68/1000] samples:   3400 | chain(game/max/avg): 4/7/4.3 | reward(game/avg): 8460/9996 | 0.30 games/s | ETA: 3093s
[gpu0] [  69/1000] samples:   3450 | chain(game/max/avg): 4/7/4.3 | reward(game/avg): 9760/9992 | 0.31 games/s | ETA: 3045s
[gpu0] [  70/1000] samples:   3500 | chain(game/max/avg): 4/7/4.3 | reward(game/avg): 7700/9959 | 0.31 games/s | ETA: 2999s
[gpu0] [  71/1000] samples:   3550 | chain(game/max/avg): 3/7/4.3 | reward(game/avg): 6400/9909 | 0.31 games/s | ETA: 2953s
[gpu0] [  72/1000] samples:   3600 | chain(game/max/avg): 3/7/4.2 | reward(game/avg): 5830/9853 | 0.32 games/s | ETA: 2909s
[gpu0] [  73/1000] samples:   3650 | chain(game/max/avg): 4/7/4.2 | reward(game/avg): 7580/9822 | 0.32 games/s | ETA: 2866s
[gpu0] [  74/1000] samples:   3700 | chain(game/max/avg): 4/7/4.2 | reward(game/avg): 8740/9807 | 0.33 games/s | ETA: 2824s
[gpu0] [  75/1000] samples:   3750 | chain(game/max/avg): 5/7/4.2 | reward(game/avg): 9320/9800 | 0.33 games/s | ETA: 2784s
[gpu0] [  76/1000] samples:   3800 | chain(game/max/avg): 3/7/4.2 | reward(game/avg): 6750/9760 | 0.34 games/s | ETA: 2744s
[gpu0] [  77/1000] samples:   3850 | chain(game/max/avg): 3/7/4.2 | reward(game/avg): 4880/9697 | 0.34 games/s | ETA: 2706s
[gpu0] [  78/1000] samples:   3900 | chain(game/max/avg): 6/7/4.2 | reward(game/avg): 17740/9800 | 0.35 games/s | ETA: 2668s
[gpu0] [  79/1000] samples:   3950 | chain(game/max/avg): 5/7/4.2 | reward(game/avg): 12500/9834 | 0.35 games/s | ETA: 2631s
[gpu0] [  80/1000] samples:   4000 | chain(game/max/avg): 4/7/4.2 | reward(game/avg): 8800/9821 | 0.35 games/s | ETA: 2596s
[gpu0] [  81/1000] samples:   4050 | chain(game/max/avg): 4/7/4.2 | reward(game/avg): 7940/9798 | 0.36 games/s | ETA: 2561s
[gpu0] [  82/1000] samples:   4100 | chain(game/max/avg): 3/7/4.2 | reward(game/avg): 4730/9736 | 0.36 games/s | ETA: 2527s
[gpu0] [  83/1000] samples:   4150 | chain(game/max/avg): 5/7/4.2 | reward(game/avg): 10770/9749 | 0.37 games/s | ETA: 2494s
[gpu0] [  84/1000] samples:   4200 | chain(game/max/avg): 3/7/4.2 | reward(game/avg): 6200/9706 | 0.37 games/s | ETA: 2461s
[gpu0] [  85/1000] samples:   4250 | chain(game/max/avg): 4/7/4.2 | reward(game/avg): 8360/9691 | 0.38 games/s | ETA: 2430s
[gpu0] [  86/1000] samples:   4300 | chain(game/max/avg): 5/7/4.2 | reward(game/avg): 12730/9726 | 0.38 games/s | ETA: 2399s
[gpu0] [  87/1000] samples:   4350 | chain(game/max/avg): 4/7/4.2 | reward(game/avg): 6900/9693 | 0.39 games/s | ETA: 2369s
[gpu0] [  88/1000] samples:   4400 | chain(game/max/avg): 4/7/4.2 | reward(game/avg): 7880/9673 | 0.39 games/s | ETA: 2339s
[gpu0] [  89/1000] samples:   4450 | chain(game/max/avg): 4/7/4.2 | reward(game/avg): 8430/9659 | 0.39 games/s | ETA: 2310s
[gpu0] [  90/1000] samples:   4500 | chain(game/max/avg): 5/7/4.2 | reward(game/avg): 11140/9675 | 0.40 games/s | ETA: 2282s
[gpu0] [  91/1000] samples:   4550 | chain(game/max/avg): 3/7/4.2 | reward(game/avg): 6760/9643 | 0.40 games/s | ETA: 2255s
[gpu0] [  92/1000] samples:   4600 | chain(game/max/avg): 4/7/4.2 | reward(game/avg): 9600/9643 | 0.41 games/s | ETA: 2228s
[gpu0] [  93/1000] samples:   4650 | chain(game/max/avg): 4/7/4.2 | reward(game/avg): 8260/9628 | 0.41 games/s | ETA: 2201s
[gpu0] [  94/1000] samples:   4700 | chain(game/max/avg): 6/7/4.2 | reward(game/avg): 14270/9677 | 0.42 games/s | ETA: 2175s
[gpu0] [  95/1000] samples:   4750 | chain(game/max/avg): 4/7/4.2 | reward(game/avg): 8040/9660 | 0.42 games/s | ETA: 2150s
[gpu0] [  96/1000] samples:   4800 | chain(game/max/avg): 3/7/4.2 | reward(game/avg): 6570/9628 | 0.43 games/s | ETA: 2125s
[gpu0] [  97/1000] samples:   4850 | chain(game/max/avg): 6/7/4.2 | reward(game/avg): 20530/9740 | 0.43 games/s | ETA: 2101s
[gpu0] [  98/1000] samples:   4900 | chain(game/max/avg): 3/7/4.2 | reward(game/avg): 6220/9704 | 0.43 games/s | ETA: 2077s
[gpu0] [  99/1000] samples:   4950 | chain(game/max/avg): 6/7/4.2 | reward(game/avg): 13680/9745 | 0.44 games/s | ETA: 2054s
[gpu0] [ 100/1000] samples:   5000 | chain(game/max/avg): 4/7/4.2 | reward(game/avg): 6470/9712 | 0.44 games/s | ETA: 2031s
[gpu0] [ 101/1000] samples:   5050 | chain(game/max/avg): 5/7/4.2 | reward(game/avg): 10460/9719 | 0.45 games/s | ETA: 2009s
[gpu0] [ 102/1000] samples:   5100 | chain(game/max/avg): 4/7/4.2 | reward(game/avg): 8520/9707 | 0.45 games/s | ETA: 1987s
[gpu0] [ 103/1000] samples:   5150 | chain(game/max/avg): 3/7/4.2 | reward(game/avg): 5320/9665 | 0.46 games/s | ETA: 1966s
[gpu0] [ 104/1000] samples:   5200 | chain(game/max/avg): 4/7/4.2 | reward(game/avg): 8950/9658 | 0.46 games/s | ETA: 1945s
[gpu0] [ 105/1000] samples:   5250 | chain(game/max/avg): 5/7/4.2 | reward(game/avg): 11200/9673 | 0.47 games/s | ETA: 1924s
[gpu0] [ 106/1000] samples:   5300 | chain(game/max/avg): 5/7/4.2 | reward(game/avg): 13580/9710 | 0.47 games/s | ETA: 1904s
[gpu0] [ 107/1000] samples:   5350 | chain(game/max/avg): 4/7/4.2 | reward(game/avg): 12480/9735 | 0.47 games/s | ETA: 1884s
[gpu0] [ 108/1000] samples:   5400 | chain(game/max/avg): 5/7/4.2 | reward(game/avg): 11520/9752 | 0.48 games/s | ETA: 1864s
[gpu0] [ 109/1000] samples:   5450 | chain(game/max/avg): 4/7/4.2 | reward(game/avg): 10080/9755 | 0.48 games/s | ETA: 1845s
[gpu0] [ 110/1000] samples:   5500 | chain(game/max/avg): 4/7/4.2 | reward(game/avg): 9500/9753 | 0.49 games/s | ETA: 1826s
[gpu0] [ 111/1000] samples:   5550 | chain(game/max/avg): 4/7/4.2 | reward(game/avg): 7860/9736 | 0.49 games/s | ETA: 1808s
[gpu0] [ 112/1000] samples:   5600 | chain(game/max/avg): 3/7/4.2 | reward(game/avg): 5920/9702 | 0.50 games/s | ETA: 1790s
[gpu0] [ 113/1000] samples:   5650 | chain(game/max/avg): 3/7/4.2 | reward(game/avg): 8450/9690 | 0.50 games/s | ETA: 1772s
[gpu0] [ 114/1000] samples:   5700 | chain(game/max/avg): 6/7/4.2 | reward(game/avg): 13920/9728 | 0.51 games/s | ETA: 1754s
[gpu0] [ 115/1000] samples:   5750 | chain(game/max/avg): 5/7/4.2 | reward(game/avg): 11640/9744 | 0.51 games/s | ETA: 1737s
[gpu0] [ 116/1000] samples:   5800 | chain(game/max/avg): 5/7/4.2 | reward(game/avg): 10120/9747 | 0.51 games/s | ETA: 1720s
[gpu0] [ 117/1000] samples:   5850 | chain(game/max/avg): 3/7/4.2 | reward(game/avg): 4680/9704 | 0.52 games/s | ETA: 1704s
[gpu0] [ 118/1000] samples:   5900 | chain(game/max/avg): 5/7/4.2 | reward(game/avg): 15610/9754 | 0.52 games/s | ETA: 1687s
[gpu0] [ 119/1000] samples:   5950 | chain(game/max/avg): 5/7/4.2 | reward(game/avg): 13200/9783 | 0.53 games/s | ETA: 1671s
[gpu0] [ 120/1000] samples:   6000 | chain(game/max/avg): 4/7/4.2 | reward(game/avg): 6320/9754 | 0.53 games/s | ETA: 1655s
[gpu0] [ 121/1000] samples:   6050 | chain(game/max/avg): 3/7/4.2 | reward(game/avg): 5620/9720 | 0.54 games/s | ETA: 1640s
[gpu0] [ 122/1000] samples:   6100 | chain(game/max/avg): 3/7/4.2 | reward(game/avg): 8760/9712 | 0.54 games/s | ETA: 1625s
[gpu0] [ 123/1000] samples:   6150 | chain(game/max/avg): 4/7/4.2 | reward(game/avg): 12170/9732 | 0.54 games/s | ETA: 1610s
[gpu0] [ 124/1000] samples:   6200 | chain(game/max/avg): 4/7/4.2 | reward(game/avg): 8020/9718 | 0.55 games/s | ETA: 1595s
[gpu0] [ 125/1000] samples:   6250 | chain(game/max/avg): 3/7/4.2 | reward(game/avg): 6690/9694 | 0.55 games/s | ETA: 1580s
[gpu0] [ 126/1000] samples:   6300 | chain(game/max/avg): 4/7/4.2 | reward(game/avg): 6960/9672 | 0.56 games/s | ETA: 1566s
[gpu0] [ 127/1000] samples:   6350 | chain(game/max/avg): 4/7/4.2 | reward(game/avg): 12750/9697 | 0.56 games/s | ETA: 1552s
[gpu0] [ 128/1000] samples:   6400 | chain(game/max/avg): 4/7/4.2 | reward(game/avg): 8280/9686 | 0.57 games/s | ETA: 1538s
[gpu0] [ 129/1000] samples:   6450 | chain(game/max/avg): 4/7/4.2 | reward(game/avg): 6680/9662 | 0.57 games/s | ETA: 1524s
[gpu0] [ 130/1000] samples:   6500 | chain(game/max/avg): 4/7/4.2 | reward(game/avg): 7350/9645 | 0.58 games/s | ETA: 1511s
[gpu0] [ 131/1000] samples:   6550 | chain(game/max/avg): 4/7/4.2 | reward(game/avg): 8900/9639 | 0.58 games/s | ETA: 1498s
[gpu0] [ 132/1000] samples:   6600 | chain(game/max/avg): 4/7/4.2 | reward(game/avg): 7240/9621 | 0.58 games/s | ETA: 1484s
[gpu0] [ 133/1000] samples:   6650 | chain(game/max/avg): 4/7/4.2 | reward(game/avg): 8240/9610 | 0.59 games/s | ETA: 1472s
[gpu0] [ 134/1000] samples:   6700 | chain(game/max/avg): 3/7/4.2 | reward(game/avg): 5800/9582 | 0.59 games/s | ETA: 1459s
[gpu0] [ 135/1000] samples:   6750 | chain(game/max/avg): 3/7/4.2 | reward(game/avg): 7380/9566 | 0.60 games/s | ETA: 1446s
[gpu0] [ 136/1000] samples:   6800 | chain(game/max/avg): 3/7/4.2 | reward(game/avg): 7000/9547 | 0.60 games/s | ETA: 1434s
[gpu0] [ 137/1000] samples:   6850 | chain(game/max/avg): 3/7/4.2 | reward(game/avg): 6310/9523 | 0.61 games/s | ETA: 1422s
[gpu0] [ 138/1000] samples:   6900 | chain(game/max/avg): 4/7/4.2 | reward(game/avg): 7780/9510 | 0.61 games/s | ETA: 1410s
[gpu0] [ 139/1000] samples:   6950 | chain(game/max/avg): 4/7/4.2 | reward(game/avg): 7820/9498 | 0.62 games/s | ETA: 1398s
[gpu0] [ 140/1000] samples:   7000 | chain(game/max/avg): 5/7/4.2 | reward(game/avg): 10640/9506 | 0.62 games/s | ETA: 1387s
[gpu0] [ 141/1000] samples:   7050 | chain(game/max/avg): 4/7/4.2 | reward(game/avg): 7540/9492 | 0.62 games/s | ETA: 1375s
[gpu0] [ 142/1000] samples:   7100 | chain(game/max/avg): 4/7/4.2 | reward(game/avg): 6060/9468 | 0.63 games/s | ETA: 1364s
[gpu0] [ 143/1000] samples:   7150 | chain(game/max/avg): 5/7/4.2 | reward(game/avg): 13100/9494 | 0.63 games/s | ETA: 1353s
[gpu0] [ 144/1000] samples:   7200 | chain(game/max/avg): 5/7/4.2 | reward(game/avg): 12620/9515 | 0.64 games/s | ETA: 1342s
[gpu0] [ 145/1000] samples:   7250 | chain(game/max/avg): 3/7/4.2 | reward(game/avg): 6440/9494 | 0.64 games/s | ETA: 1331s
[gpu0] [ 146/1000] samples:   7300 | chain(game/max/avg): 5/7/4.2 | reward(game/avg): 8260/9486 | 0.65 games/s | ETA: 1321s
[gpu0] [ 147/1000] samples:   7350 | chain(game/max/avg): 5/7/4.2 | reward(game/avg): 11420/9499 | 0.65 games/s | ETA: 1310s
[gpu0] [ 148/1000] samples:   7400 | chain(game/max/avg): 4/7/4.2 | reward(game/avg): 11050/9509 | 0.66 games/s | ETA: 1300s
[gpu0] [ 149/1000] samples:   7450 | chain(game/max/avg): 4/7/4.2 | reward(game/avg): 7180/9494 | 0.66 games/s | ETA: 1289s
[gpu0] [ 150/1000] samples:   7500 | chain(game/max/avg): 4/7/4.2 | reward(game/avg): 6240/9472 | 0.66 games/s | ETA: 1279s
[gpu0] [ 151/1000] samples:   7550 | chain(game/max/avg): 5/7/4.2 | reward(game/avg): 9500/9472 | 0.67 games/s | ETA: 1269s
[gpu0] [ 152/1000] samples:   7600 | chain(game/max/avg): 5/7/4.2 | reward(game/avg): 9680/9474 | 0.67 games/s | ETA: 1259s
[gpu0] [ 153/1000] samples:   7650 | chain(game/max/avg): 4/7/4.2 | reward(game/avg): 13800/9502 | 0.68 games/s | ETA: 1250s
[gpu0] [ 154/1000] samples:   7700 | chain(game/max/avg): 4/7/4.2 | reward(game/avg): 9260/9500 | 0.68 games/s | ETA: 1240s
[gpu0] [ 155/1000] samples:   7750 | chain(game/max/avg): 5/7/4.2 | reward(game/avg): 8260/9492 | 0.69 games/s | ETA: 1231s
[gpu0] [ 156/1000] samples:   7800 | chain(game/max/avg): 3/7/4.2 | reward(game/avg): 5340/9466 | 0.69 games/s | ETA: 1221s
[gpu0] [ 157/1000] samples:   7850 | chain(game/max/avg): 5/7/4.2 | reward(game/avg): 11060/9476 | 0.70 games/s | ETA: 1212s
[gpu0] [ 158/1000] samples:   7900 | chain(game/max/avg): 6/7/4.2 | reward(game/avg): 13360/9500 | 0.70 games/s | ETA: 1203s
[gpu0] [ 159/1000] samples:   7950 | chain(game/max/avg): 3/7/4.2 | reward(game/avg): 5290/9474 | 0.70 games/s | ETA: 1194s
[gpu0] [ 160/1000] samples:   8000 | chain(game/max/avg): 4/7/4.2 | reward(game/avg): 8910/9470 | 0.71 games/s | ETA: 1185s
[gpu0] [ 161/1000] samples:   8050 | chain(game/max/avg): 4/7/4.2 | reward(game/avg): 7400/9458 | 0.71 games/s | ETA: 1176s
[gpu0] [ 162/1000] samples:   8100 | chain(game/max/avg): 5/7/4.2 | reward(game/avg): 13310/9481 | 0.72 games/s | ETA: 1168s
[gpu0] [ 163/1000] samples:   8150 | chain(game/max/avg): 6/7/4.2 | reward(game/avg): 13960/9509 | 0.72 games/s | ETA: 1159s
[gpu0] [ 164/1000] samples:   8200 | chain(game/max/avg): 4/7/4.2 | reward(game/avg): 9670/9510 | 0.73 games/s | ETA: 1151s
[gpu0] [ 165/1000] samples:   8250 | chain(game/max/avg): 3/7/4.2 | reward(game/avg): 7030/9495 | 0.73 games/s | ETA: 1142s
[gpu0] [ 166/1000] samples:   8300 | chain(game/max/avg): 4/7/4.2 | reward(game/avg): 7980/9486 | 0.74 games/s | ETA: 1134s
[gpu0] [ 167/1000] samples:   8350 | chain(game/max/avg): 4/7/4.2 | reward(game/avg): 9100/9483 | 0.74 games/s | ETA: 1126s
[gpu0] [ 168/1000] samples:   8400 | chain(game/max/avg): 4/7/4.2 | reward(game/avg): 8530/9478 | 0.74 games/s | ETA: 1118s
[gpu0] [ 169/1000] samples:   8450 | chain(game/max/avg): 5/7/4.2 | reward(game/avg): 17540/9525 | 0.75 games/s | ETA: 1110s
[gpu0] [ 171/1000] samples:   8550 | chain(game/max/avg): 4/7/4.2 | reward(game/avg): 10270/9522 | 0.76 games/s | ETA: 1095s
[gpu0] [ 170/1000] samples:   8500 | chain(game/max/avg): 4/7/4.2 | reward(game/avg): 8250/9518 | 0.75 games/s | ETA: 1102s
[gpu0] [ 172/1000] samples:   8600 | chain(game/max/avg): 3/7/4.2 | reward(game/avg): 6130/9503 | 0.76 games/s | ETA: 1087s
[gpu0] [ 173/1000] samples:   8650 | chain(game/max/avg): 4/7/4.2 | reward(game/avg): 8880/9499 | 0.77 games/s | ETA: 1079s
[gpu0] [ 174/1000] samples:   8700 | chain(game/max/avg): 4/7/4.2 | reward(game/avg): 5680/9477 | 0.77 games/s | ETA: 1072s
[gpu0] [ 175/1000] samples:   8750 | chain(game/max/avg): 4/7/4.2 | reward(game/avg): 8040/9469 | 0.78 games/s | ETA: 1064s
[gpu0] [ 176/1000] samples:   8800 | chain(game/max/avg): 3/7/4.2 | reward(game/avg): 6100/9450 | 0.78 games/s | ETA: 1057s
[gpu0] [ 177/1000] samples:   8850 | chain(game/max/avg): 3/7/4.2 | reward(game/avg): 3740/9417 | 0.78 games/s | ETA: 1050s
[gpu0] [ 178/1000] samples:   8900 | chain(game/max/avg): 4/7/4.2 | reward(game/avg): 8660/9413 | 0.79 games/s | ETA: 1043s
[gpu0] [ 179/1000] samples:   8950 | chain(game/max/avg): 5/7/4.2 | reward(game/avg): 11740/9426 | 0.79 games/s | ETA: 1036s
[gpu0] [ 180/1000] samples:   9000 | chain(game/max/avg): 4/7/4.2 | reward(game/avg): 6500/9410 | 0.80 games/s | ETA: 1029s
[gpu0] [ 181/1000] samples:   9050 | chain(game/max/avg): 4/7/4.2 | reward(game/avg): 7880/9401 | 0.80 games/s | ETA: 1022s
[gpu0] [ 182/1000] samples:   9100 | chain(game/max/avg): 4/7/4.2 | reward(game/avg): 7520/9391 | 0.81 games/s | ETA: 1015s
[gpu0] [ 183/1000] samples:   9150 | chain(game/max/avg): 4/7/4.2 | reward(game/avg): 9680/9393 | 0.81 games/s | ETA: 1008s
[gpu0] [ 184/1000] samples:   9200 | chain(game/max/avg): 4/7/4.2 | reward(game/avg): 7930/9385 | 0.81 games/s | ETA: 1001s
[gpu0] [ 186/1000] samples:   9300 | chain(game/max/avg): 3/7/4.2 | reward(game/avg): 7260/9365 | 0.82 games/s | ETA: 988s
[gpu0] [ 185/1000] samples:   9300 | chain(game/max/avg): 4/7/4.2 | reward(game/avg): 7860/9416 | 0.82 games/s | ETA: 995s
[gpu0] [ 187/1000] samples:   9350 | chain(game/max/avg): 4/7/4.2 | reward(game/avg): 6660/9351 | 0.83 games/s | ETA: 982s
[gpu0] [ 188/1000] samples:   9400 | chain(game/max/avg): 6/7/4.2 | reward(game/avg): 18020/9397 | 0.83 games/s | ETA: 975s
[gpu0] [ 189/1000] samples:   9450 | chain(game/max/avg): 5/7/4.2 | reward(game/avg): 14350/9423 | 0.84 games/s | ETA: 969s
[gpu0] [ 190/1000] samples:   9500 | chain(game/max/avg): 5/7/4.2 | reward(game/avg): 13980/9447 | 0.84 games/s | ETA: 963s
[gpu0] [ 191/1000] samples:   9550 | chain(game/max/avg): 5/7/4.2 | reward(game/avg): 11090/9456 | 0.85 games/s | ETA: 956s
[gpu0] [ 192/1000] samples:   9600 | chain(game/max/avg): 5/7/4.2 | reward(game/avg): 16120/9490 | 0.85 games/s | ETA: 950s
[gpu0] [ 193/1000] samples:   9650 | chain(game/max/avg): 4/7/4.2 | reward(game/avg): 7390/9479 | 0.85 games/s | ETA: 944s
[gpu0] [ 194/1000] samples:   9700 | chain(game/max/avg): 6/7/4.2 | reward(game/avg): 14560/9506 | 0.86 games/s | ETA: 938s
[gpu0] [ 195/1000] samples:   9750 | chain(game/max/avg): 5/7/4.2 | reward(game/avg): 11140/9514 | 0.86 games/s | ETA: 932s
[gpu0] [ 196/1000] samples:   9800 | chain(game/max/avg): 4/7/4.2 | reward(game/avg): 7880/9506 | 0.87 games/s | ETA: 926s
[gpu0] [ 197/1000] samples:   9850 | chain(game/max/avg): 5/7/4.2 | reward(game/avg): 11260/9515 | 0.87 games/s | ETA: 920s
[gpu0] [ 198/1000] samples:   9900 | chain(game/max/avg): 4/7/4.2 | reward(game/avg): 6760/9501 | 0.88 games/s | ETA: 915s
[gpu0] [ 199/1000] samples:   9950 | chain(game/max/avg): 3/7/4.2 | reward(game/avg): 5490/9480 | 0.88 games/s | ETA: 909s
[gpu0] [ 200/1000] samples:  10000 | chain(game/max/avg): 4/7/4.2 | reward(game/avg): 7080/9468 | 0.89 games/s | ETA: 903s
[gpu0] [ 201/1000] samples:  10050 | chain(game/max/avg): 4/7/4.2 | reward(game/avg): 6450/9453 | 0.89 games/s | ETA: 898s
[gpu0] [ 202/1000] samples:  10100 | chain(game/max/avg): 4/7/4.2 | reward(game/avg): 8370/9448 | 0.89 games/s | ETA: 892s
[gpu0] [ 203/1000] samples:  10150 | chain(game/max/avg): 4/7/4.2 | reward(game/avg): 7840/9440 | 0.90 games/s | ETA: 886s
[gpu0] [ 204/1000] samples:  10200 | chain(game/max/avg): 4/7/4.2 | reward(game/avg): 6560/9426 | 0.90 games/s | ETA: 881s
[gpu0] [ 205/1000] samples:  10250 | chain(game/max/avg): 3/7/4.2 | reward(game/avg): 5480/9407 | 0.91 games/s | ETA: 876s
[gpu0] [ 206/1000] samples:  10300 | chain(game/max/avg): 4/7/4.2 | reward(game/avg): 8200/9401 | 0.91 games/s | ETA: 870s
[gpu0] [ 207/1000] samples:  10350 | chain(game/max/avg): 5/7/4.2 | reward(game/avg): 8000/9394 | 0.92 games/s | ETA: 865s
[gpu0] [ 208/1000] samples:  10400 | chain(game/max/avg): 4/7/4.2 | reward(game/avg): 7660/9386 | 0.92 games/s | ETA: 860s
[gpu0] [ 209/1000] samples:  10450 | chain(game/max/avg): 3/7/4.2 | reward(game/avg): 4880/9364 | 0.93 games/s | ETA: 855s
[gpu0] [ 210/1000] samples:  10500 | chain(game/max/avg): 3/7/4.2 | reward(game/avg): 4500/9341 | 0.93 games/s | ETA: 849s
[gpu0] [ 211/1000] samples:  10550 | chain(game/max/avg): 5/7/4.2 | reward(game/avg): 13440/9361 | 0.93 games/s | ETA: 844s
[gpu0] [ 212/1000] samples:  10600 | chain(game/max/avg): 5/7/4.2 | reward(game/avg): 12320/9374 | 0.94 games/s | ETA: 839s
[gpu0] [ 213/1000] samples:  10650 | chain(game/max/avg): 4/7/4.2 | reward(game/avg): 9560/9375 | 0.94 games/s | ETA: 834s
[gpu0] [ 214/1000] samples:  10700 | chain(game/max/avg): 3/7/4.2 | reward(game/avg): 5040/9355 | 0.95 games/s | ETA: 829s
[gpu0] [ 215/1000] samples:  10750 | chain(game/max/avg): 3/7/4.2 | reward(game/avg): 6170/9340 | 0.95 games/s | ETA: 824s
[gpu0] [ 216/1000] samples:  10800 | chain(game/max/avg): 3/7/4.2 | reward(game/avg): 6160/9326 | 0.96 games/s | ETA: 820s
[gpu0] [ 217/1000] samples:  10850 | chain(game/max/avg): 5/7/4.2 | reward(game/avg): 14040/9347 | 0.96 games/s | ETA: 815s
[gpu0] [ 218/1000] samples:  10900 | chain(game/max/avg): 4/7/4.2 | reward(game/avg): 7450/9339 | 0.97 games/s | ETA: 810s
[gpu0] [ 219/1000] samples:  10950 | chain(game/max/avg): 3/7/4.2 | reward(game/avg): 3560/9312 | 0.97 games/s | ETA: 805s
[gpu0] [ 220/1000] samples:  11000 | chain(game/max/avg): 5/7/4.2 | reward(game/avg): 12520/9327 | 0.97 games/s | ETA: 801s
[gpu0] [ 221/1000] samples:  11050 | chain(game/max/avg): 5/7/4.2 | reward(game/avg): 14200/9349 | 0.98 games/s | ETA: 796s
[gpu0] [ 222/1000] samples:  11100 | chain(game/max/avg): 5/7/4.2 | reward(game/avg): 11840/9360 | 0.98 games/s | ETA: 791s
[gpu0] [ 223/1000] samples:  11150 | chain(game/max/avg): 3/7/4.2 | reward(game/avg): 7080/9350 | 0.99 games/s | ETA: 787s
[gpu0] [ 224/1000] samples:  11200 | chain(game/max/avg): 4/7/4.2 | reward(game/avg): 6180/9336 | 0.99 games/s | ETA: 782s
[gpu0] [ 225/1000] samples:  11250 | chain(game/max/avg): 4/7/4.2 | reward(game/avg): 8910/9334 | 1.00 games/s | ETA: 778s
[gpu0] [ 226/1000] samples:  11300 | chain(game/max/avg): 4/7/4.2 | reward(game/avg): 5540/9317 | 1.00 games/s | ETA: 773s
[gpu0] [ 227/1000] samples:  11350 | chain(game/max/avg): 4/7/4.2 | reward(game/avg): 6500/9305 | 1.01 games/s | ETA: 769s
[gpu0] [ 228/1000] samples:  11400 | chain(game/max/avg): 5/7/4.2 | reward(game/avg): 12810/9320 | 1.01 games/s | ETA: 765s
[gpu0] [ 229/1000] samples:  11450 | chain(game/max/avg): 5/7/4.2 | reward(game/avg): 14240/9341 | 1.01 games/s | ETA: 760s
[gpu0] [ 230/1000] samples:  11500 | chain(game/max/avg): 5/7/4.2 | reward(game/avg): 8940/9340 | 1.02 games/s | ETA: 756s
[gpu0] [ 231/1000] samples:  11550 | chain(game/max/avg): 4/7/4.2 | reward(game/avg): 6120/9326 | 1.02 games/s | ETA: 752s
[gpu0] [ 232/1000] samples:  11600 | chain(game/max/avg): 3/7/4.2 | reward(game/avg): 6160/9312 | 1.03 games/s | ETA: 748s
[gpu0] [ 233/1000] samples:  11650 | chain(game/max/avg): 6/7/4.2 | reward(game/avg): 16550/9343 | 1.03 games/s | ETA: 743s
[gpu0] [ 234/1000] samples:  11700 | chain(game/max/avg): 5/7/4.2 | reward(game/avg): 8680/9340 | 1.04 games/s | ETA: 739s
[gpu0] [ 235/1000] samples:  11750 | chain(game/max/avg): 4/7/4.2 | reward(game/avg): 9000/9339 | 1.04 games/s | ETA: 735s
[gpu0] [ 236/1000] samples:  11800 | chain(game/max/avg): 4/7/4.2 | reward(game/avg): 10140/9342 | 1.05 games/s | ETA: 731s
[gpu0] [ 237/1000] samples:  11850 | chain(game/max/avg): 4/7/4.2 | reward(game/avg): 8480/9339 | 1.05 games/s | ETA: 727s
[gpu0] [ 238/1000] samples:  11900 | chain(game/max/avg): 4/7/4.2 | reward(game/avg): 9120/9338 | 1.05 games/s | ETA: 723s
[gpu0] [ 239/1000] samples:  11950 | chain(game/max/avg): 4/7/4.2 | reward(game/avg): 7460/9330 | 1.06 games/s | ETA: 719s
[gpu0] [ 240/1000] samples:  12000 | chain(game/max/avg): 4/7/4.2 | reward(game/avg): 7840/9324 | 1.06 games/s | ETA: 715s
[gpu0] [ 241/1000] samples:  12050 | chain(game/max/avg): 6/7/4.2 | reward(game/avg): 17540/9358 | 1.07 games/s | ETA: 711s
[gpu0] [ 242/1000] samples:  12100 | chain(game/max/avg): 5/7/4.2 | reward(game/avg): 9300/9358 | 1.07 games/s | ETA: 707s
[gpu0] [ 243/1000] samples:  12150 | chain(game/max/avg): 5/7/4.2 | reward(game/avg): 12950/9372 | 1.08 games/s | ETA: 703s
[gpu0] [ 244/1000] samples:  12200 | chain(game/max/avg): 5/7/4.2 | reward(game/avg): 8610/9369 | 1.08 games/s | ETA: 700s
[gpu0] [ 245/1000] samples:  12250 | chain(game/max/avg): 5/7/4.2 | reward(game/avg): 13880/9388 | 1.08 games/s | ETA: 696s
[gpu0] [ 247/1000] samples:  12350 | chain(game/max/avg): 4/7/4.2 | reward(game/avg): 8300/9388 | 1.09 games/s | ETA: 688s
[gpu0] [ 248/1000] samples:  12400 | chain(game/max/avg): 4/7/4.2 | reward(game/avg): 7330/9379 | 1.10 games/s | ETA: 685s
[gpu0] [ 246/1000] samples:  12300 | chain(game/max/avg): 4/7/4.2 | reward(game/avg): 10480/9392 | 1.09 games/s | ETA: 692s
[gpu0] [ 249/1000] samples:  12450 | chain(game/max/avg): 3/7/4.2 | reward(game/avg): 6020/9366 | 1.10 games/s | ETA: 681s
[gpu0] [ 250/1000] samples:  12500 | chain(game/max/avg): 4/7/4.2 | reward(game/avg): 7380/9358 | 1.11 games/s | ETA: 677s
[gpu0] [ 251/1000] samples:  12550 | chain(game/max/avg): 3/7/4.2 | reward(game/avg): 6420/9346 | 1.11 games/s | ETA: 674s
[gpu0] [ 252/1000] samples:  12600 | chain(game/max/avg): 3/7/4.2 | reward(game/avg): 6430/9335 | 1.12 games/s | ETA: 670s
[gpu0] [ 253/1000] samples:  12650 | chain(game/max/avg): 5/7/4.2 | reward(game/avg): 12040/9345 | 1.12 games/s | ETA: 667s
[gpu0] [ 254/1000] samples:  12700 | chain(game/max/avg): 3/7/4.2 | reward(game/avg): 5500/9330 | 1.12 games/s | ETA: 663s
[gpu0] [ 255/1000] samples:  12750 | chain(game/max/avg): 3/7/4.2 | reward(game/avg): 5800/9316 | 1.13 games/s | ETA: 660s
[gpu0] [ 256/1000] samples:  12800 | chain(game/max/avg): 5/7/4.2 | reward(game/avg): 15410/9340 | 1.13 games/s | ETA: 656s
[gpu0] [ 257/1000] samples:  12850 | chain(game/max/avg): 4/7/4.2 | reward(game/avg): 7080/9331 | 1.14 games/s | ETA: 653s
[gpu0] [ 258/1000] samples:  12900 | chain(game/max/avg): 5/7/4.2 | reward(game/avg): 9020/9330 | 1.14 games/s | ETA: 649s
[gpu0] [ 259/1000] samples:  12950 | chain(game/max/avg): 4/7/4.2 | reward(game/avg): 10840/9336 | 1.15 games/s | ETA: 646s
[gpu0] [ 260/1000] samples:  13000 | chain(game/max/avg): 4/7/4.2 | reward(game/avg): 11180/9343 | 1.15 games/s | ETA: 643s
[gpu0] [ 261/1000] samples:  13050 | chain(game/max/avg): 2/7/4.2 | reward(game/avg): 4360/9324 | 1.16 games/s | ETA: 639s
[gpu0] [ 262/1000] samples:  13100 | chain(game/max/avg): 4/7/4.2 | reward(game/avg): 8650/9321 | 1.16 games/s | ETA: 636s
[gpu0] [ 263/1000] samples:  13150 | chain(game/max/avg): 5/7/4.2 | reward(game/avg): 11140/9328 | 1.16 games/s | ETA: 633s
[gpu0] [ 264/1000] samples:  13200 | chain(game/max/avg): 4/7/4.2 | reward(game/avg): 6490/9318 | 1.17 games/s | ETA: 630s
[gpu0] [ 265/1000] samples:  13250 | chain(game/max/avg): 3/7/4.2 | reward(game/avg): 6200/9306 | 1.17 games/s | ETA: 626s
[gpu0] [ 266/1000] samples:  13300 | chain(game/max/avg): 4/7/4.2 | reward(game/avg): 7830/9300 | 1.18 games/s | ETA: 623s
[gpu0] [ 267/1000] samples:  13350 | chain(game/max/avg): 4/7/4.2 | reward(game/avg): 12010/9310 | 1.18 games/s | ETA: 620s
[gpu0] [ 268/1000] samples:  13400 | chain(game/max/avg): 6/7/4.2 | reward(game/avg): 15730/9334 | 1.19 games/s | ETA: 617s
[gpu0] [ 269/1000] samples:  13450 | chain(game/max/avg): 4/7/4.2 | reward(game/avg): 6900/9325 | 1.19 games/s | ETA: 614s
[gpu0] [ 270/1000] samples:  13500 | chain(game/max/avg): 3/7/4.2 | reward(game/avg): 4770/9308 | 1.20 games/s | ETA: 611s
[gpu0] [ 271/1000] samples:  13550 | chain(game/max/avg): 4/7/4.2 | reward(game/avg): 7340/9301 | 1.20 games/s | ETA: 608s
[gpu0] [ 272/1000] samples:  13600 | chain(game/max/avg): 4/7/4.2 | reward(game/avg): 6910/9292 | 1.20 games/s | ETA: 604s
[gpu0] [ 273/1000] samples:  13650 | chain(game/max/avg): 4/7/4.2 | reward(game/avg): 9230/9292 | 1.21 games/s | ETA: 601s
[gpu0] [ 274/1000] samples:  13700 | chain(game/max/avg): 4/7/4.2 | reward(game/avg): 8820/9290 | 1.21 games/s | ETA: 598s
[gpu0] [ 275/1000] samples:  13750 | chain(game/max/avg): 4/7/4.2 | reward(game/avg): 8040/9286 | 1.22 games/s | ETA: 595s
[gpu0] [ 276/1000] samples:  13800 | chain(game/max/avg): 4/7/4.2 | reward(game/avg): 9530/9287 | 1.22 games/s | ETA: 592s
[gpu0] [ 277/1000] samples:  13850 | chain(game/max/avg): 3/7/4.2 | reward(game/avg): 7340/9280 | 1.23 games/s | ETA: 589s
[gpu0] [ 278/1000] samples:  13900 | chain(game/max/avg): 3/7/4.2 | reward(game/avg): 6030/9268 | 1.23 games/s | ETA: 587s
[gpu0] [ 279/1000] samples:  13950 | chain(game/max/avg): 4/7/4.2 | reward(game/avg): 10030/9271 | 1.24 games/s | ETA: 584s
[gpu0] [ 280/1000] samples:  14000 | chain(game/max/avg): 4/7/4.2 | reward(game/avg): 7460/9264 | 1.24 games/s | ETA: 581s
[gpu0] [ 281/1000] samples:  14050 | chain(game/max/avg): 3/7/4.2 | reward(game/avg): 6120/9253 | 1.24 games/s | ETA: 578s
[gpu0] [ 282/1000] samples:  14100 | chain(game/max/avg): 3/7/4.1 | reward(game/avg): 6160/9242 | 1.25 games/s | ETA: 575s
[gpu0] [ 283/1000] samples:  14150 | chain(game/max/avg): 5/7/4.2 | reward(game/avg): 11600/9250 | 1.25 games/s | ETA: 572s
[gpu0] [ 284/1000] samples:  14200 | chain(game/max/avg): 4/7/4.2 | reward(game/avg): 9360/9251 | 1.26 games/s | ETA: 569s
[gpu0] [ 285/1000] samples:  14250 | chain(game/max/avg): 4/7/4.2 | reward(game/avg): 7340/9244 | 1.26 games/s | ETA: 567s
[gpu0] [ 286/1000] samples:  14300 | chain(game/max/avg): 4/7/4.2 | reward(game/avg): 8870/9243 | 1.27 games/s | ETA: 564s
[gpu0] [ 287/1000] samples:  14350 | chain(game/max/avg): 3/7/4.1 | reward(game/avg): 4960/9228 | 1.27 games/s | ETA: 561s
[gpu0] [ 288/1000] samples:  14400 | chain(game/max/avg): 4/7/4.1 | reward(game/avg): 7840/9223 | 1.28 games/s | ETA: 558s
[gpu0] [ 289/1000] samples:  14450 | chain(game/max/avg): 4/7/4.1 | reward(game/avg): 9650/9225 | 1.28 games/s | ETA: 556s
[gpu0] [ 290/1000] samples:  14500 | chain(game/max/avg): 3/7/4.1 | reward(game/avg): 4870/9210 | 1.28 games/s | ETA: 553s
[gpu0] [ 291/1000] samples:  14550 | chain(game/max/avg): 3/7/4.1 | reward(game/avg): 5880/9198 | 1.29 games/s | ETA: 550s
[gpu0] [ 292/1000] samples:  14600 | chain(game/max/avg): 4/7/4.1 | reward(game/avg): 7790/9193 | 1.29 games/s | ETA: 548s
[gpu0] [ 293/1000] samples:  14650 | chain(game/max/avg): 4/7/4.1 | reward(game/avg): 7140/9186 | 1.30 games/s | ETA: 545s
[gpu0] [ 294/1000] samples:  14700 | chain(game/max/avg): 4/7/4.1 | reward(game/avg): 7320/9180 | 1.30 games/s | ETA: 542s
[gpu0] [ 295/1000] samples:  14750 | chain(game/max/avg): 4/7/4.1 | reward(game/avg): 10220/9183 | 1.31 games/s | ETA: 540s
[gpu0] [ 296/1000] samples:  14800 | chain(game/max/avg): 4/7/4.1 | reward(game/avg): 11790/9192 | 1.31 games/s | ETA: 537s
[gpu0] [ 297/1000] samples:  14850 | chain(game/max/avg): 4/7/4.1 | reward(game/avg): 7160/9185 | 1.31 games/s | ETA: 535s
[gpu0] [ 298/1000] samples:  14900 | chain(game/max/avg): 3/7/4.1 | reward(game/avg): 5560/9173 | 1.32 games/s | ETA: 532s
[gpu0] [ 299/1000] samples:  14950 | chain(game/max/avg): 4/7/4.1 | reward(game/avg): 9510/9174 | 1.32 games/s | ETA: 530s
[gpu0] [ 300/1000] samples:  15000 | chain(game/max/avg): 4/7/4.1 | reward(game/avg): 10380/9178 | 1.33 games/s | ETA: 527s
[gpu0] [ 301/1000] samples:  15050 | chain(game/max/avg): 4/7/4.1 | reward(game/avg): 10250/9182 | 1.33 games/s | ETA: 525s
[gpu0] [ 302/1000] samples:  15100 | chain(game/max/avg): 4/7/4.1 | reward(game/avg): 6200/9172 | 1.34 games/s | ETA: 522s
[gpu0] [ 303/1000] samples:  15150 | chain(game/max/avg): 4/7/4.1 | reward(game/avg): 9980/9175 | 1.34 games/s | ETA: 520s
[gpu0] [ 304/1000] samples:  15200 | chain(game/max/avg): 4/7/4.1 | reward(game/avg): 6860/9167 | 1.35 games/s | ETA: 517s
[gpu0] [ 305/1000] samples:  15250 | chain(game/max/avg): 5/7/4.1 | reward(game/avg): 10600/9172 | 1.35 games/s | ETA: 515s
[gpu0] [ 306/1000] samples:  15300 | chain(game/max/avg): 6/7/4.1 | reward(game/avg): 17480/9199 | 1.35 games/s | ETA: 512s
[gpu0] [ 307/1000] samples:  15350 | chain(game/max/avg): 4/7/4.1 | reward(game/avg): 9570/9200 | 1.36 games/s | ETA: 510s
[gpu0] [ 308/1000] samples:  15400 | chain(game/max/avg): 4/7/4.1 | reward(game/avg): 10080/9203 | 1.36 games/s | ETA: 508s
[gpu0] [ 309/1000] samples:  15450 | chain(game/max/avg): 3/7/4.1 | reward(game/avg): 6490/9194 | 1.37 games/s | ETA: 505s
[gpu0] [ 310/1000] samples:  15500 | chain(game/max/avg): 4/7/4.1 | reward(game/avg): 11170/9201 | 1.37 games/s | ETA: 503s
[gpu0] [ 311/1000] samples:  15550 | chain(game/max/avg): 4/7/4.1 | reward(game/avg): 7480/9195 | 1.38 games/s | ETA: 500s
[gpu0] [ 312/1000] samples:  15600 | chain(game/max/avg): 4/7/4.1 | reward(game/avg): 6040/9185 | 1.38 games/s | ETA: 498s
[gpu0] [ 313/1000] samples:  15650 | chain(game/max/avg): 5/7/4.1 | reward(game/avg): 10480/9189 | 1.39 games/s | ETA: 496s
[gpu0] [ 314/1000] samples:  15700 | chain(game/max/avg): 4/7/4.1 | reward(game/avg): 6470/9180 | 1.39 games/s | ETA: 494s
[gpu0] [ 315/1000] samples:  15750 | chain(game/max/avg): 4/7/4.1 | reward(game/avg): 10080/9183 | 1.39 games/s | ETA: 491s
[gpu0] [ 316/1000] samples:  15800 | chain(game/max/avg): 4/7/4.1 | reward(game/avg): 8190/9180 | 1.40 games/s | ETA: 489s
[gpu0] [ 317/1000] samples:  15850 | chain(game/max/avg): 4/7/4.1 | reward(game/avg): 7390/9175 | 1.40 games/s | ETA: 487s
[gpu0] [ 318/1000] samples:  15900 | chain(game/max/avg): 6/7/4.1 | reward(game/avg): 12310/9184 | 1.41 games/s | ETA: 484s
[gpu0] [ 319/1000] samples:  15950 | chain(game/max/avg): 3/7/4.1 | reward(game/avg): 6360/9176 | 1.41 games/s | ETA: 482s
[gpu0] [ 320/1000] samples:  16000 | chain(game/max/avg): 3/7/4.1 | reward(game/avg): 6580/9167 | 1.42 games/s | ETA: 480s
[gpu0] [ 321/1000] samples:  16050 | chain(game/max/avg): 4/7/4.1 | reward(game/avg): 7940/9164 | 1.42 games/s | ETA: 478s
[gpu0] [ 322/1000] samples:  16100 | chain(game/max/avg): 3/7/4.1 | reward(game/avg): 6750/9156 | 1.43 games/s | ETA: 476s
[gpu0] [ 323/1000] samples:  16150 | chain(game/max/avg): 4/7/4.1 | reward(game/avg): 8330/9154 | 1.43 games/s | ETA: 473s
[gpu0] [ 324/1000] samples:  16200 | chain(game/max/avg): 5/7/4.1 | reward(game/avg): 11090/9160 | 1.43 games/s | ETA: 471s
[gpu0] [ 325/1000] samples:  16250 | chain(game/max/avg): 4/7/4.1 | reward(game/avg): 6480/9151 | 1.44 games/s | ETA: 469s
[gpu0] [ 326/1000] samples:  16300 | chain(game/max/avg): 5/7/4.1 | reward(game/avg): 13940/9166 | 1.44 games/s | ETA: 467s
[gpu0] [ 327/1000] samples:  16350 | chain(game/max/avg): 5/7/4.1 | reward(game/avg): 12940/9178 | 1.45 games/s | ETA: 465s
[gpu0] [ 328/1000] samples:  16400 | chain(game/max/avg): 5/7/4.1 | reward(game/avg): 11310/9184 | 1.45 games/s | ETA: 463s
[gpu0] [ 329/1000] samples:  16450 | chain(game/max/avg): 4/7/4.1 | reward(game/avg): 8050/9181 | 1.46 games/s | ETA: 461s
[gpu0] [ 330/1000] samples:  16500 | chain(game/max/avg): 3/7/4.1 | reward(game/avg): 6020/9171 | 1.46 games/s | ETA: 459s
[gpu0] [ 331/1000] samples:  16550 | chain(game/max/avg): 3/7/4.1 | reward(game/avg): 5820/9161 | 1.47 games/s | ETA: 457s
[gpu0] [ 332/1000] samples:  16600 | chain(game/max/avg): 3/7/4.1 | reward(game/avg): 4610/9147 | 1.47 games/s | ETA: 455s
[gpu0] [ 333/1000] samples:  16650 | chain(game/max/avg): 5/7/4.1 | reward(game/avg): 9520/9148 | 1.47 games/s | ETA: 453s
[gpu0] [ 334/1000] samples:  16700 | chain(game/max/avg): 4/7/4.1 | reward(game/avg): 8860/9147 | 1.48 games/s | ETA: 451s
[gpu0] [ 335/1000] samples:  16750 | chain(game/max/avg): 3/7/4.1 | reward(game/avg): 6150/9138 | 1.48 games/s | ETA: 448s
[gpu0] [ 336/1000] samples:  16800 | chain(game/max/avg): 5/7/4.1 | reward(game/avg): 11490/9145 | 1.49 games/s | ETA: 446s
[gpu0] [ 337/1000] samples:  16850 | chain(game/max/avg): 4/7/4.1 | reward(game/avg): 8900/9145 | 1.49 games/s | ETA: 444s
[gpu0] [ 338/1000] samples:  16900 | chain(game/max/avg): 3/7/4.1 | reward(game/avg): 6770/9138 | 1.50 games/s | ETA: 443s
[gpu0] [ 339/1000] samples:  16950 | chain(game/max/avg): 3/7/4.1 | reward(game/avg): 6990/9131 | 1.50 games/s | ETA: 441s
[gpu0] [ 340/1000] samples:  17000 | chain(game/max/avg): 5/7/4.1 | reward(game/avg): 9640/9133 | 1.50 games/s | ETA: 439s
[gpu0] [ 341/1000] samples:  17050 | chain(game/max/avg): 4/7/4.1 | reward(game/avg): 8740/9132 | 1.51 games/s | ETA: 437s
[gpu0] [ 342/1000] samples:  17100 | chain(game/max/avg): 5/7/4.1 | reward(game/avg): 11420/9138 | 1.51 games/s | ETA: 435s
[gpu0] [ 343/1000] samples:  17150 | chain(game/max/avg): 4/7/4.1 | reward(game/avg): 7580/9134 | 1.52 games/s | ETA: 433s
[gpu0] [ 344/1000] samples:  17200 | chain(game/max/avg): 4/7/4.1 | reward(game/avg): 7780/9130 | 1.52 games/s | ETA: 431s
[gpu0] [ 345/1000] samples:  17250 | chain(game/max/avg): 3/7/4.1 | reward(game/avg): 7010/9124 | 1.53 games/s | ETA: 429s
[gpu0] [ 346/1000] samples:  17300 | chain(game/max/avg): 5/7/4.1 | reward(game/avg): 9440/9125 | 1.53 games/s | ETA: 427s
[gpu0] [ 347/1000] samples:  17350 | chain(game/max/avg): 5/7/4.1 | reward(game/avg): 15260/9142 | 1.54 games/s | ETA: 425s
[gpu0] [ 348/1000] samples:  17400 | chain(game/max/avg): 3/7/4.1 | reward(game/avg): 6000/9133 | 1.54 games/s | ETA: 423s
[gpu0] [ 349/1000] samples:  17450 | chain(game/max/avg): 4/7/4.1 | reward(game/avg): 6740/9127 | 1.54 games/s | ETA: 421s
[gpu0] [ 350/1000] samples:  17500 | chain(game/max/avg): 8/8/4.1 | reward(game/avg): 27560/9179 | 1.55 games/s | ETA: 420s
[gpu0] [ 351/1000] samples:  17550 | chain(game/max/avg): 4/8/4.1 | reward(game/avg): 7920/9176 | 1.55 games/s | ETA: 418s
[gpu0] [ 352/1000] samples:  17600 | chain(game/max/avg): 5/8/4.1 | reward(game/avg): 12320/9185 | 1.56 games/s | ETA: 416s
[gpu0] [ 353/1000] samples:  17650 | chain(game/max/avg): 4/8/4.1 | reward(game/avg): 8860/9184 | 1.56 games/s | ETA: 414s
[gpu0] [ 354/1000] samples:  17700 | chain(game/max/avg): 3/8/4.1 | reward(game/avg): 6220/9175 | 1.57 games/s | ETA: 412s
[gpu0] [ 355/1000] samples:  17750 | chain(game/max/avg): 6/8/4.1 | reward(game/avg): 12580/9185 | 1.57 games/s | ETA: 411s
[gpu0] [ 356/1000] samples:  17800 | chain(game/max/avg): 4/8/4.1 | reward(game/avg): 6220/9176 | 1.58 games/s | ETA: 409s
[gpu0] [ 357/1000] samples:  17850 | chain(game/max/avg): 4/8/4.1 | reward(game/avg): 9080/9176 | 1.58 games/s | ETA: 407s
[gpu0] [ 358/1000] samples:  17900 | chain(game/max/avg): 4/8/4.1 | reward(game/avg): 8010/9173 | 1.58 games/s | ETA: 405s
[gpu0] [ 359/1000] samples:  17950 | chain(game/max/avg): 3/8/4.1 | reward(game/avg): 6310/9165 | 1.59 games/s | ETA: 403s
[gpu0] [ 360/1000] samples:  18000 | chain(game/max/avg): 4/8/4.1 | reward(game/avg): 7680/9161 | 1.59 games/s | ETA: 402s
[gpu0] [ 361/1000] samples:  18050 | chain(game/max/avg): 5/8/4.1 | reward(game/avg): 8210/9158 | 1.60 games/s | ETA: 400s
[gpu0] [ 362/1000] samples:  18100 | chain(game/max/avg): 3/8/4.1 | reward(game/avg): 6000/9150 | 1.60 games/s | ETA: 398s
[gpu0] [ 363/1000] samples:  18150 | chain(game/max/avg): 5/8/4.1 | reward(game/avg): 14300/9164 | 1.61 games/s | ETA: 397s
[gpu0] [ 364/1000] samples:  18200 | chain(game/max/avg): 4/8/4.1 | reward(game/avg): 7680/9160 | 1.61 games/s | ETA: 395s
[gpu0] [ 365/1000] samples:  18250 | chain(game/max/avg): 4/8/4.1 | reward(game/avg): 8040/9157 | 1.62 games/s | ETA: 393s
[gpu0] [ 366/1000] samples:  18300 | chain(game/max/avg): 3/8/4.1 | reward(game/avg): 5670/9147 | 1.62 games/s | ETA: 391s
[gpu0] [ 367/1000] samples:  18350 | chain(game/max/avg): 5/8/4.1 | reward(game/avg): 11090/9152 | 1.62 games/s | ETA: 390s
[gpu0] [ 368/1000] samples:  18400 | chain(game/max/avg): 4/8/4.1 | reward(game/avg): 9780/9154 | 1.63 games/s | ETA: 388s
[gpu0] [ 369/1000] samples:  18450 | chain(game/max/avg): 6/8/4.1 | reward(game/avg): 19260/9181 | 1.63 games/s | ETA: 386s
[gpu0] [ 370/1000] samples:  18500 | chain(game/max/avg): 4/8/4.1 | reward(game/avg): 8720/9180 | 1.64 games/s | ETA: 385s
[gpu0] [ 371/1000] samples:  18550 | chain(game/max/avg): 5/8/4.1 | reward(game/avg): 11600/9187 | 1.64 games/s | ETA: 383s
[gpu0] [ 372/1000] samples:  18600 | chain(game/max/avg): 4/8/4.1 | reward(game/avg): 8530/9185 | 1.65 games/s | ETA: 382s
[gpu0] [ 373/1000] samples:  18650 | chain(game/max/avg): 4/8/4.1 | reward(game/avg): 11100/9190 | 1.65 games/s | ETA: 380s
[gpu0] [ 374/1000] samples:  18700 | chain(game/max/avg): 5/8/4.1 | reward(game/avg): 12180/9198 | 1.65 games/s | ETA: 378s
[gpu0] [ 375/1000] samples:  18750 | chain(game/max/avg): 4/8/4.1 | reward(game/avg): 10480/9201 | 1.66 games/s | ETA: 377s
[gpu0] [ 376/1000] samples:  18800 | chain(game/max/avg): 4/8/4.1 | reward(game/avg): 9000/9201 | 1.66 games/s | ETA: 375s
[gpu0] [ 377/1000] samples:  18850 | chain(game/max/avg): 5/8/4.1 | reward(game/avg): 12040/9208 | 1.67 games/s | ETA: 373s
[gpu0] [ 378/1000] samples:  18900 | chain(game/max/avg): 5/8/4.1 | reward(game/avg): 12720/9218 | 1.67 games/s | ETA: 372s
[gpu0] [ 379/1000] samples:  18950 | chain(game/max/avg): 2/8/4.1 | reward(game/avg): 5800/9209 | 1.68 games/s | ETA: 370s
[gpu0] [ 380/1000] samples:  19000 | chain(game/max/avg): 4/8/4.1 | reward(game/avg): 8860/9208 | 1.68 games/s | ETA: 369s
[gpu0] [ 381/1000] samples:  19050 | chain(game/max/avg): 4/8/4.1 | reward(game/avg): 10800/9212 | 1.69 games/s | ETA: 367s
[gpu0] [ 382/1000] samples:  19100 | chain(game/max/avg): 4/8/4.1 | reward(game/avg): 10650/9216 | 1.69 games/s | ETA: 366s
[gpu0] [ 383/1000] samples:  19150 | chain(game/max/avg): 3/8/4.1 | reward(game/avg): 5240/9205 | 1.69 games/s | ETA: 364s
[gpu0] [ 384/1000] samples:  19200 | chain(game/max/avg): 4/8/4.1 | reward(game/avg): 7880/9202 | 1.70 games/s | ETA: 363s
[gpu0] [ 385/1000] samples:  19250 | chain(game/max/avg): 3/8/4.1 | reward(game/avg): 7560/9198 | 1.70 games/s | ETA: 361s
[gpu0] [ 386/1000] samples:  19300 | chain(game/max/avg): 4/8/4.1 | reward(game/avg): 8440/9196 | 1.71 games/s | ETA: 360s
[gpu0] [ 387/1000] samples:  19350 | chain(game/max/avg): 3/8/4.1 | reward(game/avg): 4690/9184 | 1.71 games/s | ETA: 358s
[gpu0] [ 388/1000] samples:  19400 | chain(game/max/avg): 4/8/4.1 | reward(game/avg): 6890/9178 | 1.72 games/s | ETA: 357s
[gpu0] [ 389/1000] samples:  19450 | chain(game/max/avg): 3/8/4.1 | reward(game/avg): 5640/9169 | 1.72 games/s | ETA: 355s
[gpu0] [ 390/1000] samples:  19500 | chain(game/max/avg): 4/8/4.1 | reward(game/avg): 10420/9172 | 1.73 games/s | ETA: 354s
[gpu0] [ 391/1000] samples:  19550 | chain(game/max/avg): 5/8/4.1 | reward(game/avg): 12040/9180 | 1.73 games/s | ETA: 352s
[gpu0] [ 392/1000] samples:  19600 | chain(game/max/avg): 4/8/4.1 | reward(game/avg): 6160/9172 | 1.73 games/s | ETA: 351s
[gpu0] [ 393/1000] samples:  19650 | chain(game/max/avg): 4/8/4.1 | reward(game/avg): 6980/9166 | 1.74 games/s | ETA: 349s
[gpu0] [ 394/1000] samples:  19700 | chain(game/max/avg): 5/8/4.1 | reward(game/avg): 9630/9167 | 1.74 games/s | ETA: 348s
[gpu0] [ 395/1000] samples:  19750 | chain(game/max/avg): 4/8/4.1 | reward(game/avg): 7460/9163 | 1.75 games/s | ETA: 346s
[gpu0] [ 396/1000] samples:  19800 | chain(game/max/avg): 5/8/4.1 | reward(game/avg): 8980/9163 | 1.75 games/s | ETA: 345s
[gpu0] [ 397/1000] samples:  19850 | chain(game/max/avg): 5/8/4.1 | reward(game/avg): 9110/9163 | 1.76 games/s | ETA: 343s
[gpu0] [ 398/1000] samples:  19900 | chain(game/max/avg): 3/8/4.1 | reward(game/avg): 6680/9156 | 1.76 games/s | ETA: 342s
[gpu0] [ 399/1000] samples:  19950 | chain(game/max/avg): 6/8/4.1 | reward(game/avg): 17000/9176 | 1.76 games/s | ETA: 341s
[gpu0] [ 400/1000] samples:  20000 | chain(game/max/avg): 5/8/4.1 | reward(game/avg): 11400/9182 | 1.77 games/s | ETA: 339s
[gpu0] [ 401/1000] samples:  20050 | chain(game/max/avg): 4/8/4.1 | reward(game/avg): 7720/9178 | 1.77 games/s | ETA: 338s
[gpu0] [ 402/1000] samples:  20100 | chain(game/max/avg): 4/8/4.1 | reward(game/avg): 7300/9173 | 1.78 games/s | ETA: 336s
[gpu0] [ 403/1000] samples:  20150 | chain(game/max/avg): 3/8/4.1 | reward(game/avg): 6100/9166 | 1.78 games/s | ETA: 335s
[gpu0] [ 404/1000] samples:  20200 | chain(game/max/avg): 4/8/4.1 | reward(game/avg): 10640/9169 | 1.79 games/s | ETA: 334s
[gpu0] [ 405/1000] samples:  20250 | chain(game/max/avg): 5/8/4.1 | reward(game/avg): 11280/9174 | 1.79 games/s | ETA: 332s
[gpu0] [ 406/1000] samples:  20300 | chain(game/max/avg): 5/8/4.1 | reward(game/avg): 10440/9178 | 1.80 games/s | ETA: 331s
[gpu0] [ 407/1000] samples:  20350 | chain(game/max/avg): 4/8/4.1 | reward(game/avg): 10040/9180 | 1.80 games/s | ETA: 329s
[gpu0] [ 408/1000] samples:  20400 | chain(game/max/avg): 7/8/4.1 | reward(game/avg): 24240/9217 | 1.80 games/s | ETA: 328s
[gpu0] [ 409/1000] samples:  20450 | chain(game/max/avg): 4/8/4.1 | reward(game/avg): 9560/9217 | 1.81 games/s | ETA: 327s
[gpu0] [ 410/1000] samples:  20500 | chain(game/max/avg): 5/8/4.1 | reward(game/avg): 12130/9225 | 1.81 games/s | ETA: 325s
[gpu0] [ 411/1000] samples:  20550 | chain(game/max/avg): 4/8/4.1 | reward(game/avg): 5900/9216 | 1.82 games/s | ETA: 324s
[gpu0] [ 412/1000] samples:  20600 | chain(game/max/avg): 5/8/4.1 | reward(game/avg): 10060/9219 | 1.82 games/s | ETA: 323s
[gpu0] [ 413/1000] samples:  20650 | chain(game/max/avg): 4/8/4.1 | reward(game/avg): 10180/9221 | 1.83 games/s | ETA: 321s
[gpu0] [ 414/1000] samples:  20700 | chain(game/max/avg): 6/8/4.2 | reward(game/avg): 18300/9243 | 1.83 games/s | ETA: 320s
[gpu0] [ 415/1000] samples:  20750 | chain(game/max/avg): 4/8/4.2 | reward(game/avg): 8820/9242 | 1.84 games/s | ETA: 319s
[gpu0] [ 416/1000] samples:  20800 | chain(game/max/avg): 3/8/4.1 | reward(game/avg): 4330/9230 | 1.84 games/s | ETA: 317s
[gpu0] [ 417/1000] samples:  20850 | chain(game/max/avg): 4/8/4.1 | reward(game/avg): 8780/9229 | 1.84 games/s | ETA: 316s
[gpu0] [ 418/1000] samples:  20900 | chain(game/max/avg): 3/8/4.1 | reward(game/avg): 5450/9220 | 1.85 games/s | ETA: 315s
[gpu0] [ 419/1000] samples:  20950 | chain(game/max/avg): 5/8/4.1 | reward(game/avg): 12880/9229 | 1.85 games/s | ETA: 314s
[gpu0] [ 420/1000] samples:  21000 | chain(game/max/avg): 4/8/4.1 | reward(game/avg): 8750/9227 | 1.86 games/s | ETA: 312s
[gpu0] [ 421/1000] samples:  21050 | chain(game/max/avg): 4/8/4.1 | reward(game/avg): 9040/9227 | 1.86 games/s | ETA: 311s
[gpu0] [ 422/1000] samples:  21100 | chain(game/max/avg): 5/8/4.1 | reward(game/avg): 11110/9231 | 1.87 games/s | ETA: 310s
[gpu0] [ 423/1000] samples:  21150 | chain(game/max/avg): 4/8/4.1 | reward(game/avg): 8620/9230 | 1.87 games/s | ETA: 309s
[gpu0] [ 424/1000] samples:  21200 | chain(game/max/avg): 4/8/4.1 | reward(game/avg): 7180/9225 | 1.87 games/s | ETA: 307s
[gpu0] [ 425/1000] samples:  21250 | chain(game/max/avg): 3/8/4.1 | reward(game/avg): 4900/9215 | 1.88 games/s | ETA: 306s
[gpu0] [ 426/1000] samples:  21300 | chain(game/max/avg): 4/8/4.1 | reward(game/avg): 9600/9216 | 1.88 games/s | ETA: 305s
[gpu0] [ 427/1000] samples:  21350 | chain(game/max/avg): 5/8/4.1 | reward(game/avg): 12030/9222 | 1.89 games/s | ETA: 304s
[gpu0] [ 428/1000] samples:  21400 | chain(game/max/avg): 5/8/4.1 | reward(game/avg): 8100/9220 | 1.89 games/s | ETA: 302s
[gpu0] [ 429/1000] samples:  21450 | chain(game/max/avg): 3/8/4.1 | reward(game/avg): 4630/9209 | 1.90 games/s | ETA: 301s
[gpu0] [ 430/1000] samples:  21500 | chain(game/max/avg): 4/8/4.1 | reward(game/avg): 10830/9213 | 1.90 games/s | ETA: 300s
[gpu0] [ 431/1000] samples:  21550 | chain(game/max/avg): 4/8/4.1 | reward(game/avg): 9820/9214 | 1.91 games/s | ETA: 299s
[gpu0] [ 432/1000] samples:  21600 | chain(game/max/avg): 4/8/4.1 | reward(game/avg): 8540/9213 | 1.91 games/s | ETA: 297s
[gpu0] [ 433/1000] samples:  21650 | chain(game/max/avg): 3/8/4.1 | reward(game/avg): 4660/9202 | 1.91 games/s | ETA: 296s
[gpu0] [ 434/1000] samples:  21700 | chain(game/max/avg): 3/8/4.1 | reward(game/avg): 6720/9197 | 1.92 games/s | ETA: 295s
[gpu0] [ 435/1000] samples:  21750 | chain(game/max/avg): 4/8/4.1 | reward(game/avg): 8020/9194 | 1.92 games/s | ETA: 294s
[gpu0] [ 436/1000] samples:  21800 | chain(game/max/avg): 4/8/4.1 | reward(game/avg): 6380/9187 | 1.93 games/s | ETA: 293s
[gpu0] [ 437/1000] samples:  21850 | chain(game/max/avg): 3/8/4.1 | reward(game/avg): 5360/9179 | 1.93 games/s | ETA: 291s
[gpu0] [ 438/1000] samples:  21900 | chain(game/max/avg): 4/8/4.1 | reward(game/avg): 7840/9176 | 1.94 games/s | ETA: 290s
[gpu0] [ 439/1000] samples:  21950 | chain(game/max/avg): 3/8/4.1 | reward(game/avg): 8200/9173 | 1.94 games/s | ETA: 289s
[gpu0] [ 440/1000] samples:  22000 | chain(game/max/avg): 5/8/4.1 | reward(game/avg): 10140/9176 | 1.94 games/s | ETA: 288s
[gpu0] [ 441/1000] samples:  22050 | chain(game/max/avg): 4/8/4.1 | reward(game/avg): 8460/9174 | 1.95 games/s | ETA: 287s
[gpu0] [ 442/1000] samples:  22100 | chain(game/max/avg): 4/8/4.1 | reward(game/avg): 11530/9179 | 1.95 games/s | ETA: 286s
[gpu0] [ 443/1000] samples:  22150 | chain(game/max/avg): 4/8/4.1 | reward(game/avg): 5460/9171 | 1.96 games/s | ETA: 284s
[gpu0] [ 444/1000] samples:  22200 | chain(game/max/avg): 4/8/4.1 | reward(game/avg): 6760/9165 | 1.96 games/s | ETA: 283s
[gpu0] [ 445/1000] samples:  22250 | chain(game/max/avg): 5/8/4.1 | reward(game/avg): 11060/9170 | 1.97 games/s | ETA: 282s
[gpu0] [ 446/1000] samples:  22300 | chain(game/max/avg): 3/8/4.1 | reward(game/avg): 6860/9165 | 1.97 games/s | ETA: 281s
[gpu0] [ 447/1000] samples:  22350 | chain(game/max/avg): 4/8/4.1 | reward(game/avg): 7060/9160 | 1.98 games/s | ETA: 280s
[gpu0] [ 448/1000] samples:  22400 | chain(game/max/avg): 3/8/4.1 | reward(game/avg): 5660/9152 | 1.98 games/s | ETA: 279s
[gpu0] [ 449/1000] samples:  22450 | chain(game/max/avg): 4/8/4.1 | reward(game/avg): 8860/9151 | 1.98 games/s | ETA: 278s
[gpu0] [ 450/1000] samples:  22500 | chain(game/max/avg): 4/8/4.1 | reward(game/avg): 5440/9143 | 1.99 games/s | ETA: 277s
[gpu0] [ 451/1000] samples:  22550 | chain(game/max/avg): 4/8/4.1 | reward(game/avg): 4240/9132 | 1.99 games/s | ETA: 275s
[gpu0] [ 452/1000] samples:  22600 | chain(game/max/avg): 4/8/4.1 | reward(game/avg): 7860/9129 | 2.00 games/s | ETA: 274s
[gpu0] [ 453/1000] samples:  22650 | chain(game/max/avg): 4/8/4.1 | reward(game/avg): 8270/9128 | 2.00 games/s | ETA: 273s
[gpu0] [ 454/1000] samples:  22700 | chain(game/max/avg): 4/8/4.1 | reward(game/avg): 8460/9126 | 2.01 games/s | ETA: 272s
[gpu0] [ 455/1000] samples:  22750 | chain(game/max/avg): 4/8/4.1 | reward(game/avg): 7680/9123 | 2.01 games/s | ETA: 271s
[gpu0] [ 456/1000] samples:  22800 | chain(game/max/avg): 4/8/4.1 | reward(game/avg): 12940/9131 | 2.02 games/s | ETA: 270s
[gpu0] [ 457/1000] samples:  22850 | chain(game/max/avg): 4/8/4.1 | reward(game/avg): 5280/9123 | 2.02 games/s | ETA: 269s
[gpu0] [ 458/1000] samples:  22900 | chain(game/max/avg): 3/8/4.1 | reward(game/avg): 7320/9119 | 2.02 games/s | ETA: 268s
[gpu0] [ 459/1000] samples:  22950 | chain(game/max/avg): 4/8/4.1 | reward(game/avg): 9510/9120 | 2.03 games/s | ETA: 267s
[gpu0] [ 460/1000] samples:  23000 | chain(game/max/avg): 4/8/4.1 | reward(game/avg): 7380/9116 | 2.03 games/s | ETA: 266s
[gpu0] [ 461/1000] samples:  23050 | chain(game/max/avg): 5/8/4.1 | reward(game/avg): 10840/9120 | 2.04 games/s | ETA: 265s
[gpu0] [ 462/1000] samples:  23100 | chain(game/max/avg): 3/8/4.1 | reward(game/avg): 6120/9113 | 2.04 games/s | ETA: 264s
[gpu0] [ 463/1000] samples:  23150 | chain(game/max/avg): 3/8/4.1 | reward(game/avg): 3580/9101 | 2.05 games/s | ETA: 262s
[gpu0] [ 464/1000] samples:  23200 | chain(game/max/avg): 4/8/4.1 | reward(game/avg): 11870/9107 | 2.05 games/s | ETA: 261s
[gpu0] [ 465/1000] samples:  23250 | chain(game/max/avg): 3/8/4.1 | reward(game/avg): 5660/9100 | 2.05 games/s | ETA: 260s
[gpu0] [ 466/1000] samples:  23300 | chain(game/max/avg): 4/8/4.1 | reward(game/avg): 9780/9101 | 2.06 games/s | ETA: 259s
[gpu0] [ 467/1000] samples:  23350 | chain(game/max/avg): 5/8/4.1 | reward(game/avg): 9380/9102 | 2.06 games/s | ETA: 258s
[gpu0] [ 468/1000] samples:  23400 | chain(game/max/avg): 4/8/4.1 | reward(game/avg): 10060/9104 | 2.07 games/s | ETA: 257s
[gpu0] [ 469/1000] samples:  23450 | chain(game/max/avg): 4/8/4.1 | reward(game/avg): 6280/9098 | 2.07 games/s | ETA: 256s
[gpu0] [ 470/1000] samples:  23500 | chain(game/max/avg): 3/8/4.1 | reward(game/avg): 5180/9090 | 2.08 games/s | ETA: 255s
[gpu0] [ 471/1000] samples:  23550 | chain(game/max/avg): 4/8/4.1 | reward(game/avg): 5950/9083 | 2.08 games/s | ETA: 254s
[gpu0] [ 472/1000] samples:  23600 | chain(game/max/avg): 4/8/4.1 | reward(game/avg): 8400/9081 | 2.09 games/s | ETA: 253s
[gpu0] [ 473/1000] samples:  23650 | chain(game/max/avg): 4/8/4.1 | reward(game/avg): 6930/9077 | 2.09 games/s | ETA: 252s
[gpu0] [ 474/1000] samples:  23700 | chain(game/max/avg): 6/8/4.1 | reward(game/avg): 12800/9085 | 2.09 games/s | ETA: 251s
[gpu0] [ 475/1000] samples:  23750 | chain(game/max/avg): 4/8/4.1 | reward(game/avg): 7180/9081 | 2.10 games/s | ETA: 250s
[gpu0] [ 476/1000] samples:  23800 | chain(game/max/avg): 5/8/4.1 | reward(game/avg): 13520/9090 | 2.10 games/s | ETA: 249s
[gpu0] [ 477/1000] samples:  23850 | chain(game/max/avg): 3/8/4.1 | reward(game/avg): 6640/9085 | 2.11 games/s | ETA: 248s
[gpu0] [ 478/1000] samples:  23900 | chain(game/max/avg): 5/8/4.1 | reward(game/avg): 10230/9087 | 2.11 games/s | ETA: 247s
[gpu0] [ 479/1000] samples:  23950 | chain(game/max/avg): 4/8/4.1 | reward(game/avg): 8150/9085 | 2.12 games/s | ETA: 246s
[gpu0] [ 480/1000] samples:  24000 | chain(game/max/avg): 4/8/4.1 | reward(game/avg): 7680/9082 | 2.12 games/s | ETA: 245s
[gpu0] [ 481/1000] samples:  24050 | chain(game/max/avg): 4/8/4.1 | reward(game/avg): 6600/9077 | 2.12 games/s | ETA: 244s
[gpu0] [ 482/1000] samples:  24100 | chain(game/max/avg): 3/8/4.1 | reward(game/avg): 6720/9072 | 2.13 games/s | ETA: 243s
[gpu0] [ 483/1000] samples:  24150 | chain(game/max/avg): 3/8/4.1 | reward(game/avg): 8000/9070 | 2.13 games/s | ETA: 242s
[gpu0] [ 484/1000] samples:  24200 | chain(game/max/avg): 3/8/4.1 | reward(game/avg): 7940/9068 | 2.14 games/s | ETA: 241s
[gpu0] [ 485/1000] samples:  24250 | chain(game/max/avg): 4/8/4.1 | reward(game/avg): 8600/9067 | 2.14 games/s | ETA: 240s
[gpu0] [ 486/1000] samples:  24300 | chain(game/max/avg): 4/8/4.1 | reward(game/avg): 9300/9067 | 2.15 games/s | ETA: 240s
[gpu0] [ 487/1000] samples:  24350 | chain(game/max/avg): 4/8/4.1 | reward(game/avg): 8820/9067 | 2.15 games/s | ETA: 239s
[gpu0] [ 488/1000] samples:  24400 | chain(game/max/avg): 3/8/4.1 | reward(game/avg): 5440/9059 | 2.15 games/s | ETA: 238s
[gpu0] [ 489/1000] samples:  24450 | chain(game/max/avg): 4/8/4.1 | reward(game/avg): 8490/9058 | 2.16 games/s | ETA: 237s
[gpu0] [ 490/1000] samples:  24500 | chain(game/max/avg): 5/8/4.1 | reward(game/avg): 11620/9063 | 2.16 games/s | ETA: 236s
[gpu0] [ 491/1000] samples:  24550 | chain(game/max/avg): 4/8/4.1 | reward(game/avg): 7500/9060 | 2.17 games/s | ETA: 235s
[gpu0] [ 492/1000] samples:  24600 | chain(game/max/avg): 3/8/4.1 | reward(game/avg): 6210/9054 | 2.17 games/s | ETA: 234s
[gpu0] [ 493/1000] samples:  24650 | chain(game/max/avg): 3/8/4.1 | reward(game/avg): 6030/9048 | 2.18 games/s | ETA: 233s
[gpu0] [ 494/1000] samples:  24700 | chain(game/max/avg): 4/8/4.1 | reward(game/avg): 6680/9044 | 2.18 games/s | ETA: 232s
[gpu0] [ 495/1000] samples:  24750 | chain(game/max/avg): 5/8/4.1 | reward(game/avg): 13260/9052 | 2.18 games/s | ETA: 231s
[gpu0] [ 496/1000] samples:  24800 | chain(game/max/avg): 4/8/4.1 | reward(game/avg): 6500/9047 | 2.19 games/s | ETA: 230s
[gpu0] [ 497/1000] samples:  24850 | chain(game/max/avg): 5/8/4.1 | reward(game/avg): 10240/9049 | 2.19 games/s | ETA: 229s
[gpu0] [ 498/1000] samples:  24900 | chain(game/max/avg): 4/8/4.1 | reward(game/avg): 6000/9043 | 2.20 games/s | ETA: 229s
[gpu0] [ 499/1000] samples:  24950 | chain(game/max/avg): 4/8/4.1 | reward(game/avg): 7120/9039 | 2.20 games/s | ETA: 228s
[gpu0] [ 500/1000] samples:  25000 | chain(game/max/avg): 5/8/4.1 | reward(game/avg): 11240/9044 | 2.20 games/s | ETA: 227s
[gpu0] [ 501/1000] samples:  25050 | chain(game/max/avg): 5/8/4.1 | reward(game/avg): 10500/9047 | 1.13 games/s | ETA: 441s
[gpu0] [ 502/1000] samples:  25100 | chain(game/max/avg): 4/8/4.1 | reward(game/avg): 11690/9052 | 1.13 games/s | ETA: 439s
[gpu0] [ 503/1000] samples:  25150 | chain(game/max/avg): 4/8/4.1 | reward(game/avg): 10120/9054 | 1.14 games/s | ETA: 437s
[gpu0] [ 504/1000] samples:  25200 | chain(game/max/avg): 5/8/4.1 | reward(game/avg): 13400/9063 | 1.14 games/s | ETA: 436s
[gpu0] [ 505/1000] samples:  25250 | chain(game/max/avg): 4/8/4.1 | reward(game/avg): 5280/9055 | 1.14 games/s | ETA: 434s
[gpu0] [ 506/1000] samples:  25300 | chain(game/max/avg): 6/8/4.1 | reward(game/avg): 14660/9066 | 1.14 games/s | ETA: 432s
[gpu0] [ 507/1000] samples:  25350 | chain(game/max/avg): 4/8/4.1 | reward(game/avg): 13680/9075 | 1.14 games/s | ETA: 431s
[gpu0] [ 508/1000] samples:  25400 | chain(game/max/avg): 3/8/4.1 | reward(game/avg): 6340/9070 | 1.15 games/s | ETA: 429s
[gpu0] [ 509/1000] samples:  25450 | chain(game/max/avg): 4/8/4.1 | reward(game/avg): 6940/9066 | 1.15 games/s | ETA: 427s
[gpu0] [ 510/1000] samples:  25500 | chain(game/max/avg): 5/8/4.1 | reward(game/avg): 18760/9085 | 1.15 games/s | ETA: 426s
[gpu0] [ 511/1000] samples:  25550 | chain(game/max/avg): 4/8/4.1 | reward(game/avg): 8850/9084 | 1.15 games/s | ETA: 424s
[gpu0] [ 512/1000] samples:  25600 | chain(game/max/avg): 3/8/4.1 | reward(game/avg): 10640/9087 | 1.16 games/s | ETA: 422s
[gpu0] [ 513/1000] samples:  25650 | chain(game/max/avg): 4/8/4.1 | reward(game/avg): 5850/9081 | 1.16 games/s | ETA: 421s
[gpu0] [ 514/1000] samples:  25700 | chain(game/max/avg): 5/8/4.1 | reward(game/avg): 12940/9089 | 1.16 games/s | ETA: 419s
[gpu0] [ 515/1000] samples:  25750 | chain(game/max/avg): 6/8/4.1 | reward(game/avg): 17730/9105 | 1.16 games/s | ETA: 418s
[gpu0] [ 516/1000] samples:  25800 | chain(game/max/avg): 3/8/4.1 | reward(game/avg): 5420/9098 | 1.16 games/s | ETA: 416s
[gpu0] [ 517/1000] samples:  25850 | chain(game/max/avg): 5/8/4.1 | reward(game/avg): 12760/9105 | 1.17 games/s | ETA: 414s
[gpu0] [ 518/1000] samples:  25900 | chain(game/max/avg): 5/8/4.1 | reward(game/avg): 11400/9110 | 1.17 games/s | ETA: 413s
[gpu0] [ 519/1000] samples:  25950 | chain(game/max/avg): 4/8/4.1 | reward(game/avg): 7600/9107 | 1.17 games/s | ETA: 411s
[gpu0] [ 520/1000] samples:  26000 | chain(game/max/avg): 4/8/4.1 | reward(game/avg): 10980/9110 | 1.17 games/s | ETA: 409s
[gpu0] [ 521/1000] samples:  26050 | chain(game/max/avg): 4/8/4.1 | reward(game/avg): 7530/9107 | 1.18 games/s | ETA: 408s
[gpu0] [ 522/1000] samples:  26100 | chain(game/max/avg): 4/8/4.1 | reward(game/avg): 6560/9102 | 1.18 games/s | ETA: 406s
[gpu0] [ 523/1000] samples:  26150 | chain(game/max/avg): 4/8/4.1 | reward(game/avg): 8840/9102 | 1.18 games/s | ETA: 404s
[gpu0] [ 524/1000] samples:  26200 | chain(game/max/avg): 4/8/4.1 | reward(game/avg): 12100/9108 | 1.18 games/s | ETA: 403s
[gpu0] [ 525/1000] samples:  26250 | chain(game/max/avg): 4/8/4.1 | reward(game/avg): 9220/9108 | 1.18 games/s | ETA: 401s
[gpu0] [ 526/1000] samples:  26300 | chain(game/max/avg): 5/8/4.1 | reward(game/avg): 11090/9112 | 1.19 games/s | ETA: 400s
[gpu0] [ 527/1000] samples:  26350 | chain(game/max/avg): 4/8/4.1 | reward(game/avg): 6730/9107 | 1.19 games/s | ETA: 398s
[gpu0] [ 528/1000] samples:  26400 | chain(game/max/avg): 3/8/4.1 | reward(game/avg): 7320/9104 | 1.19 games/s | ETA: 396s
[gpu0] [ 529/1000] samples:  26450 | chain(game/max/avg): 4/8/4.1 | reward(game/avg): 7560/9101 | 1.19 games/s | ETA: 395s
[gpu0] [ 530/1000] samples:  26500 | chain(game/max/avg): 6/8/4.1 | reward(game/avg): 14190/9110 | 1.20 games/s | ETA: 393s
[gpu0] [ 531/1000] samples:  26550 | chain(game/max/avg): 4/8/4.1 | reward(game/avg): 8750/9110 | 1.20 games/s | ETA: 392s
[gpu0] [ 532/1000] samples:  26600 | chain(game/max/avg): 5/8/4.1 | reward(game/avg): 9890/9111 | 1.20 games/s | ETA: 390s
[gpu0] [ 533/1000] samples:  26650 | chain(game/max/avg): 3/8/4.1 | reward(game/avg): 5580/9105 | 1.20 games/s | ETA: 389s
[gpu0] [ 534/1000] samples:  26700 | chain(game/max/avg): 5/8/4.1 | reward(game/avg): 14320/9114 | 1.20 games/s | ETA: 387s
[gpu0] [ 535/1000] samples:  26750 | chain(game/max/avg): 4/8/4.1 | reward(game/avg): 7540/9111 | 1.21 games/s | ETA: 385s
[gpu0] [ 536/1000] samples:  26800 | chain(game/max/avg): 5/8/4.1 | reward(game/avg): 11170/9115 | 1.21 games/s | ETA: 384s
[gpu0] [ 537/1000] samples:  26850 | chain(game/max/avg): 4/8/4.1 | reward(game/avg): 9040/9115 | 1.21 games/s | ETA: 382s
[gpu0] [ 538/1000] samples:  26900 | chain(game/max/avg): 3/8/4.1 | reward(game/avg): 6280/9110 | 1.21 games/s | ETA: 381s
[gpu0] [ 539/1000] samples:  26950 | chain(game/max/avg): 4/8/4.1 | reward(game/avg): 7240/9106 | 1.22 games/s | ETA: 379s
[gpu0] [ 540/1000] samples:  27000 | chain(game/max/avg): 5/8/4.1 | reward(game/avg): 10240/9109 | 1.22 games/s | ETA: 378s
[gpu0] [ 541/1000] samples:  27050 | chain(game/max/avg): 4/8/4.1 | reward(game/avg): 7180/9105 | 1.22 games/s | ETA: 376s
[gpu0] [ 542/1000] samples:  27100 | chain(game/max/avg): 5/8/4.1 | reward(game/avg): 11400/9109 | 1.22 games/s | ETA: 375s
[gpu0] [ 543/1000] samples:  27150 | chain(game/max/avg): 4/8/4.1 | reward(game/avg): 13060/9116 | 1.22 games/s | ETA: 373s
[gpu0] [ 544/1000] samples:  27200 | chain(game/max/avg): 4/8/4.1 | reward(game/avg): 8480/9115 | 1.23 games/s | ETA: 372s
[gpu0] [ 545/1000] samples:  27250 | chain(game/max/avg): 5/8/4.1 | reward(game/avg): 11630/9120 | 1.23 games/s | ETA: 370s
[gpu0] [ 546/1000] samples:  27300 | chain(game/max/avg): 4/8/4.1 | reward(game/avg): 7490/9117 | 1.23 games/s | ETA: 369s
[gpu0] [ 547/1000] samples:  27350 | chain(game/max/avg): 4/8/4.1 | reward(game/avg): 8220/9115 | 1.23 games/s | ETA: 367s
[gpu0] [ 548/1000] samples:  27400 | chain(game/max/avg): 3/8/4.1 | reward(game/avg): 5360/9108 | 1.24 games/s | ETA: 366s
[gpu0] [ 549/1000] samples:  27450 | chain(game/max/avg): 5/8/4.1 | reward(game/avg): 9600/9109 | 1.24 games/s | ETA: 364s
[gpu0] [ 550/1000] samples:  27500 | chain(game/max/avg): 6/8/4.1 | reward(game/avg): 15610/9121 | 1.24 games/s | ETA: 363s
[gpu0] [ 551/1000] samples:  27550 | chain(game/max/avg): 6/8/4.1 | reward(game/avg): 15360/9132 | 1.24 games/s | ETA: 361s
[gpu0] [ 552/1000] samples:  27600 | chain(game/max/avg): 4/8/4.1 | reward(game/avg): 5640/9126 | 1.24 games/s | ETA: 360s
[gpu0] [ 553/1000] samples:  27650 | chain(game/max/avg): 5/8/4.1 | reward(game/avg): 14260/9135 | 1.25 games/s | ETA: 358s
[gpu0] [ 554/1000] samples:  27700 | chain(game/max/avg): 3/8/4.1 | reward(game/avg): 7080/9132 | 1.25 games/s | ETA: 357s
[gpu0] [ 555/1000] samples:  27750 | chain(game/max/avg): 5/8/4.1 | reward(game/avg): 9480/9132 | 1.25 games/s | ETA: 356s
[gpu0] [ 556/1000] samples:  27800 | chain(game/max/avg): 3/8/4.1 | reward(game/avg): 6560/9128 | 1.25 games/s | ETA: 354s
[gpu0] [ 557/1000] samples:  27850 | chain(game/max/avg): 5/8/4.1 | reward(game/avg): 13140/9135 | 1.26 games/s | ETA: 353s
[gpu0] [ 558/1000] samples:  27900 | chain(game/max/avg): 4/8/4.1 | reward(game/avg): 6380/9130 | 1.26 games/s | ETA: 351s
[gpu0] [ 559/1000] samples:  27950 | chain(game/max/avg): 3/8/4.1 | reward(game/avg): 5080/9123 | 1.26 games/s | ETA: 350s
[gpu0] [ 560/1000] samples:  28000 | chain(game/max/avg): 5/8/4.1 | reward(game/avg): 8840/9122 | 1.26 games/s | ETA: 348s
[gpu0] [ 561/1000] samples:  28050 | chain(game/max/avg): 3/8/4.1 | reward(game/avg): 7450/9119 | 1.26 games/s | ETA: 347s
[gpu0] [ 562/1000] samples:  28100 | chain(game/max/avg): 4/8/4.1 | reward(game/avg): 10020/9121 | 1.27 games/s | ETA: 346s
[gpu0] [ 563/1000] samples:  28150 | chain(game/max/avg): 4/8/4.1 | reward(game/avg): 8120/9119 | 1.27 games/s | ETA: 344s
[gpu0] [ 564/1000] samples:  28200 | chain(game/max/avg): 3/8/4.1 | reward(game/avg): 7910/9117 | 1.27 games/s | ETA: 343s
[gpu0] [ 565/1000] samples:  28250 | chain(game/max/avg): 4/8/4.1 | reward(game/avg): 9200/9117 | 1.27 games/s | ETA: 341s
[gpu0] [ 566/1000] samples:  28300 | chain(game/max/avg): 4/8/4.1 | reward(game/avg): 8660/9116 | 1.28 games/s | ETA: 340s
[gpu0] [ 567/1000] samples:  28350 | chain(game/max/avg): 3/8/4.1 | reward(game/avg): 6550/9112 | 1.28 games/s | ETA: 339s
[gpu0] [ 568/1000] samples:  28400 | chain(game/max/avg): 4/8/4.1 | reward(game/avg): 7340/9109 | 1.28 games/s | ETA: 337s
[gpu0] [ 569/1000] samples:  28450 | chain(game/max/avg): 4/8/4.1 | reward(game/avg): 9060/9109 | 1.28 games/s | ETA: 336s
[gpu0] [ 570/1000] samples:  28500 | chain(game/max/avg): 3/8/4.1 | reward(game/avg): 6550/9104 | 1.29 games/s | ETA: 335s
[gpu0] [ 571/1000] samples:  28550 | chain(game/max/avg): 5/8/4.1 | reward(game/avg): 10860/9107 | 1.29 games/s | ETA: 333s
[gpu0] [ 572/1000] samples:  28600 | chain(game/max/avg): 5/8/4.1 | reward(game/avg): 10920/9110 | 1.29 games/s | ETA: 332s
[gpu0] [ 573/1000] samples:  28650 | chain(game/max/avg): 5/8/4.1 | reward(game/avg): 12320/9116 | 1.29 games/s | ETA: 330s
[gpu0] [ 574/1000] samples:  28700 | chain(game/max/avg): 3/8/4.1 | reward(game/avg): 4960/9109 | 1.29 games/s | ETA: 329s
[gpu0] [ 575/1000] samples:  28750 | chain(game/max/avg): 4/8/4.1 | reward(game/avg): 7770/9106 | 1.30 games/s | ETA: 328s
[gpu0] [ 576/1000] samples:  28800 | chain(game/max/avg): 4/8/4.1 | reward(game/avg): 10640/9109 | 1.30 games/s | ETA: 326s
[gpu0] [ 577/1000] samples:  28850 | chain(game/max/avg): 4/8/4.1 | reward(game/avg): 8820/9108 | 1.30 games/s | ETA: 325s
[gpu0] [ 578/1000] samples:  28900 | chain(game/max/avg): 4/8/4.1 | reward(game/avg): 11690/9113 | 1.30 games/s | ETA: 324s
[gpu0] [ 579/1000] samples:  28950 | chain(game/max/avg): 3/8/4.1 | reward(game/avg): 7680/9110 | 1.31 games/s | ETA: 322s
[gpu0] [ 580/1000] samples:  29000 | chain(game/max/avg): 5/8/4.1 | reward(game/avg): 11710/9115 | 1.31 games/s | ETA: 321s
[gpu0] [ 581/1000] samples:  29050 | chain(game/max/avg): 4/8/4.1 | reward(game/avg): 7040/9111 | 1.31 games/s | ETA: 320s
[gpu0] [ 582/1000] samples:  29100 | chain(game/max/avg): 6/8/4.1 | reward(game/avg): 13800/9119 | 1.31 games/s | ETA: 319s
[gpu0] [ 583/1000] samples:  29150 | chain(game/max/avg): 4/8/4.1 | reward(game/avg): 5660/9114 | 1.31 games/s | ETA: 317s
[gpu0] [ 584/1000] samples:  29200 | chain(game/max/avg): 3/8/4.1 | reward(game/avg): 6260/9109 | 1.32 games/s | ETA: 316s
[gpu0] [ 585/1000] samples:  29250 | chain(game/max/avg): 3/8/4.1 | reward(game/avg): 6740/9105 | 1.32 games/s | ETA: 315s
[gpu0] [ 586/1000] samples:  29300 | chain(game/max/avg): 5/8/4.1 | reward(game/avg): 7960/9103 | 1.32 games/s | ETA: 313s
[gpu0] [ 587/1000] samples:  29350 | chain(game/max/avg): 3/8/4.1 | reward(game/avg): 6440/9098 | 1.32 games/s | ETA: 312s
[gpu0] [ 588/1000] samples:  29400 | chain(game/max/avg): 3/8/4.1 | reward(game/avg): 8580/9097 | 1.33 games/s | ETA: 311s
[gpu0] [ 589/1000] samples:  29450 | chain(game/max/avg): 4/8/4.1 | reward(game/avg): 7000/9094 | 1.33 games/s | ETA: 309s
[gpu0] [ 590/1000] samples:  29500 | chain(game/max/avg): 3/8/4.1 | reward(game/avg): 6500/9089 | 1.33 games/s | ETA: 308s
[gpu0] [ 591/1000] samples:  29550 | chain(game/max/avg): 4/8/4.1 | reward(game/avg): 8540/9088 | 1.33 games/s | ETA: 307s
[gpu0] [ 592/1000] samples:  29600 | chain(game/max/avg): 4/8/4.1 | reward(game/avg): 9340/9089 | 1.33 games/s | ETA: 306s
[gpu0] [ 593/1000] samples:  29650 | chain(game/max/avg): 3/8/4.1 | reward(game/avg): 4020/9080 | 1.34 games/s | ETA: 304s
[gpu0] [ 594/1000] samples:  29700 | chain(game/max/avg): 4/8/4.1 | reward(game/avg): 8680/9080 | 1.34 games/s | ETA: 303s
[gpu0] [ 595/1000] samples:  29750 | chain(game/max/avg): 4/8/4.1 | reward(game/avg): 8200/9078 | 1.34 games/s | ETA: 302s
[gpu0] [ 596/1000] samples:  29800 | chain(game/max/avg): 5/8/4.1 | reward(game/avg): 11520/9082 | 1.34 games/s | ETA: 301s
[gpu0] [ 598/1000] samples:  29900 | chain(game/max/avg): 5/8/4.1 | reward(game/avg): 11150/9100 | 1.35 games/s | ETA: 298s
[gpu0] [ 597/1000] samples:  29850 | chain(game/max/avg): 5/8/4.1 | reward(game/avg): 17930/9097 | 1.35 games/s | ETA: 299s
[gpu0] [ 599/1000] samples:  29950 | chain(game/max/avg): 3/8/4.1 | reward(game/avg): 6420/9096 | 1.35 games/s | ETA: 297s
[gpu0] [ 600/1000] samples:  30000 | chain(game/max/avg): 3/8/4.1 | reward(game/avg): 6100/9091 | 1.35 games/s | ETA: 296s
[gpu0] [ 601/1000] samples:  30050 | chain(game/max/avg): 3/8/4.1 | reward(game/avg): 4700/9084 | 1.36 games/s | ETA: 294s
[gpu0] [ 602/1000] samples:  30100 | chain(game/max/avg): 5/8/4.1 | reward(game/avg): 11740/9088 | 1.36 games/s | ETA: 293s
[gpu0] [ 603/1000] samples:  30150 | chain(game/max/avg): 4/8/4.1 | reward(game/avg): 7460/9085 | 1.36 games/s | ETA: 292s
[gpu0] [ 604/1000] samples:  30200 | chain(game/max/avg): 4/8/4.1 | reward(game/avg): 9360/9086 | 1.36 games/s | ETA: 291s
[gpu0] [ 605/1000] samples:  30250 | chain(game/max/avg): 4/8/4.1 | reward(game/avg): 7700/9084 | 1.36 games/s | ETA: 290s
[gpu0] [ 606/1000] samples:  30300 | chain(game/max/avg): 4/8/4.1 | reward(game/avg): 9760/9085 | 1.37 games/s | ETA: 288s
[gpu0] [ 607/1000] samples:  30350 | chain(game/max/avg): 5/8/4.1 | reward(game/avg): 12160/9090 | 1.37 games/s | ETA: 287s
[gpu0] [ 608/1000] samples:  30400 | chain(game/max/avg): 4/8/4.1 | reward(game/avg): 9350/9090 | 1.37 games/s | ETA: 286s
[gpu0] [ 609/1000] samples:  30450 | chain(game/max/avg): 4/8/4.1 | reward(game/avg): 9140/9090 | 1.37 games/s | ETA: 285s
[gpu0] [ 610/1000] samples:  30500 | chain(game/max/avg): 5/8/4.1 | reward(game/avg): 13320/9097 | 1.38 games/s | ETA: 284s
[gpu0] [ 611/1000] samples:  30550 | chain(game/max/avg): 5/8/4.1 | reward(game/avg): 8180/9096 | 1.38 games/s | ETA: 282s
[gpu0] [ 612/1000] samples:  30600 | chain(game/max/avg): 4/8/4.1 | reward(game/avg): 10240/9098 | 1.38 games/s | ETA: 281s
[gpu0] [ 613/1000] samples:  30650 | chain(game/max/avg): 3/8/4.1 | reward(game/avg): 6680/9094 | 1.38 games/s | ETA: 280s
[gpu0] [ 614/1000] samples:  30700 | chain(game/max/avg): 4/8/4.1 | reward(game/avg): 6770/9090 | 1.38 games/s | ETA: 279s
[gpu0] [ 615/1000] samples:  30750 | chain(game/max/avg): 4/8/4.1 | reward(game/avg): 9020/9090 | 1.39 games/s | ETA: 278s
[gpu0] [ 616/1000] samples:  30800 | chain(game/max/avg): 5/8/4.1 | reward(game/avg): 11100/9093 | 1.39 games/s | ETA: 277s
[gpu0] [ 617/1000] samples:  30850 | chain(game/max/avg): 3/8/4.1 | reward(game/avg): 6040/9088 | 1.39 games/s | ETA: 275s
[gpu0] [ 618/1000] samples:  30900 | chain(game/max/avg): 3/8/4.1 | reward(game/avg): 4660/9081 | 1.39 games/s | ETA: 274s
[gpu0] [ 619/1000] samples:  30950 | chain(game/max/avg): 4/8/4.1 | reward(game/avg): 8830/9080 | 1.40 games/s | ETA: 273s
[gpu0] [ 620/1000] samples:  31000 | chain(game/max/avg): 5/8/4.1 | reward(game/avg): 12200/9085 | 1.40 games/s | ETA: 272s
[gpu0] [ 621/1000] samples:  31050 | chain(game/max/avg): 3/8/4.1 | reward(game/avg): 4870/9079 | 1.40 games/s | ETA: 271s
[gpu0] [ 622/1000] samples:  31100 | chain(game/max/avg): 3/8/4.1 | reward(game/avg): 7160/9076 | 1.40 games/s | ETA: 270s
[gpu0] [ 623/1000] samples:  31150 | chain(game/max/avg): 4/8/4.1 | reward(game/avg): 6560/9072 | 1.40 games/s | ETA: 268s
[gpu0] [ 624/1000] samples:  31200 | chain(game/max/avg): 4/8/4.1 | reward(game/avg): 7740/9069 | 1.41 games/s | ETA: 267s
[gpu0] [ 625/1000] samples:  31250 | chain(game/max/avg): 4/8/4.1 | reward(game/avg): 6300/9065 | 1.41 games/s | ETA: 266s
[gpu0] [ 626/1000] samples:  31300 | chain(game/max/avg): 4/8/4.1 | reward(game/avg): 7630/9063 | 1.41 games/s | ETA: 265s
[gpu0] [ 627/1000] samples:  31350 | chain(game/max/avg): 3/8/4.1 | reward(game/avg): 6120/9058 | 1.41 games/s | ETA: 264s
[gpu0] [ 628/1000] samples:  31400 | chain(game/max/avg): 4/8/4.1 | reward(game/avg): 9460/9059 | 1.42 games/s | ETA: 263s
[gpu0] [ 629/1000] samples:  31450 | chain(game/max/avg): 4/8/4.1 | reward(game/avg): 9780/9060 | 1.42 games/s | ETA: 262s
[gpu0] [ 630/1000] samples:  31500 | chain(game/max/avg): 4/8/4.1 | reward(game/avg): 10120/9061 | 1.42 games/s | ETA: 261s
[gpu0] [ 631/1000] samples:  31550 | chain(game/max/avg): 5/8/4.1 | reward(game/avg): 9670/9062 | 1.42 games/s | ETA: 259s
[gpu0] [ 632/1000] samples:  31600 | chain(game/max/avg): 4/8/4.1 | reward(game/avg): 11620/9066 | 1.42 games/s | ETA: 258s
[gpu0] [ 633/1000] samples:  31650 | chain(game/max/avg): 4/8/4.1 | reward(game/avg): 9760/9068 | 1.43 games/s | ETA: 257s
[gpu0] [ 634/1000] samples:  31700 | chain(game/max/avg): 4/8/4.1 | reward(game/avg): 9820/9069 | 1.43 games/s | ETA: 256s
[gpu0] [ 635/1000] samples:  31750 | chain(game/max/avg): 5/8/4.1 | reward(game/avg): 11650/9073 | 1.43 games/s | ETA: 255s
[gpu0] [ 636/1000] samples:  31800 | chain(game/max/avg): 5/8/4.1 | reward(game/avg): 11380/9076 | 1.43 games/s | ETA: 254s
[gpu0] [ 637/1000] samples:  31850 | chain(game/max/avg): 4/8/4.1 | reward(game/avg): 7380/9074 | 1.44 games/s | ETA: 253s
[gpu0] [ 638/1000] samples:  31900 | chain(game/max/avg): 4/8/4.1 | reward(game/avg): 7500/9071 | 1.44 games/s | ETA: 252s
[gpu0] [ 639/1000] samples:  31950 | chain(game/max/avg): 3/8/4.1 | reward(game/avg): 6490/9067 | 1.44 games/s | ETA: 251s
[gpu0] [ 640/1000] samples:  32000 | chain(game/max/avg): 4/8/4.1 | reward(game/avg): 10040/9069 | 1.44 games/s | ETA: 250s
[gpu0] [ 641/1000] samples:  32050 | chain(game/max/avg): 5/8/4.1 | reward(game/avg): 13900/9076 | 1.45 games/s | ETA: 248s
[gpu0] [ 642/1000] samples:  32100 | chain(game/max/avg): 4/8/4.1 | reward(game/avg): 7200/9073 | 1.45 games/s | ETA: 247s
[gpu0] [ 643/1000] samples:  32150 | chain(game/max/avg): 3/8/4.1 | reward(game/avg): 8600/9073 | 1.45 games/s | ETA: 246s
[gpu0] [ 644/1000] samples:  32200 | chain(game/max/avg): 4/8/4.1 | reward(game/avg): 6240/9068 | 1.45 games/s | ETA: 245s
[gpu0] [ 645/1000] samples:  32250 | chain(game/max/avg): 5/8/4.1 | reward(game/avg): 10980/9071 | 1.45 games/s | ETA: 244s
[gpu0] [ 646/1000] samples:  32300 | chain(game/max/avg): 5/8/4.1 | reward(game/avg): 9810/9072 | 1.46 games/s | ETA: 243s
[gpu0] [ 647/1000] samples:  32350 | chain(game/max/avg): 3/8/4.1 | reward(game/avg): 5850/9067 | 1.46 games/s | ETA: 242s
[gpu0] [ 648/1000] samples:  32400 | chain(game/max/avg): 5/8/4.1 | reward(game/avg): 11740/9072 | 1.46 games/s | ETA: 241s
[gpu0] [ 649/1000] samples:  32450 | chain(game/max/avg): 4/8/4.1 | reward(game/avg): 9060/9071 | 1.46 games/s | ETA: 240s
[gpu0] [ 650/1000] samples:  32500 | chain(game/max/avg): 5/8/4.1 | reward(game/avg): 11560/9075 | 1.47 games/s | ETA: 239s
[gpu0] [ 651/1000] samples:  32550 | chain(game/max/avg): 4/8/4.1 | reward(game/avg): 8110/9074 | 1.47 games/s | ETA: 238s
[gpu0] [ 652/1000] samples:  32600 | chain(game/max/avg): 4/8/4.1 | reward(game/avg): 9790/9075 | 1.47 games/s | ETA: 237s
[gpu0] [ 653/1000] samples:  32650 | chain(game/max/avg): 4/8/4.1 | reward(game/avg): 9940/9076 | 1.47 games/s | ETA: 236s
[gpu0] [ 654/1000] samples:  32700 | chain(game/max/avg): 4/8/4.1 | reward(game/avg): 6090/9072 | 1.47 games/s | ETA: 235s
[gpu0] [ 655/1000] samples:  32750 | chain(game/max/avg): 4/8/4.1 | reward(game/avg): 8160/9070 | 1.48 games/s | ETA: 234s
[gpu0] [ 656/1000] samples:  32800 | chain(game/max/avg): 5/8/4.1 | reward(game/avg): 9590/9071 | 1.48 games/s | ETA: 233s
[gpu0] [ 657/1000] samples:  32850 | chain(game/max/avg): 4/8/4.1 | reward(game/avg): 7800/9069 | 1.48 games/s | ETA: 232s
[gpu0] [ 658/1000] samples:  32900 | chain(game/max/avg): 4/8/4.1 | reward(game/avg): 11710/9073 | 1.48 games/s | ETA: 231s
[gpu0] [ 659/1000] samples:  32950 | chain(game/max/avg): 4/8/4.1 | reward(game/avg): 8480/9072 | 1.49 games/s | ETA: 230s
[gpu0] [ 660/1000] samples:  33000 | chain(game/max/avg): 5/8/4.1 | reward(game/avg): 8700/9072 | 1.49 games/s | ETA: 229s
[gpu0] [ 661/1000] samples:  33050 | chain(game/max/avg): 3/8/4.1 | reward(game/avg): 4740/9065 | 1.49 games/s | ETA: 228s
[gpu0] [ 662/1000] samples:  33100 | chain(game/max/avg): 4/8/4.1 | reward(game/avg): 8570/9064 | 1.49 games/s | ETA: 226s
[gpu0] [ 663/1000] samples:  33150 | chain(game/max/avg): 4/8/4.1 | reward(game/avg): 7110/9061 | 1.49 games/s | ETA: 225s
[gpu0] [ 664/1000] samples:  33200 | chain(game/max/avg): 4/8/4.1 | reward(game/avg): 8700/9061 | 1.50 games/s | ETA: 224s
[gpu0] [ 665/1000] samples:  33250 | chain(game/max/avg): 4/8/4.1 | reward(game/avg): 8380/9060 | 1.50 games/s | ETA: 223s
[gpu0] [ 666/1000] samples:  33300 | chain(game/max/avg): 5/8/4.1 | reward(game/avg): 10540/9062 | 1.50 games/s | ETA: 222s
[gpu0] [ 667/1000] samples:  33350 | chain(game/max/avg): 4/8/4.1 | reward(game/avg): 9000/9062 | 1.50 games/s | ETA: 221s
[gpu0] [ 668/1000] samples:  33400 | chain(game/max/avg): 5/8/4.1 | reward(game/avg): 10890/9065 | 1.51 games/s | ETA: 220s
[gpu0] [ 669/1000] samples:  33450 | chain(game/max/avg): 3/8/4.1 | reward(game/avg): 6600/9061 | 1.51 games/s | ETA: 219s
[gpu0] [ 670/1000] samples:  33500 | chain(game/max/avg): 4/8/4.1 | reward(game/avg): 7980/9059 | 1.51 games/s | ETA: 218s
[gpu0] [ 671/1000] samples:  33550 | chain(game/max/avg): 5/8/4.1 | reward(game/avg): 9460/9060 | 1.51 games/s | ETA: 218s
[gpu0] [ 672/1000] samples:  33600 | chain(game/max/avg): 4/8/4.1 | reward(game/avg): 5720/9055 | 1.51 games/s | ETA: 217s
[gpu0] [ 674/1000] samples:  33700 | chain(game/max/avg): 3/8/4.1 | reward(game/avg): 7570/9050 | 1.52 games/s | ETA: 215s
[gpu0] [ 673/1000] samples:  33650 | chain(game/max/avg): 4/8/4.1 | reward(game/avg): 7340/9053 | 1.52 games/s | ETA: 216s
[gpu0] [ 675/1000] samples:  33750 | chain(game/max/avg): 3/8/4.1 | reward(game/avg): 5240/9045 | 1.52 games/s | ETA: 214s
[gpu0] [ 676/1000] samples:  33800 | chain(game/max/avg): 5/8/4.1 | reward(game/avg): 10700/9047 | 1.52 games/s | ETA: 213s
[gpu0] [ 677/1000] samples:  33850 | chain(game/max/avg): 5/8/4.1 | reward(game/avg): 11810/9051 | 1.53 games/s | ETA: 212s
[gpu0] [ 678/1000] samples:  33900 | chain(game/max/avg): 4/8/4.1 | reward(game/avg): 8030/9050 | 1.53 games/s | ETA: 211s
[gpu0] [ 679/1000] samples:  33950 | chain(game/max/avg): 4/8/4.1 | reward(game/avg): 8970/9050 | 1.53 games/s | ETA: 210s
[gpu0] [ 680/1000] samples:  34000 | chain(game/max/avg): 3/8/4.1 | reward(game/avg): 6760/9046 | 1.53 games/s | ETA: 209s
[gpu0] [ 681/1000] samples:  34050 | chain(game/max/avg): 5/8/4.1 | reward(game/avg): 13240/9052 | 1.54 games/s | ETA: 208s
[gpu0] [ 682/1000] samples:  34150 | chain(game/max/avg): 4/8/4.1 | reward(game/avg): 8480/9064 | 1.54 games/s | ETA: 207s
[gpu0] [ 683/1000] samples:  34150 | chain(game/max/avg): 4/8/4.1 | reward(game/avg): 8210/9050 | 1.54 games/s | ETA: 206s
[gpu0] [ 684/1000] samples:  34200 | chain(game/max/avg): 4/8/4.1 | reward(game/avg): 7100/9047 | 1.54 games/s | ETA: 205s
[gpu0] [ 685/1000] samples:  34250 | chain(game/max/avg): 4/8/4.1 | reward(game/avg): 7560/9045 | 1.54 games/s | ETA: 204s
[gpu0] [ 686/1000] samples:  34300 | chain(game/max/avg): 4/8/4.1 | reward(game/avg): 7340/9043 | 1.55 games/s | ETA: 203s
[gpu0] [ 687/1000] samples:  34350 | chain(game/max/avg): 4/8/4.1 | reward(game/avg): 9600/9044 | 1.55 games/s | ETA: 202s
[gpu0] [ 688/1000] samples:  34400 | chain(game/max/avg): 3/8/4.1 | reward(game/avg): 7830/9042 | 1.55 games/s | ETA: 201s
[gpu0] [ 689/1000] samples:  34450 | chain(game/max/avg): 3/8/4.1 | reward(game/avg): 4720/9036 | 1.55 games/s | ETA: 200s
[gpu0] [ 690/1000] samples:  34500 | chain(game/max/avg): 4/8/4.1 | reward(game/avg): 7920/9034 | 1.56 games/s | ETA: 199s
[gpu0] [ 691/1000] samples:  34550 | chain(game/max/avg): 4/8/4.1 | reward(game/avg): 9570/9035 | 1.56 games/s | ETA: 198s
[gpu0] [ 692/1000] samples:  34600 | chain(game/max/avg): 4/8/4.1 | reward(game/avg): 7300/9032 | 1.56 games/s | ETA: 197s
[gpu0] [ 693/1000] samples:  34650 | chain(game/max/avg): 3/8/4.1 | reward(game/avg): 6200/9028 | 1.56 games/s | ETA: 197s
[gpu0] [ 694/1000] samples:  34700 | chain(game/max/avg): 3/8/4.1 | reward(game/avg): 5880/9024 | 1.56 games/s | ETA: 196s
[gpu0] [ 695/1000] samples:  34750 | chain(game/max/avg): 3/8/4.1 | reward(game/avg): 4720/9017 | 1.57 games/s | ETA: 195s
[gpu0] [ 696/1000] samples:  34800 | chain(game/max/avg): 4/8/4.1 | reward(game/avg): 7340/9015 | 1.57 games/s | ETA: 194s
[gpu0] [ 697/1000] samples:  34850 | chain(game/max/avg): 5/8/4.1 | reward(game/avg): 10200/9017 | 1.57 games/s | ETA: 193s
[gpu0] [ 698/1000] samples:  34900 | chain(game/max/avg): 3/8/4.1 | reward(game/avg): 7920/9015 | 1.57 games/s | ETA: 192s
[gpu0] [ 700/1000] samples:  35000 | chain(game/max/avg): 4/8/4.1 | reward(game/avg): 7720/9014 | 1.58 games/s | ETA: 190s
[gpu0] [ 701/1000] samples:  35050 | chain(game/max/avg): 3/8/4.1 | reward(game/avg): 5910/9010 | 1.58 games/s | ETA: 189s
[gpu0] [ 699/1000] samples:  35000 | chain(game/max/avg): 5/8/4.1 | reward(game/avg): 9580/9027 | 1.58 games/s | ETA: 191s
[gpu0] [ 702/1000] samples:  35100 | chain(game/max/avg): 2/8/4.1 | reward(game/avg): 4920/9004 | 1.58 games/s | ETA: 188s
[gpu0] [ 703/1000] samples:  35150 | chain(game/max/avg): 3/8/4.1 | reward(game/avg): 4920/8998 | 1.58 games/s | ETA: 187s
[gpu0] [ 704/1000] samples:  35200 | chain(game/max/avg): 4/8/4.1 | reward(game/avg): 6040/8994 | 1.59 games/s | ETA: 187s
[gpu0] [ 705/1000] samples:  35250 | chain(game/max/avg): 4/8/4.1 | reward(game/avg): 10270/8996 | 1.59 games/s | ETA: 186s
[gpu0] [ 706/1000] samples:  35300 | chain(game/max/avg): 5/8/4.1 | reward(game/avg): 10460/8998 | 1.59 games/s | ETA: 185s
[gpu0] [ 707/1000] samples:  35350 | chain(game/max/avg): 3/8/4.1 | reward(game/avg): 6130/8994 | 1.59 games/s | ETA: 184s
[gpu0] [ 708/1000] samples:  35400 | chain(game/max/avg): 4/8/4.1 | reward(game/avg): 8080/8992 | 1.60 games/s | ETA: 183s
[gpu0] [ 709/1000] samples:  35450 | chain(game/max/avg): 3/8/4.1 | reward(game/avg): 6170/8988 | 1.60 games/s | ETA: 182s
[gpu0] [ 710/1000] samples:  35500 | chain(game/max/avg): 4/8/4.1 | reward(game/avg): 9790/8990 | 1.60 games/s | ETA: 181s
[gpu0] [ 711/1000] samples:  35550 | chain(game/max/avg): 4/8/4.1 | reward(game/avg): 10640/8992 | 1.60 games/s | ETA: 180s
[gpu0] [ 712/1000] samples:  35600 | chain(game/max/avg): 4/8/4.1 | reward(game/avg): 8440/8991 | 1.60 games/s | ETA: 179s
[gpu0] [ 713/1000] samples:  35650 | chain(game/max/avg): 4/8/4.1 | reward(game/avg): 6160/8987 | 1.61 games/s | ETA: 179s
[gpu0] [ 714/1000] samples:  35700 | chain(game/max/avg): 4/8/4.1 | reward(game/avg): 7900/8986 | 1.61 games/s | ETA: 178s
[gpu0] [ 715/1000] samples:  35750 | chain(game/max/avg): 4/8/4.1 | reward(game/avg): 7620/8984 | 1.61 games/s | ETA: 177s
[gpu0] [ 716/1000] samples:  35800 | chain(game/max/avg): 3/8/4.1 | reward(game/avg): 6640/8980 | 1.61 games/s | ETA: 176s
[gpu0] [ 717/1000] samples:  35850 | chain(game/max/avg): 4/8/4.1 | reward(game/avg): 9100/8981 | 1.62 games/s | ETA: 175s
[gpu0] [ 718/1000] samples:  35900 | chain(game/max/avg): 3/8/4.1 | reward(game/avg): 6160/8977 | 1.62 games/s | ETA: 174s
[gpu0] [ 719/1000] samples:  35950 | chain(game/max/avg): 3/8/4.1 | reward(game/avg): 6700/8973 | 1.62 games/s | ETA: 173s
[gpu0] [ 720/1000] samples:  36000 | chain(game/max/avg): 6/8/4.1 | reward(game/avg): 16950/8985 | 1.62 games/s | ETA: 173s
[gpu0] [ 721/1000] samples:  36050 | chain(game/max/avg): 4/8/4.1 | reward(game/avg): 7100/8982 | 1.63 games/s | ETA: 172s
[gpu0] [ 722/1000] samples:  36100 | chain(game/max/avg): 4/8/4.1 | reward(game/avg): 7020/8979 | 1.63 games/s | ETA: 171s
[gpu0] [ 723/1000] samples:  36150 | chain(game/max/avg): 4/8/4.1 | reward(game/avg): 10170/8981 | 1.63 games/s | ETA: 170s
[gpu0] [ 724/1000] samples:  36200 | chain(game/max/avg): 4/8/4.1 | reward(game/avg): 9200/8981 | 1.63 games/s | ETA: 169s
[gpu0] [ 725/1000] samples:  36250 | chain(game/max/avg): 3/8/4.1 | reward(game/avg): 5540/8976 | 1.63 games/s | ETA: 168s
[gpu0] [ 726/1000] samples:  36300 | chain(game/max/avg): 4/8/4.1 | reward(game/avg): 8220/8975 | 1.64 games/s | ETA: 167s
[gpu0] [ 727/1000] samples:  36350 | chain(game/max/avg): 4/8/4.1 | reward(game/avg): 8020/8974 | 1.64 games/s | ETA: 167s
[gpu0] [ 728/1000] samples:  36400 | chain(game/max/avg): 2/8/4.1 | reward(game/avg): 3870/8967 | 1.64 games/s | ETA: 166s
[gpu0] [ 729/1000] samples:  36450 | chain(game/max/avg): 3/8/4.1 | reward(game/avg): 7900/8966 | 1.64 games/s | ETA: 165s
[gpu0] [ 730/1000] samples:  36500 | chain(game/max/avg): 3/8/4.1 | reward(game/avg): 5720/8961 | 1.65 games/s | ETA: 164s
[gpu0] [ 731/1000] samples:  36550 | chain(game/max/avg): 3/8/4.1 | reward(game/avg): 7480/8959 | 1.65 games/s | ETA: 163s
[gpu0] [ 732/1000] samples:  36600 | chain(game/max/avg): 4/8/4.1 | reward(game/avg): 6340/8956 | 1.65 games/s | ETA: 162s
[gpu0] [ 733/1000] samples:  36650 | chain(game/max/avg): 4/8/4.1 | reward(game/avg): 8500/8955 | 1.65 games/s | ETA: 162s
[gpu0] [ 734/1000] samples:  36700 | chain(game/max/avg): 3/8/4.1 | reward(game/avg): 6950/8952 | 1.65 games/s | ETA: 161s
[gpu0] [ 735/1000] samples:  36750 | chain(game/max/avg): 4/8/4.1 | reward(game/avg): 8640/8952 | 1.66 games/s | ETA: 160s
[gpu0] [ 736/1000] samples:  36800 | chain(game/max/avg): 4/8/4.1 | reward(game/avg): 8220/8951 | 1.66 games/s | ETA: 159s
[gpu0] [ 737/1000] samples:  36850 | chain(game/max/avg): 5/8/4.1 | reward(game/avg): 8520/8950 | 1.66 games/s | ETA: 158s
[gpu0] [ 738/1000] samples:  36900 | chain(game/max/avg): 4/8/4.1 | reward(game/avg): 5850/8946 | 1.66 games/s | ETA: 158s
[gpu0] [ 739/1000] samples:  36950 | chain(game/max/avg): 3/8/4.1 | reward(game/avg): 5510/8941 | 1.67 games/s | ETA: 157s
[gpu0] [ 740/1000] samples:  37000 | chain(game/max/avg): 4/8/4.1 | reward(game/avg): 5840/8937 | 1.67 games/s | ETA: 156s
[gpu0] [ 741/1000] samples:  37050 | chain(game/max/avg): 5/8/4.1 | reward(game/avg): 13100/8943 | 1.67 games/s | ETA: 155s
[gpu0] [ 742/1000] samples:  37100 | chain(game/max/avg): 6/8/4.1 | reward(game/avg): 13220/8949 | 1.67 games/s | ETA: 154s
[gpu0] [ 743/1000] samples:  37150 | chain(game/max/avg): 4/8/4.1 | reward(game/avg): 6320/8945 | 1.67 games/s | ETA: 153s
[gpu0] [ 744/1000] samples:  37200 | chain(game/max/avg): 4/8/4.1 | reward(game/avg): 6860/8942 | 1.68 games/s | ETA: 153s
[gpu0] [ 745/1000] samples:  37250 | chain(game/max/avg): 4/8/4.1 | reward(game/avg): 7360/8940 | 1.68 games/s | ETA: 152s
[gpu0] [ 746/1000] samples:  37300 | chain(game/max/avg): 4/8/4.1 | reward(game/avg): 9600/8941 | 1.68 games/s | ETA: 151s
[gpu0] [ 747/1000] samples:  37350 | chain(game/max/avg): 3/8/4.1 | reward(game/avg): 4140/8935 | 1.68 games/s | ETA: 150s
[gpu0] [ 748/1000] samples:  37400 | chain(game/max/avg): 5/8/4.1 | reward(game/avg): 14400/8942 | 1.69 games/s | ETA: 149s
[gpu0] [ 749/1000] samples:  37450 | chain(game/max/avg): 4/8/4.1 | reward(game/avg): 7750/8940 | 1.69 games/s | ETA: 149s
[gpu0] [ 750/1000] samples:  37500 | chain(game/max/avg): 3/8/4.1 | reward(game/avg): 8390/8939 | 1.69 games/s | ETA: 148s
[gpu0] [ 751/1000] samples:  37550 | chain(game/max/avg): 4/8/4.1 | reward(game/avg): 7720/8938 | 1.69 games/s | ETA: 147s
[gpu0] [ 752/1000] samples:  37600 | chain(game/max/avg): 4/8/4.1 | reward(game/avg): 8200/8937 | 1.69 games/s | ETA: 146s
[gpu0] [ 753/1000] samples:  37650 | chain(game/max/avg): 4/8/4.1 | reward(game/avg): 8460/8936 | 1.70 games/s | ETA: 146s
[gpu0] [ 754/1000] samples:  37700 | chain(game/max/avg): 3/8/4.1 | reward(game/avg): 6780/8933 | 1.70 games/s | ETA: 145s
[gpu0] [ 755/1000] samples:  37750 | chain(game/max/avg): 3/8/4.1 | reward(game/avg): 6860/8931 | 1.70 games/s | ETA: 144s
[gpu0] [ 756/1000] samples:  37800 | chain(game/max/avg): 5/8/4.1 | reward(game/avg): 8400/8930 | 1.70 games/s | ETA: 143s
[gpu0] [ 757/1000] samples:  37850 | chain(game/max/avg): 4/8/4.1 | reward(game/avg): 8040/8929 | 1.71 games/s | ETA: 142s
[gpu0] [ 758/1000] samples:  37900 | chain(game/max/avg): 4/8/4.1 | reward(game/avg): 10040/8930 | 1.71 games/s | ETA: 142s
[gpu0] [ 759/1000] samples:  37950 | chain(game/max/avg): 2/8/4.1 | reward(game/avg): 4580/8925 | 1.71 games/s | ETA: 141s
[gpu0] [ 760/1000] samples:  38000 | chain(game/max/avg): 6/8/4.1 | reward(game/avg): 14980/8932 | 1.71 games/s | ETA: 140s
[gpu0] [ 761/1000] samples:  38050 | chain(game/max/avg): 5/8/4.1 | reward(game/avg): 17620/8944 | 1.72 games/s | ETA: 139s
[gpu0] [ 762/1000] samples:  38100 | chain(game/max/avg): 5/8/4.1 | reward(game/avg): 17190/8955 | 1.72 games/s | ETA: 139s
[gpu0] [ 763/1000] samples:  38150 | chain(game/max/avg): 5/8/4.1 | reward(game/avg): 14640/8962 | 1.72 games/s | ETA: 138s
[gpu0] [ 764/1000] samples:  38200 | chain(game/max/avg): 4/8/4.1 | reward(game/avg): 5650/8958 | 1.72 games/s | ETA: 137s
[gpu0] [ 765/1000] samples:  38250 | chain(game/max/avg): 4/8/4.1 | reward(game/avg): 8620/8957 | 1.72 games/s | ETA: 136s
[gpu0] [ 766/1000] samples:  38300 | chain(game/max/avg): 5/8/4.1 | reward(game/avg): 11380/8961 | 1.73 games/s | ETA: 136s
[gpu0] [ 767/1000] samples:  38350 | chain(game/max/avg): 5/8/4.1 | reward(game/avg): 12320/8965 | 1.73 games/s | ETA: 135s
[gpu0] [ 768/1000] samples:  38400 | chain(game/max/avg): 3/8/4.1 | reward(game/avg): 8170/8964 | 1.73 games/s | ETA: 134s
[gpu0] [ 769/1000] samples:  38450 | chain(game/max/avg): 4/8/4.1 | reward(game/avg): 7730/8962 | 1.73 games/s | ETA: 133s
[gpu0] [ 770/1000] samples:  38500 | chain(game/max/avg): 5/8/4.1 | reward(game/avg): 9620/8963 | 1.74 games/s | ETA: 133s
[gpu0] [ 771/1000] samples:  38550 | chain(game/max/avg): 4/8/4.1 | reward(game/avg): 8660/8963 | 1.74 games/s | ETA: 132s
[gpu0] [ 772/1000] samples:  38600 | chain(game/max/avg): 4/8/4.1 | reward(game/avg): 11210/8966 | 1.74 games/s | ETA: 131s
[gpu0] [ 773/1000] samples:  38650 | chain(game/max/avg): 4/8/4.1 | reward(game/avg): 8730/8965 | 1.74 games/s | ETA: 130s
[gpu0] [ 774/1000] samples:  38700 | chain(game/max/avg): 4/8/4.1 | reward(game/avg): 7440/8963 | 1.74 games/s | ETA: 130s
[gpu0] [ 775/1000] samples:  38750 | chain(game/max/avg): 5/8/4.1 | reward(game/avg): 11360/8966 | 1.75 games/s | ETA: 129s
[gpu0] [ 776/1000] samples:  38800 | chain(game/max/avg): 4/8/4.1 | reward(game/avg): 8460/8966 | 1.75 games/s | ETA: 128s
[gpu0] [ 777/1000] samples:  38850 | chain(game/max/avg): 4/8/4.1 | reward(game/avg): 6160/8962 | 1.75 games/s | ETA: 127s
[gpu0] [ 778/1000] samples:  38900 | chain(game/max/avg): 5/8/4.1 | reward(game/avg): 14940/8970 | 1.75 games/s | ETA: 127s
[gpu0] [ 779/1000] samples:  38950 | chain(game/max/avg): 4/8/4.1 | reward(game/avg): 8260/8969 | 1.76 games/s | ETA: 126s
[gpu0] [ 780/1000] samples:  39000 | chain(game/max/avg): 5/8/4.1 | reward(game/avg): 9310/8969 | 1.76 games/s | ETA: 125s
[gpu0] [ 781/1000] samples:  39050 | chain(game/max/avg): 5/8/4.1 | reward(game/avg): 16820/8979 | 1.76 games/s | ETA: 124s
[gpu0] [ 782/1000] samples:  39100 | chain(game/max/avg): 5/8/4.1 | reward(game/avg): 13890/8986 | 1.76 games/s | ETA: 124s
[gpu0] [ 783/1000] samples:  39150 | chain(game/max/avg): 4/8/4.1 | reward(game/avg): 8020/8985 | 1.76 games/s | ETA: 123s
[gpu0] [ 784/1000] samples:  39200 | chain(game/max/avg): 5/8/4.1 | reward(game/avg): 11260/8987 | 1.77 games/s | ETA: 122s
[gpu0] [ 785/1000] samples:  39250 | chain(game/max/avg): 4/8/4.1 | reward(game/avg): 8020/8986 | 1.77 games/s | ETA: 122s
[gpu0] [ 786/1000] samples:  39300 | chain(game/max/avg): 4/8/4.1 | reward(game/avg): 9860/8987 | 1.77 games/s | ETA: 121s
[gpu0] [ 787/1000] samples:  39350 | chain(game/max/avg): 4/8/4.1 | reward(game/avg): 7940/8986 | 1.77 games/s | ETA: 120s
[gpu0] [ 788/1000] samples:  39400 | chain(game/max/avg): 4/8/4.1 | reward(game/avg): 5370/8981 | 1.78 games/s | ETA: 119s
[gpu0] [ 790/1000] samples:  39500 | chain(game/max/avg): 3/8/4.1 | reward(game/avg): 5700/8975 | 1.78 games/s | ETA: 118s
[gpu0] [ 789/1000] samples:  39450 | chain(game/max/avg): 4/8/4.1 | reward(game/avg): 7140/8979 | 1.78 games/s | ETA: 119s
[gpu0] [ 791/1000] samples:  39550 | chain(game/max/avg): 4/8/4.1 | reward(game/avg): 6020/8971 | 1.78 games/s | ETA: 117s
[gpu0] [ 792/1000] samples:  39600 | chain(game/max/avg): 3/8/4.1 | reward(game/avg): 5380/8967 | 1.78 games/s | ETA: 117s
[gpu0] [ 793/1000] samples:  39650 | chain(game/max/avg): 5/8/4.1 | reward(game/avg): 15600/8975 | 1.79 games/s | ETA: 116s
[gpu0] [ 794/1000] samples:  39700 | chain(game/max/avg): 4/8/4.1 | reward(game/avg): 8640/8975 | 1.79 games/s | ETA: 115s
[gpu0] [ 795/1000] samples:  39750 | chain(game/max/avg): 4/8/4.1 | reward(game/avg): 8410/8974 | 1.79 games/s | ETA: 114s
[gpu0] [ 796/1000] samples:  39800 | chain(game/max/avg): 7/8/4.1 | reward(game/avg): 21300/8989 | 1.79 games/s | ETA: 114s
[gpu0] [ 797/1000] samples:  39850 | chain(game/max/avg): 4/8/4.1 | reward(game/avg): 9680/8990 | 1.80 games/s | ETA: 113s
[gpu0] [ 799/1000] samples:  39950 | chain(game/max/avg): 4/8/4.1 | reward(game/avg): 8180/8988 | 1.80 games/s | ETA: 112s
[gpu0] [ 798/1000] samples:  39950 | chain(game/max/avg): 5/8/4.1 | reward(game/avg): 7730/8999 | 1.80 games/s | ETA: 112s
[gpu0] [ 800/1000] samples:  40000 | chain(game/max/avg): 4/8/4.1 | reward(game/avg): 9130/8988 | 1.80 games/s | ETA: 111s
[gpu0] [ 801/1000] samples:  40050 | chain(game/max/avg): 4/8/4.1 | reward(game/avg): 10360/8990 | 1.81 games/s | ETA: 110s
[gpu0] [ 802/1000] samples:  40100 | chain(game/max/avg): 4/8/4.1 | reward(game/avg): 6600/8987 | 1.81 games/s | ETA: 110s
[gpu0] [ 803/1000] samples:  40150 | chain(game/max/avg): 3/8/4.1 | reward(game/avg): 7040/8984 | 1.80 games/s | ETA: 109s
[gpu0] [ 804/1000] samples:  40200 | chain(game/max/avg): 3/8/4.1 | reward(game/avg): 6320/8981 | 1.81 games/s | ETA: 109s
[gpu0] [ 805/1000] samples:  40250 | chain(game/max/avg): 4/8/4.1 | reward(game/avg): 8240/8980 | 1.81 games/s | ETA: 108s
[gpu0] [ 806/1000] samples:  40300 | chain(game/max/avg): 2/8/4.1 | reward(game/avg): 3570/8973 | 1.81 games/s | ETA: 107s
[gpu0] [ 807/1000] samples:  40350 | chain(game/max/avg): 5/8/4.1 | reward(game/avg): 12550/8978 | 1.81 games/s | ETA: 107s
[gpu0] [ 808/1000] samples:  40400 | chain(game/max/avg): 4/8/4.1 | reward(game/avg): 7580/8976 | 1.81 games/s | ETA: 106s
[gpu0] [ 809/1000] samples:  40450 | chain(game/max/avg): 4/8/4.1 | reward(game/avg): 8080/8975 | 1.82 games/s | ETA: 105s
[gpu0] [ 810/1000] samples:  40500 | chain(game/max/avg): 4/8/4.1 | reward(game/avg): 6660/8972 | 1.82 games/s | ETA: 104s
[gpu0] [ 811/1000] samples:  40550 | chain(game/max/avg): 4/8/4.1 | reward(game/avg): 8770/8972 | 1.82 games/s | ETA: 104s
[gpu0] [ 812/1000] samples:  40600 | chain(game/max/avg): 3/8/4.1 | reward(game/avg): 5680/8968 | 1.82 games/s | ETA: 103s
[gpu0] [ 813/1000] samples:  40650 | chain(game/max/avg): 5/8/4.1 | reward(game/avg): 10140/8969 | 1.83 games/s | ETA: 102s
[gpu0] [ 814/1000] samples:  40700 | chain(game/max/avg): 6/8/4.1 | reward(game/avg): 19160/8982 | 1.82 games/s | ETA: 102s
[gpu0] [ 815/1000] samples:  40750 | chain(game/max/avg): 4/8/4.1 | reward(game/avg): 8520/8981 | 1.83 games/s | ETA: 101s
[gpu0] [ 816/1000] samples:  40800 | chain(game/max/avg): 3/8/4.1 | reward(game/avg): 4620/8976 | 1.83 games/s | ETA: 101s
[gpu0] [ 817/1000] samples:  40850 | chain(game/max/avg): 4/8/4.1 | reward(game/avg): 8700/8975 | 1.83 games/s | ETA: 100s
[gpu0] [ 818/1000] samples:  40900 | chain(game/max/avg): 5/8/4.1 | reward(game/avg): 10590/8977 | 1.83 games/s | ETA: 99s
[gpu0] [ 819/1000] samples:  40950 | chain(game/max/avg): 5/8/4.1 | reward(game/avg): 9720/8978 | 1.83 games/s | ETA: 99s
[gpu0] [ 820/1000] samples:  41000 | chain(game/max/avg): 4/8/4.1 | reward(game/avg): 8260/8977 | 1.83 games/s | ETA: 98s
[gpu0] [ 821/1000] samples:  41050 | chain(game/max/avg): 5/8/4.1 | reward(game/avg): 12720/8982 | 1.84 games/s | ETA: 98s
[gpu0] [ 822/1000] samples:  41100 | chain(game/max/avg): 5/8/4.1 | reward(game/avg): 16540/8991 | 1.84 games/s | ETA: 97s
[gpu0] [ 823/1000] samples:  41150 | chain(game/max/avg): 5/8/4.1 | reward(game/avg): 8880/8991 | 1.84 games/s | ETA: 96s
[gpu0] [ 824/1000] samples:  41200 | chain(game/max/avg): 3/8/4.1 | reward(game/avg): 5320/8986 | 1.84 games/s | ETA: 96s
[gpu0] [ 825/1000] samples:  41250 | chain(game/max/avg): 3/8/4.1 | reward(game/avg): 7690/8985 | 1.84 games/s | ETA: 95s
[gpu0] [ 826/1000] samples:  41300 | chain(game/max/avg): 4/8/4.1 | reward(game/avg): 9780/8986 | 1.85 games/s | ETA: 94s
[gpu0] [ 827/1000] samples:  41350 | chain(game/max/avg): 3/8/4.1 | reward(game/avg): 6580/8983 | 1.85 games/s | ETA: 94s
[gpu0] [ 828/1000] samples:  41400 | chain(game/max/avg): 5/8/4.1 | reward(game/avg): 11680/8986 | 1.85 games/s | ETA: 93s
[gpu0] [ 829/1000] samples:  41450 | chain(game/max/avg): 4/8/4.1 | reward(game/avg): 9880/8987 | 1.85 games/s | ETA: 92s
[gpu0] [ 830/1000] samples:  41550 | chain(game/max/avg): 6/8/4.1 | reward(game/avg): 14330/9008 | 1.86 games/s | ETA: 92s
[gpu0] [ 831/1000] samples:  41550 | chain(game/max/avg): 4/8/4.1 | reward(game/avg): 11460/8997 | 1.86 games/s | ETA: 91s
[gpu0] [ 832/1000] samples:  41600 | chain(game/max/avg): 5/8/4.1 | reward(game/avg): 9980/8998 | 1.86 games/s | ETA: 90s
[gpu0] [ 834/1000] samples:  41700 | chain(game/max/avg): 4/8/4.1 | reward(game/avg): 7600/8997 | 1.86 games/s | ETA: 89s
[gpu0] [ 833/1000] samples:  41650 | chain(game/max/avg): 4/8/4.1 | reward(game/avg): 9700/8999 | 1.86 games/s | ETA: 90s
[gpu0] [ 835/1000] samples:  41750 | chain(game/max/avg): 5/8/4.1 | reward(game/avg): 11230/9000 | 1.87 games/s | ETA: 88s
[gpu0] [ 836/1000] samples:  41800 | chain(game/max/avg): 3/8/4.1 | reward(game/avg): 6650/8997 | 1.87 games/s | ETA: 88s
[gpu0] [ 837/1000] samples:  41850 | chain(game/max/avg): 4/8/4.1 | reward(game/avg): 11040/8999 | 1.87 games/s | ETA: 87s
[gpu0] [ 838/1000] samples:  41900 | chain(game/max/avg): 5/8/4.1 | reward(game/avg): 11740/9003 | 1.87 games/s | ETA: 86s
[gpu0] [ 839/1000] samples:  41950 | chain(game/max/avg): 5/8/4.1 | reward(game/avg): 12830/9007 | 1.88 games/s | ETA: 86s
[gpu0] [ 840/1000] samples:  42000 | chain(game/max/avg): 5/8/4.1 | reward(game/avg): 12080/9011 | 1.88 games/s | ETA: 85s
[gpu0] [ 841/1000] samples:  42050 | chain(game/max/avg): 5/8/4.1 | reward(game/avg): 13360/9016 | 1.88 games/s | ETA: 85s
[gpu0] [ 842/1000] samples:  42100 | chain(game/max/avg): 4/8/4.1 | reward(game/avg): 7080/9014 | 1.88 games/s | ETA: 84s
[gpu0] [ 843/1000] samples:  42150 | chain(game/max/avg): 4/8/4.1 | reward(game/avg): 8360/9013 | 1.88 games/s | ETA: 83s
[gpu0] [ 844/1000] samples:  42200 | chain(game/max/avg): 5/8/4.1 | reward(game/avg): 10280/9014 | 1.89 games/s | ETA: 83s
[gpu0] [ 845/1000] samples:  42250 | chain(game/max/avg): 4/8/4.1 | reward(game/avg): 9560/9015 | 1.89 games/s | ETA: 82s
[gpu0] [ 846/1000] samples:  42300 | chain(game/max/avg): 4/8/4.1 | reward(game/avg): 7120/9013 | 1.89 games/s | ETA: 81s
[gpu0] [ 847/1000] samples:  42350 | chain(game/max/avg): 3/8/4.1 | reward(game/avg): 6790/9010 | 1.89 games/s | ETA: 81s
[gpu0] [ 848/1000] samples:  42400 | chain(game/max/avg): 3/8/4.1 | reward(game/avg): 5500/9006 | 1.90 games/s | ETA: 80s
[gpu0] [ 849/1000] samples:  42450 | chain(game/max/avg): 4/8/4.1 | reward(game/avg): 8400/9005 | 1.90 games/s | ETA: 80s
[gpu0] [ 850/1000] samples:  42500 | chain(game/max/avg): 5/8/4.1 | reward(game/avg): 9340/9006 | 1.90 games/s | ETA: 79s
[gpu0] [ 851/1000] samples:  42550 | chain(game/max/avg): 3/8/4.1 | reward(game/avg): 4830/9001 | 1.90 games/s | ETA: 78s
[gpu0] [ 852/1000] samples:  42600 | chain(game/max/avg): 4/8/4.1 | reward(game/avg): 10280/9002 | 1.90 games/s | ETA: 78s
[gpu0] [ 853/1000] samples:  42650 | chain(game/max/avg): 3/8/4.1 | reward(game/avg): 7510/9001 | 1.91 games/s | ETA: 77s
[gpu0] [ 856/1000] samples:  42800 | chain(game/max/avg): 5/8/4.1 | reward(game/avg): 9780/9000 | 1.91 games/s | ETA: 75s
[gpu0] [ 854/1000] samples:  42700 | chain(game/max/avg): 4/8/4.1 | reward(game/avg): 8700/9000 | 1.91 games/s | ETA: 76s
[gpu0] [ 855/1000] samples:  42750 | chain(game/max/avg): 4/8/4.1 | reward(game/avg): 7700/8999 | 1.91 games/s | ETA: 76s
[gpu0] [ 857/1000] samples:  42850 | chain(game/max/avg): 4/8/4.1 | reward(game/avg): 7660/8998 | 1.92 games/s | ETA: 75s
[gpu0] [ 858/1000] samples:  42900 | chain(game/max/avg): 4/8/4.1 | reward(game/avg): 6060/8995 | 1.92 games/s | ETA: 74s
[gpu0] [ 859/1000] samples:  42950 | chain(game/max/avg): 5/8/4.1 | reward(game/avg): 12500/8999 | 1.92 games/s | ETA: 73s
[gpu0] [ 860/1000] samples:  43000 | chain(game/max/avg): 3/8/4.1 | reward(game/avg): 5700/8995 | 1.92 games/s | ETA: 73s
[gpu0] [ 861/1000] samples:  43050 | chain(game/max/avg): 4/8/4.1 | reward(game/avg): 7580/8993 | 1.92 games/s | ETA: 72s
[gpu0] [ 862/1000] samples:  43100 | chain(game/max/avg): 4/8/4.1 | reward(game/avg): 7870/8992 | 1.93 games/s | ETA: 72s
[gpu0] [ 863/1000] samples:  43150 | chain(game/max/avg): 4/8/4.1 | reward(game/avg): 7820/8991 | 1.93 games/s | ETA: 71s
[gpu0] [ 864/1000] samples:  43200 | chain(game/max/avg): 5/8/4.1 | reward(game/avg): 13200/8995 | 1.93 games/s | ETA: 70s
[gpu0] [ 865/1000] samples:  43250 | chain(game/max/avg): 6/8/4.1 | reward(game/avg): 17870/9006 | 1.93 games/s | ETA: 70s
[gpu0] [ 866/1000] samples:  43300 | chain(game/max/avg): 4/8/4.1 | reward(game/avg): 7080/9004 | 1.94 games/s | ETA: 69s
[gpu0] [ 867/1000] samples:  43350 | chain(game/max/avg): 4/8/4.1 | reward(game/avg): 8320/9003 | 1.94 games/s | ETA: 69s
[gpu0] [ 868/1000] samples:  43400 | chain(game/max/avg): 3/8/4.1 | reward(game/avg): 6150/8999 | 1.94 games/s | ETA: 68s
[gpu0] [ 869/1000] samples:  43450 | chain(game/max/avg): 5/8/4.1 | reward(game/avg): 14160/9005 | 1.94 games/s | ETA: 67s
[gpu0] [ 870/1000] samples:  43500 | chain(game/max/avg): 4/8/4.1 | reward(game/avg): 6520/9003 | 1.94 games/s | ETA: 67s
[gpu0] [ 871/1000] samples:  43550 | chain(game/max/avg): 5/8/4.1 | reward(game/avg): 10140/9004 | 1.95 games/s | ETA: 66s
[gpu0] [ 872/1000] samples:  43600 | chain(game/max/avg): 5/8/4.1 | reward(game/avg): 10760/9006 | 1.95 games/s | ETA: 66s
[gpu0] [ 873/1000] samples:  43650 | chain(game/max/avg): 4/8/4.1 | reward(game/avg): 6560/9003 | 1.95 games/s | ETA: 65s
[gpu0] [ 874/1000] samples:  43700 | chain(game/max/avg): 4/8/4.1 | reward(game/avg): 10810/9005 | 1.95 games/s | ETA: 65s
[gpu0] [ 875/1000] samples:  43750 | chain(game/max/avg): 4/8/4.1 | reward(game/avg): 5500/9001 | 1.96 games/s | ETA: 64s
[gpu0] [ 876/1000] samples:  43800 | chain(game/max/avg): 4/8/4.1 | reward(game/avg): 8300/9000 | 1.96 games/s | ETA: 63s
[gpu0] [ 877/1000] samples:  43850 | chain(game/max/avg): 3/8/4.1 | reward(game/avg): 6500/8997 | 1.96 games/s | ETA: 63s
[gpu0] [ 878/1000] samples:  43900 | chain(game/max/avg): 4/8/4.1 | reward(game/avg): 6980/8995 | 1.96 games/s | ETA: 62s
[gpu0] [ 879/1000] samples:  43950 | chain(game/max/avg): 4/8/4.1 | reward(game/avg): 8410/8994 | 1.96 games/s | ETA: 62s
[gpu0] [ 880/1000] samples:  44000 | chain(game/max/avg): 3/8/4.1 | reward(game/avg): 5140/8990 | 1.97 games/s | ETA: 61s
[gpu0] [ 881/1000] samples:  44050 | chain(game/max/avg): 5/8/4.1 | reward(game/avg): 11580/8993 | 1.97 games/s | ETA: 60s
[gpu0] [ 882/1000] samples:  44100 | chain(game/max/avg): 5/8/4.1 | reward(game/avg): 10710/8995 | 1.97 games/s | ETA: 60s
[gpu0] [ 883/1000] samples:  44150 | chain(game/max/avg): 5/8/4.1 | reward(game/avg): 10560/8997 | 1.97 games/s | ETA: 59s
[gpu0] [ 884/1000] samples:  44200 | chain(game/max/avg): 4/8/4.1 | reward(game/avg): 11010/8999 | 1.98 games/s | ETA: 59s
[gpu0] [ 885/1000] samples:  44250 | chain(game/max/avg): 4/8/4.1 | reward(game/avg): 8260/8998 | 1.98 games/s | ETA: 58s
[gpu0] [ 886/1000] samples:  44300 | chain(game/max/avg): 4/8/4.1 | reward(game/avg): 10470/9000 | 1.98 games/s | ETA: 58s
[gpu0] [ 887/1000] samples:  44350 | chain(game/max/avg): 3/8/4.1 | reward(game/avg): 6020/8997 | 1.98 games/s | ETA: 57s
[gpu0] [ 888/1000] samples:  44400 | chain(game/max/avg): 4/8/4.1 | reward(game/avg): 7740/8995 | 1.98 games/s | ETA: 56s
[gpu0] [ 889/1000] samples:  44450 | chain(game/max/avg): 4/8/4.1 | reward(game/avg): 8780/8995 | 1.99 games/s | ETA: 56s
[gpu0] [ 890/1000] samples:  44500 | chain(game/max/avg): 4/8/4.1 | reward(game/avg): 10510/8997 | 1.99 games/s | ETA: 55s
[gpu0] [ 891/1000] samples:  44550 | chain(game/max/avg): 4/8/4.1 | reward(game/avg): 12350/9000 | 1.99 games/s | ETA: 55s
[gpu0] [ 892/1000] samples:  44600 | chain(game/max/avg): 4/8/4.1 | reward(game/avg): 6440/8997 | 1.99 games/s | ETA: 54s
[gpu0] [ 893/1000] samples:  44650 | chain(game/max/avg): 4/8/4.1 | reward(game/avg): 7730/8996 | 2.00 games/s | ETA: 54s
[gpu0] [ 894/1000] samples:  44700 | chain(game/max/avg): 5/8/4.1 | reward(game/avg): 8820/8996 | 2.00 games/s | ETA: 53s
[gpu0] [ 895/1000] samples:  44750 | chain(game/max/avg): 4/8/4.1 | reward(game/avg): 9180/8996 | 2.00 games/s | ETA: 53s
[gpu0] [ 896/1000] samples:  44800 | chain(game/max/avg): 5/8/4.1 | reward(game/avg): 12020/8999 | 2.00 games/s | ETA: 52s
[gpu0] [ 897/1000] samples:  44850 | chain(game/max/avg): 3/8/4.1 | reward(game/avg): 5720/8996 | 2.00 games/s | ETA: 51s
[gpu0] [ 898/1000] samples:  44900 | chain(game/max/avg): 5/8/4.1 | reward(game/avg): 8750/8995 | 2.01 games/s | ETA: 51s
[gpu0] [ 899/1000] samples:  44950 | chain(game/max/avg): 4/8/4.1 | reward(game/avg): 7590/8994 | 2.01 games/s | ETA: 50s
[gpu0] [ 900/1000] samples:  45000 | chain(game/max/avg): 3/8/4.1 | reward(game/avg): 7720/8992 | 2.01 games/s | ETA: 50s
[gpu0] [ 901/1000] samples:  45050 | chain(game/max/avg): 5/8/4.1 | reward(game/avg): 13420/8997 | 2.01 games/s | ETA: 49s
[gpu0] [ 902/1000] samples:  45100 | chain(game/max/avg): 3/8/4.1 | reward(game/avg): 6490/8995 | 2.02 games/s | ETA: 49s
[gpu0] [ 903/1000] samples:  45150 | chain(game/max/avg): 5/8/4.1 | reward(game/avg): 12720/8999 | 2.02 games/s | ETA: 48s
[gpu0] [ 904/1000] samples:  45200 | chain(game/max/avg): 3/8/4.1 | reward(game/avg): 6660/8996 | 2.02 games/s | ETA: 48s
[gpu0] [ 905/1000] samples:  45250 | chain(game/max/avg): 5/8/4.1 | reward(game/avg): 13210/9001 | 2.02 games/s | ETA: 47s
[gpu0] [ 906/1000] samples:  45300 | chain(game/max/avg): 4/8/4.1 | reward(game/avg): 7020/8999 | 2.02 games/s | ETA: 46s
[gpu0] [ 907/1000] samples:  45350 | chain(game/max/avg): 3/8/4.1 | reward(game/avg): 6120/8995 | 2.03 games/s | ETA: 46s
[gpu0] [ 908/1000] samples:  45400 | chain(game/max/avg): 4/8/4.1 | reward(game/avg): 7530/8994 | 2.03 games/s | ETA: 45s
[gpu0] [ 909/1000] samples:  45450 | chain(game/max/avg): 4/8/4.1 | reward(game/avg): 10120/8995 | 2.03 games/s | ETA: 45s
[gpu0] [ 910/1000] samples:  45500 | chain(game/max/avg): 4/8/4.1 | reward(game/avg): 8380/8994 | 2.03 games/s | ETA: 44s
[gpu0] [ 911/1000] samples:  45550 | chain(game/max/avg): 5/8/4.1 | reward(game/avg): 14020/9000 | 2.04 games/s | ETA: 44s
[gpu0] [ 912/1000] samples:  45600 | chain(game/max/avg): 3/8/4.1 | reward(game/avg): 8040/8999 | 2.04 games/s | ETA: 43s
[gpu0] [ 913/1000] samples:  45650 | chain(game/max/avg): 4/8/4.1 | reward(game/avg): 7340/8997 | 2.04 games/s | ETA: 43s
[gpu0] [ 914/1000] samples:  45700 | chain(game/max/avg): 5/8/4.1 | reward(game/avg): 11720/9000 | 2.04 games/s | ETA: 42s
[gpu0] [ 915/1000] samples:  45750 | chain(game/max/avg): 5/8/4.1 | reward(game/avg): 8080/8999 | 2.04 games/s | ETA: 42s
[gpu0] [ 916/1000] samples:  45800 | chain(game/max/avg): 4/8/4.1 | reward(game/avg): 9640/9000 | 2.05 games/s | ETA: 41s
[gpu0] [ 917/1000] samples:  45850 | chain(game/max/avg): 5/8/4.1 | reward(game/avg): 12840/9004 | 2.05 games/s | ETA: 41s
[gpu0] [ 918/1000] samples:  45900 | chain(game/max/avg): 5/8/4.1 | reward(game/avg): 12360/9008 | 2.05 games/s | ETA: 40s
[gpu0] [ 919/1000] samples:  45950 | chain(game/max/avg): 5/8/4.1 | reward(game/avg): 10990/9010 | 2.05 games/s | ETA: 39s
[gpu0] [ 920/1000] samples:  46000 | chain(game/max/avg): 5/8/4.1 | reward(game/avg): 9500/9010 | 2.06 games/s | ETA: 39s
[gpu0] [ 921/1000] samples:  46050 | chain(game/max/avg): 5/8/4.1 | reward(game/avg): 11260/9013 | 2.06 games/s | ETA: 38s
[gpu0] [ 922/1000] samples:  46100 | chain(game/max/avg): 4/8/4.1 | reward(game/avg): 6560/9010 | 2.06 games/s | ETA: 38s
[gpu0] [ 923/1000] samples:  46150 | chain(game/max/avg): 4/8/4.1 | reward(game/avg): 8440/9009 | 2.06 games/s | ETA: 37s
[gpu0] [ 924/1000] samples:  46200 | chain(game/max/avg): 4/8/4.1 | reward(game/avg): 9920/9010 | 2.06 games/s | ETA: 37s
[gpu0] [ 925/1000] samples:  46250 | chain(game/max/avg): 4/8/4.1 | reward(game/avg): 8440/9010 | 2.06 games/s | ETA: 36s
[gpu0] [ 926/1000] samples:  46300 | chain(game/max/avg): 4/8/4.1 | reward(game/avg): 8080/9009 | 2.06 games/s | ETA: 36s
[gpu0] [ 927/1000] samples:  46350 | chain(game/max/avg): 6/8/4.1 | reward(game/avg): 12540/9013 | 2.07 games/s | ETA: 35s
[gpu0] [ 928/1000] samples:  46400 | chain(game/max/avg): 4/8/4.1 | reward(game/avg): 7660/9011 | 2.07 games/s | ETA: 35s
[gpu0] [ 929/1000] samples:  46450 | chain(game/max/avg): 5/8/4.1 | reward(game/avg): 12470/9015 | 2.07 games/s | ETA: 34s
[gpu0] [ 930/1000] samples:  46500 | chain(game/max/avg): 4/8/4.1 | reward(game/avg): 8400/9014 | 2.07 games/s | ETA: 34s
[gpu0] [ 931/1000] samples:  46550 | chain(game/max/avg): 5/8/4.1 | reward(game/avg): 14560/9020 | 2.07 games/s | ETA: 33s
[gpu0] [ 932/1000] samples:  46600 | chain(game/max/avg): 4/8/4.1 | reward(game/avg): 11450/9023 | 2.08 games/s | ETA: 33s
[gpu0] [ 933/1000] samples:  46650 | chain(game/max/avg): 3/8/4.1 | reward(game/avg): 5280/9019 | 2.08 games/s | ETA: 32s
[gpu0] [ 934/1000] samples:  46700 | chain(game/max/avg): 4/8/4.1 | reward(game/avg): 6760/9016 | 2.08 games/s | ETA: 32s
[gpu0] [ 935/1000] samples:  46750 | chain(game/max/avg): 5/8/4.1 | reward(game/avg): 15420/9023 | 2.08 games/s | ETA: 31s
[gpu0] [ 936/1000] samples:  46800 | chain(game/max/avg): 5/8/4.1 | reward(game/avg): 11780/9026 | 2.08 games/s | ETA: 31s
[gpu0] [ 937/1000] samples:  46850 | chain(game/max/avg): 3/8/4.1 | reward(game/avg): 7160/9024 | 2.09 games/s | ETA: 30s
[gpu0] [ 938/1000] samples:  46900 | chain(game/max/avg): 4/8/4.1 | reward(game/avg): 10130/9025 | 2.09 games/s | ETA: 30s
[gpu0] [ 939/1000] samples:  46950 | chain(game/max/avg): 4/8/4.1 | reward(game/avg): 6840/9023 | 2.09 games/s | ETA: 29s
[gpu0] [ 940/1000] samples:  47000 | chain(game/max/avg): 5/8/4.1 | reward(game/avg): 10220/9024 | 2.09 games/s | ETA: 29s
[gpu0] [ 941/1000] samples:  47050 | chain(game/max/avg): 4/8/4.1 | reward(game/avg): 8170/9023 | 2.09 games/s | ETA: 28s
[gpu0] [ 942/1000] samples:  47100 | chain(game/max/avg): 5/8/4.1 | reward(game/avg): 12460/9027 | 2.09 games/s | ETA: 28s
[gpu0] [ 943/1000] samples:  47150 | chain(game/max/avg): 4/8/4.1 | reward(game/avg): 9060/9027 | 2.10 games/s | ETA: 27s
[gpu0] [ 944/1000] samples:  47200 | chain(game/max/avg): 4/8/4.1 | reward(game/avg): 7620/9026 | 2.10 games/s | ETA: 27s
[gpu0] [ 945/1000] samples:  47250 | chain(game/max/avg): 3/8/4.1 | reward(game/avg): 7640/9024 | 2.10 games/s | ETA: 26s
[gpu0] [ 946/1000] samples:  47300 | chain(game/max/avg): 4/8/4.1 | reward(game/avg): 6720/9022 | 2.10 games/s | ETA: 26s
[gpu0] [ 947/1000] samples:  47350 | chain(game/max/avg): 5/8/4.1 | reward(game/avg): 10460/9023 | 2.10 games/s | ETA: 25s
[gpu0] [ 948/1000] samples:  47400 | chain(game/max/avg): 4/8/4.1 | reward(game/avg): 6560/9021 | 2.10 games/s | ETA: 25s
[gpu0] [ 949/1000] samples:  47450 | chain(game/max/avg): 4/8/4.1 | reward(game/avg): 6920/9018 | 2.11 games/s | ETA: 24s
[gpu0] [ 950/1000] samples:  47500 | chain(game/max/avg): 3/8/4.1 | reward(game/avg): 6440/9016 | 2.11 games/s | ETA: 24s
[gpu0] [ 951/1000] samples:  47550 | chain(game/max/avg): 4/8/4.1 | reward(game/avg): 9350/9016 | 2.11 games/s | ETA: 23s
[gpu0] [ 952/1000] samples:  47600 | chain(game/max/avg): 4/8/4.1 | reward(game/avg): 7100/9014 | 2.11 games/s | ETA: 23s
[gpu0] [ 953/1000] samples:  47650 | chain(game/max/avg): 3/8/4.1 | reward(game/avg): 7320/9012 | 2.12 games/s | ETA: 22s
[gpu0] [ 954/1000] samples:  47700 | chain(game/max/avg): 3/8/4.1 | reward(game/avg): 7080/9010 | 2.12 games/s | ETA: 22s
[gpu0] [ 955/1000] samples:  47750 | chain(game/max/avg): 5/8/4.1 | reward(game/avg): 12250/9014 | 2.12 games/s | ETA: 21s
[gpu0] [ 956/1000] samples:  47800 | chain(game/max/avg): 5/8/4.1 | reward(game/avg): 11940/9017 | 2.12 games/s | ETA: 21s
[gpu0] [ 957/1000] samples:  47850 | chain(game/max/avg): 4/8/4.1 | reward(game/avg): 12000/9020 | 2.12 games/s | ETA: 20s
[gpu0] [ 958/1000] samples:  47900 | chain(game/max/avg): 4/8/4.1 | reward(game/avg): 8120/9019 | 2.13 games/s | ETA: 20s
[gpu0] [ 959/1000] samples:  47950 | chain(game/max/avg): 6/8/4.1 | reward(game/avg): 19640/9030 | 2.13 games/s | ETA: 19s
[gpu0] [ 960/1000] samples:  48000 | chain(game/max/avg): 3/8/4.1 | reward(game/avg): 6100/9027 | 2.13 games/s | ETA: 19s
[gpu0] [ 961/1000] samples:  48050 | chain(game/max/avg): 4/8/4.1 | reward(game/avg): 9280/9027 | 2.13 games/s | ETA: 18s
[gpu0] [ 962/1000] samples:  48100 | chain(game/max/avg): 3/8/4.1 | reward(game/avg): 7050/9025 | 2.13 games/s | ETA: 18s
[gpu0] [ 963/1000] samples:  48150 | chain(game/max/avg): 3/8/4.1 | reward(game/avg): 5790/9022 | 2.14 games/s | ETA: 17s
[gpu0] [ 964/1000] samples:  48200 | chain(game/max/avg): 3/8/4.1 | reward(game/avg): 4080/9017 | 2.14 games/s | ETA: 17s
[gpu0] [ 965/1000] samples:  48250 | chain(game/max/avg): 4/8/4.1 | reward(game/avg): 10620/9018 | 2.14 games/s | ETA: 16s
[gpu0] [ 966/1000] samples:  48300 | chain(game/max/avg): 3/8/4.1 | reward(game/avg): 6780/9016 | 2.14 games/s | ETA: 16s
[gpu0] [ 967/1000] samples:  48350 | chain(game/max/avg): 5/8/4.1 | reward(game/avg): 10960/9018 | 2.14 games/s | ETA: 15s
[gpu0] [ 968/1000] samples:  48400 | chain(game/max/avg): 3/8/4.1 | reward(game/avg): 6130/9015 | 2.15 games/s | ETA: 15s
[gpu0] [ 969/1000] samples:  48450 | chain(game/max/avg): 5/8/4.1 | reward(game/avg): 11420/9017 | 2.15 games/s | ETA: 14s
[gpu0] [ 970/1000] samples:  48500 | chain(game/max/avg): 5/8/4.1 | reward(game/avg): 12060/9021 | 2.15 games/s | ETA: 14s
[gpu0] [ 971/1000] samples:  48550 | chain(game/max/avg): 4/8/4.1 | reward(game/avg): 4880/9016 | 2.15 games/s | ETA: 13s
[gpu0] [ 972/1000] samples:  48600 | chain(game/max/avg): 3/8/4.1 | reward(game/avg): 6220/9013 | 2.15 games/s | ETA: 13s
[gpu0] [ 973/1000] samples:  48650 | chain(game/max/avg): 3/8/4.1 | reward(game/avg): 5260/9010 | 2.16 games/s | ETA: 13s
[gpu0] [ 974/1000] samples:  48700 | chain(game/max/avg): 6/8/4.1 | reward(game/avg): 16620/9017 | 2.16 games/s | ETA: 12s
[gpu0] [ 975/1000] samples:  48750 | chain(game/max/avg): 5/8/4.1 | reward(game/avg): 9980/9018 | 2.16 games/s | ETA: 12s
[gpu0] [ 976/1000] samples:  48800 | chain(game/max/avg): 4/8/4.1 | reward(game/avg): 6340/9016 | 2.16 games/s | ETA: 11s
[gpu0] [ 977/1000] samples:  48850 | chain(game/max/avg): 3/8/4.1 | reward(game/avg): 6300/9013 | 2.17 games/s | ETA: 11s
[gpu0] [ 978/1000] samples:  48900 | chain(game/max/avg): 4/8/4.1 | reward(game/avg): 6330/9010 | 2.17 games/s | ETA: 10s
[gpu0] [ 979/1000] samples:  48950 | chain(game/max/avg): 4/8/4.1 | reward(game/avg): 8180/9009 | 2.17 games/s | ETA: 10s
[gpu0] [ 980/1000] samples:  49000 | chain(game/max/avg): 4/8/4.1 | reward(game/avg): 6500/9007 | 2.17 games/s | ETA: 9s
[gpu0] [ 981/1000] samples:  49050 | chain(game/max/avg): 5/8/4.1 | reward(game/avg): 8600/9006 | 2.17 games/s | ETA: 9s
[gpu0] [ 982/1000] samples:  49100 | chain(game/max/avg): 4/8/4.1 | reward(game/avg): 11020/9008 | 2.18 games/s | ETA: 8s
[gpu0] [ 983/1000] samples:  49150 | chain(game/max/avg): 4/8/4.1 | reward(game/avg): 6500/9006 | 2.18 games/s | ETA: 8s
[gpu0] [ 984/1000] samples:  49200 | chain(game/max/avg): 4/8/4.1 | reward(game/avg): 12230/9009 | 2.18 games/s | ETA: 7s
[gpu0] [ 985/1000] samples:  49250 | chain(game/max/avg): 4/8/4.1 | reward(game/avg): 8780/9009 | 2.18 games/s | ETA: 7s
[gpu0] [ 986/1000] samples:  49300 | chain(game/max/avg): 4/8/4.1 | reward(game/avg): 10180/9010 | 2.18 games/s | ETA: 6s
[gpu0] [ 987/1000] samples:  49350 | chain(game/max/avg): 7/8/4.1 | reward(game/avg): 24100/9025 | 2.19 games/s | ETA: 6s
[gpu0] [ 988/1000] samples:  49400 | chain(game/max/avg): 5/8/4.1 | reward(game/avg): 11100/9027 | 2.19 games/s | ETA: 5s
[gpu0] [ 989/1000] samples:  49450 | chain(game/max/avg): 4/8/4.1 | reward(game/avg): 7100/9025 | 2.19 games/s | ETA: 5s
[gpu0] [ 990/1000] samples:  49500 | chain(game/max/avg): 5/8/4.1 | reward(game/avg): 12640/9029 | 2.19 games/s | ETA: 5s
[gpu0] [ 991/1000] samples:  49550 | chain(game/max/avg): 3/8/4.1 | reward(game/avg): 5860/9026 | 2.19 games/s | ETA: 4s
[gpu0] [ 992/1000] samples:  49600 | chain(game/max/avg): 5/8/4.1 | reward(game/avg): 10080/9027 | 2.20 games/s | ETA: 4s
[gpu0] [ 993/1000] samples:  49650 | chain(game/max/avg): 5/8/4.1 | reward(game/avg): 9800/9028 | 2.20 games/s | ETA: 3s
[gpu0] [ 994/1000] samples:  49700 | chain(game/max/avg): 5/8/4.1 | reward(game/avg): 9120/9028 | 2.20 games/s | ETA: 3s
[gpu0] [ 995/1000] samples:  49750 | chain(game/max/avg): 3/8/4.1 | reward(game/avg): 4720/9023 | 2.20 games/s | ETA: 2s
[gpu0] [ 996/1000] samples:  49800 | chain(game/max/avg): 4/8/4.1 | reward(game/avg): 7460/9022 | 2.20 games/s | ETA: 2s
[gpu0] [ 997/1000] samples:  49850 | chain(game/max/avg): 5/8/4.1 | reward(game/avg): 11390/9024 | 2.20 games/s | ETA: 1s
[gpu0] [ 998/1000] samples:  49900 | chain(game/max/avg): 4/8/4.1 | reward(game/avg): 7740/9023 | 2.21 games/s | ETA: 1s
[gpu0] [ 999/1000] samples:  49950 | chain(game/max/avg): 4/8/4.1 | reward(game/avg): 9120/9023 | 2.21 games/s | ETA: 0s
[gpu0] [1000/1000] samples:  50000 | chain(game/max/avg): 4/8/4.1 | reward(game/avg): 7580/9022 | 2.21 games/s | ETA: 0s
[gpu0] Self-play complete: 1000 games, 50000 samples, max chain: 8
[gpu0] Saved to runs/rtx5090-3/data/alphazero_iter_3_gpu0.bin
[2026-04-05 23:28:24] Train start (AlphaZero mode, replay buffer, global_step=2000)
    Finished `release` profile [optimized] target(s) in 0.31s
     Running `target/release/train --alphazero --data-dir runs/rtx5090-3/data --global-step 2000 --model-path runs/rtx5090-3/artifacts/puyo_model --artifacts-dir runs/rtx5090-3/artifacts --batch-size 2048 --accum-steps 1 --cols 6 --rows 14 --num-colors 4 --residual-channels 128 --num-blocks 6 --policy-conv-channels 2 --value-conv-channels 1 --value-hidden 64 --film-hidden 128 --lr-stages '0:0.2,100000:0.02,300000:0.002,500000:0.0002'`
Backend: CUDA (GPU)
Game config: cols=6, rows=14, num_colors=4
Net config: residual_channels=128, num_blocks=6
Mode: AlphaZero (Policy CE + Value MSE)
Loading AlphaZero datasets from runs/rtx5090-3/data...
Found 3 data files
  Loaded 50000 samples from runs/rtx5090-3/data/alphazero_iter_1_gpu0.bin
  Loaded 49982 samples from runs/rtx5090-3/data/alphazero_iter_2_gpu0.bin
  Loaded 50000 samples from runs/rtx5090-3/data/alphazero_iter_3_gpu0.bin
Loaded 149982 total samples
Train: 149982 samples (color augmented on-the-fly, no val split)
Loaded existing model from runs/rtx5090-3/artifacts/puyo_model
AlphaZero training: 1000 steps, global_step=2000, LR 2e-1 (end ~2e-1), batch_size=2048, accum_steps=1, effective_batch=2048
  step 50/1000 p_loss=2.7189 v_loss=4.3201 lr=0.200000  step 100/1000 p_loss=2.7185 v_loss=4.2839 lr=0.200000  step 150/1000 p_loss=2.7167 v_loss=4.2744 lr=0.200000  step 200/1000 p_loss=2.7158 v_loss=4.2851 lr=0.200000  step 250/1000 p_loss=2.7148 v_loss=4.2822 lr=0.200000  step 300/1000 p_loss=2.7141 v_loss=4.2871 lr=0.200000  step 350/1000 p_loss=2.7130 v_loss=4.2900 lr=0.200000  step 400/1000 p_loss=2.7123 v_loss=4.2921 lr=0.200000  step 450/1000 p_loss=2.7114 v_loss=4.2913 lr=0.200000  step 500/1000 p_loss=2.7107 v_loss=4.2947 lr=0.200000  step 550/1000 p_loss=2.7096 v_loss=4.2958 lr=0.200000  step 600/1000 p_loss=2.7087 v_loss=4.2977 lr=0.200000  step 650/1000 p_loss=2.7082 v_loss=4.2958 lr=0.200000  step 700/1000 p_loss=2.7076 v_loss=4.2951 lr=0.200000  step 750/1000 p_loss=2.7069 v_loss=4.2968 lr=0.200000  step 800/1000 p_loss=2.7065 v_loss=4.2947 lr=0.200000  step 850/1000 p_loss=2.7058 v_loss=4.2966 lr=0.200000  step 900/1000 p_loss=2.7054 v_loss=4.2973 lr=0.200000  step 950/1000 p_loss=2.7049 v_loss=4.2976 lr=0.200000  step 1000/1000 p_loss=2.7043 v_loss=4.2971 lr=0.200000
Model metadata saved to runs/rtx5090-3/artifacts/puyo_model.config.json
AlphaZero training complete. final train_loss(p=2.704258, v=4.297106) global_step=3000
[2026-04-05 23:32:10] === Iteration 3 complete ===
[2026-04-05 23:32:10] --- Iteration 4 (sims=512, global_step=3000) ---
[2026-04-05 23:32:10] Self-play start (m=24, c_visit=50.0, num_gpus=1, games_per_gpu=1000, total=1000)
[gpu0]     Finished `release` profile [optimized] target(s) in 0.30s
[gpu0]      Running `target/release/self-play --games 1000 --simulations 512 --c-puct-init 1.5 --c-puct-base 19652.0 --m 24 --c-visit 50.0 --gamma 0.95 --min-chain 0 --threads 512 --batch-size 2048 --num-leaves 1 --model-path runs/rtx5090-3/artifacts/puyo_model --cols 6 --rows 14 --num-colors 4 --residual-channels 128 --num-blocks 6 --policy-conv-channels 2 --value-conv-channels 1 --value-hidden 64 --film-hidden 128 --output runs/rtx5090-3/data/alphazero_iter_4_gpu0.bin`
[gpu0] games=1000, simulations=512, c_puct_init=1.5, c_puct_base=19652, m=24, c_visit=50, gamma=0.95, num_leaves=1, min_chain=0
[gpu0] Game config: cols=6, rows=14, num_colors=4, residual_channels=128, num_blocks=6, policy_conv_ch=2, value_conv_ch=1, value_hidden=64, film_hidden=128
[gpu0] Backend: Cuda (GPU) — Gumbel MCTS self-play (batched)
[gpu0] Loaded existing model from runs/rtx5090-3/artifacts/puyo_model
[gpu0] Using 512 game threads, max_batch_size=2048
[gpu0] [   1/1000] samples:     50 | chain(game/max/avg): 5/5/5.0 | reward(game/avg): 14560/14560 | 0.00 games/s | ETA: 222810s
[gpu0] [   2/1000] samples:    100 | chain(game/max/avg): 6/6/5.5 | reward(game/avg): 12480/13520 | 0.01 games/s | ETA: 111698s
[gpu0] [   3/1000] samples:    150 | chain(game/max/avg): 5/6/5.3 | reward(game/avg): 12880/13307 | 0.01 games/s | ETA: 74505s
[gpu0] [   4/1000] samples:    200 | chain(game/max/avg): 5/6/5.2 | reward(game/avg): 15740/13915 | 0.02 games/s | ETA: 55838s
[gpu0] [   5/1000] samples:    250 | chain(game/max/avg): 4/6/5.0 | reward(game/avg): 4300/11992 | 0.02 games/s | ETA: 44671s
[gpu0] [   6/1000] samples:    300 | chain(game/max/avg): 5/6/5.0 | reward(game/avg): 11110/11845 | 0.03 games/s | ETA: 37197s
[gpu0] [   7/1000] samples:    350 | chain(game/max/avg): 3/6/4.7 | reward(game/avg): 8050/11303 | 0.03 games/s | ETA: 31876s
[gpu0] [   8/1000] samples:    400 | chain(game/max/avg): 5/6/4.8 | reward(game/avg): 13560/11585 | 0.04 games/s | ETA: 27868s
[gpu0] [   9/1000] samples:    450 | chain(game/max/avg): 6/6/4.9 | reward(game/avg): 14620/11922 | 0.04 games/s | ETA: 24749s
[gpu0] [  10/1000] samples:    500 | chain(game/max/avg): 4/6/4.8 | reward(game/avg): 8140/11544 | 0.04 games/s | ETA: 22256s
[gpu0] [  11/1000] samples:    550 | chain(game/max/avg): 6/6/4.9 | reward(game/avg): 14820/11842 | 0.05 games/s | ETA: 20214s
[gpu0] [  12/1000] samples:    600 | chain(game/max/avg): 5/6/4.9 | reward(game/avg): 11520/11815 | 0.05 games/s | ETA: 18510s
[gpu0] [  13/1000] samples:    650 | chain(game/max/avg): 4/6/4.8 | reward(game/avg): 8410/11553 | 0.06 games/s | ETA: 17072s
[gpu0] [  14/1000] samples:    700 | chain(game/max/avg): 4/6/4.8 | reward(game/avg): 8130/11309 | 0.06 games/s | ETA: 15839s
[gpu0] [  15/1000] samples:    750 | chain(game/max/avg): 6/6/4.9 | reward(game/avg): 13960/11485 | 0.07 games/s | ETA: 14772s
[gpu0] [  16/1000] samples:    800 | chain(game/max/avg): 5/6/4.9 | reward(game/avg): 11660/11496 | 0.07 games/s | ETA: 13834s
[gpu0] [  17/1000] samples:    850 | chain(game/max/avg): 3/6/4.8 | reward(game/avg): 7460/11259 | 0.08 games/s | ETA: 13007s
[gpu0] [  18/1000] samples:    900 | chain(game/max/avg): 6/6/4.8 | reward(game/avg): 17740/11619 | 0.08 games/s | ETA: 12272s
[gpu0] [  19/1000] samples:    950 | chain(game/max/avg): 3/6/4.7 | reward(game/avg): 6340/11341 | 0.08 games/s | ETA: 11615s
[gpu0] [  20/1000] samples:   1000 | chain(game/max/avg): 5/6/4.8 | reward(game/avg): 11660/11357 | 0.09 games/s | ETA: 11023s
[gpu0] [  21/1000] samples:   1050 | chain(game/max/avg): 4/6/4.7 | reward(game/avg): 8620/11227 | 0.09 games/s | ETA: 10488s
[gpu0] [  22/1000] samples:   1100 | chain(game/max/avg): 5/6/4.7 | reward(game/avg): 12910/11303 | 0.10 games/s | ETA: 10001s
[gpu0] [  23/1000] samples:   1150 | chain(game/max/avg): 4/6/4.7 | reward(game/avg): 9550/11227 | 0.10 games/s | ETA: 9557s
[gpu0] [  24/1000] samples:   1200 | chain(game/max/avg): 4/6/4.7 | reward(game/avg): 8540/11115 | 0.11 games/s | ETA: 9149s
[gpu0] [  25/1000] samples:   1250 | chain(game/max/avg): 4/6/4.6 | reward(game/avg): 7960/10989 | 0.11 games/s | ETA: 8774s
[gpu0] [  26/1000] samples:   1300 | chain(game/max/avg): 4/6/4.6 | reward(game/avg): 8180/10881 | 0.12 games/s | ETA: 8428s
[gpu0] [  27/1000] samples:   1350 | chain(game/max/avg): 4/6/4.6 | reward(game/avg): 11370/10899 | 0.12 games/s | ETA: 8108s
[gpu0] [  28/1000] samples:   1400 | chain(game/max/avg): 7/7/4.7 | reward(game/avg): 22600/11317 | 0.12 games/s | ETA: 7810s
[gpu0] [  29/1000] samples:   1450 | chain(game/max/avg): 5/7/4.7 | reward(game/avg): 9220/11244 | 0.13 games/s | ETA: 7533s
[gpu0] [  30/1000] samples:   1500 | chain(game/max/avg): 4/7/4.7 | reward(game/avg): 7500/11120 | 0.13 games/s | ETA: 7275s
[gpu0] [  31/1000] samples:   1550 | chain(game/max/avg): 3/7/4.6 | reward(game/avg): 5160/10927 | 0.14 games/s | ETA: 7033s
[gpu0] [  32/1000] samples:   1600 | chain(game/max/avg): 4/7/4.6 | reward(game/avg): 8030/10837 | 0.14 games/s | ETA: 6806s
[gpu0] [  33/1000] samples:   1650 | chain(game/max/avg): 5/7/4.6 | reward(game/avg): 13780/10926 | 0.15 games/s | ETA: 6593s
[gpu0] [  34/1000] samples:   1700 | chain(game/max/avg): 5/7/4.6 | reward(game/avg): 11040/10929 | 0.15 games/s | ETA: 6392s
[gpu0] [  35/1000] samples:   1750 | chain(game/max/avg): 5/7/4.6 | reward(game/avg): 10980/10931 | 0.16 games/s | ETA: 6203s
[gpu0] [  36/1000] samples:   1800 | chain(game/max/avg): 5/7/4.6 | reward(game/avg): 10960/10932 | 0.16 games/s | ETA: 6025s
[gpu0] [  37/1000] samples:   1850 | chain(game/max/avg): 4/7/4.6 | reward(game/avg): 9320/10888 | 0.16 games/s | ETA: 5856s
[gpu0] [  38/1000] samples:   1900 | chain(game/max/avg): 4/7/4.6 | reward(game/avg): 7660/10803 | 0.17 games/s | ETA: 5696s
[gpu0] [  39/1000] samples:   1950 | chain(game/max/avg): 5/7/4.6 | reward(game/avg): 9240/10763 | 0.17 games/s | ETA: 5544s
[gpu0] [  40/1000] samples:   2000 | chain(game/max/avg): 5/7/4.6 | reward(game/avg): 11520/10782 | 0.18 games/s | ETA: 5400s
[gpu0] [  41/1000] samples:   2050 | chain(game/max/avg): 4/7/4.6 | reward(game/avg): 7400/10700 | 0.18 games/s | ETA: 5263s
[gpu0] [  42/1000] samples:   2100 | chain(game/max/avg): 4/7/4.6 | reward(game/avg): 8400/10645 | 0.19 games/s | ETA: 5132s
[gpu0] [  43/1000] samples:   2150 | chain(game/max/avg): 4/7/4.6 | reward(game/avg): 8240/10589 | 0.19 games/s | ETA: 5008s
[gpu0] [  44/1000] samples:   2200 | chain(game/max/avg): 5/7/4.6 | reward(game/avg): 12320/10628 | 0.20 games/s | ETA: 4889s
[gpu0] [  45/1000] samples:   2250 | chain(game/max/avg): 4/7/4.6 | reward(game/avg): 8100/10572 | 0.20 games/s | ETA: 4775s
[gpu0] [  46/1000] samples:   2300 | chain(game/max/avg): 4/7/4.6 | reward(game/avg): 8810/10534 | 0.20 games/s | ETA: 4667s
[gpu0] [  47/1000] samples:   2350 | chain(game/max/avg): 4/7/4.6 | reward(game/avg): 6760/10453 | 0.21 games/s | ETA: 4563s
[gpu0] [  48/1000] samples:   2400 | chain(game/max/avg): 3/7/4.5 | reward(game/avg): 6640/10374 | 0.21 games/s | ETA: 4463s
[gpu0] [  49/1000] samples:   2450 | chain(game/max/avg): 4/7/4.5 | reward(game/avg): 9540/10357 | 0.22 games/s | ETA: 4367s
[gpu0] [  50/1000] samples:   2500 | chain(game/max/avg): 4/7/4.5 | reward(game/avg): 8980/10329 | 0.22 games/s | ETA: 4275s
[gpu0] [  51/1000] samples:   2550 | chain(game/max/avg): 3/7/4.5 | reward(game/avg): 5700/10239 | 0.23 games/s | ETA: 4187s
[gpu0] [  52/1000] samples:   2600 | chain(game/max/avg): 4/7/4.5 | reward(game/avg): 9920/10232 | 0.23 games/s | ETA: 4102s
[gpu0] [  53/1000] samples:   2650 | chain(game/max/avg): 4/7/4.5 | reward(game/avg): 9410/10217 | 0.24 games/s | ETA: 4021s
[gpu0] [  54/1000] samples:   2700 | chain(game/max/avg): 4/7/4.4 | reward(game/avg): 4860/10118 | 0.24 games/s | ETA: 3942s
[gpu0] [  55/1000] samples:   2750 | chain(game/max/avg): 5/7/4.5 | reward(game/avg): 14740/10202 | 0.24 games/s | ETA: 3866s
[gpu0] [  56/1000] samples:   2800 | chain(game/max/avg): 4/7/4.4 | reward(game/avg): 7800/10159 | 0.25 games/s | ETA: 3793s
[gpu0] [  57/1000] samples:   2850 | chain(game/max/avg): 5/7/4.5 | reward(game/avg): 12020/10192 | 0.25 games/s | ETA: 3723s
[gpu0] [  58/1000] samples:   2900 | chain(game/max/avg): 4/7/4.4 | reward(game/avg): 6930/10135 | 0.26 games/s | ETA: 3655s
[gpu0] [  59/1000] samples:   2950 | chain(game/max/avg): 3/7/4.4 | reward(game/avg): 6480/10073 | 0.26 games/s | ETA: 3589s
[gpu0] [  60/1000] samples:   3000 | chain(game/max/avg): 4/7/4.4 | reward(game/avg): 6220/10009 | 0.27 games/s | ETA: 3526s
[gpu0] [  61/1000] samples:   3050 | chain(game/max/avg): 5/7/4.4 | reward(game/avg): 12820/10055 | 0.27 games/s | ETA: 3464s
[gpu0] [  62/1000] samples:   3100 | chain(game/max/avg): 5/7/4.4 | reward(game/avg): 11910/10085 | 0.28 games/s | ETA: 3405s
[gpu0] [  63/1000] samples:   3150 | chain(game/max/avg): 4/7/4.4 | reward(game/avg): 10620/10094 | 0.28 games/s | ETA: 3347s
[gpu0] [  64/1000] samples:   3200 | chain(game/max/avg): 5/7/4.4 | reward(game/avg): 11280/10112 | 0.28 games/s | ETA: 3291s
[gpu0] [  65/1000] samples:   3250 | chain(game/max/avg): 3/7/4.4 | reward(game/avg): 6730/10060 | 0.29 games/s | ETA: 3237s
[gpu0] [  66/1000] samples:   3300 | chain(game/max/avg): 4/7/4.4 | reward(game/avg): 6560/10007 | 0.29 games/s | ETA: 3185s
[gpu0] [  67/1000] samples:   3350 | chain(game/max/avg): 4/7/4.4 | reward(game/avg): 9280/9996 | 0.30 games/s | ETA: 3134s
[gpu0] [  68/1000] samples:   3400 | chain(game/max/avg): 5/7/4.4 | reward(game/avg): 9780/9993 | 0.30 games/s | ETA: 3084s
[gpu0] [  69/1000] samples:   3450 | chain(game/max/avg): 4/7/4.4 | reward(game/avg): 8300/9969 | 0.31 games/s | ETA: 3036s
[gpu0] [  70/1000] samples:   3500 | chain(game/max/avg): 4/7/4.4 | reward(game/avg): 8600/9949 | 0.31 games/s | ETA: 2990s
[gpu0] [  71/1000] samples:   3550 | chain(game/max/avg): 4/7/4.4 | reward(game/avg): 8660/9931 | 0.32 games/s | ETA: 2945s
[gpu0] [  72/1000] samples:   3600 | chain(game/max/avg): 4/7/4.4 | reward(game/avg): 8930/9917 | 0.32 games/s | ETA: 2901s
[gpu0] [  73/1000] samples:   3650 | chain(game/max/avg): 4/7/4.4 | reward(game/avg): 10940/9931 | 0.32 games/s | ETA: 2858s
[gpu0] [  74/1000] samples:   3700 | chain(game/max/avg): 5/7/4.4 | reward(game/avg): 12280/9963 | 0.33 games/s | ETA: 2816s
[gpu0] [  75/1000] samples:   3750 | chain(game/max/avg): 3/7/4.4 | reward(game/avg): 6020/9910 | 0.33 games/s | ETA: 2776s
[gpu0] [  76/1000] samples:   3800 | chain(game/max/avg): 4/7/4.4 | reward(game/avg): 9940/9911 | 0.34 games/s | ETA: 2736s
[gpu0] [  77/1000] samples:   3850 | chain(game/max/avg): 5/7/4.4 | reward(game/avg): 9140/9901 | 0.34 games/s | ETA: 2698s
[gpu0] [  78/1000] samples:   3900 | chain(game/max/avg): 4/7/4.4 | reward(game/avg): 9390/9894 | 0.35 games/s | ETA: 2660s
[gpu0] [  79/1000] samples:   3950 | chain(game/max/avg): 5/7/4.4 | reward(game/avg): 10550/9902 | 0.35 games/s | ETA: 2624s
[gpu0] [  80/1000] samples:   4000 | chain(game/max/avg): 4/7/4.4 | reward(game/avg): 8440/9884 | 0.36 games/s | ETA: 2588s
[gpu0] [  81/1000] samples:   4050 | chain(game/max/avg): 4/7/4.4 | reward(game/avg): 8620/9868 | 0.36 games/s | ETA: 2553s
[gpu0] [  82/1000] samples:   4100 | chain(game/max/avg): 4/7/4.4 | reward(game/avg): 7210/9836 | 0.36 games/s | ETA: 2520s
[gpu0] [  83/1000] samples:   4150 | chain(game/max/avg): 4/7/4.4 | reward(game/avg): 9540/9832 | 0.37 games/s | ETA: 2486s
[gpu0] [  84/1000] samples:   4200 | chain(game/max/avg): 4/7/4.4 | reward(game/avg): 7710/9807 | 0.37 games/s | ETA: 2454s
[gpu0] [  85/1000] samples:   4250 | chain(game/max/avg): 3/7/4.3 | reward(game/avg): 6120/9764 | 0.38 games/s | ETA: 2423s
[gpu0] [  86/1000] samples:   4300 | chain(game/max/avg): 5/7/4.3 | reward(game/avg): 10020/9767 | 0.38 games/s | ETA: 2392s
[gpu0] [  87/1000] samples:   4350 | chain(game/max/avg): 4/7/4.3 | reward(game/avg): 7140/9737 | 0.39 games/s | ETA: 2362s
[gpu0] [  88/1000] samples:   4400 | chain(game/max/avg): 4/7/4.3 | reward(game/avg): 8150/9719 | 0.39 games/s | ETA: 2332s
[gpu0] [  89/1000] samples:   4450 | chain(game/max/avg): 4/7/4.3 | reward(game/avg): 6510/9682 | 0.40 games/s | ETA: 2304s
[gpu0] [  90/1000] samples:   4500 | chain(game/max/avg): 5/7/4.3 | reward(game/avg): 15290/9745 | 0.40 games/s | ETA: 2276s
[gpu0] [  91/1000] samples:   4550 | chain(game/max/avg): 5/7/4.4 | reward(game/avg): 10530/9753 | 0.40 games/s | ETA: 2248s
[gpu0] [  92/1000] samples:   4600 | chain(game/max/avg): 3/7/4.3 | reward(game/avg): 4650/9698 | 0.41 games/s | ETA: 2221s
[gpu0] [  93/1000] samples:   4650 | chain(game/max/avg): 4/7/4.3 | reward(game/avg): 9440/9695 | 0.41 games/s | ETA: 2195s
[gpu0] [  94/1000] samples:   4700 | chain(game/max/avg): 4/7/4.3 | reward(game/avg): 9600/9694 | 0.42 games/s | ETA: 2169s
[gpu0] [  97/1000] samples:   4850 | chain(game/max/avg): 6/7/4.3 | reward(game/avg): 16620/9759 | 0.43 games/s | ETA: 2095s
[gpu0] [  96/1000] samples:   4800 | chain(game/max/avg): 3/7/4.3 | reward(game/avg): 6240/9687 | 0.43 games/s | ETA: 2119s
[gpu0] [  95/1000] samples:   4750 | chain(game/max/avg): 5/7/4.3 | reward(game/avg): 12480/9723 | 0.42 games/s | ETA: 2144s
[gpu0] [  98/1000] samples:   4900 | chain(game/max/avg): 3/7/4.3 | reward(game/avg): 5620/9716 | 0.44 games/s | ETA: 2072s
[gpu0] [  99/1000] samples:   4950 | chain(game/max/avg): 3/7/4.3 | reward(game/avg): 4600/9665 | 0.44 games/s | ETA: 2048s
[gpu0] [ 100/1000] samples:   5000 | chain(game/max/avg): 3/7/4.3 | reward(game/avg): 4340/9612 | 0.44 games/s | ETA: 2026s
[gpu0] [ 101/1000] samples:   5050 | chain(game/max/avg): 5/7/4.3 | reward(game/avg): 10640/9622 | 0.45 games/s | ETA: 2003s
[gpu0] [ 102/1000] samples:   5100 | chain(game/max/avg): 4/7/4.3 | reward(game/avg): 6710/9593 | 0.45 games/s | ETA: 1982s
[gpu0] [ 103/1000] samples:   5150 | chain(game/max/avg): 4/7/4.3 | reward(game/avg): 7890/9577 | 0.46 games/s | ETA: 1960s
[gpu0] [ 104/1000] samples:   5200 | chain(game/max/avg): 4/7/4.3 | reward(game/avg): 9560/9576 | 0.46 games/s | ETA: 1939s
[gpu0] [ 105/1000] samples:   5250 | chain(game/max/avg): 5/7/4.3 | reward(game/avg): 12160/9601 | 0.47 games/s | ETA: 1918s
[gpu0] [ 106/1000] samples:   5300 | chain(game/max/avg): 3/7/4.3 | reward(game/avg): 5570/9563 | 0.47 games/s | ETA: 1898s
[gpu0] [ 107/1000] samples:   5350 | chain(game/max/avg): 5/7/4.3 | reward(game/avg): 10270/9570 | 0.48 games/s | ETA: 1878s
[gpu0] [ 108/1000] samples:   5400 | chain(game/max/avg): 5/7/4.3 | reward(game/avg): 14520/9615 | 0.48 games/s | ETA: 1859s
[gpu0] [ 109/1000] samples:   5450 | chain(game/max/avg): 4/7/4.3 | reward(game/avg): 10160/9620 | 0.48 games/s | ETA: 1840s
[gpu0] [ 110/1000] samples:   5500 | chain(game/max/avg): 4/7/4.3 | reward(game/avg): 9120/9616 | 0.49 games/s | ETA: 1821s
[gpu0] [ 111/1000] samples:   5550 | chain(game/max/avg): 4/7/4.3 | reward(game/avg): 8860/9609 | 0.49 games/s | ETA: 1803s
[gpu0] [ 112/1000] samples:   5600 | chain(game/max/avg): 4/7/4.3 | reward(game/avg): 9800/9611 | 0.50 games/s | ETA: 1785s
[gpu0] [ 113/1000] samples:   5650 | chain(game/max/avg): 6/7/4.3 | reward(game/avg): 16680/9673 | 0.50 games/s | ETA: 1767s
[gpu0] [ 114/1000] samples:   5700 | chain(game/max/avg): 4/7/4.3 | reward(game/avg): 9810/9675 | 0.51 games/s | ETA: 1749s
[gpu0] [ 115/1000] samples:   5750 | chain(game/max/avg): 3/7/4.3 | reward(game/avg): 8580/9665 | 0.51 games/s | ETA: 1732s
[gpu0] [ 116/1000] samples:   5800 | chain(game/max/avg): 3/7/4.3 | reward(game/avg): 6740/9640 | 0.52 games/s | ETA: 1715s
[gpu0] [ 117/1000] samples:   5850 | chain(game/max/avg): 4/7/4.3 | reward(game/avg): 8820/9633 | 0.52 games/s | ETA: 1699s
[gpu0] [ 118/1000] samples:   5900 | chain(game/max/avg): 3/7/4.3 | reward(game/avg): 6120/9603 | 0.52 games/s | ETA: 1682s
[gpu0] [ 119/1000] samples:   5950 | chain(game/max/avg): 3/7/4.3 | reward(game/avg): 6540/9577 | 0.53 games/s | ETA: 1666s
[gpu0] [ 120/1000] samples:   6000 | chain(game/max/avg): 4/7/4.3 | reward(game/avg): 7940/9564 | 0.53 games/s | ETA: 1651s
[gpu0] [ 121/1000] samples:   6050 | chain(game/max/avg): 4/7/4.3 | reward(game/avg): 8130/9552 | 0.54 games/s | ETA: 1635s
[gpu0] [ 122/1000] samples:   6100 | chain(game/max/avg): 4/7/4.3 | reward(game/avg): 7140/9532 | 0.54 games/s | ETA: 1620s
[gpu0] [ 123/1000] samples:   6150 | chain(game/max/avg): 4/7/4.3 | reward(game/avg): 7040/9512 | 0.55 games/s | ETA: 1605s
[gpu0] [ 124/1000] samples:   6200 | chain(game/max/avg): 4/7/4.2 | reward(game/avg): 10960/9523 | 0.55 games/s | ETA: 1590s
[gpu0] [ 125/1000] samples:   6250 | chain(game/max/avg): 3/7/4.2 | reward(game/avg): 6900/9502 | 0.56 games/s | ETA: 1576s
[gpu0] [ 126/1000] samples:   6300 | chain(game/max/avg): 6/7/4.3 | reward(game/avg): 12560/9527 | 0.56 games/s | ETA: 1561s
[gpu0] [ 127/1000] samples:   6350 | chain(game/max/avg): 4/7/4.3 | reward(game/avg): 8420/9518 | 0.56 games/s | ETA: 1547s
[gpu0] [ 129/1000] samples:   6450 | chain(game/max/avg): 5/7/4.3 | reward(game/avg): 10820/9528 | 0.57 games/s | ETA: 1520s
[gpu0] [ 128/1000] samples:   6400 | chain(game/max/avg): 4/7/4.2 | reward(game/avg): 9450/9518 | 0.57 games/s | ETA: 1533s
[gpu0] [ 130/1000] samples:   6500 | chain(game/max/avg): 4/7/4.3 | reward(game/avg): 8780/9522 | 0.58 games/s | ETA: 1506s
[gpu0] [ 131/1000] samples:   6550 | chain(game/max/avg): 4/7/4.3 | reward(game/avg): 10120/9526 | 0.58 games/s | ETA: 1493s
[gpu0] [ 132/1000] samples:   6600 | chain(game/max/avg): 5/7/4.3 | reward(game/avg): 13420/9556 | 0.59 games/s | ETA: 1480s
[gpu0] [ 133/1000] samples:   6650 | chain(game/max/avg): 5/7/4.3 | reward(game/avg): 11560/9571 | 0.59 games/s | ETA: 1467s
[gpu0] [ 134/1000] samples:   6700 | chain(game/max/avg): 3/7/4.3 | reward(game/avg): 6540/9548 | 0.60 games/s | ETA: 1455s
[gpu0] [ 135/1000] samples:   6750 | chain(game/max/avg): 3/7/4.2 | reward(game/avg): 3640/9505 | 0.60 games/s | ETA: 1442s
[gpu0] [ 136/1000] samples:   6800 | chain(game/max/avg): 4/7/4.2 | reward(game/avg): 7000/9486 | 0.60 games/s | ETA: 1430s
[gpu0] [ 138/1000] samples:   6900 | chain(game/max/avg): 4/7/4.2 | reward(game/avg): 8870/9492 | 0.61 games/s | ETA: 1406s
[gpu0] [ 137/1000] samples:   6850 | chain(game/max/avg): 5/7/4.2 | reward(game/avg): 10960/9497 | 0.61 games/s | ETA: 1418s
[gpu0] [ 139/1000] samples:   6950 | chain(game/max/avg): 4/7/4.2 | reward(game/avg): 10350/9499 | 0.62 games/s | ETA: 1394s
[gpu0] [ 140/1000] samples:   7000 | chain(game/max/avg): 3/7/4.2 | reward(game/avg): 9280/9497 | 0.62 games/s | ETA: 1383s
[gpu0] [ 141/1000] samples:   7050 | chain(game/max/avg): 4/7/4.2 | reward(game/avg): 9100/9494 | 0.63 games/s | ETA: 1371s
[gpu0] [ 142/1000] samples:   7100 | chain(game/max/avg): 3/7/4.2 | reward(game/avg): 6020/9470 | 0.63 games/s | ETA: 1360s
[gpu0] [ 143/1000] samples:   7150 | chain(game/max/avg): 6/7/4.2 | reward(game/avg): 14880/9508 | 0.64 games/s | ETA: 1349s
[gpu0] [ 144/1000] samples:   7200 | chain(game/max/avg): 4/7/4.2 | reward(game/avg): 10750/9516 | 0.64 games/s | ETA: 1338s
[gpu0] [ 145/1000] samples:   7250 | chain(game/max/avg): 3/7/4.2 | reward(game/avg): 5750/9490 | 0.64 games/s | ETA: 1327s
[gpu0] [ 146/1000] samples:   7300 | chain(game/max/avg): 5/7/4.2 | reward(game/avg): 15750/9533 | 0.65 games/s | ETA: 1317s
[gpu0] [ 147/1000] samples:   7350 | chain(game/max/avg): 4/7/4.2 | reward(game/avg): 6680/9514 | 0.65 games/s | ETA: 1306s
[gpu0] [ 148/1000] samples:   7400 | chain(game/max/avg): 3/7/4.2 | reward(game/avg): 4520/9480 | 0.66 games/s | ETA: 1296s
[gpu0] [ 149/1000] samples:   7450 | chain(game/max/avg): 4/7/4.2 | reward(game/avg): 8660/9474 | 0.66 games/s | ETA: 1286s
[gpu0] [ 150/1000] samples:   7500 | chain(game/max/avg): 5/7/4.2 | reward(game/avg): 10640/9482 | 0.67 games/s | ETA: 1276s
[gpu0] [ 151/1000] samples:   7550 | chain(game/max/avg): 5/7/4.2 | reward(game/avg): 9440/9482 | 0.67 games/s | ETA: 1266s
[gpu0] [ 152/1000] samples:   7600 | chain(game/max/avg): 4/7/4.2 | reward(game/avg): 9270/9481 | 0.68 games/s | ETA: 1256s
[gpu0] [ 153/1000] samples:   7650 | chain(game/max/avg): 4/7/4.2 | reward(game/avg): 8280/9473 | 0.68 games/s | ETA: 1246s
[gpu0] [ 154/1000] samples:   7700 | chain(game/max/avg): 4/7/4.2 | reward(game/avg): 9530/9473 | 0.68 games/s | ETA: 1237s
[gpu0] [ 155/1000] samples:   7750 | chain(game/max/avg): 3/7/4.2 | reward(game/avg): 4780/9443 | 0.69 games/s | ETA: 1227s
[gpu0] [ 156/1000] samples:   7800 | chain(game/max/avg): 4/7/4.2 | reward(game/avg): 6960/9427 | 0.69 games/s | ETA: 1218s
[gpu0] [ 157/1000] samples:   7850 | chain(game/max/avg): 4/7/4.2 | reward(game/avg): 5800/9404 | 0.70 games/s | ETA: 1209s
[gpu0] [ 158/1000] samples:   7900 | chain(game/max/avg): 5/7/4.2 | reward(game/avg): 11260/9416 | 0.70 games/s | ETA: 1200s
[gpu0] [ 159/1000] samples:   7950 | chain(game/max/avg): 4/7/4.2 | reward(game/avg): 7500/9403 | 0.71 games/s | ETA: 1191s
[gpu0] [ 160/1000] samples:   8000 | chain(game/max/avg): 5/7/4.2 | reward(game/avg): 12580/9423 | 0.71 games/s | ETA: 1182s
[gpu0] [ 161/1000] samples:   8050 | chain(game/max/avg): 4/7/4.2 | reward(game/avg): 9460/9424 | 0.72 games/s | ETA: 1173s
[gpu0] [ 162/1000] samples:   8100 | chain(game/max/avg): 5/7/4.2 | reward(game/avg): 9420/9424 | 0.72 games/s | ETA: 1164s
[gpu0] [ 163/1000] samples:   8150 | chain(game/max/avg): 4/7/4.2 | reward(game/avg): 7930/9414 | 0.72 games/s | ETA: 1156s
[gpu0] [ 164/1000] samples:   8200 | chain(game/max/avg): 4/7/4.2 | reward(game/avg): 7420/9402 | 0.73 games/s | ETA: 1148s
[gpu0] [ 165/1000] samples:   8250 | chain(game/max/avg): 4/7/4.2 | reward(game/avg): 8080/9394 | 0.73 games/s | ETA: 1139s
[gpu0] [ 166/1000] samples:   8300 | chain(game/max/avg): 4/7/4.2 | reward(game/avg): 6540/9377 | 0.74 games/s | ETA: 1131s
[gpu0] [ 167/1000] samples:   8350 | chain(game/max/avg): 4/7/4.2 | reward(game/avg): 9570/9378 | 0.74 games/s | ETA: 1123s
[gpu0] [ 168/1000] samples:   8400 | chain(game/max/avg): 4/7/4.2 | reward(game/avg): 14630/9409 | 0.75 games/s | ETA: 1115s
[gpu0] [ 169/1000] samples:   8450 | chain(game/max/avg): 5/7/4.2 | reward(game/avg): 9640/9411 | 0.75 games/s | ETA: 1107s
[gpu0] [ 170/1000] samples:   8500 | chain(game/max/avg): 4/7/4.2 | reward(game/avg): 5970/9391 | 0.76 games/s | ETA: 1099s
[gpu0] [ 171/1000] samples:   8550 | chain(game/max/avg): 4/7/4.2 | reward(game/avg): 8220/9384 | 0.76 games/s | ETA: 1091s
[gpu0] [ 172/1000] samples:   8600 | chain(game/max/avg): 4/7/4.2 | reward(game/avg): 9110/9382 | 0.76 games/s | ETA: 1084s
[gpu0] [ 173/1000] samples:   8650 | chain(game/max/avg): 4/7/4.2 | reward(game/avg): 7450/9371 | 0.77 games/s | ETA: 1076s
[gpu0] [ 174/1000] samples:   8700 | chain(game/max/avg): 5/7/4.2 | reward(game/avg): 8800/9368 | 0.77 games/s | ETA: 1069s
[gpu0] [ 175/1000] samples:   8750 | chain(game/max/avg): 4/7/4.2 | reward(game/avg): 9120/9366 | 0.78 games/s | ETA: 1061s
[gpu0] [ 176/1000] samples:   8800 | chain(game/max/avg): 3/7/4.2 | reward(game/avg): 5560/9345 | 0.78 games/s | ETA: 1054s
[gpu0] [ 177/1000] samples:   8850 | chain(game/max/avg): 4/7/4.2 | reward(game/avg): 6720/9330 | 0.79 games/s | ETA: 1047s
[gpu0] [ 181/1000] samples:   9050 | chain(game/max/avg): 5/7/4.2 | reward(game/avg): 13160/9346 | 0.80 games/s | ETA: 1019s
[gpu0] [ 178/1000] samples:   8900 | chain(game/max/avg): 5/7/4.2 | reward(game/avg): 10520/9336 | 0.79 games/s | ETA: 1040s
[gpu0] [ 180/1000] samples:   9000 | chain(game/max/avg): 4/7/4.2 | reward(game/avg): 9560/9325 | 0.80 games/s | ETA: 1026s
[gpu0] [ 179/1000] samples:   8950 | chain(game/max/avg): 4/7/4.2 | reward(game/avg): 7000/9323 | 0.80 games/s | ETA: 1033s
[gpu0] [ 182/1000] samples:   9100 | chain(game/max/avg): 4/7/4.2 | reward(game/avg): 7880/9338 | 0.81 games/s | ETA: 1012s
[gpu0] [ 183/1000] samples:   9150 | chain(game/max/avg): 3/7/4.2 | reward(game/avg): 7200/9326 | 0.81 games/s | ETA: 1005s
[gpu0] [ 184/1000] samples:   9200 | chain(game/max/avg): 5/7/4.2 | reward(game/avg): 12750/9345 | 0.82 games/s | ETA: 998s
[gpu0] [ 185/1000] samples:   9250 | chain(game/max/avg): 5/7/4.2 | reward(game/avg): 9880/9348 | 0.82 games/s | ETA: 992s
[gpu0] [ 186/1000] samples:   9300 | chain(game/max/avg): 4/7/4.2 | reward(game/avg): 10260/9353 | 0.83 games/s | ETA: 985s
[gpu0] [ 187/1000] samples:   9350 | chain(game/max/avg): 5/7/4.2 | reward(game/avg): 11980/9367 | 0.83 games/s | ETA: 979s
[gpu0] [ 188/1000] samples:   9400 | chain(game/max/avg): 4/7/4.2 | reward(game/avg): 8760/9363 | 0.84 games/s | ETA: 972s
[gpu0] [ 189/1000] samples:   9450 | chain(game/max/avg): 4/7/4.2 | reward(game/avg): 11780/9376 | 0.84 games/s | ETA: 966s
[gpu0] [ 190/1000] samples:   9500 | chain(game/max/avg): 5/7/4.2 | reward(game/avg): 8910/9374 | 0.84 games/s | ETA: 960s
[gpu0] [ 191/1000] samples:   9550 | chain(game/max/avg): 4/7/4.2 | reward(game/avg): 9460/9374 | 0.85 games/s | ETA: 954s
[gpu0] [ 192/1000] samples:   9600 | chain(game/max/avg): 4/7/4.2 | reward(game/avg): 11060/9383 | 0.85 games/s | ETA: 947s
[gpu0] [ 193/1000] samples:   9650 | chain(game/max/avg): 5/7/4.2 | reward(game/avg): 11590/9394 | 0.86 games/s | ETA: 941s
[gpu0] [ 194/1000] samples:   9700 | chain(game/max/avg): 3/7/4.2 | reward(game/avg): 5340/9374 | 0.86 games/s | ETA: 935s
[gpu0] [ 195/1000] samples:   9750 | chain(game/max/avg): 5/7/4.2 | reward(game/avg): 11820/9386 | 0.87 games/s | ETA: 929s
[gpu0] [ 196/1000] samples:   9800 | chain(game/max/avg): 5/7/4.2 | reward(game/avg): 10030/9389 | 0.87 games/s | ETA: 924s
[gpu0] [ 197/1000] samples:   9850 | chain(game/max/avg): 4/7/4.2 | reward(game/avg): 8460/9385 | 0.88 games/s | ETA: 918s
[gpu0] [ 198/1000] samples:   9900 | chain(game/max/avg): 5/7/4.2 | reward(game/avg): 10830/9392 | 0.88 games/s | ETA: 912s
[gpu0] [ 199/1000] samples:   9950 | chain(game/max/avg): 5/7/4.2 | reward(game/avg): 15040/9420 | 0.88 games/s | ETA: 906s
[gpu0] [ 200/1000] samples:  10000 | chain(game/max/avg): 4/7/4.2 | reward(game/avg): 11140/9429 | 0.89 games/s | ETA: 901s
[gpu0] [ 201/1000] samples:  10050 | chain(game/max/avg): 3/7/4.2 | reward(game/avg): 6350/9414 | 0.89 games/s | ETA: 895s
[gpu0] [ 202/1000] samples:  10100 | chain(game/max/avg): 5/7/4.2 | reward(game/avg): 8940/9411 | 0.90 games/s | ETA: 889s
[gpu0] [ 203/1000] samples:  10150 | chain(game/max/avg): 5/7/4.2 | reward(game/avg): 9820/9413 | 0.90 games/s | ETA: 884s
[gpu0] [ 204/1000] samples:  10200 | chain(game/max/avg): 5/7/4.2 | reward(game/avg): 9060/9412 | 0.91 games/s | ETA: 878s
[gpu0] [ 205/1000] samples:  10250 | chain(game/max/avg): 4/7/4.2 | reward(game/avg): 8960/9409 | 0.91 games/s | ETA: 873s
[gpu0] [ 206/1000] samples:  10300 | chain(game/max/avg): 6/7/4.2 | reward(game/avg): 14570/9434 | 0.91 games/s | ETA: 868s
[gpu0] [ 207/1000] samples:  10350 | chain(game/max/avg): 4/7/4.2 | reward(game/avg): 10290/9439 | 0.92 games/s | ETA: 863s
[gpu0] [ 209/1000] samples:  10450 | chain(game/max/avg): 4/7/4.2 | reward(game/avg): 9100/9433 | 0.93 games/s | ETA: 852s
[gpu0] [ 208/1000] samples:  10400 | chain(game/max/avg): 4/7/4.2 | reward(game/avg): 8580/9434 | 0.92 games/s | ETA: 857s
[gpu0] [ 210/1000] samples:  10500 | chain(game/max/avg): 3/7/4.2 | reward(game/avg): 7960/9426 | 0.93 games/s | ETA: 847s
[gpu0] [ 211/1000] samples:  10550 | chain(game/max/avg): 4/7/4.2 | reward(game/avg): 7010/9414 | 0.94 games/s | ETA: 842s
[gpu0] [ 212/1000] samples:  10600 | chain(game/max/avg): 6/7/4.2 | reward(game/avg): 16440/9447 | 0.94 games/s | ETA: 837s
[gpu0] [ 213/1000] samples:  10650 | chain(game/max/avg): 4/7/4.2 | reward(game/avg): 7020/9436 | 0.95 games/s | ETA: 832s
[gpu0] [ 214/1000] samples:  10700 | chain(game/max/avg): 6/7/4.3 | reward(game/avg): 13460/9455 | 0.95 games/s | ETA: 827s
[gpu0] [ 215/1000] samples:  10750 | chain(game/max/avg): 6/7/4.3 | reward(game/avg): 15340/9482 | 0.95 games/s | ETA: 822s
[gpu0] [ 216/1000] samples:  10800 | chain(game/max/avg): 4/7/4.3 | reward(game/avg): 10070/9485 | 0.96 games/s | ETA: 817s
[gpu0] [ 217/1000] samples:  10850 | chain(game/max/avg): 5/7/4.3 | reward(game/avg): 9680/9486 | 0.96 games/s | ETA: 812s
[gpu0] [ 218/1000] samples:  10900 | chain(game/max/avg): 5/7/4.3 | reward(game/avg): 12090/9498 | 0.97 games/s | ETA: 808s
[gpu0] [ 219/1000] samples:  10950 | chain(game/max/avg): 5/7/4.3 | reward(game/avg): 9870/9499 | 0.97 games/s | ETA: 803s
[gpu0] [ 220/1000] samples:  11050 | chain(game/max/avg): 5/7/4.3 | reward(game/avg): 11040/9506 | 0.98 games/s | ETA: 798s
[gpu0] [ 221/1000] samples:  11050 | chain(game/max/avg): 4/7/4.3 | reward(game/avg): 8230/9501 | 0.98 games/s | ETA: 794s
[gpu0] [ 222/1000] samples:  11100 | chain(game/max/avg): 4/7/4.3 | reward(game/avg): 8060/9494 | 0.99 games/s | ETA: 789s
[gpu0] [ 223/1000] samples:  11150 | chain(game/max/avg): 4/7/4.3 | reward(game/avg): 7100/9483 | 0.99 games/s | ETA: 785s
[gpu0] [ 224/1000] samples:  11200 | chain(game/max/avg): 3/7/4.3 | reward(game/avg): 6260/9469 | 0.99 games/s | ETA: 780s
[gpu0] [ 225/1000] samples:  11250 | chain(game/max/avg): 5/7/4.3 | reward(game/avg): 12280/9482 | 1.00 games/s | ETA: 776s
[gpu0] [ 226/1000] samples:  11300 | chain(game/max/avg): 5/7/4.3 | reward(game/avg): 12940/9497 | 1.00 games/s | ETA: 771s
[gpu0] [ 227/1000] samples:  11350 | chain(game/max/avg): 4/7/4.3 | reward(game/avg): 7960/9490 | 1.01 games/s | ETA: 767s
[gpu0] [ 228/1000] samples:  11400 | chain(game/max/avg): 4/7/4.3 | reward(game/avg): 6900/9479 | 1.01 games/s | ETA: 762s
[gpu0] [ 229/1000] samples:  11450 | chain(game/max/avg): 4/7/4.3 | reward(game/avg): 7740/9471 | 1.02 games/s | ETA: 758s
[gpu0] [ 230/1000] samples:  11500 | chain(game/max/avg): 5/7/4.3 | reward(game/avg): 11240/9479 | 1.02 games/s | ETA: 754s
[gpu0] [ 231/1000] samples:  11550 | chain(game/max/avg): 4/7/4.3 | reward(game/avg): 7620/9471 | 1.03 games/s | ETA: 750s
[gpu0] [ 232/1000] samples:  11600 | chain(game/max/avg): 3/7/4.3 | reward(game/avg): 7680/9463 | 1.03 games/s | ETA: 745s
[gpu0] [ 233/1000] samples:  11650 | chain(game/max/avg): 5/7/4.3 | reward(game/avg): 11960/9474 | 1.03 games/s | ETA: 741s
[gpu0] [ 234/1000] samples:  11700 | chain(game/max/avg): 4/7/4.3 | reward(game/avg): 6680/9462 | 1.04 games/s | ETA: 737s
[gpu0] [ 235/1000] samples:  11750 | chain(game/max/avg): 4/7/4.3 | reward(game/avg): 7370/9453 | 1.04 games/s | ETA: 733s
[gpu0] [ 236/1000] samples:  11800 | chain(game/max/avg): 4/7/4.3 | reward(game/avg): 11340/9461 | 1.05 games/s | ETA: 729s
[gpu0] [ 237/1000] samples:  11850 | chain(game/max/avg): 4/7/4.3 | reward(game/avg): 9330/9460 | 1.05 games/s | ETA: 725s
[gpu0] [ 238/1000] samples:  11900 | chain(game/max/avg): 5/7/4.3 | reward(game/avg): 9620/9461 | 1.06 games/s | ETA: 721s
[gpu0] [ 239/1000] samples:  11950 | chain(game/max/avg): 4/7/4.3 | reward(game/avg): 7540/9453 | 1.06 games/s | ETA: 717s
[gpu0] [ 240/1000] samples:  12000 | chain(game/max/avg): 5/7/4.3 | reward(game/avg): 14660/9475 | 1.07 games/s | ETA: 713s
[gpu0] [ 241/1000] samples:  12050 | chain(game/max/avg): 5/7/4.3 | reward(game/avg): 9260/9474 | 1.07 games/s | ETA: 709s
[gpu0] [ 242/1000] samples:  12100 | chain(game/max/avg): 7/7/4.3 | reward(game/avg): 20860/9521 | 1.07 games/s | ETA: 705s
[gpu0] [ 243/1000] samples:  12150 | chain(game/max/avg): 3/7/4.3 | reward(game/avg): 5920/9506 | 1.08 games/s | ETA: 701s
[gpu0] [ 244/1000] samples:  12200 | chain(game/max/avg): 4/7/4.3 | reward(game/avg): 6640/9494 | 1.08 games/s | ETA: 698s
[gpu0] [ 246/1000] samples:  12300 | chain(game/max/avg): 4/7/4.3 | reward(game/avg): 6640/9474 | 1.09 games/s | ETA: 690s
[gpu0] [ 245/1000] samples:  12250 | chain(game/max/avg): 4/7/4.3 | reward(game/avg): 7330/9486 | 1.09 games/s | ETA: 694s
[gpu0] [ 247/1000] samples:  12350 | chain(game/max/avg): 5/7/4.3 | reward(game/avg): 13540/9490 | 1.10 games/s | ETA: 686s
[gpu0] [ 248/1000] samples:  12400 | chain(game/max/avg): 5/7/4.3 | reward(game/avg): 12440/9502 | 1.10 games/s | ETA: 683s
[gpu0] [ 249/1000] samples:  12450 | chain(game/max/avg): 4/7/4.3 | reward(game/avg): 8740/9499 | 1.11 games/s | ETA: 679s
[gpu0] [ 250/1000] samples:  12500 | chain(game/max/avg): 4/7/4.3 | reward(game/avg): 6460/9487 | 1.11 games/s | ETA: 676s
[gpu0] [ 251/1000] samples:  12550 | chain(game/max/avg): 5/7/4.3 | reward(game/avg): 10030/9489 | 1.11 games/s | ETA: 672s
[gpu0] [ 252/1000] samples:  12600 | chain(game/max/avg): 4/7/4.3 | reward(game/avg): 10460/9493 | 1.12 games/s | ETA: 668s
[gpu0] [ 253/1000] samples:  12650 | chain(game/max/avg): 4/7/4.3 | reward(game/avg): 7610/9486 | 1.12 games/s | ETA: 665s
[gpu0] [ 254/1000] samples:  12700 | chain(game/max/avg): 3/7/4.3 | reward(game/avg): 5730/9471 | 1.13 games/s | ETA: 661s
[gpu0] [ 255/1000] samples:  12750 | chain(game/max/avg): 3/7/4.3 | reward(game/avg): 5910/9457 | 1.13 games/s | ETA: 658s
[gpu0] [ 256/1000] samples:  12800 | chain(game/max/avg): 4/7/4.3 | reward(game/avg): 10030/9459 | 1.14 games/s | ETA: 654s
[gpu0] [ 257/1000] samples:  12850 | chain(game/max/avg): 3/7/4.3 | reward(game/avg): 7670/9452 | 1.14 games/s | ETA: 651s
[gpu0] [ 258/1000] samples:  12900 | chain(game/max/avg): 3/7/4.3 | reward(game/avg): 5740/9438 | 1.15 games/s | ETA: 648s
[gpu0] [ 259/1000] samples:  12950 | chain(game/max/avg): 4/7/4.3 | reward(game/avg): 7160/9429 | 1.15 games/s | ETA: 644s
[gpu0] [ 260/1000] samples:  13000 | chain(game/max/avg): 4/7/4.3 | reward(game/avg): 7290/9421 | 1.15 games/s | ETA: 641s
[gpu0] [ 261/1000] samples:  13050 | chain(game/max/avg): 3/7/4.2 | reward(game/avg): 6720/9410 | 1.16 games/s | ETA: 638s
[gpu0] [ 262/1000] samples:  13100 | chain(game/max/avg): 4/7/4.2 | reward(game/avg): 7320/9402 | 1.16 games/s | ETA: 634s
[gpu0] [ 263/1000] samples:  13150 | chain(game/max/avg): 4/7/4.2 | reward(game/avg): 8780/9400 | 1.17 games/s | ETA: 631s
[gpu0] [ 264/1000] samples:  13200 | chain(game/max/avg): 3/7/4.2 | reward(game/avg): 7260/9392 | 1.17 games/s | ETA: 628s
[gpu0] [ 265/1000] samples:  13250 | chain(game/max/avg): 3/7/4.2 | reward(game/avg): 5790/9378 | 1.18 games/s | ETA: 625s
[gpu0] [ 266/1000] samples:  13300 | chain(game/max/avg): 4/7/4.2 | reward(game/avg): 12150/9389 | 1.18 games/s | ETA: 621s
[gpu0] [ 267/1000] samples:  13350 | chain(game/max/avg): 5/7/4.2 | reward(game/avg): 12160/9399 | 1.19 games/s | ETA: 618s
[gpu0] [ 268/1000] samples:  13400 | chain(game/max/avg): 4/7/4.2 | reward(game/avg): 9320/9399 | 1.19 games/s | ETA: 615s
[gpu0] [ 269/1000] samples:  13450 | chain(game/max/avg): 4/7/4.2 | reward(game/avg): 7650/9392 | 1.19 games/s | ETA: 612s
[gpu0] [ 270/1000] samples:  13500 | chain(game/max/avg): 4/7/4.2 | reward(game/avg): 7740/9386 | 1.20 games/s | ETA: 609s
[gpu0] [ 271/1000] samples:  13550 | chain(game/max/avg): 4/7/4.2 | reward(game/avg): 8480/9383 | 1.20 games/s | ETA: 606s
[gpu0] [ 272/1000] samples:  13600 | chain(game/max/avg): 4/7/4.2 | reward(game/avg): 7330/9375 | 1.21 games/s | ETA: 603s
[gpu0] [ 273/1000] samples:  13650 | chain(game/max/avg): 5/7/4.2 | reward(game/avg): 10500/9379 | 1.21 games/s | ETA: 600s
[gpu0] [ 274/1000] samples:  13700 | chain(game/max/avg): 5/7/4.2 | reward(game/avg): 14740/9399 | 1.22 games/s | ETA: 597s
[gpu0] [ 275/1000] samples:  13750 | chain(game/max/avg): 5/7/4.2 | reward(game/avg): 11160/9405 | 1.22 games/s | ETA: 594s
[gpu0] [ 276/1000] samples:  13800 | chain(game/max/avg): 4/7/4.2 | reward(game/avg): 7460/9398 | 1.23 games/s | ETA: 591s
[gpu0] [ 277/1000] samples:  13850 | chain(game/max/avg): 5/7/4.2 | reward(game/avg): 13680/9414 | 1.23 games/s | ETA: 588s
[gpu0] [ 278/1000] samples:  13900 | chain(game/max/avg): 6/7/4.3 | reward(game/avg): 19150/9449 | 1.23 games/s | ETA: 585s
[gpu0] [ 279/1000] samples:  13950 | chain(game/max/avg): 5/7/4.3 | reward(game/avg): 11080/9455 | 1.24 games/s | ETA: 582s
[gpu0] [ 280/1000] samples:  14000 | chain(game/max/avg): 3/7/4.2 | reward(game/avg): 5100/9439 | 1.24 games/s | ETA: 579s
[gpu0] [ 281/1000] samples:  14050 | chain(game/max/avg): 4/7/4.2 | reward(game/avg): 7880/9434 | 1.25 games/s | ETA: 576s
[gpu0] [ 282/1000] samples:  14100 | chain(game/max/avg): 6/7/4.3 | reward(game/avg): 13060/9446 | 1.25 games/s | ETA: 573s
[gpu0] [ 283/1000] samples:  14150 | chain(game/max/avg): 4/7/4.3 | reward(game/avg): 8090/9442 | 1.26 games/s | ETA: 571s
[gpu0] [ 284/1000] samples:  14200 | chain(game/max/avg): 4/7/4.3 | reward(game/avg): 8340/9438 | 1.26 games/s | ETA: 568s
[gpu0] [ 285/1000] samples:  14250 | chain(game/max/avg): 4/7/4.3 | reward(game/avg): 7100/9430 | 1.27 games/s | ETA: 565s
[gpu0] [ 286/1000] samples:  14300 | chain(game/max/avg): 4/7/4.3 | reward(game/avg): 8800/9427 | 1.27 games/s | ETA: 562s
[gpu0] [ 287/1000] samples:  14350 | chain(game/max/avg): 6/7/4.3 | reward(game/avg): 17380/9455 | 1.27 games/s | ETA: 560s
[gpu0] [ 288/1000] samples:  14400 | chain(game/max/avg): 4/7/4.3 | reward(game/avg): 10240/9458 | 1.28 games/s | ETA: 557s
[gpu0] [ 289/1000] samples:  14450 | chain(game/max/avg): 3/7/4.3 | reward(game/avg): 7080/9450 | 1.28 games/s | ETA: 554s
[gpu0] [ 290/1000] samples:  14500 | chain(game/max/avg): 4/7/4.3 | reward(game/avg): 9250/9449 | 1.29 games/s | ETA: 551s
[gpu0] [ 291/1000] samples:  14550 | chain(game/max/avg): 5/7/4.3 | reward(game/avg): 7520/9442 | 1.29 games/s | ETA: 549s
[gpu0] [ 292/1000] samples:  14600 | chain(game/max/avg): 4/7/4.3 | reward(game/avg): 7700/9436 | 1.30 games/s | ETA: 546s
[gpu0] [ 293/1000] samples:  14650 | chain(game/max/avg): 4/7/4.3 | reward(game/avg): 7220/9429 | 1.30 games/s | ETA: 543s
[gpu0] [ 294/1000] samples:  14700 | chain(game/max/avg): 6/7/4.3 | reward(game/avg): 14720/9447 | 1.31 games/s | ETA: 541s
[gpu0] [ 295/1000] samples:  14750 | chain(game/max/avg): 3/7/4.3 | reward(game/avg): 5980/9435 | 1.31 games/s | ETA: 538s
[gpu0] [ 296/1000] samples:  14800 | chain(game/max/avg): 4/7/4.3 | reward(game/avg): 5080/9420 | 1.31 games/s | ETA: 536s
[gpu0] [ 297/1000] samples:  14850 | chain(game/max/avg): 4/7/4.3 | reward(game/avg): 8880/9418 | 1.32 games/s | ETA: 533s
[gpu0] [ 298/1000] samples:  14900 | chain(game/max/avg): 3/7/4.2 | reward(game/avg): 7160/9411 | 1.32 games/s | ETA: 531s
[gpu0] [ 299/1000] samples:  14950 | chain(game/max/avg): 4/7/4.2 | reward(game/avg): 11440/9418 | 1.33 games/s | ETA: 528s
[gpu0] [ 300/1000] samples:  15000 | chain(game/max/avg): 4/7/4.2 | reward(game/avg): 6980/9410 | 1.33 games/s | ETA: 526s
[gpu0] [ 301/1000] samples:  15050 | chain(game/max/avg): 3/7/4.2 | reward(game/avg): 7320/9403 | 1.34 games/s | ETA: 523s
[gpu0] [ 302/1000] samples:  15100 | chain(game/max/avg): 4/7/4.2 | reward(game/avg): 7700/9397 | 1.34 games/s | ETA: 521s
[gpu0] [ 303/1000] samples:  15150 | chain(game/max/avg): 4/7/4.2 | reward(game/avg): 9980/9399 | 1.35 games/s | ETA: 518s
[gpu0] [ 304/1000] samples:  15200 | chain(game/max/avg): 3/7/4.2 | reward(game/avg): 6420/9389 | 1.35 games/s | ETA: 516s
[gpu0] [ 305/1000] samples:  15250 | chain(game/max/avg): 4/7/4.2 | reward(game/avg): 7740/9384 | 1.35 games/s | ETA: 513s
[gpu0] [ 306/1000] samples:  15300 | chain(game/max/avg): 5/7/4.2 | reward(game/avg): 11720/9391 | 1.36 games/s | ETA: 511s
[gpu0] [ 307/1000] samples:  15350 | chain(game/max/avg): 5/7/4.2 | reward(game/avg): 13740/9406 | 1.36 games/s | ETA: 508s
[gpu0] [ 308/1000] samples:  15400 | chain(game/max/avg): 4/7/4.2 | reward(game/avg): 6980/9398 | 1.37 games/s | ETA: 506s
[gpu0] [ 309/1000] samples:  15450 | chain(game/max/avg): 4/7/4.2 | reward(game/avg): 7880/9393 | 1.37 games/s | ETA: 504s
[gpu0] [ 310/1000] samples:  15500 | chain(game/max/avg): 5/7/4.2 | reward(game/avg): 12380/9402 | 1.38 games/s | ETA: 501s
[gpu0] [ 311/1000] samples:  15550 | chain(game/max/avg): 5/7/4.2 | reward(game/avg): 13320/9415 | 1.38 games/s | ETA: 499s
[gpu0] [ 312/1000] samples:  15600 | chain(game/max/avg): 3/7/4.2 | reward(game/avg): 6660/9406 | 1.39 games/s | ETA: 497s
[gpu0] [ 313/1000] samples:  15650 | chain(game/max/avg): 4/7/4.2 | reward(game/avg): 5660/9394 | 1.39 games/s | ETA: 494s
[gpu0] [ 314/1000] samples:  15700 | chain(game/max/avg): 4/7/4.2 | reward(game/avg): 9120/9393 | 1.39 games/s | ETA: 492s
[gpu0] [ 315/1000] samples:  15750 | chain(game/max/avg): 4/7/4.2 | reward(game/avg): 10280/9396 | 1.40 games/s | ETA: 490s
[gpu0] [ 316/1000] samples:  15800 | chain(game/max/avg): 4/7/4.2 | reward(game/avg): 8940/9395 | 1.40 games/s | ETA: 488s
[gpu0] [ 317/1000] samples:  15850 | chain(game/max/avg): 4/7/4.2 | reward(game/avg): 11250/9401 | 1.41 games/s | ETA: 485s
[gpu0] [ 318/1000] samples:  15900 | chain(game/max/avg): 4/7/4.2 | reward(game/avg): 5740/9389 | 1.41 games/s | ETA: 483s
[gpu0] [ 319/1000] samples:  15950 | chain(game/max/avg): 4/7/4.2 | reward(game/avg): 9700/9390 | 1.42 games/s | ETA: 481s
[gpu0] [ 320/1000] samples:  16000 | chain(game/max/avg): 3/7/4.2 | reward(game/avg): 6960/9382 | 1.42 games/s | ETA: 479s
[gpu0] [ 321/1000] samples:  16050 | chain(game/max/avg): 6/7/4.2 | reward(game/avg): 19800/9415 | 1.42 games/s | ETA: 477s
[gpu0] [ 322/1000] samples:  16100 | chain(game/max/avg): 4/7/4.2 | reward(game/avg): 6320/9405 | 1.43 games/s | ETA: 474s
[gpu0] [ 323/1000] samples:  16150 | chain(game/max/avg): 4/7/4.2 | reward(game/avg): 8760/9403 | 1.43 games/s | ETA: 472s
[gpu0] [ 324/1000] samples:  16200 | chain(game/max/avg): 4/7/4.2 | reward(game/avg): 10370/9406 | 1.44 games/s | ETA: 470s
[gpu0] [ 325/1000] samples:  16250 | chain(game/max/avg): 4/7/4.2 | reward(game/avg): 8400/9403 | 1.44 games/s | ETA: 468s
[gpu0] [ 326/1000] samples:  16300 | chain(game/max/avg): 4/7/4.2 | reward(game/avg): 8460/9400 | 1.45 games/s | ETA: 466s
[gpu0] [ 327/1000] samples:  16350 | chain(game/max/avg): 4/7/4.2 | reward(game/avg): 7540/9395 | 1.45 games/s | ETA: 464s
[gpu0] [ 328/1000] samples:  16400 | chain(game/max/avg): 4/7/4.2 | reward(game/avg): 9640/9395 | 1.46 games/s | ETA: 462s
[gpu0] [ 329/1000] samples:  16450 | chain(game/max/avg): 3/7/4.2 | reward(game/avg): 6190/9386 | 1.46 games/s | ETA: 459s
[gpu0] [ 330/1000] samples:  16500 | chain(game/max/avg): 5/7/4.2 | reward(game/avg): 9040/9384 | 1.46 games/s | ETA: 457s
[gpu0] [ 331/1000] samples:  16550 | chain(game/max/avg): 3/7/4.2 | reward(game/avg): 5520/9373 | 1.47 games/s | ETA: 455s
[gpu0] [ 332/1000] samples:  16600 | chain(game/max/avg): 5/7/4.2 | reward(game/avg): 10240/9375 | 1.47 games/s | ETA: 453s
[gpu0] [ 333/1000] samples:  16650 | chain(game/max/avg): 4/7/4.2 | reward(game/avg): 8890/9374 | 1.48 games/s | ETA: 451s
[gpu0] [ 334/1000] samples:  16700 | chain(game/max/avg): 6/7/4.2 | reward(game/avg): 16800/9396 | 1.48 games/s | ETA: 449s
[gpu0] [ 335/1000] samples:  16750 | chain(game/max/avg): 4/7/4.2 | reward(game/avg): 10160/9398 | 1.49 games/s | ETA: 447s
[gpu0] [ 336/1000] samples:  16800 | chain(game/max/avg): 5/7/4.2 | reward(game/avg): 11560/9405 | 1.49 games/s | ETA: 445s
[gpu0] [ 337/1000] samples:  16850 | chain(game/max/avg): 5/7/4.2 | reward(game/avg): 9280/9405 | 1.50 games/s | ETA: 443s
[gpu0] [ 338/1000] samples:  16900 | chain(game/max/avg): 6/7/4.2 | reward(game/avg): 13180/9416 | 1.50 games/s | ETA: 441s
[gpu0] [ 339/1000] samples:  16950 | chain(game/max/avg): 6/7/4.2 | reward(game/avg): 14690/9431 | 1.50 games/s | ETA: 439s
[gpu0] [ 340/1000] samples:  17000 | chain(game/max/avg): 5/7/4.2 | reward(game/avg): 10820/9435 | 1.51 games/s | ETA: 437s
[gpu0] [ 341/1000] samples:  17050 | chain(game/max/avg): 5/7/4.3 | reward(game/avg): 12480/9444 | 1.51 games/s | ETA: 435s
[gpu0] [ 342/1000] samples:  17100 | chain(game/max/avg): 4/7/4.3 | reward(game/avg): 7750/9439 | 1.52 games/s | ETA: 434s
[gpu0] [ 343/1000] samples:  17150 | chain(game/max/avg): 4/7/4.3 | reward(game/avg): 9330/9439 | 1.52 games/s | ETA: 432s
[gpu0] [ 344/1000] samples:  17200 | chain(game/max/avg): 4/7/4.2 | reward(game/avg): 9840/9440 | 1.53 games/s | ETA: 430s
[gpu0] [ 345/1000] samples:  17250 | chain(game/max/avg): 4/7/4.2 | reward(game/avg): 9430/9440 | 1.53 games/s | ETA: 428s
[gpu0] [ 346/1000] samples:  17300 | chain(game/max/avg): 4/7/4.2 | reward(game/avg): 10270/9443 | 1.54 games/s | ETA: 426s
[gpu0] [ 347/1000] samples:  17350 | chain(game/max/avg): 4/7/4.2 | reward(game/avg): 6980/9435 | 1.54 games/s | ETA: 424s
[gpu0] [ 348/1000] samples:  17400 | chain(game/max/avg): 4/7/4.2 | reward(game/avg): 8860/9434 | 1.54 games/s | ETA: 422s
[gpu0] [ 349/1000] samples:  17450 | chain(game/max/avg): 5/7/4.2 | reward(game/avg): 14340/9448 | 1.55 games/s | ETA: 420s
[gpu0] [ 350/1000] samples:  17500 | chain(game/max/avg): 5/7/4.3 | reward(game/avg): 12900/9458 | 1.55 games/s | ETA: 419s
[gpu0] [ 351/1000] samples:  17550 | chain(game/max/avg): 4/7/4.3 | reward(game/avg): 4980/9445 | 1.56 games/s | ETA: 417s
[gpu0] [ 352/1000] samples:  17600 | chain(game/max/avg): 5/7/4.3 | reward(game/avg): 12840/9455 | 1.56 games/s | ETA: 415s
[gpu0] [ 353/1000] samples:  17650 | chain(game/max/avg): 4/7/4.3 | reward(game/avg): 8600/9452 | 1.57 games/s | ETA: 413s
[gpu0] [ 354/1000] samples:  17700 | chain(game/max/avg): 5/7/4.3 | reward(game/avg): 15000/9468 | 1.57 games/s | ETA: 411s
[gpu0] [ 355/1000] samples:  17750 | chain(game/max/avg): 5/7/4.3 | reward(game/avg): 11720/9474 | 1.58 games/s | ETA: 409s
[gpu0] [ 356/1000] samples:  17800 | chain(game/max/avg): 5/7/4.3 | reward(game/avg): 12780/9483 | 1.58 games/s | ETA: 408s
[gpu0] [ 357/1000] samples:  17850 | chain(game/max/avg): 3/7/4.3 | reward(game/avg): 6340/9475 | 1.58 games/s | ETA: 406s
[gpu0] [ 358/1000] samples:  17900 | chain(game/max/avg): 4/7/4.3 | reward(game/avg): 8500/9472 | 1.59 games/s | ETA: 404s
[gpu0] [ 359/1000] samples:  17950 | chain(game/max/avg): 4/7/4.3 | reward(game/avg): 7780/9467 | 1.59 games/s | ETA: 402s
[gpu0] [ 360/1000] samples:  18000 | chain(game/max/avg): 5/7/4.3 | reward(game/avg): 9110/9466 | 1.60 games/s | ETA: 401s
[gpu0] [ 361/1000] samples:  18050 | chain(game/max/avg): 4/7/4.3 | reward(game/avg): 8520/9464 | 1.60 games/s | ETA: 399s
[gpu0] [ 362/1000] samples:  18100 | chain(game/max/avg): 3/7/4.3 | reward(game/avg): 8820/9462 | 1.61 games/s | ETA: 397s
[gpu0] [ 363/1000] samples:  18150 | chain(game/max/avg): 5/7/4.3 | reward(game/avg): 8360/9459 | 1.61 games/s | ETA: 396s
[gpu0] [ 364/1000] samples:  18200 | chain(game/max/avg): 4/7/4.3 | reward(game/avg): 6340/9450 | 1.61 games/s | ETA: 394s
[gpu0] [ 365/1000] samples:  18250 | chain(game/max/avg): 5/7/4.3 | reward(game/avg): 17530/9472 | 1.62 games/s | ETA: 392s
[gpu0] [ 366/1000] samples:  18300 | chain(game/max/avg): 5/7/4.3 | reward(game/avg): 14240/9485 | 1.62 games/s | ETA: 390s
[gpu0] [ 367/1000] samples:  18350 | chain(game/max/avg): 5/7/4.3 | reward(game/avg): 8060/9482 | 1.63 games/s | ETA: 389s
[gpu0] [ 368/1000] samples:  18400 | chain(game/max/avg): 6/7/4.3 | reward(game/avg): 22180/9516 | 1.63 games/s | ETA: 387s
[gpu0] [ 369/1000] samples:  18450 | chain(game/max/avg): 4/7/4.3 | reward(game/avg): 11220/9521 | 1.64 games/s | ETA: 386s
[gpu0] [ 370/1000] samples:  18500 | chain(game/max/avg): 3/7/4.3 | reward(game/avg): 7620/9516 | 1.64 games/s | ETA: 384s
[gpu0] [ 371/1000] samples:  18550 | chain(game/max/avg): 6/7/4.3 | reward(game/avg): 13120/9525 | 1.65 games/s | ETA: 382s
[gpu0] [ 372/1000] samples:  18600 | chain(game/max/avg): 4/7/4.3 | reward(game/avg): 6800/9518 | 1.65 games/s | ETA: 381s
[gpu0] [ 373/1000] samples:  18650 | chain(game/max/avg): 3/7/4.3 | reward(game/avg): 6760/9511 | 1.65 games/s | ETA: 379s
[gpu0] [ 374/1000] samples:  18700 | chain(game/max/avg): 5/7/4.3 | reward(game/avg): 10110/9512 | 1.66 games/s | ETA: 377s
[gpu0] [ 375/1000] samples:  18750 | chain(game/max/avg): 5/7/4.3 | reward(game/avg): 13440/9523 | 1.66 games/s | ETA: 376s
[gpu0] [ 376/1000] samples:  18800 | chain(game/max/avg): 4/7/4.3 | reward(game/avg): 8690/9520 | 1.67 games/s | ETA: 374s
[gpu0] [ 377/1000] samples:  18850 | chain(game/max/avg): 4/7/4.3 | reward(game/avg): 8700/9518 | 1.67 games/s | ETA: 373s
[gpu0] [ 378/1000] samples:  18900 | chain(game/max/avg): 3/7/4.3 | reward(game/avg): 7100/9512 | 1.68 games/s | ETA: 371s
[gpu0] [ 379/1000] samples:  18950 | chain(game/max/avg): 3/7/4.3 | reward(game/avg): 7640/9507 | 1.68 games/s | ETA: 370s
[gpu0] [ 380/1000] samples:  19000 | chain(game/max/avg): 5/7/4.3 | reward(game/avg): 13280/9517 | 1.69 games/s | ETA: 368s
[gpu0] [ 381/1000] samples:  19050 | chain(game/max/avg): 4/7/4.3 | reward(game/avg): 6740/9510 | 1.69 games/s | ETA: 366s
[gpu0] [ 382/1000] samples:  19100 | chain(game/max/avg): 5/7/4.3 | reward(game/avg): 12860/9518 | 1.69 games/s | ETA: 365s
[gpu0] [ 383/1000] samples:  19150 | chain(game/max/avg): 4/7/4.3 | reward(game/avg): 9360/9518 | 1.70 games/s | ETA: 363s
[gpu0] [ 384/1000] samples:  19200 | chain(game/max/avg): 4/7/4.3 | reward(game/avg): 8480/9515 | 1.70 games/s | ETA: 362s
[gpu0] [ 385/1000] samples:  19250 | chain(game/max/avg): 4/7/4.3 | reward(game/avg): 9600/9515 | 1.71 games/s | ETA: 360s
[gpu0] [ 386/1000] samples:  19300 | chain(game/max/avg): 3/7/4.3 | reward(game/avg): 8110/9512 | 1.71 games/s | ETA: 359s
[gpu0] [ 387/1000] samples:  19350 | chain(game/max/avg): 4/7/4.3 | reward(game/avg): 8440/9509 | 1.72 games/s | ETA: 357s
[gpu0] [ 388/1000] samples:  19400 | chain(game/max/avg): 4/7/4.3 | reward(game/avg): 9100/9508 | 1.72 games/s | ETA: 356s
[gpu0] [ 389/1000] samples:  19450 | chain(game/max/avg): 4/7/4.3 | reward(game/avg): 9640/9508 | 1.72 games/s | ETA: 354s
[gpu0] [ 390/1000] samples:  19500 | chain(game/max/avg): 5/7/4.3 | reward(game/avg): 11240/9513 | 1.73 games/s | ETA: 353s
[gpu0] [ 391/1000] samples:  19550 | chain(game/max/avg): 4/7/4.3 | reward(game/avg): 9720/9513 | 1.73 games/s | ETA: 351s
[gpu0] [ 392/1000] samples:  19600 | chain(game/max/avg): 4/7/4.3 | reward(game/avg): 9280/9513 | 1.74 games/s | ETA: 350s
[gpu0] [ 393/1000] samples:  19650 | chain(game/max/avg): 3/7/4.2 | reward(game/avg): 10480/9515 | 1.74 games/s | ETA: 348s
[gpu0] [ 394/1000] samples:  19700 | chain(game/max/avg): 4/7/4.2 | reward(game/avg): 4990/9504 | 1.75 games/s | ETA: 347s
[gpu0] [ 395/1000] samples:  19750 | chain(game/max/avg): 4/7/4.2 | reward(game/avg): 9520/9504 | 1.75 games/s | ETA: 346s
[gpu0] [ 396/1000] samples:  19800 | chain(game/max/avg): 4/7/4.2 | reward(game/avg): 8340/9501 | 1.76 games/s | ETA: 344s
[gpu0] [ 397/1000] samples:  19850 | chain(game/max/avg): 4/7/4.2 | reward(game/avg): 8020/9497 | 1.76 games/s | ETA: 343s
[gpu0] [ 398/1000] samples:  19900 | chain(game/max/avg): 4/7/4.2 | reward(game/avg): 7840/9493 | 1.76 games/s | ETA: 341s
[gpu0] [ 399/1000] samples:  19950 | chain(game/max/avg): 4/7/4.2 | reward(game/avg): 8020/9489 | 1.77 games/s | ETA: 340s
[gpu0] [ 400/1000] samples:  20000 | chain(game/max/avg): 4/7/4.2 | reward(game/avg): 7520/9484 | 1.77 games/s | ETA: 338s
[gpu0] [ 401/1000] samples:  20050 | chain(game/max/avg): 4/7/4.2 | reward(game/avg): 11460/9489 | 1.78 games/s | ETA: 337s
[gpu0] [ 402/1000] samples:  20100 | chain(game/max/avg): 4/7/4.2 | reward(game/avg): 8020/9485 | 1.78 games/s | ETA: 336s
[gpu0] [ 403/1000] samples:  20150 | chain(game/max/avg): 6/7/4.2 | reward(game/avg): 20070/9512 | 1.79 games/s | ETA: 334s
[gpu0] [ 404/1000] samples:  20200 | chain(game/max/avg): 4/7/4.2 | reward(game/avg): 9680/9512 | 1.79 games/s | ETA: 333s
[gpu0] [ 405/1000] samples:  20250 | chain(game/max/avg): 4/7/4.2 | reward(game/avg): 9400/9512 | 1.79 games/s | ETA: 332s
[gpu0] [ 406/1000] samples:  20300 | chain(game/max/avg): 4/7/4.2 | reward(game/avg): 8890/9510 | 1.80 games/s | ETA: 330s
[gpu0] [ 407/1000] samples:  20350 | chain(game/max/avg): 5/7/4.2 | reward(game/avg): 12520/9518 | 1.80 games/s | ETA: 329s
[gpu0] [ 408/1000] samples:  20400 | chain(game/max/avg): 4/7/4.2 | reward(game/avg): 9970/9519 | 1.81 games/s | ETA: 327s
[gpu0] [ 409/1000] samples:  20450 | chain(game/max/avg): 3/7/4.2 | reward(game/avg): 6630/9512 | 1.81 games/s | ETA: 326s
[gpu0] [ 410/1000] samples:  20500 | chain(game/max/avg): 4/7/4.2 | reward(game/avg): 10770/9515 | 1.82 games/s | ETA: 325s
[gpu0] [ 411/1000] samples:  20550 | chain(game/max/avg): 3/7/4.2 | reward(game/avg): 7590/9510 | 1.82 games/s | ETA: 323s
[gpu0] [ 412/1000] samples:  20600 | chain(game/max/avg): 5/7/4.2 | reward(game/avg): 15380/9524 | 1.83 games/s | ETA: 322s
[gpu0] [ 413/1000] samples:  20650 | chain(game/max/avg): 5/7/4.2 | reward(game/avg): 11440/9529 | 1.83 games/s | ETA: 321s
[gpu0] [ 414/1000] samples:  20700 | chain(game/max/avg): 3/7/4.2 | reward(game/avg): 7680/9525 | 1.83 games/s | ETA: 320s
[gpu0] [ 415/1000] samples:  20750 | chain(game/max/avg): 4/7/4.2 | reward(game/avg): 6740/9518 | 1.84 games/s | ETA: 318s
[gpu0] [ 416/1000] samples:  20800 | chain(game/max/avg): 3/7/4.2 | reward(game/avg): 6090/9510 | 1.84 games/s | ETA: 317s
[gpu0] [ 417/1000] samples:  20850 | chain(game/max/avg): 4/7/4.2 | reward(game/avg): 6180/9502 | 1.85 games/s | ETA: 316s
[gpu0] [ 418/1000] samples:  20900 | chain(game/max/avg): 3/7/4.2 | reward(game/avg): 5680/9493 | 1.85 games/s | ETA: 314s
[gpu0] [ 419/1000] samples:  20950 | chain(game/max/avg): 4/7/4.2 | reward(game/avg): 10060/9494 | 1.86 games/s | ETA: 313s
[gpu0] [ 420/1000] samples:  21000 | chain(game/max/avg): 6/7/4.2 | reward(game/avg): 17220/9512 | 1.86 games/s | ETA: 312s
[gpu0] [ 421/1000] samples:  21050 | chain(game/max/avg): 3/7/4.2 | reward(game/avg): 4830/9501 | 1.86 games/s | ETA: 311s
[gpu0] [ 422/1000] samples:  21100 | chain(game/max/avg): 4/7/4.2 | reward(game/avg): 7480/9496 | 1.87 games/s | ETA: 309s
[gpu0] [ 423/1000] samples:  21150 | chain(game/max/avg): 5/7/4.2 | reward(game/avg): 11630/9501 | 1.87 games/s | ETA: 308s
[gpu0] [ 424/1000] samples:  21200 | chain(game/max/avg): 4/7/4.2 | reward(game/avg): 6960/9495 | 1.88 games/s | ETA: 307s
[gpu0] [ 425/1000] samples:  21250 | chain(game/max/avg): 4/7/4.2 | reward(game/avg): 10060/9497 | 1.88 games/s | ETA: 306s
[gpu0] [ 426/1000] samples:  21300 | chain(game/max/avg): 5/7/4.2 | reward(game/avg): 9360/9496 | 1.89 games/s | ETA: 304s
[gpu0] [ 427/1000] samples:  21350 | chain(game/max/avg): 4/7/4.2 | reward(game/avg): 5070/9486 | 1.89 games/s | ETA: 303s
[gpu0] [ 428/1000] samples:  21400 | chain(game/max/avg): 3/7/4.2 | reward(game/avg): 6700/9480 | 1.90 games/s | ETA: 302s
[gpu0] [ 429/1000] samples:  21450 | chain(game/max/avg): 4/7/4.2 | reward(game/avg): 7510/9475 | 1.90 games/s | ETA: 301s
[gpu0] [ 430/1000] samples:  21500 | chain(game/max/avg): 5/7/4.2 | reward(game/avg): 11000/9478 | 1.90 games/s | ETA: 299s
[gpu0] [ 431/1000] samples:  21550 | chain(game/max/avg): 5/7/4.2 | reward(game/avg): 8060/9475 | 1.91 games/s | ETA: 298s
[gpu0] [ 432/1000] samples:  21600 | chain(game/max/avg): 3/7/4.2 | reward(game/avg): 7450/9471 | 1.91 games/s | ETA: 297s
[gpu0] [ 433/1000] samples:  21650 | chain(game/max/avg): 4/7/4.2 | reward(game/avg): 7480/9466 | 1.92 games/s | ETA: 296s
[gpu0] [ 434/1000] samples:  21700 | chain(game/max/avg): 5/7/4.2 | reward(game/avg): 10100/9467 | 1.92 games/s | ETA: 295s
[gpu0] [ 435/1000] samples:  21750 | chain(game/max/avg): 4/7/4.2 | reward(game/avg): 8550/9465 | 1.93 games/s | ETA: 293s
[gpu0] [ 436/1000] samples:  21800 | chain(game/max/avg): 4/7/4.2 | reward(game/avg): 8440/9463 | 1.93 games/s | ETA: 292s
[gpu0] [ 437/1000] samples:  21850 | chain(game/max/avg): 5/7/4.2 | reward(game/avg): 11340/9467 | 1.93 games/s | ETA: 291s
[gpu0] [ 438/1000] samples:  21900 | chain(game/max/avg): 4/7/4.2 | reward(game/avg): 5960/9459 | 1.94 games/s | ETA: 290s
[gpu0] [ 439/1000] samples:  21950 | chain(game/max/avg): 4/7/4.2 | reward(game/avg): 10820/9462 | 1.94 games/s | ETA: 289s
[gpu0] [ 440/1000] samples:  22000 | chain(game/max/avg): 4/7/4.2 | reward(game/avg): 8480/9460 | 1.95 games/s | ETA: 288s
[gpu0] [ 441/1000] samples:  22050 | chain(game/max/avg): 5/7/4.2 | reward(game/avg): 17480/9478 | 1.95 games/s | ETA: 286s
[gpu0] [ 442/1000] samples:  22100 | chain(game/max/avg): 4/7/4.2 | reward(game/avg): 7140/9473 | 1.96 games/s | ETA: 285s
[gpu0] [ 443/1000] samples:  22150 | chain(game/max/avg): 3/7/4.2 | reward(game/avg): 5960/9465 | 1.96 games/s | ETA: 284s
[gpu0] [ 444/1000] samples:  22200 | chain(game/max/avg): 5/7/4.2 | reward(game/avg): 9800/9466 | 1.97 games/s | ETA: 283s
[gpu0] [ 445/1000] samples:  22250 | chain(game/max/avg): 5/7/4.2 | reward(game/avg): 16460/9482 | 1.97 games/s | ETA: 282s
[gpu0] [ 446/1000] samples:  22300 | chain(game/max/avg): 4/7/4.2 | reward(game/avg): 7580/9477 | 1.97 games/s | ETA: 281s
[gpu0] [ 447/1000] samples:  22350 | chain(game/max/avg): 3/7/4.2 | reward(game/avg): 6380/9470 | 1.98 games/s | ETA: 280s
[gpu0] [ 448/1000] samples:  22400 | chain(game/max/avg): 3/7/4.2 | reward(game/avg): 8350/9468 | 1.98 games/s | ETA: 278s
[gpu0] [ 449/1000] samples:  22450 | chain(game/max/avg): 4/7/4.2 | reward(game/avg): 7040/9462 | 1.99 games/s | ETA: 277s
[gpu0] [ 450/1000] samples:  22500 | chain(game/max/avg): 5/7/4.2 | reward(game/avg): 11880/9468 | 1.99 games/s | ETA: 276s
[gpu0] [ 451/1000] samples:  22550 | chain(game/max/avg): 3/7/4.2 | reward(game/avg): 8990/9467 | 2.00 games/s | ETA: 275s
[gpu0] [ 452/1000] samples:  22600 | chain(game/max/avg): 5/7/4.2 | reward(game/avg): 10160/9468 | 2.00 games/s | ETA: 274s
[gpu0] [ 453/1000] samples:  22650 | chain(game/max/avg): 3/7/4.2 | reward(game/avg): 4300/9457 | 2.00 games/s | ETA: 273s
[gpu0] [ 454/1000] samples:  22700 | chain(game/max/avg): 4/7/4.2 | reward(game/avg): 7330/9452 | 2.01 games/s | ETA: 272s
[gpu0] [ 455/1000] samples:  22750 | chain(game/max/avg): 3/7/4.2 | reward(game/avg): 6730/9446 | 2.01 games/s | ETA: 271s
[gpu0] [ 456/1000] samples:  22800 | chain(game/max/avg): 4/7/4.2 | reward(game/avg): 8400/9444 | 2.02 games/s | ETA: 270s
[gpu0] [ 457/1000] samples:  22850 | chain(game/max/avg): 4/7/4.2 | reward(game/avg): 10800/9447 | 2.02 games/s | ETA: 269s
[gpu0] [ 458/1000] samples:  22900 | chain(game/max/avg): 4/7/4.2 | reward(game/avg): 9240/9446 | 2.03 games/s | ETA: 268s
[gpu0] [ 459/1000] samples:  22950 | chain(game/max/avg): 3/7/4.2 | reward(game/avg): 7790/9443 | 2.03 games/s | ETA: 267s
[gpu0] [ 460/1000] samples:  23000 | chain(game/max/avg): 4/7/4.2 | reward(game/avg): 8580/9441 | 2.03 games/s | ETA: 266s
[gpu0] [ 461/1000] samples:  23050 | chain(game/max/avg): 4/7/4.2 | reward(game/avg): 9530/9441 | 2.04 games/s | ETA: 264s
[gpu0] [ 462/1000] samples:  23100 | chain(game/max/avg): 4/7/4.2 | reward(game/avg): 9300/9441 | 2.04 games/s | ETA: 263s
[gpu0] [ 463/1000] samples:  23150 | chain(game/max/avg): 4/7/4.2 | reward(game/avg): 9100/9440 | 2.05 games/s | ETA: 262s
[gpu0] [ 464/1000] samples:  23200 | chain(game/max/avg): 4/7/4.2 | reward(game/avg): 9490/9440 | 2.05 games/s | ETA: 261s
[gpu0] [ 465/1000] samples:  23250 | chain(game/max/avg): 6/7/4.2 | reward(game/avg): 16860/9456 | 2.05 games/s | ETA: 260s
[gpu0] [ 466/1000] samples:  23300 | chain(game/max/avg): 3/7/4.2 | reward(game/avg): 7790/9453 | 2.06 games/s | ETA: 259s
[gpu0] [ 467/1000] samples:  23350 | chain(game/max/avg): 4/7/4.2 | reward(game/avg): 6770/9447 | 2.06 games/s | ETA: 258s
[gpu0] [ 468/1000] samples:  23400 | chain(game/max/avg): 4/7/4.2 | reward(game/avg): 8100/9444 | 2.07 games/s | ETA: 257s
[gpu0] [ 469/1000] samples:  23450 | chain(game/max/avg): 4/7/4.2 | reward(game/avg): 8830/9443 | 2.07 games/s | ETA: 256s
[gpu0] [ 470/1000] samples:  23500 | chain(game/max/avg): 4/7/4.2 | reward(game/avg): 6980/9437 | 2.08 games/s | ETA: 255s
[gpu0] [ 471/1000] samples:  23550 | chain(game/max/avg): 3/7/4.2 | reward(game/avg): 5360/9429 | 2.08 games/s | ETA: 254s
[gpu0] [ 472/1000] samples:  23600 | chain(game/max/avg): 4/7/4.2 | reward(game/avg): 7120/9424 | 2.08 games/s | ETA: 253s
[gpu0] [ 473/1000] samples:  23650 | chain(game/max/avg): 4/7/4.2 | reward(game/avg): 9160/9423 | 2.09 games/s | ETA: 252s
[gpu0] [ 474/1000] samples:  23700 | chain(game/max/avg): 3/7/4.2 | reward(game/avg): 8150/9421 | 2.09 games/s | ETA: 251s
[gpu0] [ 475/1000] samples:  23750 | chain(game/max/avg): 5/7/4.2 | reward(game/avg): 15850/9434 | 2.10 games/s | ETA: 250s
[gpu0] [ 476/1000] samples:  23800 | chain(game/max/avg): 3/7/4.2 | reward(game/avg): 4830/9424 | 2.10 games/s | ETA: 249s
[gpu0] [ 477/1000] samples:  23850 | chain(game/max/avg): 4/7/4.2 | reward(game/avg): 7110/9420 | 2.11 games/s | ETA: 248s
[gpu0] [ 478/1000] samples:  23900 | chain(game/max/avg): 5/7/4.2 | reward(game/avg): 12340/9426 | 2.11 games/s | ETA: 247s
[gpu0] [ 479/1000] samples:  23950 | chain(game/max/avg): 4/7/4.2 | reward(game/avg): 5520/9418 | 2.11 games/s | ETA: 246s
[gpu0] [ 480/1000] samples:  24000 | chain(game/max/avg): 3/7/4.2 | reward(game/avg): 3740/9406 | 2.12 games/s | ETA: 245s
[gpu0] [ 481/1000] samples:  24050 | chain(game/max/avg): 5/7/4.2 | reward(game/avg): 12240/9412 | 2.12 games/s | ETA: 245s
[gpu0] [ 482/1000] samples:  24100 | chain(game/max/avg): 6/7/4.2 | reward(game/avg): 15540/9424 | 2.13 games/s | ETA: 244s
[gpu0] [ 483/1000] samples:  24150 | chain(game/max/avg): 5/7/4.2 | reward(game/avg): 15430/9437 | 2.13 games/s | ETA: 243s
[gpu0] [ 484/1000] samples:  24200 | chain(game/max/avg): 5/7/4.2 | reward(game/avg): 12920/9444 | 2.14 games/s | ETA: 242s
[gpu0] [ 485/1000] samples:  24250 | chain(game/max/avg): 5/7/4.2 | reward(game/avg): 12680/9451 | 2.14 games/s | ETA: 241s
[gpu0] [ 486/1000] samples:  24300 | chain(game/max/avg): 4/7/4.2 | reward(game/avg): 8040/9448 | 2.14 games/s | ETA: 240s
[gpu0] [ 487/1000] samples:  24350 | chain(game/max/avg): 5/7/4.2 | reward(game/avg): 15100/9459 | 2.15 games/s | ETA: 239s
[gpu0] [ 488/1000] samples:  24400 | chain(game/max/avg): 5/7/4.2 | reward(game/avg): 13080/9467 | 2.15 games/s | ETA: 238s
[gpu0] [ 489/1000] samples:  24450 | chain(game/max/avg): 4/7/4.2 | reward(game/avg): 6900/9462 | 2.16 games/s | ETA: 237s
[gpu0] [ 490/1000] samples:  24500 | chain(game/max/avg): 4/7/4.2 | reward(game/avg): 7800/9458 | 2.16 games/s | ETA: 236s
[gpu0] [ 491/1000] samples:  24550 | chain(game/max/avg): 6/7/4.2 | reward(game/avg): 15330/9470 | 2.17 games/s | ETA: 235s
[gpu0] [ 492/1000] samples:  24600 | chain(game/max/avg): 4/7/4.2 | reward(game/avg): 8330/9468 | 2.17 games/s | ETA: 234s
[gpu0] [ 493/1000] samples:  24650 | chain(game/max/avg): 5/7/4.2 | reward(game/avg): 12020/9473 | 2.17 games/s | ETA: 233s
[gpu0] [ 494/1000] samples:  24700 | chain(game/max/avg): 4/7/4.2 | reward(game/avg): 7400/9469 | 2.18 games/s | ETA: 232s
[gpu0] [ 495/1000] samples:  24750 | chain(game/max/avg): 4/7/4.2 | reward(game/avg): 7680/9465 | 2.18 games/s | ETA: 232s
[gpu0] [ 496/1000] samples:  24800 | chain(game/max/avg): 4/7/4.2 | reward(game/avg): 10740/9468 | 2.19 games/s | ETA: 231s
[gpu0] [ 497/1000] samples:  24850 | chain(game/max/avg): 4/7/4.2 | reward(game/avg): 9720/9468 | 2.19 games/s | ETA: 230s
[gpu0] [ 498/1000] samples:  24900 | chain(game/max/avg): 4/7/4.2 | reward(game/avg): 9420/9468 | 2.19 games/s | ETA: 229s
[gpu0] [ 499/1000] samples:  24950 | chain(game/max/avg): 4/7/4.2 | reward(game/avg): 8700/9467 | 2.20 games/s | ETA: 228s
[gpu0] [ 500/1000] samples:  25000 | chain(game/max/avg): 5/7/4.2 | reward(game/avg): 11270/9470 | 2.20 games/s | ETA: 227s
[gpu0] [ 501/1000] samples:  25050 | chain(game/max/avg): 3/7/4.2 | reward(game/avg): 6000/9463 | 1.14 games/s | ETA: 438s
[gpu0] [ 502/1000] samples:  25100 | chain(game/max/avg): 4/7/4.2 | reward(game/avg): 10380/9465 | 1.14 games/s | ETA: 438s
[gpu0] [ 503/1000] samples:  25150 | chain(game/max/avg): 4/7/4.2 | reward(game/avg): 7890/9462 | 1.14 games/s | ETA: 436s
[gpu0] [ 504/1000] samples:  25200 | chain(game/max/avg): 4/7/4.2 | reward(game/avg): 8160/9459 | 1.14 games/s | ETA: 435s
[gpu0] [ 505/1000] samples:  25250 | chain(game/max/avg): 5/7/4.2 | reward(game/avg): 11590/9464 | 1.14 games/s | ETA: 433s
[gpu0] [ 506/1000] samples:  25300 | chain(game/max/avg): 4/7/4.2 | reward(game/avg): 7140/9459 | 1.15 games/s | ETA: 431s
[gpu0] [ 507/1000] samples:  25350 | chain(game/max/avg): 5/7/4.2 | reward(game/avg): 15300/9471 | 1.15 games/s | ETA: 430s
[gpu0] [ 508/1000] samples:  25400 | chain(game/max/avg): 4/7/4.2 | reward(game/avg): 12100/9476 | 1.15 games/s | ETA: 428s
[gpu0] [ 509/1000] samples:  25450 | chain(game/max/avg): 4/7/4.2 | reward(game/avg): 7240/9471 | 1.15 games/s | ETA: 426s
[gpu0] [ 510/1000] samples:  25500 | chain(game/max/avg): 5/7/4.2 | reward(game/avg): 12330/9477 | 1.15 games/s | ETA: 424s
[gpu0] [ 511/1000] samples:  25550 | chain(game/max/avg): 3/7/4.2 | reward(game/avg): 5360/9469 | 1.16 games/s | ETA: 423s
[gpu0] [ 512/1000] samples:  25600 | chain(game/max/avg): 6/7/4.2 | reward(game/avg): 17460/9484 | 1.16 games/s | ETA: 421s
[gpu0] [ 513/1000] samples:  25650 | chain(game/max/avg): 5/7/4.2 | reward(game/avg): 10800/9487 | 1.16 games/s | ETA: 419s
[gpu0] [ 514/1000] samples:  25700 | chain(game/max/avg): 4/7/4.2 | reward(game/avg): 7740/9484 | 1.16 games/s | ETA: 418s
[gpu0] [ 515/1000] samples:  25750 | chain(game/max/avg): 6/7/4.2 | reward(game/avg): 15770/9496 | 1.17 games/s | ETA: 416s
[gpu0] [ 516/1000] samples:  25800 | chain(game/max/avg): 3/7/4.2 | reward(game/avg): 5870/9489 | 1.17 games/s | ETA: 414s
[gpu0] [ 517/1000] samples:  25850 | chain(game/max/avg): 4/7/4.2 | reward(game/avg): 7020/9484 | 1.17 games/s | ETA: 413s
[gpu0] [ 518/1000] samples:  25900 | chain(game/max/avg): 5/7/4.2 | reward(game/avg): 12340/9490 | 1.17 games/s | ETA: 411s
[gpu0] [ 519/1000] samples:  25950 | chain(game/max/avg): 5/7/4.2 | reward(game/avg): 11250/9493 | 1.17 games/s | ETA: 410s
[gpu0] [ 520/1000] samples:  26000 | chain(game/max/avg): 4/7/4.2 | reward(game/avg): 8260/9491 | 1.18 games/s | ETA: 408s
[gpu0] [ 521/1000] samples:  26050 | chain(game/max/avg): 5/7/4.2 | reward(game/avg): 12600/9497 | 1.18 games/s | ETA: 406s
[gpu0] [ 522/1000] samples:  26100 | chain(game/max/avg): 4/7/4.2 | reward(game/avg): 9380/9496 | 1.18 games/s | ETA: 405s
[gpu0] [ 523/1000] samples:  26150 | chain(game/max/avg): 4/7/4.2 | reward(game/avg): 8360/9494 | 1.18 games/s | ETA: 403s
[gpu0] [ 524/1000] samples:  26200 | chain(game/max/avg): 5/7/4.2 | reward(game/avg): 9510/9494 | 1.19 games/s | ETA: 402s
[gpu0] [ 525/1000] samples:  26250 | chain(game/max/avg): 4/7/4.2 | reward(game/avg): 7300/9490 | 1.19 games/s | ETA: 400s
[gpu0] [ 526/1000] samples:  26300 | chain(game/max/avg): 4/7/4.2 | reward(game/avg): 10800/9492 | 1.19 games/s | ETA: 398s
[gpu0] [ 527/1000] samples:  26350 | chain(game/max/avg): 3/7/4.2 | reward(game/avg): 7280/9488 | 1.19 games/s | ETA: 397s
[gpu0] [ 528/1000] samples:  26400 | chain(game/max/avg): 4/7/4.2 | reward(game/avg): 9420/9488 | 1.19 games/s | ETA: 395s
[gpu0] [ 529/1000] samples:  26450 | chain(game/max/avg): 5/7/4.2 | reward(game/avg): 13910/9497 | 1.20 games/s | ETA: 394s
[gpu0] [ 530/1000] samples:  26500 | chain(game/max/avg): 3/7/4.2 | reward(game/avg): 6160/9490 | 1.20 games/s | ETA: 392s
[gpu0] [ 531/1000] samples:  26550 | chain(game/max/avg): 5/7/4.2 | reward(game/avg): 14680/9500 | 1.20 games/s | ETA: 390s
[gpu0] [ 532/1000] samples:  26600 | chain(game/max/avg): 4/7/4.2 | reward(game/avg): 7980/9497 | 1.20 games/s | ETA: 389s
[gpu0] [ 533/1000] samples:  26650 | chain(game/max/avg): 4/7/4.2 | reward(game/avg): 9840/9498 | 1.21 games/s | ETA: 387s
[gpu0] [ 534/1000] samples:  26700 | chain(game/max/avg): 4/7/4.2 | reward(game/avg): 8560/9496 | 1.21 games/s | ETA: 386s
[gpu0] [ 535/1000] samples:  26750 | chain(game/max/avg): 5/7/4.2 | reward(game/avg): 11080/9499 | 1.21 games/s | ETA: 384s
[gpu0] [ 536/1000] samples:  26800 | chain(game/max/avg): 4/7/4.2 | reward(game/avg): 10460/9501 | 1.21 games/s | ETA: 383s
[gpu0] [ 537/1000] samples:  26850 | chain(game/max/avg): 5/7/4.2 | reward(game/avg): 14100/9509 | 1.21 games/s | ETA: 381s
[gpu0] [ 538/1000] samples:  26900 | chain(game/max/avg): 4/7/4.2 | reward(game/avg): 9290/9509 | 1.22 games/s | ETA: 380s
[gpu0] [ 539/1000] samples:  26950 | chain(game/max/avg): 5/7/4.2 | reward(game/avg): 11840/9513 | 1.22 games/s | ETA: 378s
[gpu0] [ 540/1000] samples:  27000 | chain(game/max/avg): 3/7/4.2 | reward(game/avg): 7300/9509 | 1.22 games/s | ETA: 377s
[gpu0] [ 541/1000] samples:  27050 | chain(game/max/avg): 4/7/4.2 | reward(game/avg): 8610/9507 | 1.22 games/s | ETA: 375s
[gpu0] [ 542/1000] samples:  27100 | chain(game/max/avg): 5/7/4.2 | reward(game/avg): 14370/9516 | 1.23 games/s | ETA: 374s
[gpu0] [ 543/1000] samples:  27150 | chain(game/max/avg): 4/7/4.2 | reward(game/avg): 6220/9510 | 1.23 games/s | ETA: 372s
[gpu0] [ 544/1000] samples:  27200 | chain(game/max/avg): 4/7/4.2 | reward(game/avg): 8030/9508 | 1.23 games/s | ETA: 371s
[gpu0] [ 545/1000] samples:  27250 | chain(game/max/avg): 6/7/4.2 | reward(game/avg): 16500/9520 | 1.23 games/s | ETA: 369s
[gpu0] [ 546/1000] samples:  27300 | chain(game/max/avg): 4/7/4.2 | reward(game/avg): 7880/9517 | 1.23 games/s | ETA: 368s
[gpu0] [ 547/1000] samples:  27350 | chain(game/max/avg): 4/7/4.2 | reward(game/avg): 10840/9520 | 1.24 games/s | ETA: 366s
[gpu0] [ 548/1000] samples:  27400 | chain(game/max/avg): 5/7/4.2 | reward(game/avg): 13780/9528 | 1.24 games/s | ETA: 365s
[gpu0] [ 549/1000] samples:  27450 | chain(game/max/avg): 4/7/4.2 | reward(game/avg): 8500/9526 | 1.24 games/s | ETA: 363s
[gpu0] [ 550/1000] samples:  27500 | chain(game/max/avg): 4/7/4.2 | reward(game/avg): 11220/9529 | 1.24 games/s | ETA: 362s
[gpu0] [ 551/1000] samples:  27550 | chain(game/max/avg): 4/7/4.2 | reward(game/avg): 6320/9523 | 1.25 games/s | ETA: 360s
[gpu0] [ 552/1000] samples:  27600 | chain(game/max/avg): 3/7/4.2 | reward(game/avg): 8950/9522 | 1.25 games/s | ETA: 359s
[gpu0] [ 553/1000] samples:  27650 | chain(game/max/avg): 5/7/4.2 | reward(game/avg): 8630/9520 | 1.25 games/s | ETA: 357s
[gpu0] [ 554/1000] samples:  27700 | chain(game/max/avg): 4/7/4.2 | reward(game/avg): 10620/9522 | 1.25 games/s | ETA: 356s
[gpu0] [ 555/1000] samples:  27750 | chain(game/max/avg): 4/7/4.2 | reward(game/avg): 8570/9521 | 1.26 games/s | ETA: 355s
[gpu0] [ 556/1000] samples:  27800 | chain(game/max/avg): 4/7/4.2 | reward(game/avg): 9850/9521 | 1.26 games/s | ETA: 353s
[gpu0] [ 557/1000] samples:  27850 | chain(game/max/avg): 5/7/4.2 | reward(game/avg): 11480/9525 | 1.26 games/s | ETA: 352s
[gpu0] [ 558/1000] samples:  27900 | chain(game/max/avg): 4/7/4.2 | reward(game/avg): 8110/9522 | 1.26 games/s | ETA: 350s
[gpu0] [ 559/1000] samples:  27950 | chain(game/max/avg): 4/7/4.2 | reward(game/avg): 10880/9525 | 1.26 games/s | ETA: 349s
[gpu0] [ 560/1000] samples:  28000 | chain(game/max/avg): 4/7/4.2 | reward(game/avg): 9300/9524 | 1.27 games/s | ETA: 347s
[gpu0] [ 561/1000] samples:  28050 | chain(game/max/avg): 3/7/4.2 | reward(game/avg): 7540/9521 | 1.27 games/s | ETA: 346s
[gpu0] [ 562/1000] samples:  28100 | chain(game/max/avg): 5/7/4.2 | reward(game/avg): 9500/9521 | 1.27 games/s | ETA: 345s
[gpu0] [ 563/1000] samples:  28150 | chain(game/max/avg): 4/7/4.2 | reward(game/avg): 11200/9524 | 1.27 games/s | ETA: 343s
[gpu0] [ 564/1000] samples:  28200 | chain(game/max/avg): 4/7/4.2 | reward(game/avg): 7350/9520 | 1.28 games/s | ETA: 342s
[gpu0] [ 565/1000] samples:  28250 | chain(game/max/avg): 5/7/4.2 | reward(game/avg): 14100/9528 | 1.28 games/s | ETA: 340s
[gpu0] [ 566/1000] samples:  28300 | chain(game/max/avg): 4/7/4.2 | reward(game/avg): 9450/9528 | 1.28 games/s | ETA: 339s
[gpu0] [ 567/1000] samples:  28350 | chain(game/max/avg): 3/7/4.2 | reward(game/avg): 7340/9524 | 1.28 games/s | ETA: 338s
[gpu0] [ 568/1000] samples:  28400 | chain(game/max/avg): 5/7/4.2 | reward(game/avg): 10020/9525 | 1.28 games/s | ETA: 336s
[gpu0] [ 569/1000] samples:  28450 | chain(game/max/avg): 3/7/4.2 | reward(game/avg): 5000/9517 | 1.29 games/s | ETA: 335s
[gpu0] [ 570/1000] samples:  28500 | chain(game/max/avg): 4/7/4.2 | reward(game/avg): 6460/9512 | 1.29 games/s | ETA: 334s
[gpu0] [ 571/1000] samples:  28550 | chain(game/max/avg): 3/7/4.2 | reward(game/avg): 5210/9504 | 1.29 games/s | ETA: 332s
[gpu0] [ 572/1000] samples:  28600 | chain(game/max/avg): 3/7/4.2 | reward(game/avg): 6280/9498 | 1.29 games/s | ETA: 331s
[gpu0] [ 573/1000] samples:  28650 | chain(game/max/avg): 4/7/4.2 | reward(game/avg): 7240/9494 | 1.30 games/s | ETA: 330s
[gpu0] [ 574/1000] samples:  28700 | chain(game/max/avg): 4/7/4.2 | reward(game/avg): 8070/9492 | 1.30 games/s | ETA: 328s
[gpu0] [ 575/1000] samples:  28750 | chain(game/max/avg): 5/7/4.2 | reward(game/avg): 11820/9496 | 1.30 games/s | ETA: 327s
[gpu0] [ 576/1000] samples:  28800 | chain(game/max/avg): 3/7/4.2 | reward(game/avg): 5960/9490 | 1.30 games/s | ETA: 326s
[gpu0] [ 577/1000] samples:  28850 | chain(game/max/avg): 6/7/4.2 | reward(game/avg): 14000/9498 | 1.30 games/s | ETA: 324s
[gpu0] [ 578/1000] samples:  28900 | chain(game/max/avg): 4/7/4.2 | reward(game/avg): 6710/9493 | 1.31 games/s | ETA: 323s
[gpu0] [ 579/1000] samples:  28950 | chain(game/max/avg): 4/7/4.2 | reward(game/avg): 7700/9490 | 1.31 games/s | ETA: 322s
[gpu0] [ 580/1000] samples:  29000 | chain(game/max/avg): 4/7/4.2 | reward(game/avg): 7380/9486 | 1.31 games/s | ETA: 320s
[gpu0] [ 581/1000] samples:  29050 | chain(game/max/avg): 4/7/4.2 | reward(game/avg): 7380/9482 | 1.31 games/s | ETA: 319s
[gpu0] [ 582/1000] samples:  29100 | chain(game/max/avg): 4/7/4.2 | reward(game/avg): 9390/9482 | 1.32 games/s | ETA: 318s
[gpu0] [ 583/1000] samples:  29150 | chain(game/max/avg): 5/7/4.2 | reward(game/avg): 9100/9482 | 1.32 games/s | ETA: 316s
[gpu0] [ 584/1000] samples:  29200 | chain(game/max/avg): 4/7/4.2 | reward(game/avg): 9820/9482 | 1.32 games/s | ETA: 315s
[gpu0] [ 585/1000] samples:  29250 | chain(game/max/avg): 4/7/4.2 | reward(game/avg): 11020/9485 | 1.32 games/s | ETA: 314s
[gpu0] [ 586/1000] samples:  29300 | chain(game/max/avg): 4/7/4.2 | reward(game/avg): 8120/9483 | 1.33 games/s | ETA: 312s
[gpu0] [ 587/1000] samples:  29350 | chain(game/max/avg): 5/7/4.2 | reward(game/avg): 11420/9486 | 1.33 games/s | ETA: 311s
[gpu0] [ 588/1000] samples:  29400 | chain(game/max/avg): 3/7/4.2 | reward(game/avg): 6820/9481 | 1.33 games/s | ETA: 310s
[gpu0] [ 589/1000] samples:  29450 | chain(game/max/avg): 3/7/4.2 | reward(game/avg): 5420/9474 | 1.33 games/s | ETA: 309s
[gpu0] [ 590/1000] samples:  29500 | chain(game/max/avg): 4/7/4.2 | reward(game/avg): 9990/9475 | 1.33 games/s | ETA: 307s
[gpu0] [ 591/1000] samples:  29550 | chain(game/max/avg): 5/7/4.2 | reward(game/avg): 12300/9480 | 1.34 games/s | ETA: 306s
[gpu0] [ 592/1000] samples:  29600 | chain(game/max/avg): 3/7/4.2 | reward(game/avg): 7720/9477 | 1.34 games/s | ETA: 305s
[gpu0] [ 593/1000] samples:  29650 | chain(game/max/avg): 4/7/4.2 | reward(game/avg): 8920/9476 | 1.34 games/s | ETA: 304s
[gpu0] [ 594/1000] samples:  29700 | chain(game/max/avg): 3/7/4.2 | reward(game/avg): 5590/9470 | 1.34 games/s | ETA: 302s
[gpu0] [ 595/1000] samples:  29750 | chain(game/max/avg): 5/7/4.2 | reward(game/avg): 13260/9476 | 1.35 games/s | ETA: 301s
[gpu0] [ 596/1000] samples:  29800 | chain(game/max/avg): 4/7/4.2 | reward(game/avg): 9900/9477 | 1.35 games/s | ETA: 300s
[gpu0] [ 597/1000] samples:  29850 | chain(game/max/avg): 5/7/4.2 | reward(game/avg): 11140/9479 | 1.35 games/s | ETA: 299s
[gpu0] [ 598/1000] samples:  29900 | chain(game/max/avg): 5/7/4.2 | reward(game/avg): 12560/9485 | 1.35 games/s | ETA: 297s
[gpu0] [ 599/1000] samples:  29950 | chain(game/max/avg): 4/7/4.2 | reward(game/avg): 9180/9484 | 1.35 games/s | ETA: 296s
[gpu0] [ 600/1000] samples:  30000 | chain(game/max/avg): 5/7/4.2 | reward(game/avg): 15130/9494 | 1.36 games/s | ETA: 295s
[gpu0] [ 601/1000] samples:  30050 | chain(game/max/avg): 5/7/4.2 | reward(game/avg): 10150/9495 | 1.36 games/s | ETA: 294s
[gpu0] [ 602/1000] samples:  30100 | chain(game/max/avg): 4/7/4.2 | reward(game/avg): 9080/9494 | 1.36 games/s | ETA: 292s
[gpu0] [ 603/1000] samples:  30150 | chain(game/max/avg): 4/7/4.2 | reward(game/avg): 9420/9494 | 1.36 games/s | ETA: 291s
[gpu0] [ 604/1000] samples:  30200 | chain(game/max/avg): 4/7/4.2 | reward(game/avg): 7200/9490 | 1.37 games/s | ETA: 290s
[gpu0] [ 605/1000] samples:  30250 | chain(game/max/avg): 4/7/4.2 | reward(game/avg): 6580/9485 | 1.37 games/s | ETA: 289s
[gpu0] [ 606/1000] samples:  30300 | chain(game/max/avg): 3/7/4.2 | reward(game/avg): 7030/9481 | 1.37 games/s | ETA: 288s
[gpu0] [ 607/1000] samples:  30350 | chain(game/max/avg): 5/7/4.2 | reward(game/avg): 12580/9486 | 1.37 games/s | ETA: 286s
[gpu0] [ 608/1000] samples:  30400 | chain(game/max/avg): 3/7/4.2 | reward(game/avg): 4350/9478 | 1.37 games/s | ETA: 285s
[gpu0] [ 609/1000] samples:  30450 | chain(game/max/avg): 4/7/4.2 | reward(game/avg): 8060/9475 | 1.38 games/s | ETA: 284s
[gpu0] [ 610/1000] samples:  30500 | chain(game/max/avg): 5/7/4.2 | reward(game/avg): 13720/9482 | 1.38 games/s | ETA: 283s
[gpu0] [ 611/1000] samples:  30550 | chain(game/max/avg): 4/7/4.2 | reward(game/avg): 7540/9479 | 1.38 games/s | ETA: 282s
[gpu0] [ 612/1000] samples:  30600 | chain(game/max/avg): 3/7/4.2 | reward(game/avg): 4550/9471 | 1.38 games/s | ETA: 280s
[gpu0] [ 613/1000] samples:  30650 | chain(game/max/avg): 6/7/4.2 | reward(game/avg): 17680/9485 | 1.39 games/s | ETA: 279s
[gpu0] [ 614/1000] samples:  30700 | chain(game/max/avg): 4/7/4.2 | reward(game/avg): 8150/9482 | 1.39 games/s | ETA: 278s
[gpu0] [ 615/1000] samples:  30750 | chain(game/max/avg): 5/7/4.2 | reward(game/avg): 11610/9486 | 1.39 games/s | ETA: 277s
[gpu0] [ 616/1000] samples:  30800 | chain(game/max/avg): 4/7/4.2 | reward(game/avg): 6500/9481 | 1.39 games/s | ETA: 276s
[gpu0] [ 617/1000] samples:  30850 | chain(game/max/avg): 6/7/4.2 | reward(game/avg): 15160/9490 | 1.40 games/s | ETA: 275s
[gpu0] [ 618/1000] samples:  30900 | chain(game/max/avg): 6/7/4.2 | reward(game/avg): 16310/9501 | 1.40 games/s | ETA: 273s
[gpu0] [ 619/1000] samples:  30950 | chain(game/max/avg): 4/7/4.2 | reward(game/avg): 9450/9501 | 1.40 games/s | ETA: 272s
[gpu0] [ 620/1000] samples:  31000 | chain(game/max/avg): 4/7/4.2 | reward(game/avg): 6920/9497 | 1.40 games/s | ETA: 271s
[gpu0] [ 621/1000] samples:  31050 | chain(game/max/avg): 5/7/4.2 | reward(game/avg): 10400/9498 | 1.40 games/s | ETA: 270s
[gpu0] [ 622/1000] samples:  31100 | chain(game/max/avg): 3/7/4.2 | reward(game/avg): 7000/9494 | 1.41 games/s | ETA: 269s
[gpu0] [ 623/1000] samples:  31150 | chain(game/max/avg): 4/7/4.2 | reward(game/avg): 7130/9491 | 1.41 games/s | ETA: 268s
[gpu0] [ 624/1000] samples:  31200 | chain(game/max/avg): 4/7/4.2 | reward(game/avg): 7820/9488 | 1.41 games/s | ETA: 266s
[gpu0] [ 625/1000] samples:  31250 | chain(game/max/avg): 4/7/4.2 | reward(game/avg): 8640/9487 | 1.41 games/s | ETA: 265s
[gpu0] [ 626/1000] samples:  31300 | chain(game/max/avg): 4/7/4.2 | reward(game/avg): 6900/9482 | 1.42 games/s | ETA: 264s
[gpu0] [ 627/1000] samples:  31350 | chain(game/max/avg): 4/7/4.2 | reward(game/avg): 7420/9479 | 1.42 games/s | ETA: 263s
[gpu0] [ 628/1000] samples:  31400 | chain(game/max/avg): 3/7/4.2 | reward(game/avg): 7920/9477 | 1.42 games/s | ETA: 262s
[gpu0] [ 629/1000] samples:  31450 | chain(game/max/avg): 4/7/4.2 | reward(game/avg): 9880/9477 | 1.42 games/s | ETA: 261s
[gpu0] [ 630/1000] samples:  31500 | chain(game/max/avg): 3/7/4.2 | reward(game/avg): 5320/9471 | 1.42 games/s | ETA: 260s
[gpu0] [ 631/1000] samples:  31550 | chain(game/max/avg): 5/7/4.2 | reward(game/avg): 13900/9478 | 1.43 games/s | ETA: 259s
[gpu0] [ 632/1000] samples:  31600 | chain(game/max/avg): 4/7/4.2 | reward(game/avg): 8320/9476 | 1.43 games/s | ETA: 258s
[gpu0] [ 633/1000] samples:  31650 | chain(game/max/avg): 4/7/4.2 | reward(game/avg): 7290/9472 | 1.43 games/s | ETA: 256s
[gpu0] [ 634/1000] samples:  31700 | chain(game/max/avg): 5/7/4.2 | reward(game/avg): 17200/9485 | 1.43 games/s | ETA: 255s
[gpu0] [ 635/1000] samples:  31750 | chain(game/max/avg): 6/7/4.2 | reward(game/avg): 16420/9496 | 1.44 games/s | ETA: 254s
[gpu0] [ 636/1000] samples:  31800 | chain(game/max/avg): 6/7/4.2 | reward(game/avg): 12540/9500 | 1.44 games/s | ETA: 253s
[gpu0] [ 637/1000] samples:  31850 | chain(game/max/avg): 4/7/4.2 | reward(game/avg): 7620/9497 | 1.44 games/s | ETA: 252s
[gpu0] [ 638/1000] samples:  31900 | chain(game/max/avg): 4/7/4.2 | reward(game/avg): 10240/9499 | 1.44 games/s | ETA: 251s
[gpu0] [ 639/1000] samples:  31950 | chain(game/max/avg): 3/7/4.2 | reward(game/avg): 7540/9496 | 1.44 games/s | ETA: 250s
[gpu0] [ 640/1000] samples:  32000 | chain(game/max/avg): 5/7/4.2 | reward(game/avg): 8760/9494 | 1.45 games/s | ETA: 249s
[gpu0] [ 641/1000] samples:  32050 | chain(game/max/avg): 4/7/4.2 | reward(game/avg): 8080/9492 | 1.45 games/s | ETA: 248s
[gpu0] [ 642/1000] samples:  32100 | chain(game/max/avg): 3/7/4.2 | reward(game/avg): 8180/9490 | 1.45 games/s | ETA: 247s
[gpu0] [ 643/1000] samples:  32150 | chain(game/max/avg): 4/7/4.2 | reward(game/avg): 8620/9489 | 1.45 games/s | ETA: 246s
[gpu0] [ 644/1000] samples:  32200 | chain(game/max/avg): 5/7/4.2 | reward(game/avg): 10610/9491 | 1.46 games/s | ETA: 244s
[gpu0] [ 645/1000] samples:  32250 | chain(game/max/avg): 5/7/4.2 | reward(game/avg): 11760/9494 | 1.46 games/s | ETA: 243s
[gpu0] [ 650/1000] samples:  32500 | chain(game/max/avg): 4/7/4.2 | reward(game/avg): 6960/9495 | 1.47 games/s | ETA: 238s
[gpu0] [ 646/1000] samples:  32300 | chain(game/max/avg): 3/7/4.2 | reward(game/avg): 6730/9490 | 1.46 games/s | ETA: 242s
[gpu0] [ 647/1000] samples:  32350 | chain(game/max/avg): 6/7/4.2 | reward(game/avg): 15490/9499 | 1.46 games/s | ETA: 241s
[gpu0] [ 649/1000] samples:  32450 | chain(game/max/avg): 5/7/4.2 | reward(game/avg): 12370/9499 | 1.47 games/s | ETA: 239s
[gpu0] [ 648/1000] samples:  32400 | chain(game/max/avg): 4/7/4.2 | reward(game/avg): 6300/9494 | 1.47 games/s | ETA: 240s
[gpu0] [ 651/1000] samples:  32550 | chain(game/max/avg): 4/7/4.2 | reward(game/avg): 9970/9495 | 1.47 games/s | ETA: 237s
[gpu0] [ 652/1000] samples:  32600 | chain(game/max/avg): 4/7/4.2 | reward(game/avg): 6120/9490 | 1.47 games/s | ETA: 236s
[gpu0] [ 653/1000] samples:  32650 | chain(game/max/avg): 5/7/4.2 | reward(game/avg): 10980/9492 | 1.48 games/s | ETA: 235s
[gpu0] [ 654/1000] samples:  32700 | chain(game/max/avg): 3/7/4.2 | reward(game/avg): 6580/9488 | 1.48 games/s | ETA: 234s
[gpu0] [ 655/1000] samples:  32750 | chain(game/max/avg): 3/7/4.2 | reward(game/avg): 7980/9486 | 1.48 games/s | ETA: 233s
[gpu0] [ 656/1000] samples:  32800 | chain(game/max/avg): 4/7/4.2 | reward(game/avg): 9910/9486 | 1.48 games/s | ETA: 232s
[gpu0] [ 657/1000] samples:  32850 | chain(game/max/avg): 3/7/4.2 | reward(game/avg): 5500/9480 | 1.49 games/s | ETA: 231s
[gpu0] [ 658/1000] samples:  32900 | chain(game/max/avg): 4/7/4.2 | reward(game/avg): 7360/9477 | 1.49 games/s | ETA: 230s
[gpu0] [ 659/1000] samples:  32950 | chain(game/max/avg): 4/7/4.2 | reward(game/avg): 7400/9474 | 1.49 games/s | ETA: 229s
[gpu0] [ 660/1000] samples:  33000 | chain(game/max/avg): 4/7/4.2 | reward(game/avg): 8810/9473 | 1.49 games/s | ETA: 228s
[gpu0] [ 661/1000] samples:  33050 | chain(game/max/avg): 5/7/4.2 | reward(game/avg): 10400/9474 | 1.49 games/s | ETA: 227s
[gpu0] [ 662/1000] samples:  33100 | chain(game/max/avg): 5/7/4.2 | reward(game/avg): 11610/9478 | 1.50 games/s | ETA: 226s
[gpu0] [ 663/1000] samples:  33150 | chain(game/max/avg): 4/7/4.2 | reward(game/avg): 8730/9476 | 1.50 games/s | ETA: 225s
[gpu0] [ 664/1000] samples:  33200 | chain(game/max/avg): 3/7/4.2 | reward(game/avg): 8020/9474 | 1.50 games/s | ETA: 224s
[gpu0] [ 665/1000] samples:  33250 | chain(game/max/avg): 4/7/4.2 | reward(game/avg): 10130/9475 | 1.50 games/s | ETA: 223s
[gpu0] [ 666/1000] samples:  33300 | chain(game/max/avg): 4/7/4.2 | reward(game/avg): 12460/9480 | 1.51 games/s | ETA: 222s
[gpu0] [ 667/1000] samples:  33350 | chain(game/max/avg): 4/7/4.2 | reward(game/avg): 10280/9481 | 1.51 games/s | ETA: 221s
[gpu0] [ 668/1000] samples:  33400 | chain(game/max/avg): 4/7/4.2 | reward(game/avg): 8350/9479 | 1.51 games/s | ETA: 220s
[gpu0] [ 669/1000] samples:  33450 | chain(game/max/avg): 5/7/4.2 | reward(game/avg): 9880/9480 | 1.51 games/s | ETA: 219s
[gpu0] [ 670/1000] samples:  33500 | chain(game/max/avg): 5/7/4.2 | reward(game/avg): 11900/9483 | 1.51 games/s | ETA: 218s
[gpu0] [ 671/1000] samples:  33550 | chain(game/max/avg): 4/7/4.2 | reward(game/avg): 8250/9482 | 1.52 games/s | ETA: 217s
[gpu0] [ 672/1000] samples:  33600 | chain(game/max/avg): 3/7/4.2 | reward(game/avg): 6640/9477 | 1.52 games/s | ETA: 216s
[gpu0] [ 673/1000] samples:  33650 | chain(game/max/avg): 5/7/4.2 | reward(game/avg): 16000/9487 | 1.52 games/s | ETA: 215s
[gpu0] [ 674/1000] samples:  33700 | chain(game/max/avg): 3/7/4.2 | reward(game/avg): 7930/9485 | 1.52 games/s | ETA: 214s
[gpu0] [ 675/1000] samples:  33750 | chain(game/max/avg): 4/7/4.2 | reward(game/avg): 9150/9484 | 1.53 games/s | ETA: 213s
[gpu0] [ 676/1000] samples:  33800 | chain(game/max/avg): 5/7/4.2 | reward(game/avg): 11000/9486 | 1.52 games/s | ETA: 213s
[gpu0] [ 677/1000] samples:  33850 | chain(game/max/avg): 3/7/4.2 | reward(game/avg): 5660/9481 | 1.52 games/s | ETA: 212s
[gpu0] [ 678/1000] samples:  33900 | chain(game/max/avg): 4/7/4.2 | reward(game/avg): 8600/9480 | 1.53 games/s | ETA: 211s
[gpu0] [ 679/1000] samples:  33950 | chain(game/max/avg): 4/7/4.2 | reward(game/avg): 7900/9477 | 1.53 games/s | ETA: 210s
[gpu0] [ 680/1000] samples:  34000 | chain(game/max/avg): 5/7/4.2 | reward(game/avg): 11720/9480 | 1.53 games/s | ETA: 209s
[gpu0] [ 681/1000] samples:  34050 | chain(game/max/avg): 5/7/4.2 | reward(game/avg): 13240/9486 | 1.53 games/s | ETA: 208s
[gpu0] [ 682/1000] samples:  34100 | chain(game/max/avg): 3/7/4.2 | reward(game/avg): 5360/9480 | 1.54 games/s | ETA: 207s
[gpu0] [ 683/1000] samples:  34150 | chain(game/max/avg): 4/7/4.2 | reward(game/avg): 9570/9480 | 1.54 games/s | ETA: 206s
[gpu0] [ 684/1000] samples:  34200 | chain(game/max/avg): 3/7/4.2 | reward(game/avg): 5260/9474 | 1.54 games/s | ETA: 205s
[gpu0] [ 685/1000] samples:  34250 | chain(game/max/avg): 4/7/4.2 | reward(game/avg): 6270/9469 | 1.54 games/s | ETA: 204s
[gpu0] [ 686/1000] samples:  34300 | chain(game/max/avg): 5/7/4.2 | reward(game/avg): 14780/9477 | 1.54 games/s | ETA: 203s
[gpu0] [ 687/1000] samples:  34350 | chain(game/max/avg): 3/7/4.2 | reward(game/avg): 7500/9474 | 1.55 games/s | ETA: 202s
[gpu0] [ 688/1000] samples:  34400 | chain(game/max/avg): 4/7/4.2 | reward(game/avg): 8320/9472 | 1.55 games/s | ETA: 201s
[gpu0] [ 689/1000] samples:  34450 | chain(game/max/avg): 4/7/4.2 | reward(game/avg): 8960/9472 | 1.55 games/s | ETA: 201s
[gpu0] [ 690/1000] samples:  34500 | chain(game/max/avg): 3/7/4.2 | reward(game/avg): 7090/9468 | 1.55 games/s | ETA: 200s
[gpu0] [ 691/1000] samples:  34550 | chain(game/max/avg): 3/7/4.2 | reward(game/avg): 5910/9463 | 1.56 games/s | ETA: 199s
[gpu0] [ 692/1000] samples:  34600 | chain(game/max/avg): 4/7/4.2 | reward(game/avg): 11440/9466 | 1.56 games/s | ETA: 198s
[gpu0] [ 693/1000] samples:  34650 | chain(game/max/avg): 4/7/4.2 | reward(game/avg): 7840/9464 | 1.56 games/s | ETA: 197s
[gpu0] [ 694/1000] samples:  34700 | chain(game/max/avg): 5/7/4.2 | reward(game/avg): 11960/9467 | 1.56 games/s | ETA: 196s
[gpu0] [ 695/1000] samples:  34750 | chain(game/max/avg): 4/7/4.2 | reward(game/avg): 8960/9466 | 1.56 games/s | ETA: 195s
[gpu0] [ 696/1000] samples:  34800 | chain(game/max/avg): 4/7/4.2 | reward(game/avg): 7810/9464 | 1.57 games/s | ETA: 194s
[gpu0] [ 697/1000] samples:  34850 | chain(game/max/avg): 3/7/4.2 | reward(game/avg): 5440/9458 | 1.57 games/s | ETA: 193s
[gpu0] [ 698/1000] samples:  34900 | chain(game/max/avg): 4/7/4.2 | reward(game/avg): 8310/9457 | 1.57 games/s | ETA: 192s
[gpu0] [ 699/1000] samples:  34950 | chain(game/max/avg): 4/7/4.2 | reward(game/avg): 8270/9455 | 1.57 games/s | ETA: 191s
[gpu0] [ 700/1000] samples:  35000 | chain(game/max/avg): 5/7/4.2 | reward(game/avg): 15470/9464 | 1.58 games/s | ETA: 190s
[gpu0] [ 701/1000] samples:  35050 | chain(game/max/avg): 4/7/4.2 | reward(game/avg): 7560/9461 | 1.58 games/s | ETA: 190s
[gpu0] [ 702/1000] samples:  35100 | chain(game/max/avg): 3/7/4.2 | reward(game/avg): 7380/9458 | 1.58 games/s | ETA: 189s
[gpu0] [ 703/1000] samples:  35150 | chain(game/max/avg): 4/7/4.2 | reward(game/avg): 8320/9456 | 1.58 games/s | ETA: 188s
[gpu0] [ 704/1000] samples:  35200 | chain(game/max/avg): 4/7/4.2 | reward(game/avg): 11440/9459 | 1.58 games/s | ETA: 187s
[gpu0] [ 705/1000] samples:  35250 | chain(game/max/avg): 3/7/4.2 | reward(game/avg): 6340/9455 | 1.59 games/s | ETA: 186s
[gpu0] [ 706/1000] samples:  35300 | chain(game/max/avg): 4/7/4.2 | reward(game/avg): 9050/9454 | 1.59 games/s | ETA: 185s
[gpu0] [ 707/1000] samples:  35350 | chain(game/max/avg): 4/7/4.2 | reward(game/avg): 7540/9451 | 1.59 games/s | ETA: 184s
[gpu0] [ 708/1000] samples:  35400 | chain(game/max/avg): 5/7/4.2 | reward(game/avg): 11780/9455 | 1.59 games/s | ETA: 183s
[gpu0] [ 709/1000] samples:  35450 | chain(game/max/avg): 4/7/4.2 | reward(game/avg): 6320/9450 | 1.60 games/s | ETA: 182s
[gpu0] [ 710/1000] samples:  35500 | chain(game/max/avg): 5/7/4.2 | reward(game/avg): 10360/9452 | 1.60 games/s | ETA: 181s
[gpu0] [ 711/1000] samples:  35550 | chain(game/max/avg): 5/7/4.2 | reward(game/avg): 10140/9452 | 1.60 games/s | ETA: 181s
[gpu0] [ 712/1000] samples:  35600 | chain(game/max/avg): 4/7/4.2 | reward(game/avg): 8760/9452 | 1.60 games/s | ETA: 180s
[gpu0] [ 713/1000] samples:  35650 | chain(game/max/avg): 3/7/4.2 | reward(game/avg): 6850/9448 | 1.60 games/s | ETA: 179s
[gpu0] [ 714/1000] samples:  35700 | chain(game/max/avg): 6/7/4.2 | reward(game/avg): 15860/9457 | 1.61 games/s | ETA: 178s
[gpu0] [ 715/1000] samples:  35750 | chain(game/max/avg): 4/7/4.2 | reward(game/avg): 7740/9454 | 1.61 games/s | ETA: 177s
[gpu0] [ 716/1000] samples:  35800 | chain(game/max/avg): 5/7/4.2 | reward(game/avg): 11690/9458 | 1.61 games/s | ETA: 176s
[gpu0] [ 717/1000] samples:  35850 | chain(game/max/avg): 4/7/4.2 | reward(game/avg): 7190/9454 | 1.61 games/s | ETA: 175s
[gpu0] [ 718/1000] samples:  35900 | chain(game/max/avg): 4/7/4.2 | reward(game/avg): 7680/9452 | 1.62 games/s | ETA: 175s
[gpu0] [ 719/1000] samples:  35950 | chain(game/max/avg): 5/7/4.2 | reward(game/avg): 8060/9450 | 1.62 games/s | ETA: 174s
[gpu0] [ 720/1000] samples:  36000 | chain(game/max/avg): 5/7/4.2 | reward(game/avg): 12420/9454 | 1.62 games/s | ETA: 173s
[gpu0] [ 721/1000] samples:  36050 | chain(game/max/avg): 3/7/4.2 | reward(game/avg): 6190/9450 | 1.62 games/s | ETA: 172s
[gpu0] [ 723/1000] samples:  36150 | chain(game/max/avg): 3/7/4.2 | reward(game/avg): 8210/9444 | 1.63 games/s | ETA: 170s
[gpu0] [ 722/1000] samples:  36150 | chain(game/max/avg): 3/7/4.2 | reward(game/avg): 6710/9457 | 1.62 games/s | ETA: 171s
[gpu0] [ 724/1000] samples:  36200 | chain(game/max/avg): 4/7/4.2 | reward(game/avg): 8660/9443 | 1.63 games/s | ETA: 169s
[gpu0] [ 725/1000] samples:  36250 | chain(game/max/avg): 3/7/4.2 | reward(game/avg): 5930/9438 | 1.63 games/s | ETA: 169s
[gpu0] [ 726/1000] samples:  36300 | chain(game/max/avg): 4/7/4.2 | reward(game/avg): 12230/9442 | 1.63 games/s | ETA: 168s
[gpu0] [ 727/1000] samples:  36350 | chain(game/max/avg): 4/7/4.2 | reward(game/avg): 10010/9443 | 1.64 games/s | ETA: 167s
[gpu0] [ 728/1000] samples:  36400 | chain(game/max/avg): 4/7/4.2 | reward(game/avg): 7420/9440 | 1.64 games/s | ETA: 166s
[gpu0] [ 729/1000] samples:  36450 | chain(game/max/avg): 5/7/4.2 | reward(game/avg): 9920/9441 | 1.64 games/s | ETA: 165s
[gpu0] [ 730/1000] samples:  36500 | chain(game/max/avg): 4/7/4.2 | reward(game/avg): 6020/9436 | 1.64 games/s | ETA: 164s
[gpu0] [ 731/1000] samples:  36550 | chain(game/max/avg): 4/7/4.2 | reward(game/avg): 6330/9432 | 1.65 games/s | ETA: 164s
[gpu0] [ 732/1000] samples:  36600 | chain(game/max/avg): 4/7/4.2 | reward(game/avg): 6680/9428 | 1.65 games/s | ETA: 163s
[gpu0] [ 733/1000] samples:  36650 | chain(game/max/avg): 4/7/4.2 | reward(game/avg): 7540/9425 | 1.65 games/s | ETA: 162s
[gpu0] [ 734/1000] samples:  36700 | chain(game/max/avg): 4/7/4.2 | reward(game/avg): 6420/9421 | 1.65 games/s | ETA: 161s
[gpu0] [ 735/1000] samples:  36750 | chain(game/max/avg): 4/7/4.2 | reward(game/avg): 8120/9420 | 1.65 games/s | ETA: 160s
[gpu0] [ 736/1000] samples:  36800 | chain(game/max/avg): 5/7/4.2 | reward(game/avg): 14040/9426 | 1.66 games/s | ETA: 159s
[gpu0] [ 737/1000] samples:  36850 | chain(game/max/avg): 6/7/4.2 | reward(game/avg): 17100/9436 | 1.66 games/s | ETA: 159s
[gpu0] [ 738/1000] samples:  36900 | chain(game/max/avg): 3/7/4.2 | reward(game/avg): 5900/9431 | 1.66 games/s | ETA: 158s
[gpu0] [ 739/1000] samples:  36950 | chain(game/max/avg): 4/7/4.2 | reward(game/avg): 6880/9428 | 1.66 games/s | ETA: 157s
[gpu0] [ 740/1000] samples:  37000 | chain(game/max/avg): 5/7/4.2 | reward(game/avg): 10340/9429 | 1.67 games/s | ETA: 156s
[gpu0] [ 741/1000] samples:  37050 | chain(game/max/avg): 4/7/4.2 | reward(game/avg): 8890/9428 | 1.67 games/s | ETA: 155s
[gpu0] [ 742/1000] samples:  37100 | chain(game/max/avg): 4/7/4.2 | reward(game/avg): 5170/9423 | 1.67 games/s | ETA: 154s
[gpu0] [ 743/1000] samples:  37150 | chain(game/max/avg): 4/7/4.2 | reward(game/avg): 8370/9421 | 1.67 games/s | ETA: 154s
[gpu0] [ 744/1000] samples:  37200 | chain(game/max/avg): 4/7/4.2 | reward(game/avg): 9230/9421 | 1.67 games/s | ETA: 153s
[gpu0] [ 745/1000] samples:  37250 | chain(game/max/avg): 4/7/4.2 | reward(game/avg): 6840/9418 | 1.68 games/s | ETA: 152s
[gpu0] [ 746/1000] samples:  37300 | chain(game/max/avg): 4/7/4.2 | reward(game/avg): 6960/9414 | 1.68 games/s | ETA: 151s
[gpu0] [ 747/1000] samples:  37350 | chain(game/max/avg): 4/7/4.2 | reward(game/avg): 7740/9412 | 1.68 games/s | ETA: 150s
[gpu0] [ 748/1000] samples:  37400 | chain(game/max/avg): 3/7/4.2 | reward(game/avg): 7490/9410 | 1.68 games/s | ETA: 150s
[gpu0] [ 749/1000] samples:  37450 | chain(game/max/avg): 5/7/4.2 | reward(game/avg): 14000/9416 | 1.69 games/s | ETA: 149s
[gpu0] [ 751/1000] samples:  37550 | chain(game/max/avg): 3/7/4.2 | reward(game/avg): 7490/9428 | 1.69 games/s | ETA: 147s
[gpu0] [ 750/1000] samples:  37550 | chain(game/max/avg): 5/7/4.2 | reward(game/avg): 20780/9441 | 1.69 games/s | ETA: 148s
[gpu0] [ 752/1000] samples:  37600 | chain(game/max/avg): 4/7/4.2 | reward(game/avg): 7740/9426 | 1.69 games/s | ETA: 147s
[gpu0] [ 753/1000] samples:  37650 | chain(game/max/avg): 3/7/4.2 | reward(game/avg): 5230/9420 | 1.69 games/s | ETA: 146s
[gpu0] [ 754/1000] samples:  37700 | chain(game/max/avg): 4/7/4.2 | reward(game/avg): 9020/9420 | 1.70 games/s | ETA: 145s
[gpu0] [ 755/1000] samples:  37750 | chain(game/max/avg): 4/7/4.2 | reward(game/avg): 10470/9421 | 1.70 games/s | ETA: 144s
[gpu0] [ 756/1000] samples:  37800 | chain(game/max/avg): 5/7/4.2 | reward(game/avg): 11580/9424 | 1.70 games/s | ETA: 143s
[gpu0] [ 757/1000] samples:  37850 | chain(game/max/avg): 5/7/4.2 | reward(game/avg): 9300/9424 | 1.70 games/s | ETA: 143s
[gpu0] [ 758/1000] samples:  37900 | chain(game/max/avg): 4/7/4.2 | reward(game/avg): 7280/9421 | 1.71 games/s | ETA: 142s
[gpu0] [ 759/1000] samples:  37950 | chain(game/max/avg): 3/7/4.2 | reward(game/avg): 5420/9416 | 1.71 games/s | ETA: 141s
[gpu0] [ 760/1000] samples:  38000 | chain(game/max/avg): 3/7/4.2 | reward(game/avg): 5860/9411 | 1.71 games/s | ETA: 140s
[gpu0] [ 761/1000] samples:  38050 | chain(game/max/avg): 7/7/4.2 | reward(game/avg): 28640/9436 | 1.71 games/s | ETA: 140s
[gpu0] [ 762/1000] samples:  38100 | chain(game/max/avg): 4/7/4.2 | reward(game/avg): 7730/9434 | 1.71 games/s | ETA: 139s
[gpu0] [ 763/1000] samples:  38150 | chain(game/max/avg): 4/7/4.2 | reward(game/avg): 10140/9435 | 1.72 games/s | ETA: 138s
[gpu0] [ 764/1000] samples:  38200 | chain(game/max/avg): 4/7/4.2 | reward(game/avg): 6820/9432 | 1.72 games/s | ETA: 137s
[gpu0] [ 765/1000] samples:  38250 | chain(game/max/avg): 3/7/4.2 | reward(game/avg): 6480/9428 | 1.72 games/s | ETA: 137s
[gpu0] [ 766/1000] samples:  38300 | chain(game/max/avg): 4/7/4.2 | reward(game/avg): 6150/9424 | 1.72 games/s | ETA: 136s
[gpu0] [ 767/1000] samples:  38350 | chain(game/max/avg): 3/7/4.2 | reward(game/avg): 4600/9417 | 1.73 games/s | ETA: 135s
[gpu0] [ 768/1000] samples:  38400 | chain(game/max/avg): 6/7/4.2 | reward(game/avg): 21850/9433 | 1.73 games/s | ETA: 134s
[gpu0] [ 769/1000] samples:  38450 | chain(game/max/avg): 4/7/4.2 | reward(game/avg): 7400/9431 | 1.73 games/s | ETA: 133s
[gpu0] [ 770/1000] samples:  38500 | chain(game/max/avg): 4/7/4.2 | reward(game/avg): 7480/9428 | 1.73 games/s | ETA: 133s
[gpu0] [ 771/1000] samples:  38550 | chain(game/max/avg): 4/7/4.2 | reward(game/avg): 7240/9425 | 1.74 games/s | ETA: 132s
[gpu0] [ 772/1000] samples:  38600 | chain(game/max/avg): 4/7/4.2 | reward(game/avg): 7260/9423 | 1.74 games/s | ETA: 131s
[gpu0] [ 773/1000] samples:  38650 | chain(game/max/avg): 4/7/4.2 | reward(game/avg): 6100/9418 | 1.74 games/s | ETA: 130s
[gpu0] [ 774/1000] samples:  38700 | chain(game/max/avg): 3/7/4.2 | reward(game/avg): 5160/9413 | 1.74 games/s | ETA: 130s
[gpu0] [ 775/1000] samples:  38750 | chain(game/max/avg): 4/7/4.2 | reward(game/avg): 8760/9412 | 1.74 games/s | ETA: 129s
[gpu0] [ 776/1000] samples:  38800 | chain(game/max/avg): 3/7/4.2 | reward(game/avg): 6600/9408 | 1.75 games/s | ETA: 128s
[gpu0] [ 777/1000] samples:  38850 | chain(game/max/avg): 5/7/4.2 | reward(game/avg): 10180/9409 | 1.75 games/s | ETA: 128s
[gpu0] [ 778/1000] samples:  38900 | chain(game/max/avg): 5/7/4.2 | reward(game/avg): 12950/9414 | 1.75 games/s | ETA: 127s
[gpu0] [ 779/1000] samples:  38950 | chain(game/max/avg): 4/7/4.2 | reward(game/avg): 6260/9410 | 1.75 games/s | ETA: 126s
[gpu0] [ 780/1000] samples:  39000 | chain(game/max/avg): 3/7/4.2 | reward(game/avg): 5540/9405 | 1.76 games/s | ETA: 125s
[gpu0] [ 781/1000] samples:  39050 | chain(game/max/avg): 5/7/4.2 | reward(game/avg): 10550/9406 | 1.76 games/s | ETA: 125s
[gpu0] [ 782/1000] samples:  39100 | chain(game/max/avg): 4/7/4.2 | reward(game/avg): 12610/9410 | 1.76 games/s | ETA: 124s
[gpu0] [ 783/1000] samples:  39150 | chain(game/max/avg): 6/7/4.2 | reward(game/avg): 16600/9420 | 1.76 games/s | ETA: 123s
[gpu0] [ 784/1000] samples:  39200 | chain(game/max/avg): 4/7/4.2 | reward(game/avg): 7560/9417 | 1.76 games/s | ETA: 122s
[gpu0] [ 785/1000] samples:  39250 | chain(game/max/avg): 5/7/4.2 | reward(game/avg): 11810/9420 | 1.77 games/s | ETA: 122s
[gpu0] [ 786/1000] samples:  39300 | chain(game/max/avg): 4/7/4.2 | reward(game/avg): 8930/9420 | 1.77 games/s | ETA: 121s
[gpu0] [ 787/1000] samples:  39350 | chain(game/max/avg): 5/7/4.2 | reward(game/avg): 15100/9427 | 1.77 games/s | ETA: 120s
[gpu0] [ 788/1000] samples:  39400 | chain(game/max/avg): 6/7/4.2 | reward(game/avg): 17250/9437 | 1.77 games/s | ETA: 120s
[gpu0] [ 789/1000] samples:  39450 | chain(game/max/avg): 4/7/4.2 | reward(game/avg): 5760/9432 | 1.78 games/s | ETA: 119s
[gpu0] [ 791/1000] samples:  39550 | chain(game/max/avg): 3/7/4.2 | reward(game/avg): 5860/9427 | 1.78 games/s | ETA: 117s
[gpu0] [ 790/1000] samples:  39500 | chain(game/max/avg): 4/7/4.2 | reward(game/avg): 9080/9432 | 1.78 games/s | ETA: 118s
[gpu0] [ 792/1000] samples:  39600 | chain(game/max/avg): 4/7/4.2 | reward(game/avg): 7420/9425 | 1.78 games/s | ETA: 117s
[gpu0] [ 793/1000] samples:  39650 | chain(game/max/avg): 4/7/4.2 | reward(game/avg): 6520/9421 | 1.78 games/s | ETA: 116s
[gpu0] [ 794/1000] samples:  39700 | chain(game/max/avg): 6/7/4.2 | reward(game/avg): 20560/9435 | 1.79 games/s | ETA: 115s
[gpu0] [ 795/1000] samples:  39750 | chain(game/max/avg): 4/7/4.2 | reward(game/avg): 6360/9431 | 1.79 games/s | ETA: 115s
[gpu0] [ 796/1000] samples:  39800 | chain(game/max/avg): 3/7/4.2 | reward(game/avg): 6110/9427 | 1.79 games/s | ETA: 114s
[gpu0] [ 797/1000] samples:  39850 | chain(game/max/avg): 4/7/4.2 | reward(game/avg): 10240/9428 | 1.79 games/s | ETA: 113s
[gpu0] [ 798/1000] samples:  39900 | chain(game/max/avg): 3/7/4.2 | reward(game/avg): 5810/9423 | 1.80 games/s | ETA: 112s
[gpu0] [ 799/1000] samples:  39950 | chain(game/max/avg): 5/7/4.2 | reward(game/avg): 11200/9426 | 1.80 games/s | ETA: 112s
[gpu0] [ 800/1000] samples:  40000 | chain(game/max/avg): 4/7/4.2 | reward(game/avg): 4960/9420 | 1.80 games/s | ETA: 111s
[gpu0] [ 801/1000] samples:  40050 | chain(game/max/avg): 4/7/4.2 | reward(game/avg): 8540/9419 | 1.80 games/s | ETA: 110s
[gpu0] [ 802/1000] samples:  40100 | chain(game/max/avg): 4/7/4.2 | reward(game/avg): 10320/9420 | 1.80 games/s | ETA: 110s
[gpu0] [ 803/1000] samples:  40150 | chain(game/max/avg): 4/7/4.2 | reward(game/avg): 6560/9417 | 1.81 games/s | ETA: 109s
[gpu0] [ 804/1000] samples:  40200 | chain(game/max/avg): 5/7/4.2 | reward(game/avg): 8600/9416 | 1.81 games/s | ETA: 108s
[gpu0] [ 805/1000] samples:  40250 | chain(game/max/avg): 5/7/4.2 | reward(game/avg): 11540/9418 | 1.81 games/s | ETA: 108s
[gpu0] [ 806/1000] samples:  40300 | chain(game/max/avg): 4/7/4.2 | reward(game/avg): 4980/9413 | 1.81 games/s | ETA: 107s
[gpu0] [ 807/1000] samples:  40350 | chain(game/max/avg): 3/7/4.2 | reward(game/avg): 8220/9411 | 1.81 games/s | ETA: 107s
[gpu0] [ 810/1000] samples:  40500 | chain(game/max/avg): 3/7/4.2 | reward(game/avg): 3480/9403 | 1.82 games/s | ETA: 105s
[gpu0] [ 809/1000] samples:  40450 | chain(game/max/avg): 5/7/4.2 | reward(game/avg): 10640/9411 | 1.82 games/s | ETA: 105s
[gpu0] [ 808/1000] samples:  40450 | chain(game/max/avg): 3/7/4.2 | reward(game/avg): 7810/9422 | 1.81 games/s | ETA: 106s
[gpu0] [ 811/1000] samples:  40550 | chain(game/max/avg): 4/7/4.2 | reward(game/avg): 7580/9401 | 1.82 games/s | ETA: 104s
[gpu0] [ 812/1000] samples:  40600 | chain(game/max/avg): 5/7/4.2 | reward(game/avg): 15320/9408 | 1.82 games/s | ETA: 103s
[gpu0] [ 813/1000] samples:  40650 | chain(game/max/avg): 3/7/4.2 | reward(game/avg): 5580/9404 | 1.82 games/s | ETA: 103s
[gpu0] [ 814/1000] samples:  40700 | chain(game/max/avg): 4/7/4.2 | reward(game/avg): 7540/9401 | 1.82 games/s | ETA: 102s
[gpu0] [ 815/1000] samples:  40750 | chain(game/max/avg): 4/7/4.2 | reward(game/avg): 8060/9400 | 1.83 games/s | ETA: 101s
[gpu0] [ 816/1000] samples:  40800 | chain(game/max/avg): 4/7/4.2 | reward(game/avg): 8820/9399 | 1.83 games/s | ETA: 101s
[gpu0] [ 817/1000] samples:  40850 | chain(game/max/avg): 4/7/4.2 | reward(game/avg): 9280/9399 | 1.83 games/s | ETA: 100s
[gpu0] [ 818/1000] samples:  40900 | chain(game/max/avg): 3/7/4.2 | reward(game/avg): 5470/9394 | 1.83 games/s | ETA: 99s
[gpu0] [ 819/1000] samples:  40950 | chain(game/max/avg): 5/7/4.2 | reward(game/avg): 10180/9395 | 1.84 games/s | ETA: 99s
[gpu0] [ 820/1000] samples:  41000 | chain(game/max/avg): 5/7/4.2 | reward(game/avg): 16120/9403 | 1.84 games/s | ETA: 98s
[gpu0] [ 821/1000] samples:  41050 | chain(game/max/avg): 4/7/4.2 | reward(game/avg): 5390/9398 | 1.84 games/s | ETA: 97s
[gpu0] [ 822/1000] samples:  41100 | chain(game/max/avg): 4/7/4.2 | reward(game/avg): 8420/9397 | 1.84 games/s | ETA: 97s
[gpu0] [ 823/1000] samples:  41150 | chain(game/max/avg): 4/7/4.2 | reward(game/avg): 7240/9395 | 1.84 games/s | ETA: 96s
[gpu0] [ 824/1000] samples:  41200 | chain(game/max/avg): 5/7/4.2 | reward(game/avg): 12600/9399 | 1.85 games/s | ETA: 95s
[gpu0] [ 825/1000] samples:  41250 | chain(game/max/avg): 4/7/4.2 | reward(game/avg): 10900/9400 | 1.85 games/s | ETA: 95s
[gpu0] [ 826/1000] samples:  41300 | chain(game/max/avg): 4/7/4.2 | reward(game/avg): 5920/9396 | 1.85 games/s | ETA: 94s
[gpu0] [ 827/1000] samples:  41350 | chain(game/max/avg): 4/7/4.2 | reward(game/avg): 6960/9393 | 1.85 games/s | ETA: 93s
[gpu0] [ 828/1000] samples:  41400 | chain(game/max/avg): 5/7/4.2 | reward(game/avg): 8540/9392 | 1.86 games/s | ETA: 93s
[gpu0] [ 829/1000] samples:  41450 | chain(game/max/avg): 4/7/4.2 | reward(game/avg): 8100/9391 | 1.86 games/s | ETA: 92s
[gpu0] [ 830/1000] samples:  41500 | chain(game/max/avg): 3/7/4.2 | reward(game/avg): 5310/9386 | 1.86 games/s | ETA: 91s
[gpu0] [ 831/1000] samples:  41550 | chain(game/max/avg): 3/7/4.2 | reward(game/avg): 4240/9380 | 1.86 games/s | ETA: 91s
[gpu0] [ 832/1000] samples:  41600 | chain(game/max/avg): 4/7/4.2 | reward(game/avg): 5600/9375 | 1.86 games/s | ETA: 90s
[gpu0] [ 833/1000] samples:  41650 | chain(game/max/avg): 4/7/4.2 | reward(game/avg): 8220/9374 | 1.87 games/s | ETA: 89s
[gpu0] [ 834/1000] samples:  41700 | chain(game/max/avg): 5/7/4.2 | reward(game/avg): 11120/9376 | 1.87 games/s | ETA: 89s
[gpu0] [ 835/1000] samples:  41750 | chain(game/max/avg): 6/7/4.2 | reward(game/avg): 15940/9384 | 1.87 games/s | ETA: 88s
[gpu0] [ 836/1000] samples:  41800 | chain(game/max/avg): 5/7/4.2 | reward(game/avg): 9140/9383 | 1.87 games/s | ETA: 88s
[gpu0] [ 838/1000] samples:  41900 | chain(game/max/avg): 6/7/4.2 | reward(game/avg): 17640/9392 | 1.88 games/s | ETA: 86s
[gpu0] [ 837/1000] samples:  41850 | chain(game/max/avg): 4/7/4.2 | reward(game/avg): 8680/9382 | 1.88 games/s | ETA: 87s
[gpu0] [ 839/1000] samples:  41950 | chain(game/max/avg): 3/7/4.2 | reward(game/avg): 7170/9390 | 1.88 games/s | ETA: 86s
[gpu0] [ 840/1000] samples:  42000 | chain(game/max/avg): 3/7/4.2 | reward(game/avg): 7220/9387 | 1.88 games/s | ETA: 85s
[gpu0] [ 841/1000] samples:  42050 | chain(game/max/avg): 4/7/4.2 | reward(game/avg): 8260/9386 | 1.88 games/s | ETA: 84s
[gpu0] [ 842/1000] samples:  42100 | chain(game/max/avg): 3/7/4.2 | reward(game/avg): 4680/9380 | 1.89 games/s | ETA: 84s
[gpu0] [ 843/1000] samples:  42150 | chain(game/max/avg): 3/7/4.2 | reward(game/avg): 5380/9375 | 1.89 games/s | ETA: 83s
[gpu0] [ 844/1000] samples:  42200 | chain(game/max/avg): 4/7/4.2 | reward(game/avg): 11120/9377 | 1.89 games/s | ETA: 82s
[gpu0] [ 845/1000] samples:  42250 | chain(game/max/avg): 4/7/4.2 | reward(game/avg): 9930/9378 | 1.89 games/s | ETA: 82s
[gpu0] [ 846/1000] samples:  42300 | chain(game/max/avg): 4/7/4.2 | reward(game/avg): 9080/9378 | 1.90 games/s | ETA: 81s
[gpu0] [ 847/1000] samples:  42350 | chain(game/max/avg): 4/7/4.2 | reward(game/avg): 6050/9374 | 1.90 games/s | ETA: 81s
[gpu0] [ 848/1000] samples:  42400 | chain(game/max/avg): 4/7/4.2 | reward(game/avg): 9940/9374 | 1.90 games/s | ETA: 80s
[gpu0] [ 849/1000] samples:  42450 | chain(game/max/avg): 4/7/4.2 | reward(game/avg): 9960/9375 | 1.90 games/s | ETA: 79s
[gpu0] [ 850/1000] samples:  42500 | chain(game/max/avg): 4/7/4.2 | reward(game/avg): 7270/9373 | 1.90 games/s | ETA: 79s
[gpu0] [ 851/1000] samples:  42550 | chain(game/max/avg): 3/7/4.2 | reward(game/avg): 6790/9370 | 1.91 games/s | ETA: 78s
[gpu0] [ 852/1000] samples:  42600 | chain(game/max/avg): 4/7/4.2 | reward(game/avg): 7020/9367 | 1.91 games/s | ETA: 78s
[gpu0] [ 853/1000] samples:  42650 | chain(game/max/avg): 7/7/4.2 | reward(game/avg): 20280/9380 | 1.91 games/s | ETA: 77s
[gpu0] [ 854/1000] samples:  42700 | chain(game/max/avg): 4/7/4.2 | reward(game/avg): 7770/9378 | 1.91 games/s | ETA: 76s
[gpu0] [ 855/1000] samples:  42750 | chain(game/max/avg): 4/7/4.2 | reward(game/avg): 6390/9374 | 1.92 games/s | ETA: 76s
[gpu0] [ 856/1000] samples:  42800 | chain(game/max/avg): 3/7/4.2 | reward(game/avg): 6690/9371 | 1.92 games/s | ETA: 75s
[gpu0] [ 857/1000] samples:  42850 | chain(game/max/avg): 5/7/4.2 | reward(game/avg): 7820/9369 | 1.92 games/s | ETA: 74s
[gpu0] [ 858/1000] samples:  42900 | chain(game/max/avg): 4/7/4.2 | reward(game/avg): 10200/9370 | 1.92 games/s | ETA: 74s
[gpu0] [ 859/1000] samples:  42950 | chain(game/max/avg): 4/7/4.2 | reward(game/avg): 7620/9368 | 1.92 games/s | ETA: 73s
[gpu0] [ 860/1000] samples:  43000 | chain(game/max/avg): 5/7/4.2 | reward(game/avg): 12760/9372 | 1.93 games/s | ETA: 73s
[gpu0] [ 861/1000] samples:  43050 | chain(game/max/avg): 3/7/4.2 | reward(game/avg): 5400/9368 | 1.93 games/s | ETA: 72s
[gpu0] [ 862/1000] samples:  43100 | chain(game/max/avg): 4/7/4.2 | reward(game/avg): 9390/9368 | 1.93 games/s | ETA: 71s
[gpu0] [ 863/1000] samples:  43150 | chain(game/max/avg): 5/7/4.2 | reward(game/avg): 12760/9372 | 1.93 games/s | ETA: 71s
[gpu0] [ 864/1000] samples:  43200 | chain(game/max/avg): 4/7/4.2 | reward(game/avg): 6230/9368 | 1.94 games/s | ETA: 70s
[gpu0] [ 865/1000] samples:  43300 | chain(game/max/avg): 4/7/4.2 | reward(game/avg): 6700/9374 | 1.94 games/s | ETA: 70s
[gpu0] [ 866/1000] samples:  43300 | chain(game/max/avg): 4/7/4.2 | reward(game/avg): 7600/9363 | 1.94 games/s | ETA: 69s
[gpu0] [ 867/1000] samples:  43350 | chain(game/max/avg): 4/7/4.2 | reward(game/avg): 7840/9361 | 1.94 games/s | ETA: 69s
[gpu0] [ 868/1000] samples:  43400 | chain(game/max/avg): 4/7/4.2 | reward(game/avg): 5600/9357 | 1.94 games/s | ETA: 68s
[gpu0] [ 869/1000] samples:  43450 | chain(game/max/avg): 5/7/4.2 | reward(game/avg): 10500/9358 | 1.94 games/s | ETA: 67s
[gpu0] [ 870/1000] samples:  43500 | chain(game/max/avg): 4/7/4.2 | reward(game/avg): 7940/9356 | 1.94 games/s | ETA: 67s
[gpu0] [ 872/1000] samples:  43600 | chain(game/max/avg): 5/7/4.2 | reward(game/avg): 12160/9363 | 1.95 games/s | ETA: 66s
[gpu0] [ 871/1000] samples:  43550 | chain(game/max/avg): 4/7/4.2 | reward(game/avg): 12360/9360 | 1.95 games/s | ETA: 66s
[gpu0] [ 873/1000] samples:  43650 | chain(game/max/avg): 3/7/4.2 | reward(game/avg): 8000/9362 | 1.95 games/s | ETA: 65s
[gpu0] [ 874/1000] samples:  43700 | chain(game/max/avg): 3/7/4.2 | reward(game/avg): 6470/9358 | 1.95 games/s | ETA: 65s
[gpu0] [ 875/1000] samples:  43750 | chain(game/max/avg): 4/7/4.2 | reward(game/avg): 6560/9355 | 1.95 games/s | ETA: 64s
[gpu0] [ 876/1000] samples:  43800 | chain(game/max/avg): 4/7/4.2 | reward(game/avg): 10040/9356 | 1.96 games/s | ETA: 63s
[gpu0] [ 877/1000] samples:  43850 | chain(game/max/avg): 4/7/4.2 | reward(game/avg): 9000/9355 | 1.96 games/s | ETA: 63s
[gpu0] [ 878/1000] samples:  43900 | chain(game/max/avg): 4/7/4.2 | reward(game/avg): 8440/9354 | 1.96 games/s | ETA: 62s
[gpu0] [ 879/1000] samples:  43950 | chain(game/max/avg): 4/7/4.2 | reward(game/avg): 7250/9352 | 1.96 games/s | ETA: 62s
[gpu0] [ 880/1000] samples:  44000 | chain(game/max/avg): 4/7/4.2 | reward(game/avg): 7300/9350 | 1.96 games/s | ETA: 61s
[gpu0] [ 881/1000] samples:  44050 | chain(game/max/avg): 5/7/4.2 | reward(game/avg): 12780/9353 | 1.97 games/s | ETA: 60s
[gpu0] [ 882/1000] samples:  44100 | chain(game/max/avg): 4/7/4.2 | reward(game/avg): 7700/9352 | 1.97 games/s | ETA: 60s
[gpu0] [ 883/1000] samples:  44150 | chain(game/max/avg): 5/7/4.2 | reward(game/avg): 11380/9354 | 1.97 games/s | ETA: 59s
[gpu0] [ 884/1000] samples:  44200 | chain(game/max/avg): 3/7/4.2 | reward(game/avg): 9120/9354 | 1.97 games/s | ETA: 59s
[gpu0] [ 885/1000] samples:  44250 | chain(game/max/avg): 5/7/4.2 | reward(game/avg): 13940/9359 | 1.98 games/s | ETA: 58s
[gpu0] [ 886/1000] samples:  44300 | chain(game/max/avg): 5/7/4.2 | reward(game/avg): 11400/9361 | 1.98 games/s | ETA: 58s
[gpu0] [ 887/1000] samples:  44350 | chain(game/max/avg): 4/7/4.2 | reward(game/avg): 6150/9358 | 1.98 games/s | ETA: 57s
[gpu0] [ 888/1000] samples:  44400 | chain(game/max/avg): 3/7/4.2 | reward(game/avg): 4460/9352 | 1.98 games/s | ETA: 56s
[gpu0] [ 889/1000] samples:  44450 | chain(game/max/avg): 4/7/4.2 | reward(game/avg): 9830/9353 | 1.98 games/s | ETA: 56s
[gpu0] [ 890/1000] samples:  44550 | chain(game/max/avg): 3/7/4.2 | reward(game/avg): 7510/9363 | 1.99 games/s | ETA: 55s
[gpu0] [ 891/1000] samples:  44550 | chain(game/max/avg): 5/7/4.2 | reward(game/avg): 10840/9352 | 1.99 games/s | ETA: 55s
[gpu0] [ 892/1000] samples:  44600 | chain(game/max/avg): 4/7/4.2 | reward(game/avg): 5820/9348 | 1.99 games/s | ETA: 54s
[gpu0] [ 893/1000] samples:  44650 | chain(game/max/avg): 4/7/4.2 | reward(game/avg): 7360/9346 | 1.99 games/s | ETA: 54s
[gpu0] [ 894/1000] samples:  44700 | chain(game/max/avg): 6/7/4.2 | reward(game/avg): 16850/9354 | 2.00 games/s | ETA: 53s
[gpu0] [ 895/1000] samples:  44750 | chain(game/max/avg): 5/7/4.2 | reward(game/avg): 15440/9361 | 2.00 games/s | ETA: 53s
[gpu0] [ 896/1000] samples:  44800 | chain(game/max/avg): 5/7/4.2 | reward(game/avg): 9970/9362 | 2.00 games/s | ETA: 52s
[gpu0] [ 897/1000] samples:  44850 | chain(game/max/avg): 5/7/4.2 | reward(game/avg): 12960/9366 | 2.00 games/s | ETA: 51s
[gpu0] [ 898/1000] samples:  44900 | chain(game/max/avg): 4/7/4.2 | reward(game/avg): 8720/9365 | 2.00 games/s | ETA: 51s
[gpu0] [ 899/1000] samples:  44950 | chain(game/max/avg): 5/7/4.2 | reward(game/avg): 13600/9370 | 2.01 games/s | ETA: 50s
[gpu0] [ 900/1000] samples:  45000 | chain(game/max/avg): 4/7/4.2 | reward(game/avg): 7860/9368 | 2.01 games/s | ETA: 50s
[gpu0] [ 901/1000] samples:  45050 | chain(game/max/avg): 5/7/4.2 | reward(game/avg): 20760/9381 | 2.01 games/s | ETA: 49s
[gpu0] [ 902/1000] samples:  45100 | chain(game/max/avg): 4/7/4.2 | reward(game/avg): 9460/9381 | 2.01 games/s | ETA: 49s
[gpu0] [ 903/1000] samples:  45150 | chain(game/max/avg): 4/7/4.2 | reward(game/avg): 10710/9382 | 2.02 games/s | ETA: 48s
[gpu0] [ 904/1000] samples:  45200 | chain(game/max/avg): 4/7/4.2 | reward(game/avg): 7900/9381 | 2.02 games/s | ETA: 48s
[gpu0] [ 905/1000] samples:  45250 | chain(game/max/avg): 4/7/4.2 | reward(game/avg): 7670/9379 | 2.02 games/s | ETA: 47s
[gpu0] [ 906/1000] samples:  45300 | chain(game/max/avg): 6/7/4.2 | reward(game/avg): 18320/9389 | 2.02 games/s | ETA: 46s
[gpu0] [ 907/1000] samples:  45350 | chain(game/max/avg): 3/7/4.2 | reward(game/avg): 5780/9385 | 2.02 games/s | ETA: 46s
[gpu0] [ 908/1000] samples:  45400 | chain(game/max/avg): 4/7/4.2 | reward(game/avg): 8550/9384 | 2.03 games/s | ETA: 45s
[gpu0] [ 909/1000] samples:  45450 | chain(game/max/avg): 5/7/4.2 | reward(game/avg): 10240/9385 | 2.03 games/s | ETA: 45s
[gpu0] [ 910/1000] samples:  45500 | chain(game/max/avg): 5/7/4.2 | reward(game/avg): 15030/9391 | 2.03 games/s | ETA: 44s
[gpu0] [ 911/1000] samples:  45550 | chain(game/max/avg): 6/7/4.2 | reward(game/avg): 18430/9401 | 2.03 games/s | ETA: 44s
[gpu0] [ 912/1000] samples:  45600 | chain(game/max/avg): 4/7/4.2 | reward(game/avg): 10540/9402 | 2.04 games/s | ETA: 43s
[gpu0] [ 913/1000] samples:  45650 | chain(game/max/avg): 4/7/4.2 | reward(game/avg): 10660/9403 | 2.04 games/s | ETA: 43s
[gpu0] [ 914/1000] samples:  45700 | chain(game/max/avg): 4/7/4.2 | reward(game/avg): 8240/9402 | 2.04 games/s | ETA: 42s
[gpu0] [ 915/1000] samples:  45750 | chain(game/max/avg): 3/7/4.2 | reward(game/avg): 5690/9398 | 2.04 games/s | ETA: 42s
[gpu0] [ 916/1000] samples:  45800 | chain(game/max/avg): 4/7/4.2 | reward(game/avg): 6280/9395 | 2.04 games/s | ETA: 41s
[gpu0] [ 917/1000] samples:  45850 | chain(game/max/avg): 3/7/4.2 | reward(game/avg): 6160/9391 | 2.05 games/s | ETA: 41s
[gpu0] [ 918/1000] samples:  45900 | chain(game/max/avg): 4/7/4.2 | reward(game/avg): 6040/9388 | 2.05 games/s | ETA: 40s
[gpu0] [ 919/1000] samples:  45950 | chain(game/max/avg): 5/7/4.2 | reward(game/avg): 10990/9389 | 2.05 games/s | ETA: 39s
[gpu0] [ 920/1000] samples:  46000 | chain(game/max/avg): 6/7/4.2 | reward(game/avg): 15720/9396 | 2.05 games/s | ETA: 39s
[gpu0] [ 921/1000] samples:  46050 | chain(game/max/avg): 4/7/4.2 | reward(game/avg): 7220/9394 | 2.06 games/s | ETA: 38s
[gpu0] [ 922/1000] samples:  46100 | chain(game/max/avg): 4/7/4.2 | reward(game/avg): 8450/9393 | 2.06 games/s | ETA: 38s
[gpu0] [ 923/1000] samples:  46150 | chain(game/max/avg): 4/7/4.2 | reward(game/avg): 9000/9392 | 2.06 games/s | ETA: 37s
[gpu0] [ 924/1000] samples:  46200 | chain(game/max/avg): 4/7/4.2 | reward(game/avg): 10120/9393 | 2.06 games/s | ETA: 37s
[gpu0] [ 925/1000] samples:  46250 | chain(game/max/avg): 6/7/4.2 | reward(game/avg): 16200/9401 | 2.06 games/s | ETA: 36s
[gpu0] [ 926/1000] samples:  46300 | chain(game/max/avg): 4/7/4.2 | reward(game/avg): 7360/9398 | 2.07 games/s | ETA: 36s
[gpu0] [ 927/1000] samples:  46350 | chain(game/max/avg): 4/7/4.2 | reward(game/avg): 7630/9396 | 2.07 games/s | ETA: 35s
[gpu0] [ 928/1000] samples:  46400 | chain(game/max/avg): 4/7/4.2 | reward(game/avg): 8470/9395 | 2.07 games/s | ETA: 35s
[gpu0] [ 929/1000] samples:  46450 | chain(game/max/avg): 3/7/4.2 | reward(game/avg): 4860/9391 | 2.07 games/s | ETA: 34s
[gpu0] [ 930/1000] samples:  46500 | chain(game/max/avg): 4/7/4.2 | reward(game/avg): 5640/9387 | 2.08 games/s | ETA: 34s
[gpu0] [ 931/1000] samples:  46550 | chain(game/max/avg): 4/7/4.2 | reward(game/avg): 9090/9386 | 2.08 games/s | ETA: 33s
[gpu0] [ 932/1000] samples:  46600 | chain(game/max/avg): 4/7/4.2 | reward(game/avg): 9050/9386 | 2.08 games/s | ETA: 33s
[gpu0] [ 933/1000] samples:  46650 | chain(game/max/avg): 5/7/4.2 | reward(game/avg): 13770/9391 | 2.08 games/s | ETA: 32s
[gpu0] [ 934/1000] samples:  46700 | chain(game/max/avg): 4/7/4.2 | reward(game/avg): 9960/9391 | 2.08 games/s | ETA: 32s
[gpu0] [ 935/1000] samples:  46750 | chain(game/max/avg): 4/7/4.2 | reward(game/avg): 9920/9392 | 2.09 games/s | ETA: 31s
[gpu0] [ 936/1000] samples:  46800 | chain(game/max/avg): 4/7/4.2 | reward(game/avg): 7460/9390 | 2.09 games/s | ETA: 31s
[gpu0] [ 937/1000] samples:  46850 | chain(game/max/avg): 4/7/4.2 | reward(game/avg): 9390/9390 | 2.09 games/s | ETA: 30s
[gpu0] [ 938/1000] samples:  46900 | chain(game/max/avg): 3/7/4.2 | reward(game/avg): 6050/9386 | 2.09 games/s | ETA: 30s
[gpu0] [ 939/1000] samples:  46950 | chain(game/max/avg): 5/7/4.2 | reward(game/avg): 10980/9388 | 2.09 games/s | ETA: 29s
[gpu0] [ 940/1000] samples:  47000 | chain(game/max/avg): 5/7/4.2 | reward(game/avg): 13880/9393 | 2.09 games/s | ETA: 29s
[gpu0] [ 941/1000] samples:  47050 | chain(game/max/avg): 4/7/4.2 | reward(game/avg): 9690/9393 | 2.09 games/s | ETA: 28s
[gpu0] [ 942/1000] samples:  47100 | chain(game/max/avg): 3/7/4.2 | reward(game/avg): 7870/9391 | 2.09 games/s | ETA: 28s
[gpu0] [ 943/1000] samples:  47150 | chain(game/max/avg): 3/7/4.2 | reward(game/avg): 7400/9389 | 2.10 games/s | ETA: 27s
[gpu0] [ 944/1000] samples:  47200 | chain(game/max/avg): 7/7/4.2 | reward(game/avg): 17710/9398 | 2.10 games/s | ETA: 27s
[gpu0] [ 945/1000] samples:  47250 | chain(game/max/avg): 3/7/4.2 | reward(game/avg): 5260/9394 | 2.10 games/s | ETA: 26s
[gpu0] [ 946/1000] samples:  47300 | chain(game/max/avg): 4/7/4.2 | reward(game/avg): 7820/9392 | 2.10 games/s | ETA: 26s
[gpu0] [ 947/1000] samples:  47350 | chain(game/max/avg): 4/7/4.2 | reward(game/avg): 8760/9391 | 2.11 games/s | ETA: 25s
[gpu0] [ 948/1000] samples:  47400 | chain(game/max/avg): 4/7/4.2 | reward(game/avg): 8220/9390 | 2.11 games/s | ETA: 25s
[gpu0] [ 949/1000] samples:  47450 | chain(game/max/avg): 5/7/4.2 | reward(game/avg): 9800/9390 | 2.11 games/s | ETA: 24s
[gpu0] [ 950/1000] samples:  47500 | chain(game/max/avg): 5/7/4.2 | reward(game/avg): 10280/9391 | 2.11 games/s | ETA: 24s
[gpu0] [ 951/1000] samples:  47550 | chain(game/max/avg): 3/7/4.2 | reward(game/avg): 8180/9390 | 2.11 games/s | ETA: 23s
[gpu0] [ 952/1000] samples:  47600 | chain(game/max/avg): 4/7/4.2 | reward(game/avg): 8940/9390 | 2.12 games/s | ETA: 23s
[gpu0] [ 953/1000] samples:  47650 | chain(game/max/avg): 4/7/4.2 | reward(game/avg): 8390/9389 | 2.12 games/s | ETA: 22s
[gpu0] [ 954/1000] samples:  47700 | chain(game/max/avg): 5/7/4.2 | reward(game/avg): 11440/9391 | 2.12 games/s | ETA: 22s
[gpu0] [ 955/1000] samples:  47750 | chain(game/max/avg): 4/7/4.2 | reward(game/avg): 5680/9387 | 2.12 games/s | ETA: 21s
[gpu0] [ 956/1000] samples:  47800 | chain(game/max/avg): 4/7/4.2 | reward(game/avg): 7980/9385 | 2.13 games/s | ETA: 21s
[gpu0] [ 957/1000] samples:  47850 | chain(game/max/avg): 4/7/4.2 | reward(game/avg): 7140/9383 | 2.13 games/s | ETA: 20s
[gpu0] [ 958/1000] samples:  47900 | chain(game/max/avg): 4/7/4.2 | reward(game/avg): 10960/9385 | 2.13 games/s | ETA: 20s
[gpu0] [ 959/1000] samples:  47950 | chain(game/max/avg): 3/7/4.2 | reward(game/avg): 4740/9380 | 2.13 games/s | ETA: 19s
[gpu0] [ 960/1000] samples:  48000 | chain(game/max/avg): 4/7/4.2 | reward(game/avg): 9250/9380 | 2.13 games/s | ETA: 19s
[gpu0] [ 961/1000] samples:  48050 | chain(game/max/avg): 3/7/4.2 | reward(game/avg): 6250/9376 | 2.14 games/s | ETA: 18s
[gpu0] [ 962/1000] samples:  48100 | chain(game/max/avg): 4/7/4.2 | reward(game/avg): 8020/9375 | 2.14 games/s | ETA: 18s
[gpu0] [ 963/1000] samples:  48150 | chain(game/max/avg): 4/7/4.2 | reward(game/avg): 10100/9376 | 2.14 games/s | ETA: 17s
[gpu0] [ 964/1000] samples:  48200 | chain(game/max/avg): 4/7/4.2 | reward(game/avg): 7420/9374 | 2.14 games/s | ETA: 17s
[gpu0] [ 965/1000] samples:  48250 | chain(game/max/avg): 4/7/4.2 | reward(game/avg): 10550/9375 | 2.14 games/s | ETA: 16s
[gpu0] [ 966/1000] samples:  48300 | chain(game/max/avg): 5/7/4.2 | reward(game/avg): 13890/9380 | 2.15 games/s | ETA: 16s
[gpu0] [ 967/1000] samples:  48350 | chain(game/max/avg): 3/7/4.2 | reward(game/avg): 5500/9376 | 2.15 games/s | ETA: 15s
[gpu0] [ 968/1000] samples:  48400 | chain(game/max/avg): 4/7/4.2 | reward(game/avg): 7070/9373 | 2.15 games/s | ETA: 15s
[gpu0] [ 969/1000] samples:  48450 | chain(game/max/avg): 4/7/4.2 | reward(game/avg): 7220/9371 | 2.15 games/s | ETA: 14s
[gpu0] [ 970/1000] samples:  48500 | chain(game/max/avg): 5/7/4.2 | reward(game/avg): 12560/9374 | 2.15 games/s | ETA: 14s
[gpu0] [ 971/1000] samples:  48550 | chain(game/max/avg): 3/7/4.2 | reward(game/avg): 6910/9372 | 2.16 games/s | ETA: 13s
[gpu0] [ 972/1000] samples:  48600 | chain(game/max/avg): 4/7/4.2 | reward(game/avg): 8080/9370 | 2.16 games/s | ETA: 13s
[gpu0] [ 973/1000] samples:  48650 | chain(game/max/avg): 5/7/4.2 | reward(game/avg): 11480/9373 | 2.16 games/s | ETA: 12s
[gpu0] [ 974/1000] samples:  48700 | chain(game/max/avg): 4/7/4.2 | reward(game/avg): 9940/9373 | 2.16 games/s | ETA: 12s
[gpu0] [ 975/1000] samples:  48750 | chain(game/max/avg): 5/7/4.2 | reward(game/avg): 11220/9375 | 2.17 games/s | ETA: 12s
[gpu0] [ 976/1000] samples:  48800 | chain(game/max/avg): 3/7/4.2 | reward(game/avg): 6030/9372 | 2.17 games/s | ETA: 11s
[gpu0] [ 977/1000] samples:  48850 | chain(game/max/avg): 3/7/4.2 | reward(game/avg): 7500/9370 | 2.17 games/s | ETA: 11s
[gpu0] [ 978/1000] samples:  48900 | chain(game/max/avg): 7/7/4.2 | reward(game/avg): 20140/9381 | 2.17 games/s | ETA: 10s
[gpu0] [ 979/1000] samples:  48950 | chain(game/max/avg): 5/7/4.2 | reward(game/avg): 12040/9383 | 2.17 games/s | ETA: 10s
[gpu0] [ 980/1000] samples:  49000 | chain(game/max/avg): 4/7/4.2 | reward(game/avg): 7910/9382 | 2.18 games/s | ETA: 9s
[gpu0] [ 981/1000] samples:  49050 | chain(game/max/avg): 5/7/4.2 | reward(game/avg): 8960/9382 | 2.18 games/s | ETA: 9s
[gpu0] [ 982/1000] samples:  49100 | chain(game/max/avg): 3/7/4.2 | reward(game/avg): 6420/9379 | 2.18 games/s | ETA: 8s
[gpu0] [ 983/1000] samples:  49150 | chain(game/max/avg): 4/7/4.2 | reward(game/avg): 8590/9378 | 2.18 games/s | ETA: 8s
[gpu0] [ 984/1000] samples:  49200 | chain(game/max/avg): 4/7/4.2 | reward(game/avg): 6620/9375 | 2.18 games/s | ETA: 7s
[gpu0] [ 985/1000] samples:  49250 | chain(game/max/avg): 3/7/4.2 | reward(game/avg): 8400/9374 | 2.19 games/s | ETA: 7s
[gpu0] [ 986/1000] samples:  49300 | chain(game/max/avg): 4/7/4.2 | reward(game/avg): 6680/9371 | 2.19 games/s | ETA: 6s
[gpu0] [ 987/1000] samples:  49350 | chain(game/max/avg): 3/7/4.2 | reward(game/avg): 7620/9369 | 2.19 games/s | ETA: 6s
[gpu0] [ 988/1000] samples:  49400 | chain(game/max/avg): 5/7/4.2 | reward(game/avg): 10900/9371 | 2.19 games/s | ETA: 5s
[gpu0] [ 989/1000] samples:  49450 | chain(game/max/avg): 4/7/4.2 | reward(game/avg): 8370/9370 | 2.19 games/s | ETA: 5s
[gpu0] [ 990/1000] samples:  49500 | chain(game/max/avg): 6/7/4.2 | reward(game/avg): 14780/9375 | 2.19 games/s | ETA: 5s
[gpu0] [ 991/1000] samples:  49550 | chain(game/max/avg): 4/7/4.2 | reward(game/avg): 9730/9376 | 2.20 games/s | ETA: 4s
[gpu0] [ 992/1000] samples:  49600 | chain(game/max/avg): 4/7/4.2 | reward(game/avg): 11630/9378 | 2.20 games/s | ETA: 4s
[gpu0] [ 993/1000] samples:  49650 | chain(game/max/avg): 4/7/4.2 | reward(game/avg): 9610/9378 | 2.20 games/s | ETA: 3s
[gpu0] [ 994/1000] samples:  49700 | chain(game/max/avg): 5/7/4.2 | reward(game/avg): 9950/9379 | 2.20 games/s | ETA: 3s
[gpu0] [ 995/1000] samples:  49750 | chain(game/max/avg): 6/7/4.2 | reward(game/avg): 15150/9385 | 2.20 games/s | ETA: 2s
[gpu0] [ 996/1000] samples:  49800 | chain(game/max/avg): 4/7/4.2 | reward(game/avg): 7720/9383 | 2.20 games/s | ETA: 2s
[gpu0] [ 997/1000] samples:  49850 | chain(game/max/avg): 4/7/4.2 | reward(game/avg): 8780/9382 | 2.21 games/s | ETA: 1s
[gpu0] [ 998/1000] samples:  49900 | chain(game/max/avg): 6/7/4.2 | reward(game/avg): 13880/9387 | 2.21 games/s | ETA: 1s
[gpu0] [ 999/1000] samples:  49950 | chain(game/max/avg): 4/7/4.2 | reward(game/avg): 6990/9385 | 2.21 games/s | ETA: 0s
[gpu0] [1000/1000] samples:  50000 | chain(game/max/avg): 5/7/4.2 | reward(game/avg): 11460/9387 | 2.21 games/s | ETA: 0s
[gpu0] Self-play complete: 1000 games, 50000 samples, max chain: 7
[gpu0] Saved to runs/rtx5090-3/data/alphazero_iter_4_gpu0.bin
[2026-04-05 23:39:44] Train start (AlphaZero mode, replay buffer, global_step=3000)
    Finished `release` profile [optimized] target(s) in 0.30s
     Running `target/release/train --alphazero --data-dir runs/rtx5090-3/data --global-step 3000 --model-path runs/rtx5090-3/artifacts/puyo_model --artifacts-dir runs/rtx5090-3/artifacts --batch-size 2048 --accum-steps 1 --cols 6 --rows 14 --num-colors 4 --residual-channels 128 --num-blocks 6 --policy-conv-channels 2 --value-conv-channels 1 --value-hidden 64 --film-hidden 128 --lr-stages '0:0.2,100000:0.02,300000:0.002,500000:0.0002'`
Backend: CUDA (GPU)
Game config: cols=6, rows=14, num_colors=4
Net config: residual_channels=128, num_blocks=6
Mode: AlphaZero (Policy CE + Value MSE)
Loading AlphaZero datasets from runs/rtx5090-3/data...
Found 4 data files
  Loaded 50000 samples from runs/rtx5090-3/data/alphazero_iter_1_gpu0.bin
  Loaded 49982 samples from runs/rtx5090-3/data/alphazero_iter_2_gpu0.bin
  Loaded 50000 samples from runs/rtx5090-3/data/alphazero_iter_3_gpu0.bin
  Loaded 50000 samples from runs/rtx5090-3/data/alphazero_iter_4_gpu0.bin
Loaded 199982 total samples
Train: 199982 samples (color augmented on-the-fly, no val split)
Loaded existing model from runs/rtx5090-3/artifacts/puyo_model
AlphaZero training: 1000 steps, global_step=3000, LR 2e-1 (end ~2e-1), batch_size=2048, accum_steps=1, effective_batch=2048
  step 50/1000 p_loss=2.7100 v_loss=3.4492 lr=0.200000  step 100/1000 p_loss=2.7103 v_loss=3.4345 lr=0.200000  step 150/1000 p_loss=2.7105 v_loss=3.4287 lr=0.200000  step 200/1000 p_loss=2.7101 v_loss=3.4346 lr=0.200000  step 250/1000 p_loss=2.7093 v_loss=3.4382 lr=0.200000  step 300/1000 p_loss=2.7080 v_loss=3.4365 lr=0.200000  step 350/1000 p_loss=2.7085 v_loss=3.4318 lr=0.200000  step 400/1000 p_loss=2.7081 v_loss=3.4311 lr=0.200000  step 450/1000 p_loss=2.7075 v_loss=3.4290 lr=0.200000  step 500/1000 p_loss=2.7069 v_loss=3.4299 lr=0.200000  step 550/1000 p_loss=2.7068 v_loss=3.4296 lr=0.200000  step 600/1000 p_loss=2.7062 v_loss=3.4280 lr=0.200000  step 650/1000 p_loss=2.7058 v_loss=3.4297 lr=0.200000  step 700/1000 p_loss=2.7051 v_loss=3.4306 lr=0.200000  step 750/1000 p_loss=2.7047 v_loss=3.4323 lr=0.200000  step 800/1000 p_loss=2.7041 v_loss=3.4298 lr=0.200000  step 850/1000 p_loss=2.7034 v_loss=3.4322 lr=0.200000  step 900/1000 p_loss=2.7029 v_loss=3.4325 lr=0.200000  step 950/1000 p_loss=2.7024 v_loss=3.4330 lr=0.200000  step 1000/1000 p_loss=2.7019 v_loss=3.4334 lr=0.200000
Model metadata saved to runs/rtx5090-3/artifacts/puyo_model.config.json
AlphaZero training complete. final train_loss(p=2.701914, v=3.433391) global_step=4000
[2026-04-05 23:43:30] === Iteration 4 complete ===
[2026-04-05 23:43:30] --- Iteration 5 (sims=512, global_step=4000) ---
[2026-04-05 23:43:30] Self-play start (m=24, c_visit=50.0, num_gpus=1, games_per_gpu=1000, total=1000)
[gpu0]     Finished `release` profile [optimized] target(s) in 0.30s
[gpu0]      Running `target/release/self-play --games 1000 --simulations 512 --c-puct-init 1.5 --c-puct-base 19652.0 --m 24 --c-visit 50.0 --gamma 0.95 --min-chain 0 --threads 512 --batch-size 2048 --num-leaves 1 --model-path runs/rtx5090-3/artifacts/puyo_model --cols 6 --rows 14 --num-colors 4 --residual-channels 128 --num-blocks 6 --policy-conv-channels 2 --value-conv-channels 1 --value-hidden 64 --film-hidden 128 --output runs/rtx5090-3/data/alphazero_iter_5_gpu0.bin`
[gpu0] games=1000, simulations=512, c_puct_init=1.5, c_puct_base=19652, m=24, c_visit=50, gamma=0.95, num_leaves=1, min_chain=0
[gpu0] Game config: cols=6, rows=14, num_colors=4, residual_channels=128, num_blocks=6, policy_conv_ch=2, value_conv_ch=1, value_hidden=64, film_hidden=128
[gpu0] Backend: Cuda (GPU) — Gumbel MCTS self-play (batched)
[gpu0] Loaded existing model from runs/rtx5090-3/artifacts/puyo_model
[gpu0] Using 512 game threads, max_batch_size=2048
[gpu0] [   1/1000] samples:     50 | chain(game/max/avg): 3/3/3.0 | reward(game/avg): 4540/4540 | 0.00 games/s | ETA: 221215s
[gpu0] [   2/1000] samples:    100 | chain(game/max/avg): 5/5/4.0 | reward(game/avg): 11120/7830 | 0.01 games/s | ETA: 111760s
[gpu0] [   3/1000] samples:    150 | chain(game/max/avg): 6/6/4.7 | reward(game/avg): 17560/11073 | 0.01 games/s | ETA: 74608s
[gpu0] [   4/1000] samples:    200 | chain(game/max/avg): 6/6/5.0 | reward(game/avg): 13580/11700 | 0.02 games/s | ETA: 55976s
[gpu0] [   5/1000] samples:    250 | chain(game/max/avg): 4/6/4.8 | reward(game/avg): 12920/11944 | 0.02 games/s | ETA: 44772s
[gpu0] [   6/1000] samples:    300 | chain(game/max/avg): 5/6/4.8 | reward(game/avg): 10740/11743 | 0.03 games/s | ETA: 37287s
[gpu0] [   7/1000] samples:    350 | chain(game/max/avg): 3/6/4.6 | reward(game/avg): 5220/10811 | 0.03 games/s | ETA: 31936s
[gpu0] [   8/1000] samples:    400 | chain(game/max/avg): 5/6/4.6 | reward(game/avg): 13700/11172 | 0.04 games/s | ETA: 27923s
[gpu0] [   9/1000] samples:    450 | chain(game/max/avg): 4/6/4.6 | reward(game/avg): 9010/10932 | 0.04 games/s | ETA: 24799s
[gpu0] [  10/1000] samples:    500 | chain(game/max/avg): 4/6/4.5 | reward(game/avg): 8080/10647 | 0.04 games/s | ETA: 22296s
[gpu0] [  11/1000] samples:    550 | chain(game/max/avg): 5/6/4.5 | reward(game/avg): 13640/10919 | 0.05 games/s | ETA: 20259s
[gpu0] [  12/1000] samples:    600 | chain(game/max/avg): 6/6/4.7 | reward(game/avg): 14460/11214 | 0.05 games/s | ETA: 18552s
[gpu0] [  13/1000] samples:    650 | chain(game/max/avg): 3/6/4.5 | reward(game/avg): 6580/10858 | 0.06 games/s | ETA: 17120s
[gpu0] [  14/1000] samples:    700 | chain(game/max/avg): 5/6/4.6 | reward(game/avg): 12240/10956 | 0.06 games/s | ETA: 15884s
[gpu0] [  15/1000] samples:    750 | chain(game/max/avg): 3/6/4.5 | reward(game/avg): 4980/10558 | 0.07 games/s | ETA: 14810s
[gpu0] [  16/1000] samples:    800 | chain(game/max/avg): 5/6/4.5 | reward(game/avg): 10290/10541 | 0.07 games/s | ETA: 13871s
[gpu0] [  17/1000] samples:    850 | chain(game/max/avg): 5/6/4.5 | reward(game/avg): 14160/10754 | 0.08 games/s | ETA: 13042s
[gpu0] [  18/1000] samples:    900 | chain(game/max/avg): 3/6/4.4 | reward(game/avg): 7110/10552 | 0.08 games/s | ETA: 12305s
[gpu0] [  19/1000] samples:    950 | chain(game/max/avg): 5/6/4.5 | reward(game/avg): 11410/10597 | 0.08 games/s | ETA: 11647s
[gpu0] [  20/1000] samples:   1000 | chain(game/max/avg): 5/6/4.5 | reward(game/avg): 12340/10684 | 0.09 games/s | ETA: 11054s
[gpu0] [  21/1000] samples:   1050 | chain(game/max/avg): 4/6/4.5 | reward(game/avg): 9000/10604 | 0.09 games/s | ETA: 10517s
[gpu0] [  22/1000] samples:   1100 | chain(game/max/avg): 5/6/4.5 | reward(game/avg): 11660/10652 | 0.10 games/s | ETA: 10029s
[gpu0] [  23/1000] samples:   1150 | chain(game/max/avg): 5/6/4.5 | reward(game/avg): 12220/10720 | 0.10 games/s | ETA: 9583s
[gpu0] [  24/1000] samples:   1200 | chain(game/max/avg): 3/6/4.5 | reward(game/avg): 7530/10587 | 0.11 games/s | ETA: 9175s
[gpu0] [  25/1000] samples:   1250 | chain(game/max/avg): 5/6/4.5 | reward(game/avg): 12300/10656 | 0.11 games/s | ETA: 8799s
[gpu0] [  26/1000] samples:   1300 | chain(game/max/avg): 4/6/4.5 | reward(game/avg): 9950/10628 | 0.12 games/s | ETA: 8452s
[gpu0] [  27/1000] samples:   1350 | chain(game/max/avg): 5/6/4.5 | reward(game/avg): 11270/10652 | 0.12 games/s | ETA: 8131s
[gpu0] [  28/1000] samples:   1400 | chain(game/max/avg): 4/6/4.5 | reward(game/avg): 8500/10575 | 0.12 games/s | ETA: 7832s
[gpu0] [  29/1000] samples:   1450 | chain(game/max/avg): 5/6/4.5 | reward(game/avg): 11860/10620 | 0.13 games/s | ETA: 7555s
[gpu0] [  30/1000] samples:   1500 | chain(game/max/avg): 4/6/4.5 | reward(game/avg): 9370/10578 | 0.13 games/s | ETA: 7296s
[gpu0] [  31/1000] samples:   1550 | chain(game/max/avg): 5/6/4.5 | reward(game/avg): 13920/10686 | 0.14 games/s | ETA: 7053s
[gpu0] [  32/1000] samples:   1600 | chain(game/max/avg): 4/6/4.5 | reward(game/avg): 8240/10609 | 0.14 games/s | ETA: 6826s
[gpu0] [  33/1000] samples:   1650 | chain(game/max/avg): 4/6/4.5 | reward(game/avg): 9600/10579 | 0.15 games/s | ETA: 6612s
[gpu0] [  34/1000] samples:   1700 | chain(game/max/avg): 4/6/4.4 | reward(game/avg): 8460/10516 | 0.15 games/s | ETA: 6411s
[gpu0] [  35/1000] samples:   1750 | chain(game/max/avg): 4/6/4.4 | reward(game/avg): 9180/10478 | 0.16 games/s | ETA: 6222s
[gpu0] [  36/1000] samples:   1800 | chain(game/max/avg): 6/6/4.5 | reward(game/avg): 14930/10602 | 0.16 games/s | ETA: 6043s
[gpu0] [  37/1000] samples:   1850 | chain(game/max/avg): 2/6/4.4 | reward(game/avg): 5470/10463 | 0.16 games/s | ETA: 5873s
[gpu0] [  38/1000] samples:   1900 | chain(game/max/avg): 3/6/4.4 | reward(game/avg): 7880/10395 | 0.17 games/s | ETA: 5713s
[gpu0] [  39/1000] samples:   1950 | chain(game/max/avg): 3/6/4.3 | reward(game/avg): 5860/10279 | 0.17 games/s | ETA: 5561s
[gpu0] [  40/1000] samples:   2000 | chain(game/max/avg): 4/6/4.3 | reward(game/avg): 5990/10172 | 0.18 games/s | ETA: 5416s
[gpu0] [  41/1000] samples:   2050 | chain(game/max/avg): 3/6/4.3 | reward(game/avg): 7460/10106 | 0.18 games/s | ETA: 5279s
[gpu0] [  42/1000] samples:   2100 | chain(game/max/avg): 5/6/4.3 | reward(game/avg): 11230/10132 | 0.19 games/s | ETA: 5148s
[gpu0] [  43/1000] samples:   2150 | chain(game/max/avg): 5/6/4.3 | reward(game/avg): 11560/10166 | 0.19 games/s | ETA: 5023s
[gpu0] [  44/1000] samples:   2200 | chain(game/max/avg): 4/6/4.3 | reward(game/avg): 10400/10171 | 0.19 games/s | ETA: 4903s
[gpu0] [  45/1000] samples:   2250 | chain(game/max/avg): 3/6/4.3 | reward(game/avg): 6850/10097 | 0.20 games/s | ETA: 4789s
[gpu0] [  46/1000] samples:   2300 | chain(game/max/avg): 4/6/4.3 | reward(game/avg): 8860/10070 | 0.20 games/s | ETA: 4681s
[gpu0] [  47/1000] samples:   2350 | chain(game/max/avg): 4/6/4.3 | reward(game/avg): 8120/10029 | 0.21 games/s | ETA: 4576s
[gpu0] [  48/1000] samples:   2400 | chain(game/max/avg): 5/6/4.3 | reward(game/avg): 11600/10061 | 0.21 games/s | ETA: 4476s
[gpu0] [  49/1000] samples:   2450 | chain(game/max/avg): 4/6/4.3 | reward(game/avg): 9540/10051 | 0.22 games/s | ETA: 4380s
[gpu0] [  50/1000] samples:   2500 | chain(game/max/avg): 3/6/4.3 | reward(game/avg): 6600/9982 | 0.22 games/s | ETA: 4288s
[gpu0] [  51/1000] samples:   2550 | chain(game/max/avg): 4/6/4.3 | reward(game/avg): 7360/9930 | 0.23 games/s | ETA: 4200s
[gpu0] [  52/1000] samples:   2600 | chain(game/max/avg): 5/6/4.3 | reward(game/avg): 14080/10010 | 0.23 games/s | ETA: 4115s
[gpu0] [  53/1000] samples:   2650 | chain(game/max/avg): 4/6/4.3 | reward(game/avg): 12700/10061 | 0.23 games/s | ETA: 4033s
[gpu0] [  54/1000] samples:   2700 | chain(game/max/avg): 4/6/4.3 | reward(game/avg): 8920/10040 | 0.24 games/s | ETA: 3954s
[gpu0] [  55/1000] samples:   2750 | chain(game/max/avg): 4/6/4.3 | reward(game/avg): 8640/10014 | 0.24 games/s | ETA: 3878s
[gpu0] [  56/1000] samples:   2800 | chain(game/max/avg): 3/6/4.2 | reward(game/avg): 9500/10005 | 0.25 games/s | ETA: 3805s
[gpu0] [  57/1000] samples:   2850 | chain(game/max/avg): 3/6/4.2 | reward(game/avg): 5560/9927 | 0.25 games/s | ETA: 3734s
[gpu0] [  58/1000] samples:   2900 | chain(game/max/avg): 3/6/4.2 | reward(game/avg): 5620/9853 | 0.26 games/s | ETA: 3666s
[gpu0] [  59/1000] samples:   2950 | chain(game/max/avg): 4/6/4.2 | reward(game/avg): 9800/9852 | 0.26 games/s | ETA: 3600s
[gpu0] [  60/1000] samples:   3000 | chain(game/max/avg): 5/6/4.2 | reward(game/avg): 8900/9836 | 0.27 games/s | ETA: 3536s
[gpu0] [  61/1000] samples:   3050 | chain(game/max/avg): 5/6/4.2 | reward(game/avg): 10230/9843 | 0.27 games/s | ETA: 3475s
[gpu0] [  62/1000] samples:   3100 | chain(game/max/avg): 5/6/4.2 | reward(game/avg): 10530/9854 | 0.27 games/s | ETA: 3415s
[gpu0] [  63/1000] samples:   3150 | chain(game/max/avg): 4/6/4.2 | reward(game/avg): 9200/9843 | 0.28 games/s | ETA: 3357s
[gpu0] [  64/1000] samples:   3200 | chain(game/max/avg): 4/6/4.2 | reward(game/avg): 8290/9819 | 0.28 games/s | ETA: 3301s
[gpu0] [  65/1000] samples:   3250 | chain(game/max/avg): 6/6/4.2 | reward(game/avg): 17220/9933 | 0.29 games/s | ETA: 3247s
[gpu0] [  66/1000] samples:   3300 | chain(game/max/avg): 4/6/4.2 | reward(game/avg): 10320/9939 | 0.29 games/s | ETA: 3194s
[gpu0] [  67/1000] samples:   3350 | chain(game/max/avg): 4/6/4.2 | reward(game/avg): 10210/9943 | 0.30 games/s | ETA: 3143s
[gpu0] [  68/1000] samples:   3400 | chain(game/max/avg): 3/6/4.2 | reward(game/avg): 8640/9924 | 0.30 games/s | ETA: 3094s
[gpu0] [  69/1000] samples:   3450 | chain(game/max/avg): 5/6/4.2 | reward(game/avg): 11160/9942 | 0.31 games/s | ETA: 3046s
[gpu0] [  70/1000] samples:   3500 | chain(game/max/avg): 4/6/4.2 | reward(game/avg): 9000/9928 | 0.31 games/s | ETA: 2999s
[gpu0] [  71/1000] samples:   3550 | chain(game/max/avg): 3/6/4.2 | reward(game/avg): 8200/9904 | 0.31 games/s | ETA: 2954s
[gpu0] [  72/1000] samples:   3600 | chain(game/max/avg): 4/6/4.2 | reward(game/avg): 11860/9931 | 0.32 games/s | ETA: 2909s
[gpu0] [  73/1000] samples:   3650 | chain(game/max/avg): 3/6/4.2 | reward(game/avg): 7230/9894 | 0.32 games/s | ETA: 2866s
[gpu0] [  74/1000] samples:   3700 | chain(game/max/avg): 5/6/4.2 | reward(game/avg): 11470/9915 | 0.33 games/s | ETA: 2825s
[gpu0] [  75/1000] samples:   3750 | chain(game/max/avg): 5/6/4.2 | reward(game/avg): 14060/9971 | 0.33 games/s | ETA: 2784s
[gpu0] [  76/1000] samples:   3800 | chain(game/max/avg): 5/6/4.2 | reward(game/avg): 11580/9992 | 0.34 games/s | ETA: 2744s
[gpu0] [  77/1000] samples:   3850 | chain(game/max/avg): 3/6/4.2 | reward(game/avg): 6260/9943 | 0.34 games/s | ETA: 2706s
[gpu0] [  78/1000] samples:   3900 | chain(game/max/avg): 4/6/4.2 | reward(game/avg): 8040/9919 | 0.35 games/s | ETA: 2668s
[gpu0] [  79/1000] samples:   3950 | chain(game/max/avg): 3/6/4.2 | reward(game/avg): 6580/9877 | 0.35 games/s | ETA: 2632s
[gpu0] [  80/1000] samples:   4000 | chain(game/max/avg): 3/6/4.2 | reward(game/avg): 5780/9825 | 0.35 games/s | ETA: 2596s
[gpu0] [  81/1000] samples:   4050 | chain(game/max/avg): 3/6/4.2 | reward(game/avg): 5600/9773 | 0.36 games/s | ETA: 2561s
[gpu0] [  82/1000] samples:   4100 | chain(game/max/avg): 3/6/4.1 | reward(game/avg): 5720/9724 | 0.36 games/s | ETA: 2527s
[gpu0] [  83/1000] samples:   4150 | chain(game/max/avg): 4/6/4.1 | reward(game/avg): 8400/9708 | 0.37 games/s | ETA: 2494s
[gpu0] [  84/1000] samples:   4200 | chain(game/max/avg): 5/6/4.2 | reward(game/avg): 13800/9757 | 0.37 games/s | ETA: 2462s
[gpu0] [  85/1000] samples:   4250 | chain(game/max/avg): 5/6/4.2 | reward(game/avg): 14680/9814 | 0.38 games/s | ETA: 2430s
[gpu0] [  86/1000] samples:   4300 | chain(game/max/avg): 5/6/4.2 | reward(game/avg): 13540/9858 | 0.38 games/s | ETA: 2399s
[gpu0] [  87/1000] samples:   4350 | chain(game/max/avg): 4/6/4.2 | reward(game/avg): 9040/9848 | 0.39 games/s | ETA: 2369s
[gpu0] [  88/1000] samples:   4400 | chain(game/max/avg): 6/6/4.2 | reward(game/avg): 16980/9929 | 0.39 games/s | ETA: 2339s
[gpu0] [  89/1000] samples:   4450 | chain(game/max/avg): 5/6/4.2 | reward(game/avg): 8920/9918 | 0.39 games/s | ETA: 2311s
[gpu0] [  90/1000] samples:   4500 | chain(game/max/avg): 4/6/4.2 | reward(game/avg): 9540/9914 | 0.40 games/s | ETA: 2283s
[gpu0] [  91/1000] samples:   4550 | chain(game/max/avg): 4/6/4.2 | reward(game/avg): 10400/9919 | 0.40 games/s | ETA: 2255s
[gpu0] [  92/1000] samples:   4600 | chain(game/max/avg): 4/6/4.2 | reward(game/avg): 7530/9893 | 0.41 games/s | ETA: 2228s
[gpu0] [  93/1000] samples:   4650 | chain(game/max/avg): 3/6/4.2 | reward(game/avg): 7420/9867 | 0.41 games/s | ETA: 2202s
[gpu0] [  94/1000] samples:   4700 | chain(game/max/avg): 5/6/4.2 | reward(game/avg): 14770/9919 | 0.42 games/s | ETA: 2176s
[gpu0] [  95/1000] samples:   4750 | chain(game/max/avg): 4/6/4.2 | reward(game/avg): 7760/9896 | 0.42 games/s | ETA: 2150s
[gpu0] [  96/1000] samples:   4800 | chain(game/max/avg): 4/6/4.2 | reward(game/avg): 10240/9900 | 0.43 games/s | ETA: 2126s
[gpu0] [  97/1000] samples:   4850 | chain(game/max/avg): 4/6/4.2 | reward(game/avg): 8260/9883 | 0.43 games/s | ETA: 2102s
[gpu0] [  98/1000] samples:   4900 | chain(game/max/avg): 5/6/4.2 | reward(game/avg): 15790/9943 | 0.43 games/s | ETA: 2078s
[gpu0] [  99/1000] samples:   4950 | chain(game/max/avg): 3/6/4.2 | reward(game/avg): 7420/9918 | 0.44 games/s | ETA: 2055s
[gpu0] [ 100/1000] samples:   5000 | chain(game/max/avg): 5/6/4.2 | reward(game/avg): 10420/9923 | 0.44 games/s | ETA: 2032s
[gpu0] [ 101/1000] samples:   5050 | chain(game/max/avg): 4/6/4.2 | reward(game/avg): 11820/9941 | 0.45 games/s | ETA: 2009s
[gpu0] [ 102/1000] samples:   5100 | chain(game/max/avg): 3/6/4.2 | reward(game/avg): 6800/9911 | 0.45 games/s | ETA: 1987s
[gpu0] [ 103/1000] samples:   5150 | chain(game/max/avg): 4/6/4.2 | reward(game/avg): 8090/9893 | 0.46 games/s | ETA: 1966s
[gpu0] [ 104/1000] samples:   5200 | chain(game/max/avg): 4/6/4.2 | reward(game/avg): 9130/9886 | 0.46 games/s | ETA: 1945s
[gpu0] [ 105/1000] samples:   5250 | chain(game/max/avg): 5/6/4.2 | reward(game/avg): 14020/9925 | 0.47 games/s | ETA: 1924s
[gpu0] [ 106/1000] samples:   5300 | chain(game/max/avg): 3/6/4.2 | reward(game/avg): 7660/9904 | 0.47 games/s | ETA: 1904s
[gpu0] [ 107/1000] samples:   5350 | chain(game/max/avg): 4/6/4.2 | reward(game/avg): 6800/9875 | 0.47 games/s | ETA: 1884s
[gpu0] [ 108/1000] samples:   5400 | chain(game/max/avg): 4/6/4.2 | reward(game/avg): 8920/9866 | 0.48 games/s | ETA: 1865s
[gpu0] [ 109/1000] samples:   5450 | chain(game/max/avg): 5/6/4.2 | reward(game/avg): 14500/9908 | 0.48 games/s | ETA: 1845s
[gpu0] [ 110/1000] samples:   5500 | chain(game/max/avg): 4/6/4.2 | reward(game/avg): 8150/9892 | 0.49 games/s | ETA: 1827s
[gpu0] [ 111/1000] samples:   5550 | chain(game/max/avg): 5/6/4.2 | reward(game/avg): 11820/9910 | 0.49 games/s | ETA: 1808s
[gpu0] [ 112/1000] samples:   5600 | chain(game/max/avg): 4/6/4.2 | reward(game/avg): 9860/9909 | 0.50 games/s | ETA: 1790s
[gpu0] [ 113/1000] samples:   5650 | chain(game/max/avg): 3/6/4.2 | reward(game/avg): 7740/9890 | 0.50 games/s | ETA: 1772s
[gpu0] [ 114/1000] samples:   5700 | chain(game/max/avg): 4/6/4.2 | reward(game/avg): 7590/9870 | 0.50 games/s | ETA: 1755s
[gpu0] [ 115/1000] samples:   5750 | chain(game/max/avg): 5/6/4.2 | reward(game/avg): 12080/9889 | 0.51 games/s | ETA: 1737s
[gpu0] [ 116/1000] samples:   5800 | chain(game/max/avg): 4/6/4.2 | reward(game/avg): 5480/9851 | 0.51 games/s | ETA: 1721s
[gpu0] [ 117/1000] samples:   5850 | chain(game/max/avg): 5/6/4.2 | reward(game/avg): 10290/9855 | 0.52 games/s | ETA: 1704s
[gpu0] [ 118/1000] samples:   5900 | chain(game/max/avg): 4/6/4.2 | reward(game/avg): 8170/9841 | 0.52 games/s | ETA: 1688s
[gpu0] [ 119/1000] samples:   5950 | chain(game/max/avg): 4/6/4.2 | reward(game/avg): 7900/9824 | 0.53 games/s | ETA: 1671s
[gpu0] [ 120/1000] samples:   6000 | chain(game/max/avg): 3/6/4.2 | reward(game/avg): 7870/9808 | 0.53 games/s | ETA: 1656s
[gpu0] [ 121/1000] samples:   6050 | chain(game/max/avg): 4/6/4.2 | reward(game/avg): 6420/9780 | 0.54 games/s | ETA: 1640s
[gpu0] [ 122/1000] samples:   6100 | chain(game/max/avg): 4/6/4.2 | reward(game/avg): 5720/9747 | 0.54 games/s | ETA: 1625s
[gpu0] [ 123/1000] samples:   6150 | chain(game/max/avg): 4/6/4.2 | reward(game/avg): 9220/9742 | 0.54 games/s | ETA: 1610s
[gpu0] [ 124/1000] samples:   6200 | chain(game/max/avg): 5/6/4.2 | reward(game/avg): 12220/9762 | 0.55 games/s | ETA: 1595s
[gpu0] [ 125/1000] samples:   6250 | chain(game/max/avg): 4/6/4.2 | reward(game/avg): 8850/9755 | 0.55 games/s | ETA: 1580s
[gpu0] [ 126/1000] samples:   6300 | chain(game/max/avg): 4/6/4.2 | reward(game/avg): 12100/9774 | 0.56 games/s | ETA: 1566s
[gpu0] [ 127/1000] samples:   6350 | chain(game/max/avg): 4/6/4.2 | reward(game/avg): 5620/9741 | 0.56 games/s | ETA: 1552s
[gpu0] [ 128/1000] samples:   6400 | chain(game/max/avg): 5/6/4.2 | reward(game/avg): 11220/9752 | 0.57 games/s | ETA: 1538s
[gpu0] [ 129/1000] samples:   6450 | chain(game/max/avg): 4/6/4.2 | reward(game/avg): 9710/9752 | 0.57 games/s | ETA: 1524s
[gpu0] [ 130/1000] samples:   6500 | chain(game/max/avg): 4/6/4.2 | reward(game/avg): 8280/9741 | 0.58 games/s | ETA: 1511s
[gpu0] [ 131/1000] samples:   6550 | chain(game/max/avg): 5/6/4.2 | reward(game/avg): 9940/9742 | 0.58 games/s | ETA: 1498s
[gpu0] [ 132/1000] samples:   6600 | chain(game/max/avg): 5/6/4.2 | reward(game/avg): 13200/9769 | 0.58 games/s | ETA: 1485s
[gpu0] [ 133/1000] samples:   6650 | chain(game/max/avg): 3/6/4.2 | reward(game/avg): 7160/9749 | 0.59 games/s | ETA: 1472s
[gpu0] [ 134/1000] samples:   6700 | chain(game/max/avg): 3/6/4.2 | reward(game/avg): 7580/9733 | 0.59 games/s | ETA: 1459s
[gpu0] [ 135/1000] samples:   6750 | chain(game/max/avg): 6/6/4.2 | reward(game/avg): 16300/9781 | 0.60 games/s | ETA: 1447s
[gpu0] [ 136/1000] samples:   6800 | chain(game/max/avg): 3/6/4.2 | reward(game/avg): 8900/9775 | 0.60 games/s | ETA: 1434s
[gpu0] [ 137/1000] samples:   6850 | chain(game/max/avg): 6/6/4.2 | reward(game/avg): 15260/9815 | 0.61 games/s | ETA: 1422s
[gpu0] [ 138/1000] samples:   6900 | chain(game/max/avg): 5/6/4.2 | reward(game/avg): 10320/9819 | 0.61 games/s | ETA: 1410s
[gpu0] [ 139/1000] samples:   6950 | chain(game/max/avg): 4/6/4.2 | reward(game/avg): 10180/9821 | 0.62 games/s | ETA: 1399s
[gpu0] [ 140/1000] samples:   7000 | chain(game/max/avg): 4/6/4.2 | reward(game/avg): 7610/9805 | 0.62 games/s | ETA: 1387s
[gpu0] [ 141/1000] samples:   7050 | chain(game/max/avg): 3/6/4.2 | reward(game/avg): 5220/9773 | 0.62 games/s | ETA: 1376s
[gpu0] [ 142/1000] samples:   7100 | chain(game/max/avg): 5/6/4.2 | reward(game/avg): 9710/9772 | 0.63 games/s | ETA: 1364s
[gpu0] [ 143/1000] samples:   7150 | chain(game/max/avg): 4/6/4.2 | reward(game/avg): 8540/9764 | 0.63 games/s | ETA: 1353s
[gpu0] [ 144/1000] samples:   7200 | chain(game/max/avg): 4/6/4.2 | reward(game/avg): 9580/9763 | 0.64 games/s | ETA: 1342s
[gpu0] [ 145/1000] samples:   7250 | chain(game/max/avg): 5/6/4.2 | reward(game/avg): 15040/9799 | 0.64 games/s | ETA: 1331s
[gpu0] [ 146/1000] samples:   7300 | chain(game/max/avg): 4/6/4.2 | reward(game/avg): 8320/9789 | 0.65 games/s | ETA: 1321s
[gpu0] [ 147/1000] samples:   7350 | chain(game/max/avg): 6/6/4.2 | reward(game/avg): 18000/9845 | 0.65 games/s | ETA: 1310s
[gpu0] [ 148/1000] samples:   7400 | chain(game/max/avg): 5/6/4.2 | reward(game/avg): 13070/9866 | 0.66 games/s | ETA: 1300s
[gpu0] [ 149/1000] samples:   7450 | chain(game/max/avg): 3/6/4.2 | reward(game/avg): 6290/9842 | 0.66 games/s | ETA: 1290s
[gpu0] [ 150/1000] samples:   7500 | chain(game/max/avg): 6/6/4.2 | reward(game/avg): 17920/9896 | 0.66 games/s | ETA: 1279s
[gpu0] [ 151/1000] samples:   7550 | chain(game/max/avg): 5/6/4.2 | reward(game/avg): 9320/9893 | 0.67 games/s | ETA: 1270s
[gpu0] [ 152/1000] samples:   7600 | chain(game/max/avg): 4/6/4.2 | reward(game/avg): 6360/9869 | 0.67 games/s | ETA: 1260s
[gpu0] [ 153/1000] samples:   7650 | chain(game/max/avg): 5/6/4.2 | reward(game/avg): 13740/9895 | 0.68 games/s | ETA: 1250s
[gpu0] [ 154/1000] samples:   7700 | chain(game/max/avg): 4/6/4.2 | reward(game/avg): 8440/9885 | 0.68 games/s | ETA: 1240s
[gpu0] [ 157/1000] samples:   7850 | chain(game/max/avg): 3/6/4.2 | reward(game/avg): 5380/9805 | 0.70 games/s | ETA: 1212s
[gpu0] [ 159/1000] samples:   7950 | chain(game/max/avg): 3/6/4.2 | reward(game/avg): 5040/9758 | 0.70 games/s | ETA: 1194s
[gpu0] [ 156/1000] samples:   7800 | chain(game/max/avg): 3/6/4.2 | reward(game/avg): 7140/9833 | 0.69 games/s | ETA: 1222s
[gpu0] [ 158/1000] samples:   7900 | chain(game/max/avg): 4/6/4.2 | reward(game/avg): 7190/9788 | 0.70 games/s | ETA: 1203s
[gpu0] [ 155/1000] samples:   7750 | chain(game/max/avg): 3/6/4.2 | reward(game/avg): 4500/9850 | 0.69 games/s | ETA: 1231s
[gpu0] [ 160/1000] samples:   8000 | chain(game/max/avg): 4/6/4.2 | reward(game/avg): 8040/9748 | 0.71 games/s | ETA: 1185s
[gpu0] [ 161/1000] samples:   8050 | chain(game/max/avg): 5/6/4.2 | reward(game/avg): 10040/9749 | 0.71 games/s | ETA: 1177s
[gpu0] [ 162/1000] samples:   8100 | chain(game/max/avg): 4/6/4.2 | reward(game/avg): 8440/9741 | 0.72 games/s | ETA: 1168s
[gpu0] [ 163/1000] samples:   8150 | chain(game/max/avg): 5/6/4.2 | reward(game/avg): 10800/9748 | 0.72 games/s | ETA: 1159s
[gpu0] [ 164/1000] samples:   8200 | chain(game/max/avg): 4/6/4.2 | reward(game/avg): 6390/9727 | 0.73 games/s | ETA: 1151s
[gpu0] [ 165/1000] samples:   8250 | chain(game/max/avg): 5/6/4.2 | reward(game/avg): 10880/9734 | 0.73 games/s | ETA: 1143s
[gpu0] [ 166/1000] samples:   8300 | chain(game/max/avg): 3/6/4.2 | reward(game/avg): 5030/9706 | 0.74 games/s | ETA: 1134s
[gpu0] [ 167/1000] samples:   8350 | chain(game/max/avg): 4/6/4.2 | reward(game/avg): 6560/9687 | 0.74 games/s | ETA: 1126s
[gpu0] [ 168/1000] samples:   8400 | chain(game/max/avg): 3/6/4.2 | reward(game/avg): 5980/9665 | 0.74 games/s | ETA: 1118s
[gpu0] [ 169/1000] samples:   8450 | chain(game/max/avg): 4/6/4.2 | reward(game/avg): 8040/9655 | 0.75 games/s | ETA: 1110s
[gpu0] [ 170/1000] samples:   8500 | chain(game/max/avg): 6/6/4.2 | reward(game/avg): 15160/9688 | 0.75 games/s | ETA: 1102s
[gpu0] [ 171/1000] samples:   8550 | chain(game/max/avg): 5/6/4.2 | reward(game/avg): 12800/9706 | 0.76 games/s | ETA: 1095s
[gpu0] [ 172/1000] samples:   8600 | chain(game/max/avg): 4/6/4.2 | reward(game/avg): 7220/9692 | 0.76 games/s | ETA: 1087s
[gpu0] [ 173/1000] samples:   8650 | chain(game/max/avg): 4/6/4.2 | reward(game/avg): 7500/9679 | 0.77 games/s | ETA: 1079s
[gpu0] [ 174/1000] samples:   8700 | chain(game/max/avg): 5/6/4.2 | reward(game/avg): 9680/9679 | 0.77 games/s | ETA: 1072s
[gpu0] [ 175/1000] samples:   8750 | chain(game/max/avg): 5/6/4.2 | reward(game/avg): 12190/9693 | 0.77 games/s | ETA: 1065s
[gpu0] [ 176/1000] samples:   8800 | chain(game/max/avg): 4/6/4.2 | reward(game/avg): 6160/9673 | 0.78 games/s | ETA: 1057s
[gpu0] [ 177/1000] samples:   8850 | chain(game/max/avg): 4/6/4.2 | reward(game/avg): 8300/9665 | 0.78 games/s | ETA: 1050s
[gpu0] [ 178/1000] samples:   8900 | chain(game/max/avg): 4/6/4.2 | reward(game/avg): 6660/9648 | 0.79 games/s | ETA: 1043s
[gpu0] [ 179/1000] samples:   8950 | chain(game/max/avg): 5/6/4.2 | reward(game/avg): 9530/9648 | 0.79 games/s | ETA: 1036s
[gpu0] [ 180/1000] samples:   9000 | chain(game/max/avg): 5/6/4.2 | reward(game/avg): 10220/9651 | 0.80 games/s | ETA: 1029s
[gpu0] [ 181/1000] samples:   9050 | chain(game/max/avg): 7/7/4.2 | reward(game/avg): 18440/9700 | 0.80 games/s | ETA: 1022s
[gpu0] [ 182/1000] samples:   9100 | chain(game/max/avg): 5/7/4.2 | reward(game/avg): 7800/9689 | 0.81 games/s | ETA: 1015s
[gpu0] [ 183/1000] samples:   9150 | chain(game/max/avg): 4/7/4.2 | reward(game/avg): 8000/9680 | 0.81 games/s | ETA: 1008s
[gpu0] [ 184/1000] samples:   9200 | chain(game/max/avg): 4/7/4.2 | reward(game/avg): 8420/9673 | 0.81 games/s | ETA: 1001s
[gpu0] [ 185/1000] samples:   9250 | chain(game/max/avg): 4/7/4.2 | reward(game/avg): 8590/9667 | 0.82 games/s | ETA: 995s
[gpu0] [ 186/1000] samples:   9300 | chain(game/max/avg): 4/7/4.2 | reward(game/avg): 8240/9660 | 0.82 games/s | ETA: 988s
[gpu0] [ 187/1000] samples:   9350 | chain(game/max/avg): 4/7/4.2 | reward(game/avg): 9830/9660 | 0.83 games/s | ETA: 982s
[gpu0] [ 188/1000] samples:   9400 | chain(game/max/avg): 3/7/4.2 | reward(game/avg): 4540/9633 | 0.83 games/s | ETA: 975s
[gpu0] [ 189/1000] samples:   9450 | chain(game/max/avg): 4/7/4.2 | reward(game/avg): 8320/9626 | 0.84 games/s | ETA: 969s
[gpu0] [ 190/1000] samples:   9500 | chain(game/max/avg): 4/7/4.2 | reward(game/avg): 7460/9615 | 0.84 games/s | ETA: 963s
[gpu0] [ 191/1000] samples:   9550 | chain(game/max/avg): 3/7/4.2 | reward(game/avg): 7220/9602 | 0.85 games/s | ETA: 957s
[gpu0] [ 192/1000] samples:   9600 | chain(game/max/avg): 5/7/4.2 | reward(game/avg): 12140/9616 | 0.85 games/s | ETA: 950s
[gpu0] [ 193/1000] samples:   9650 | chain(game/max/avg): 7/7/4.2 | reward(game/avg): 17740/9658 | 0.85 games/s | ETA: 944s
[gpu0] [ 194/1000] samples:   9700 | chain(game/max/avg): 3/7/4.2 | reward(game/avg): 5720/9637 | 0.86 games/s | ETA: 938s
[gpu0] [ 195/1000] samples:   9750 | chain(game/max/avg): 4/7/4.2 | reward(game/avg): 7030/9624 | 0.86 games/s | ETA: 932s
[gpu0] [ 196/1000] samples:   9800 | chain(game/max/avg): 5/7/4.2 | reward(game/avg): 8140/9616 | 0.87 games/s | ETA: 926s
[gpu0] [ 197/1000] samples:   9850 | chain(game/max/avg): 5/7/4.2 | reward(game/avg): 10420/9620 | 0.87 games/s | ETA: 921s
[gpu0] [ 198/1000] samples:   9900 | chain(game/max/avg): 4/7/4.2 | reward(game/avg): 8060/9613 | 0.88 games/s | ETA: 915s
[gpu0] [ 199/1000] samples:   9950 | chain(game/max/avg): 4/7/4.2 | reward(game/avg): 9400/9612 | 0.88 games/s | ETA: 909s
[gpu0] [ 200/1000] samples:  10000 | chain(game/max/avg): 5/7/4.2 | reward(game/avg): 9280/9610 | 0.89 games/s | ETA: 903s
[gpu0] [ 201/1000] samples:  10050 | chain(game/max/avg): 5/7/4.2 | reward(game/avg): 11660/9620 | 0.89 games/s | ETA: 898s
[gpu0] [ 202/1000] samples:  10100 | chain(game/max/avg): 4/7/4.2 | reward(game/avg): 9680/9620 | 0.89 games/s | ETA: 892s
[gpu0] [ 203/1000] samples:  10150 | chain(game/max/avg): 5/7/4.2 | reward(game/avg): 12630/9635 | 0.90 games/s | ETA: 887s
[gpu0] [ 204/1000] samples:  10200 | chain(game/max/avg): 5/7/4.2 | reward(game/avg): 10850/9641 | 0.90 games/s | ETA: 881s
[gpu0] [ 205/1000] samples:  10250 | chain(game/max/avg): 5/7/4.2 | reward(game/avg): 11160/9649 | 0.91 games/s | ETA: 876s
[gpu0] [ 206/1000] samples:  10300 | chain(game/max/avg): 5/7/4.2 | reward(game/avg): 10080/9651 | 0.91 games/s | ETA: 870s
[gpu0] [ 207/1000] samples:  10350 | chain(game/max/avg): 3/7/4.2 | reward(game/avg): 4040/9624 | 0.92 games/s | ETA: 865s
[gpu0] [ 208/1000] samples:  10400 | chain(game/max/avg): 4/7/4.2 | reward(game/avg): 8000/9616 | 0.92 games/s | ETA: 860s
[gpu0] [ 209/1000] samples:  10450 | chain(game/max/avg): 3/7/4.2 | reward(game/avg): 7340/9605 | 0.93 games/s | ETA: 855s
[gpu0] [ 210/1000] samples:  10500 | chain(game/max/avg): 4/7/4.2 | reward(game/avg): 9330/9604 | 0.93 games/s | ETA: 850s
[gpu0] [ 211/1000] samples:  10550 | chain(game/max/avg): 5/7/4.2 | reward(game/avg): 11100/9611 | 0.93 games/s | ETA: 844s
[gpu0] [ 212/1000] samples:  10600 | chain(game/max/avg): 4/7/4.2 | reward(game/avg): 9150/9608 | 0.94 games/s | ETA: 839s
[gpu0] [ 213/1000] samples:  10650 | chain(game/max/avg): 4/7/4.2 | reward(game/avg): 13760/9628 | 0.94 games/s | ETA: 834s
[gpu0] [ 214/1000] samples:  10700 | chain(game/max/avg): 4/7/4.2 | reward(game/avg): 8400/9622 | 0.95 games/s | ETA: 829s
[gpu0] [ 215/1000] samples:  10750 | chain(game/max/avg): 4/7/4.2 | reward(game/avg): 9550/9622 | 0.95 games/s | ETA: 825s
[gpu0] [ 216/1000] samples:  10800 | chain(game/max/avg): 5/7/4.2 | reward(game/avg): 10980/9628 | 0.96 games/s | ETA: 820s
[gpu0] [ 217/1000] samples:  10850 | chain(game/max/avg): 4/7/4.2 | reward(game/avg): 6000/9611 | 0.96 games/s | ETA: 815s
[gpu0] [ 218/1000] samples:  10900 | chain(game/max/avg): 5/7/4.2 | reward(game/avg): 11660/9621 | 0.97 games/s | ETA: 810s
[gpu0] [ 219/1000] samples:  10950 | chain(game/max/avg): 4/7/4.2 | reward(game/avg): 9120/9619 | 0.97 games/s | ETA: 805s
[gpu0] [ 220/1000] samples:  11000 | chain(game/max/avg): 4/7/4.2 | reward(game/avg): 11500/9627 | 0.97 games/s | ETA: 801s
[gpu0] [ 221/1000] samples:  11050 | chain(game/max/avg): 3/7/4.2 | reward(game/avg): 6660/9614 | 0.98 games/s | ETA: 796s
[gpu0] [ 222/1000] samples:  11100 | chain(game/max/avg): 4/7/4.2 | reward(game/avg): 8180/9607 | 0.98 games/s | ETA: 791s
[gpu0] [ 223/1000] samples:  11150 | chain(game/max/avg): 5/7/4.2 | reward(game/avg): 11980/9618 | 0.99 games/s | ETA: 787s
[gpu0] [ 224/1000] samples:  11200 | chain(game/max/avg): 3/7/4.2 | reward(game/avg): 6570/9604 | 0.99 games/s | ETA: 782s
[gpu0] [ 225/1000] samples:  11250 | chain(game/max/avg): 4/7/4.2 | reward(game/avg): 8220/9598 | 1.00 games/s | ETA: 778s
[gpu0] [ 226/1000] samples:  11300 | chain(game/max/avg): 5/7/4.2 | reward(game/avg): 14220/9619 | 1.00 games/s | ETA: 773s
[gpu0] [ 227/1000] samples:  11350 | chain(game/max/avg): 4/7/4.2 | reward(game/avg): 8800/9615 | 1.01 games/s | ETA: 769s
[gpu0] [ 228/1000] samples:  11400 | chain(game/max/avg): 3/7/4.2 | reward(game/avg): 6620/9602 | 1.01 games/s | ETA: 765s
[gpu0] [ 229/1000] samples:  11450 | chain(game/max/avg): 3/7/4.2 | reward(game/avg): 6940/9590 | 1.01 games/s | ETA: 760s
[gpu0] [ 230/1000] samples:  11500 | chain(game/max/avg): 3/7/4.2 | reward(game/avg): 6190/9575 | 1.02 games/s | ETA: 756s
[gpu0] [ 231/1000] samples:  11550 | chain(game/max/avg): 3/7/4.2 | reward(game/avg): 5930/9560 | 1.02 games/s | ETA: 752s
[gpu0] [ 232/1000] samples:  11600 | chain(game/max/avg): 4/7/4.2 | reward(game/avg): 6520/9547 | 1.03 games/s | ETA: 748s
[gpu0] [ 233/1000] samples:  11650 | chain(game/max/avg): 5/7/4.2 | reward(game/avg): 12460/9559 | 1.03 games/s | ETA: 744s
[gpu0] [ 234/1000] samples:  11700 | chain(game/max/avg): 5/7/4.2 | reward(game/avg): 11980/9569 | 1.04 games/s | ETA: 739s
[gpu0] [ 235/1000] samples:  11750 | chain(game/max/avg): 3/7/4.2 | reward(game/avg): 5200/9551 | 1.04 games/s | ETA: 735s
[gpu0] [ 236/1000] samples:  11800 | chain(game/max/avg): 4/7/4.2 | reward(game/avg): 7820/9543 | 1.04 games/s | ETA: 731s
[gpu0] [ 237/1000] samples:  11850 | chain(game/max/avg): 5/7/4.2 | reward(game/avg): 8420/9539 | 1.05 games/s | ETA: 727s
[gpu0] [ 238/1000] samples:  11900 | chain(game/max/avg): 4/7/4.2 | reward(game/avg): 9680/9539 | 1.05 games/s | ETA: 723s
[gpu0] [ 239/1000] samples:  11950 | chain(game/max/avg): 5/7/4.2 | reward(game/avg): 9340/9538 | 1.06 games/s | ETA: 719s
[gpu0] [ 240/1000] samples:  12000 | chain(game/max/avg): 4/7/4.2 | reward(game/avg): 7380/9529 | 1.06 games/s | ETA: 715s
[gpu0] [ 241/1000] samples:  12050 | chain(game/max/avg): 4/7/4.2 | reward(game/avg): 7940/9523 | 1.07 games/s | ETA: 711s
[gpu0] [ 242/1000] samples:  12100 | chain(game/max/avg): 5/7/4.2 | reward(game/avg): 19210/9563 | 1.07 games/s | ETA: 707s
[gpu0] [ 243/1000] samples:  12150 | chain(game/max/avg): 5/7/4.2 | reward(game/avg): 12590/9575 | 1.08 games/s | ETA: 704s
[gpu0] [ 244/1000] samples:  12200 | chain(game/max/avg): 4/7/4.2 | reward(game/avg): 11380/9583 | 1.08 games/s | ETA: 700s
[gpu0] [ 245/1000] samples:  12250 | chain(game/max/avg): 4/7/4.2 | reward(game/avg): 9630/9583 | 1.08 games/s | ETA: 696s
[gpu0] [ 246/1000] samples:  12300 | chain(game/max/avg): 3/7/4.2 | reward(game/avg): 6210/9569 | 1.09 games/s | ETA: 692s
[gpu0] [ 247/1000] samples:  12350 | chain(game/max/avg): 6/7/4.2 | reward(game/avg): 15640/9594 | 1.09 games/s | ETA: 689s
[gpu0] [ 248/1000] samples:  12400 | chain(game/max/avg): 3/7/4.2 | reward(game/avg): 6370/9581 | 1.10 games/s | ETA: 685s
[gpu0] [ 249/1000] samples:  12450 | chain(game/max/avg): 5/7/4.2 | reward(game/avg): 14040/9599 | 1.10 games/s | ETA: 681s
[gpu0] [ 250/1000] samples:  12500 | chain(game/max/avg): 5/7/4.2 | reward(game/avg): 12820/9612 | 1.11 games/s | ETA: 678s
[gpu0] [ 251/1000] samples:  12550 | chain(game/max/avg): 5/7/4.2 | reward(game/avg): 9000/9609 | 1.11 games/s | ETA: 674s
[gpu0] [ 252/1000] samples:  12600 | chain(game/max/avg): 4/7/4.2 | reward(game/avg): 7630/9601 | 1.12 games/s | ETA: 670s
[gpu0] [ 253/1000] samples:  12650 | chain(game/max/avg): 3/7/4.2 | reward(game/avg): 8370/9596 | 1.12 games/s | ETA: 667s
[gpu0] [ 254/1000] samples:  12700 | chain(game/max/avg): 4/7/4.2 | reward(game/avg): 6490/9584 | 1.12 games/s | ETA: 663s
[gpu0] [ 255/1000] samples:  12750 | chain(game/max/avg): 4/7/4.2 | reward(game/avg): 12370/9595 | 1.13 games/s | ETA: 660s
[gpu0] [ 256/1000] samples:  12800 | chain(game/max/avg): 3/7/4.2 | reward(game/avg): 7960/9589 | 1.13 games/s | ETA: 656s
[gpu0] [ 257/1000] samples:  12850 | chain(game/max/avg): 4/7/4.2 | reward(game/avg): 8140/9583 | 1.14 games/s | ETA: 653s
[gpu0] [ 258/1000] samples:  12900 | chain(game/max/avg): 4/7/4.2 | reward(game/avg): 8310/9578 | 1.14 games/s | ETA: 650s
[gpu0] [ 259/1000] samples:  12950 | chain(game/max/avg): 3/7/4.2 | reward(game/avg): 6700/9567 | 1.15 games/s | ETA: 646s
[gpu0] [ 260/1000] samples:  13000 | chain(game/max/avg): 4/7/4.2 | reward(game/avg): 9020/9565 | 1.15 games/s | ETA: 643s
[gpu0] [ 261/1000] samples:  13050 | chain(game/max/avg): 4/7/4.2 | reward(game/avg): 6940/9555 | 1.16 games/s | ETA: 640s
[gpu0] [ 262/1000] samples:  13100 | chain(game/max/avg): 4/7/4.2 | reward(game/avg): 5680/9540 | 1.16 games/s | ETA: 636s
[gpu0] [ 263/1000] samples:  13150 | chain(game/max/avg): 4/7/4.2 | reward(game/avg): 8020/9534 | 1.16 games/s | ETA: 633s
[gpu0] [ 264/1000] samples:  13200 | chain(game/max/avg): 5/7/4.2 | reward(game/avg): 10940/9540 | 1.17 games/s | ETA: 630s
[gpu0] [ 265/1000] samples:  13250 | chain(game/max/avg): 7/7/4.2 | reward(game/avg): 21040/9583 | 1.17 games/s | ETA: 627s
[gpu0] [ 266/1000] samples:  13300 | chain(game/max/avg): 3/7/4.2 | reward(game/avg): 5460/9568 | 1.18 games/s | ETA: 623s
[gpu0] [ 267/1000] samples:  13350 | chain(game/max/avg): 4/7/4.2 | reward(game/avg): 10120/9570 | 1.18 games/s | ETA: 620s
[gpu0] [ 268/1000] samples:  13400 | chain(game/max/avg): 4/7/4.2 | reward(game/avg): 7810/9563 | 1.19 games/s | ETA: 617s
[gpu0] [ 269/1000] samples:  13450 | chain(game/max/avg): 4/7/4.2 | reward(game/avg): 11060/9569 | 1.19 games/s | ETA: 614s
[gpu0] [ 270/1000] samples:  13500 | chain(game/max/avg): 3/7/4.2 | reward(game/avg): 5020/9552 | 1.20 games/s | ETA: 611s
[gpu0] [ 271/1000] samples:  13550 | chain(game/max/avg): 5/7/4.2 | reward(game/avg): 11840/9560 | 1.20 games/s | ETA: 608s
[gpu0] [ 272/1000] samples:  13600 | chain(game/max/avg): 3/7/4.2 | reward(game/avg): 6510/9549 | 1.20 games/s | ETA: 605s
[gpu0] [ 273/1000] samples:  13650 | chain(game/max/avg): 4/7/4.2 | reward(game/avg): 12140/9558 | 1.21 games/s | ETA: 602s
[gpu0] [ 274/1000] samples:  13700 | chain(game/max/avg): 5/7/4.2 | reward(game/avg): 12840/9570 | 1.21 games/s | ETA: 599s
[gpu0] [ 275/1000] samples:  13750 | chain(game/max/avg): 4/7/4.2 | reward(game/avg): 9280/9569 | 1.22 games/s | ETA: 596s
[gpu0] [ 276/1000] samples:  13800 | chain(game/max/avg): 4/7/4.2 | reward(game/avg): 8920/9567 | 1.22 games/s | ETA: 593s
[gpu0] [ 277/1000] samples:  13850 | chain(game/max/avg): 4/7/4.2 | reward(game/avg): 7890/9561 | 1.23 games/s | ETA: 590s
[gpu0] [ 278/1000] samples:  13900 | chain(game/max/avg): 4/7/4.2 | reward(game/avg): 6840/9551 | 1.23 games/s | ETA: 587s
[gpu0] [ 279/1000] samples:  13950 | chain(game/max/avg): 4/7/4.2 | reward(game/avg): 8320/9547 | 1.24 games/s | ETA: 584s
[gpu0] [ 280/1000] samples:  14050 | chain(game/max/avg): 3/7/4.2 | reward(game/avg): 7430/9539 | 1.24 games/s | ETA: 581s
[gpu0] [ 281/1000] samples:  14050 | chain(game/max/avg): 3/7/4.2 | reward(game/avg): 4860/9523 | 1.24 games/s | ETA: 578s
[gpu0] [ 282/1000] samples:  14100 | chain(game/max/avg): 4/7/4.2 | reward(game/avg): 8400/9519 | 1.25 games/s | ETA: 575s
[gpu0] [ 283/1000] samples:  14150 | chain(game/max/avg): 5/7/4.2 | reward(game/avg): 11300/9525 | 1.25 games/s | ETA: 572s
[gpu0] [ 284/1000] samples:  14200 | chain(game/max/avg): 4/7/4.2 | reward(game/avg): 9220/9524 | 1.26 games/s | ETA: 570s
[gpu0] [ 285/1000] samples:  14250 | chain(game/max/avg): 5/7/4.2 | reward(game/avg): 11060/9529 | 1.26 games/s | ETA: 567s
[gpu0] [ 286/1000] samples:  14300 | chain(game/max/avg): 4/7/4.2 | reward(game/avg): 12790/9541 | 1.27 games/s | ETA: 564s
[gpu0] [ 287/1000] samples:  14350 | chain(game/max/avg): 4/7/4.2 | reward(game/avg): 8140/9536 | 1.27 games/s | ETA: 561s
[gpu0] [ 288/1000] samples:  14400 | chain(game/max/avg): 5/7/4.2 | reward(game/avg): 12360/9546 | 1.27 games/s | ETA: 559s
[gpu0] [ 289/1000] samples:  14450 | chain(game/max/avg): 4/7/4.2 | reward(game/avg): 6620/9535 | 1.28 games/s | ETA: 556s
[gpu0] [ 290/1000] samples:  14500 | chain(game/max/avg): 7/7/4.2 | reward(game/avg): 21800/9578 | 1.28 games/s | ETA: 553s
[gpu0] [ 294/1000] samples:  14700 | chain(game/max/avg): 4/7/4.2 | reward(game/avg): 6640/9585 | 1.30 games/s | ETA: 543s
[gpu0] [ 291/1000] samples:  14550 | chain(game/max/avg): 4/7/4.2 | reward(game/avg): 8680/9575 | 1.29 games/s | ETA: 550s
[gpu0] [ 292/1000] samples:  14600 | chain(game/max/avg): 5/7/4.2 | reward(game/avg): 11420/9581 | 1.29 games/s | ETA: 548s
[gpu0] [ 293/1000] samples:  14650 | chain(game/max/avg): 5/7/4.2 | reward(game/avg): 13640/9595 | 1.30 games/s | ETA: 545s
[gpu0] [ 295/1000] samples:  14750 | chain(game/max/avg): 4/7/4.2 | reward(game/avg): 8750/9582 | 1.31 games/s | ETA: 540s
[gpu0] [ 296/1000] samples:  14800 | chain(game/max/avg): 5/7/4.2 | reward(game/avg): 11540/9589 | 1.31 games/s | ETA: 537s
[gpu0] [ 297/1000] samples:  14850 | chain(game/max/avg): 4/7/4.2 | reward(game/avg): 8120/9584 | 1.31 games/s | ETA: 535s
[gpu0] [ 298/1000] samples:  14900 | chain(game/max/avg): 3/7/4.2 | reward(game/avg): 6450/9573 | 1.32 games/s | ETA: 532s
[gpu0] [ 299/1000] samples:  14950 | chain(game/max/avg): 4/7/4.2 | reward(game/avg): 10320/9576 | 1.32 games/s | ETA: 530s
[gpu0] [ 300/1000] samples:  15000 | chain(game/max/avg): 3/7/4.2 | reward(game/avg): 4400/9558 | 1.33 games/s | ETA: 527s
[gpu0] [ 301/1000] samples:  15050 | chain(game/max/avg): 4/7/4.2 | reward(game/avg): 8280/9554 | 1.33 games/s | ETA: 525s
[gpu0] [ 302/1000] samples:  15100 | chain(game/max/avg): 5/7/4.2 | reward(game/avg): 10700/9558 | 1.34 games/s | ETA: 522s
[gpu0] [ 303/1000] samples:  15150 | chain(game/max/avg): 5/7/4.2 | reward(game/avg): 10520/9561 | 1.34 games/s | ETA: 520s
[gpu0] [ 304/1000] samples:  15200 | chain(game/max/avg): 3/7/4.2 | reward(game/avg): 4800/9545 | 1.35 games/s | ETA: 517s
[gpu0] [ 305/1000] samples:  15250 | chain(game/max/avg): 4/7/4.2 | reward(game/avg): 9220/9544 | 1.35 games/s | ETA: 515s
[gpu0] [ 306/1000] samples:  15300 | chain(game/max/avg): 6/7/4.2 | reward(game/avg): 17470/9570 | 1.35 games/s | ETA: 512s
[gpu0] [ 307/1000] samples:  15350 | chain(game/max/avg): 6/7/4.2 | reward(game/avg): 14680/9587 | 1.36 games/s | ETA: 510s
[gpu0] [ 308/1000] samples:  15400 | chain(game/max/avg): 4/7/4.2 | reward(game/avg): 7100/9579 | 1.36 games/s | ETA: 508s
[gpu0] [ 309/1000] samples:  15450 | chain(game/max/avg): 4/7/4.2 | reward(game/avg): 7040/9571 | 1.37 games/s | ETA: 505s
[gpu0] [ 310/1000] samples:  15500 | chain(game/max/avg): 4/7/4.2 | reward(game/avg): 8190/9566 | 1.37 games/s | ETA: 503s
[gpu0] [ 311/1000] samples:  15550 | chain(game/max/avg): 4/7/4.2 | reward(game/avg): 8600/9563 | 1.38 games/s | ETA: 501s
[gpu0] [ 312/1000] samples:  15600 | chain(game/max/avg): 5/7/4.2 | reward(game/avg): 10280/9565 | 1.38 games/s | ETA: 498s
[gpu0] [ 313/1000] samples:  15650 | chain(game/max/avg): 4/7/4.2 | reward(game/avg): 9530/9565 | 1.39 games/s | ETA: 496s
[gpu0] [ 314/1000] samples:  15700 | chain(game/max/avg): 4/7/4.2 | reward(game/avg): 9720/9566 | 1.39 games/s | ETA: 494s
[gpu0] [ 315/1000] samples:  15750 | chain(game/max/avg): 3/7/4.2 | reward(game/avg): 6860/9557 | 1.39 games/s | ETA: 491s
[gpu0] [ 316/1000] samples:  15800 | chain(game/max/avg): 4/7/4.2 | reward(game/avg): 7940/9552 | 1.40 games/s | ETA: 489s
[gpu0] [ 317/1000] samples:  15850 | chain(game/max/avg): 4/7/4.2 | reward(game/avg): 10000/9553 | 1.40 games/s | ETA: 487s
[gpu0] [ 318/1000] samples:  15900 | chain(game/max/avg): 4/7/4.2 | reward(game/avg): 9260/9552 | 1.41 games/s | ETA: 485s
[gpu0] [ 319/1000] samples:  15950 | chain(game/max/avg): 5/7/4.2 | reward(game/avg): 11920/9560 | 1.41 games/s | ETA: 482s
[gpu0] [ 320/1000] samples:  16000 | chain(game/max/avg): 6/7/4.2 | reward(game/avg): 21790/9598 | 1.42 games/s | ETA: 480s
[gpu0] [ 321/1000] samples:  16050 | chain(game/max/avg): 3/7/4.2 | reward(game/avg): 7350/9591 | 1.42 games/s | ETA: 478s
[gpu0] [ 322/1000] samples:  16100 | chain(game/max/avg): 4/7/4.2 | reward(game/avg): 5620/9579 | 1.43 games/s | ETA: 476s
[gpu0] [ 323/1000] samples:  16150 | chain(game/max/avg): 3/7/4.2 | reward(game/avg): 6180/9568 | 1.43 games/s | ETA: 474s
[gpu0] [ 324/1000] samples:  16200 | chain(game/max/avg): 5/7/4.2 | reward(game/avg): 8630/9565 | 1.43 games/s | ETA: 471s
[gpu0] [ 325/1000] samples:  16250 | chain(game/max/avg): 4/7/4.2 | reward(game/avg): 8440/9562 | 1.44 games/s | ETA: 469s
[gpu0] [ 326/1000] samples:  16300 | chain(game/max/avg): 4/7/4.2 | reward(game/avg): 8000/9557 | 1.44 games/s | ETA: 467s
[gpu0] [ 327/1000] samples:  16350 | chain(game/max/avg): 4/7/4.2 | reward(game/avg): 8840/9555 | 1.45 games/s | ETA: 465s
[gpu0] [ 328/1000] samples:  16400 | chain(game/max/avg): 4/7/4.2 | reward(game/avg): 8100/9550 | 1.45 games/s | ETA: 463s
[gpu0] [ 329/1000] samples:  16450 | chain(game/max/avg): 6/7/4.2 | reward(game/avg): 17220/9574 | 1.46 games/s | ETA: 461s
[gpu0] [ 330/1000] samples:  16500 | chain(game/max/avg): 4/7/4.2 | reward(game/avg): 9040/9572 | 1.46 games/s | ETA: 459s
[gpu0] [ 331/1000] samples:  16550 | chain(game/max/avg): 4/7/4.2 | reward(game/avg): 8330/9568 | 1.46 games/s | ETA: 457s
[gpu0] [ 332/1000] samples:  16600 | chain(game/max/avg): 7/7/4.2 | reward(game/avg): 22680/9608 | 1.47 games/s | ETA: 455s
[gpu0] [ 333/1000] samples:  16650 | chain(game/max/avg): 7/7/4.2 | reward(game/avg): 21260/9643 | 1.47 games/s | ETA: 453s
[gpu0] [ 334/1000] samples:  16700 | chain(game/max/avg): 5/7/4.2 | reward(game/avg): 11740/9649 | 1.48 games/s | ETA: 451s
[gpu0] [ 335/1000] samples:  16750 | chain(game/max/avg): 4/7/4.2 | reward(game/avg): 9780/9650 | 1.48 games/s | ETA: 449s
[gpu0] [ 336/1000] samples:  16800 | chain(game/max/avg): 4/7/4.2 | reward(game/avg): 8140/9645 | 1.49 games/s | ETA: 447s
[gpu0] [ 337/1000] samples:  16850 | chain(game/max/avg): 4/7/4.2 | reward(game/avg): 7880/9640 | 1.49 games/s | ETA: 445s
[gpu0] [ 338/1000] samples:  16900 | chain(game/max/avg): 5/7/4.2 | reward(game/avg): 8540/9637 | 1.50 games/s | ETA: 443s
[gpu0] [ 339/1000] samples:  16950 | chain(game/max/avg): 5/7/4.2 | reward(game/avg): 12050/9644 | 1.50 games/s | ETA: 441s
[gpu0] [ 340/1000] samples:  17000 | chain(game/max/avg): 4/7/4.2 | reward(game/avg): 8160/9639 | 1.50 games/s | ETA: 439s
[gpu0] [ 341/1000] samples:  17050 | chain(game/max/avg): 4/7/4.2 | reward(game/avg): 10750/9643 | 1.51 games/s | ETA: 437s
[gpu0] [ 342/1000] samples:  17100 | chain(game/max/avg): 5/7/4.2 | reward(game/avg): 15120/9659 | 1.51 games/s | ETA: 435s
[gpu0] [ 343/1000] samples:  17150 | chain(game/max/avg): 4/7/4.2 | reward(game/avg): 11820/9665 | 1.52 games/s | ETA: 433s
[gpu0] [ 344/1000] samples:  17200 | chain(game/max/avg): 5/7/4.2 | reward(game/avg): 12780/9674 | 1.52 games/s | ETA: 431s
[gpu0] [ 345/1000] samples:  17250 | chain(game/max/avg): 3/7/4.2 | reward(game/avg): 5980/9663 | 1.53 games/s | ETA: 429s
[gpu0] [ 346/1000] samples:  17300 | chain(game/max/avg): 5/7/4.2 | reward(game/avg): 10780/9667 | 1.53 games/s | ETA: 427s
[gpu0] [ 347/1000] samples:  17350 | chain(game/max/avg): 4/7/4.2 | reward(game/avg): 9600/9666 | 1.54 games/s | ETA: 425s
[gpu0] [ 348/1000] samples:  17400 | chain(game/max/avg): 3/7/4.2 | reward(game/avg): 6200/9656 | 1.54 games/s | ETA: 423s
[gpu0] [ 349/1000] samples:  17450 | chain(game/max/avg): 4/7/4.2 | reward(game/avg): 9440/9656 | 1.54 games/s | ETA: 422s
[gpu0] [ 350/1000] samples:  17500 | chain(game/max/avg): 5/7/4.2 | reward(game/avg): 10820/9659 | 1.55 games/s | ETA: 420s
[gpu0] [ 351/1000] samples:  17550 | chain(game/max/avg): 4/7/4.2 | reward(game/avg): 8540/9656 | 1.55 games/s | ETA: 418s
[gpu0] [ 352/1000] samples:  17600 | chain(game/max/avg): 5/7/4.2 | reward(game/avg): 14240/9669 | 1.56 games/s | ETA: 416s
[gpu0] [ 353/1000] samples:  17650 | chain(game/max/avg): 4/7/4.2 | reward(game/avg): 8070/9664 | 1.56 games/s | ETA: 414s
[gpu0] [ 354/1000] samples:  17700 | chain(game/max/avg): 4/7/4.2 | reward(game/avg): 7400/9658 | 1.57 games/s | ETA: 412s
[gpu0] [ 355/1000] samples:  17750 | chain(game/max/avg): 4/7/4.2 | reward(game/avg): 7960/9653 | 1.57 games/s | ETA: 411s
[gpu0] [ 356/1000] samples:  17800 | chain(game/max/avg): 4/7/4.2 | reward(game/avg): 6520/9644 | 1.58 games/s | ETA: 409s
[gpu0] [ 357/1000] samples:  17850 | chain(game/max/avg): 4/7/4.2 | reward(game/avg): 9760/9645 | 1.58 games/s | ETA: 407s
[gpu0] [ 358/1000] samples:  17900 | chain(game/max/avg): 4/7/4.2 | reward(game/avg): 8060/9640 | 1.58 games/s | ETA: 405s
[gpu0] [ 359/1000] samples:  17950 | chain(game/max/avg): 4/7/4.2 | reward(game/avg): 6910/9633 | 1.59 games/s | ETA: 404s
[gpu0] [ 360/1000] samples:  18000 | chain(game/max/avg): 3/7/4.2 | reward(game/avg): 7640/9627 | 1.59 games/s | ETA: 402s
[gpu0] [ 361/1000] samples:  18050 | chain(game/max/avg): 4/7/4.2 | reward(game/avg): 10740/9630 | 1.60 games/s | ETA: 400s
[gpu0] [ 362/1000] samples:  18100 | chain(game/max/avg): 3/7/4.2 | reward(game/avg): 5740/9619 | 1.60 games/s | ETA: 398s
[gpu0] [ 363/1000] samples:  18150 | chain(game/max/avg): 4/7/4.2 | reward(game/avg): 7560/9614 | 1.61 games/s | ETA: 397s
[gpu0] [ 364/1000] samples:  18200 | chain(game/max/avg): 5/7/4.2 | reward(game/avg): 13100/9623 | 1.61 games/s | ETA: 395s
[gpu0] [ 365/1000] samples:  18250 | chain(game/max/avg): 5/7/4.2 | reward(game/avg): 11690/9629 | 1.61 games/s | ETA: 393s
[gpu0] [ 366/1000] samples:  18300 | chain(game/max/avg): 6/7/4.2 | reward(game/avg): 20920/9660 | 1.62 games/s | ETA: 392s
[gpu0] [ 367/1000] samples:  18350 | chain(game/max/avg): 4/7/4.2 | reward(game/avg): 9960/9661 | 1.62 games/s | ETA: 390s
[gpu0] [ 368/1000] samples:  18400 | chain(game/max/avg): 4/7/4.2 | reward(game/avg): 6580/9652 | 1.63 games/s | ETA: 388s
[gpu0] [ 369/1000] samples:  18450 | chain(game/max/avg): 3/7/4.2 | reward(game/avg): 6290/9643 | 1.63 games/s | ETA: 387s
[gpu0] [ 370/1000] samples:  18500 | chain(game/max/avg): 3/7/4.2 | reward(game/avg): 8320/9640 | 1.64 games/s | ETA: 385s
[gpu0] [ 371/1000] samples:  18550 | chain(game/max/avg): 5/7/4.2 | reward(game/avg): 12000/9646 | 1.64 games/s | ETA: 383s
[gpu0] [ 372/1000] samples:  18600 | chain(game/max/avg): 4/7/4.2 | reward(game/avg): 7080/9639 | 1.65 games/s | ETA: 382s
[gpu0] [ 373/1000] samples:  18650 | chain(game/max/avg): 7/7/4.2 | reward(game/avg): 23440/9676 | 1.65 games/s | ETA: 380s
[gpu0] [ 374/1000] samples:  18700 | chain(game/max/avg): 4/7/4.2 | reward(game/avg): 9610/9676 | 1.65 games/s | ETA: 378s
[gpu0] [ 375/1000] samples:  18750 | chain(game/max/avg): 4/7/4.2 | reward(game/avg): 10320/9678 | 1.66 games/s | ETA: 377s
[gpu0] [ 376/1000] samples:  18800 | chain(game/max/avg): 6/7/4.2 | reward(game/avg): 13520/9688 | 1.66 games/s | ETA: 375s
[gpu0] [ 377/1000] samples:  18850 | chain(game/max/avg): 4/7/4.2 | reward(game/avg): 11980/9694 | 1.67 games/s | ETA: 374s
[gpu0] [ 378/1000] samples:  18900 | chain(game/max/avg): 5/7/4.2 | reward(game/avg): 10330/9696 | 1.67 games/s | ETA: 372s
[gpu0] [ 379/1000] samples:  18950 | chain(game/max/avg): 3/7/4.2 | reward(game/avg): 6740/9688 | 1.68 games/s | ETA: 370s
[gpu0] [ 380/1000] samples:  19000 | chain(game/max/avg): 4/7/4.2 | reward(game/avg): 5720/9677 | 1.68 games/s | ETA: 369s
[gpu0] [ 381/1000] samples:  19050 | chain(game/max/avg): 4/7/4.2 | reward(game/avg): 8370/9674 | 1.69 games/s | ETA: 367s
[gpu0] [ 382/1000] samples:  19100 | chain(game/max/avg): 4/7/4.2 | reward(game/avg): 12940/9683 | 1.69 games/s | ETA: 366s
[gpu0] [ 383/1000] samples:  19150 | chain(game/max/avg): 4/7/4.2 | reward(game/avg): 6140/9673 | 1.69 games/s | ETA: 364s
[gpu0] [ 384/1000] samples:  19200 | chain(game/max/avg): 6/7/4.2 | reward(game/avg): 19300/9698 | 1.70 games/s | ETA: 363s
[gpu0] [ 385/1000] samples:  19250 | chain(game/max/avg): 4/7/4.2 | reward(game/avg): 9790/9699 | 1.70 games/s | ETA: 361s
[gpu0] [ 386/1000] samples:  19300 | chain(game/max/avg): 4/7/4.2 | reward(game/avg): 8060/9694 | 1.71 games/s | ETA: 360s
[gpu0] [ 387/1000] samples:  19350 | chain(game/max/avg): 4/7/4.2 | reward(game/avg): 9020/9693 | 1.71 games/s | ETA: 358s
[gpu0] [ 388/1000] samples:  19400 | chain(game/max/avg): 5/7/4.2 | reward(game/avg): 10440/9695 | 1.72 games/s | ETA: 357s
[gpu0] [ 389/1000] samples:  19450 | chain(game/max/avg): 4/7/4.2 | reward(game/avg): 7690/9689 | 1.72 games/s | ETA: 355s
[gpu0] [ 390/1000] samples:  19500 | chain(game/max/avg): 3/7/4.2 | reward(game/avg): 7920/9685 | 1.72 games/s | ETA: 354s
[gpu0] [ 391/1000] samples:  19550 | chain(game/max/avg): 3/7/4.2 | reward(game/avg): 5220/9673 | 1.73 games/s | ETA: 352s
[gpu0] [ 392/1000] samples:  19600 | chain(game/max/avg): 5/7/4.2 | reward(game/avg): 10490/9675 | 1.73 games/s | ETA: 351s
[gpu0] [ 393/1000] samples:  19650 | chain(game/max/avg): 5/7/4.2 | reward(game/avg): 10080/9677 | 1.74 games/s | ETA: 349s
[gpu0] [ 394/1000] samples:  19700 | chain(game/max/avg): 5/7/4.2 | reward(game/avg): 10260/9678 | 1.74 games/s | ETA: 348s
[gpu0] [ 395/1000] samples:  19750 | chain(game/max/avg): 4/7/4.2 | reward(game/avg): 8820/9676 | 1.75 games/s | ETA: 346s
[gpu0] [ 396/1000] samples:  19800 | chain(game/max/avg): 4/7/4.2 | reward(game/avg): 10720/9678 | 1.75 games/s | ETA: 345s
[gpu0] [ 397/1000] samples:  19850 | chain(game/max/avg): 6/7/4.2 | reward(game/avg): 15380/9693 | 1.76 games/s | ETA: 343s
[gpu0] [ 398/1000] samples:  19900 | chain(game/max/avg): 5/7/4.2 | reward(game/avg): 11980/9699 | 1.76 games/s | ETA: 342s
[gpu0] [ 399/1000] samples:  19950 | chain(game/max/avg): 4/7/4.2 | reward(game/avg): 7500/9693 | 1.76 games/s | ETA: 341s
[gpu0] [ 400/1000] samples:  20000 | chain(game/max/avg): 4/7/4.2 | reward(game/avg): 9420/9692 | 1.77 games/s | ETA: 339s
[gpu0] [ 401/1000] samples:  20050 | chain(game/max/avg): 5/7/4.2 | reward(game/avg): 11290/9696 | 1.77 games/s | ETA: 338s
[gpu0] [ 402/1000] samples:  20100 | chain(game/max/avg): 4/7/4.2 | reward(game/avg): 8780/9694 | 1.78 games/s | ETA: 336s
[gpu0] [ 403/1000] samples:  20150 | chain(game/max/avg): 3/7/4.2 | reward(game/avg): 6290/9686 | 1.78 games/s | ETA: 335s
[gpu0] [ 404/1000] samples:  20200 | chain(game/max/avg): 4/7/4.2 | reward(game/avg): 10000/9686 | 1.79 games/s | ETA: 334s
[gpu0] [ 405/1000] samples:  20250 | chain(game/max/avg): 3/7/4.2 | reward(game/avg): 6420/9678 | 1.79 games/s | ETA: 332s
[gpu0] [ 406/1000] samples:  20300 | chain(game/max/avg): 4/7/4.2 | reward(game/avg): 6040/9669 | 1.80 games/s | ETA: 331s
[gpu0] [ 407/1000] samples:  20350 | chain(game/max/avg): 4/7/4.2 | reward(game/avg): 7170/9663 | 1.80 games/s | ETA: 330s
[gpu0] [ 408/1000] samples:  20400 | chain(game/max/avg): 4/7/4.2 | reward(game/avg): 8940/9661 | 1.80 games/s | ETA: 328s
[gpu0] [ 409/1000] samples:  20450 | chain(game/max/avg): 3/7/4.2 | reward(game/avg): 6340/9653 | 1.81 games/s | ETA: 327s
[gpu0] [ 410/1000] samples:  20500 | chain(game/max/avg): 4/7/4.2 | reward(game/avg): 8520/9651 | 1.81 games/s | ETA: 325s
[gpu0] [ 411/1000] samples:  20550 | chain(game/max/avg): 3/7/4.2 | reward(game/avg): 8050/9647 | 1.82 games/s | ETA: 324s
[gpu0] [ 412/1000] samples:  20600 | chain(game/max/avg): 4/7/4.2 | reward(game/avg): 9720/9647 | 1.82 games/s | ETA: 323s
[gpu0] [ 413/1000] samples:  20650 | chain(game/max/avg): 4/7/4.2 | reward(game/avg): 6260/9639 | 1.83 games/s | ETA: 321s
[gpu0] [ 414/1000] samples:  20700 | chain(game/max/avg): 6/7/4.2 | reward(game/avg): 14370/9650 | 1.83 games/s | ETA: 320s
[gpu0] [ 415/1000] samples:  20750 | chain(game/max/avg): 4/7/4.2 | reward(game/avg): 8720/9648 | 1.83 games/s | ETA: 319s
[gpu0] [ 416/1000] samples:  20800 | chain(game/max/avg): 4/7/4.2 | reward(game/avg): 7120/9642 | 1.84 games/s | ETA: 318s
[gpu0] [ 417/1000] samples:  20850 | chain(game/max/avg): 5/7/4.2 | reward(game/avg): 11700/9647 | 1.84 games/s | ETA: 316s
[gpu0] [ 418/1000] samples:  20900 | chain(game/max/avg): 4/7/4.2 | reward(game/avg): 7640/9642 | 1.85 games/s | ETA: 315s
[gpu0] [ 419/1000] samples:  20950 | chain(game/max/avg): 3/7/4.2 | reward(game/avg): 6420/9634 | 1.85 games/s | ETA: 314s
[gpu0] [ 420/1000] samples:  21000 | chain(game/max/avg): 4/7/4.2 | reward(game/avg): 9120/9633 | 1.86 games/s | ETA: 312s
[gpu0] [ 421/1000] samples:  21050 | chain(game/max/avg): 3/7/4.2 | reward(game/avg): 6310/9625 | 1.86 games/s | ETA: 311s
[gpu0] [ 422/1000] samples:  21100 | chain(game/max/avg): 4/7/4.2 | reward(game/avg): 8320/9622 | 1.87 games/s | ETA: 310s
[gpu0] [ 423/1000] samples:  21150 | chain(game/max/avg): 4/7/4.2 | reward(game/avg): 10180/9623 | 1.87 games/s | ETA: 309s
[gpu0] [ 424/1000] samples:  21200 | chain(game/max/avg): 4/7/4.2 | reward(game/avg): 6150/9615 | 1.87 games/s | ETA: 307s
[gpu0] [ 425/1000] samples:  21250 | chain(game/max/avg): 5/7/4.2 | reward(game/avg): 13000/9623 | 1.88 games/s | ETA: 306s
[gpu0] [ 426/1000] samples:  21300 | chain(game/max/avg): 3/7/4.2 | reward(game/avg): 7380/9618 | 1.88 games/s | ETA: 305s
[gpu0] [ 427/1000] samples:  21350 | chain(game/max/avg): 3/7/4.2 | reward(game/avg): 5900/9609 | 1.89 games/s | ETA: 304s
[gpu0] [ 428/1000] samples:  21400 | chain(game/max/avg): 6/7/4.2 | reward(game/avg): 19020/9631 | 1.89 games/s | ETA: 302s
[gpu0] [ 429/1000] samples:  21450 | chain(game/max/avg): 5/7/4.2 | reward(game/avg): 13180/9639 | 1.90 games/s | ETA: 301s
[gpu0] [ 430/1000] samples:  21500 | chain(game/max/avg): 4/7/4.2 | reward(game/avg): 6920/9633 | 1.90 games/s | ETA: 300s
[gpu0] [ 431/1000] samples:  21550 | chain(game/max/avg): 5/7/4.2 | reward(game/avg): 10170/9634 | 1.90 games/s | ETA: 299s
[gpu0] [ 432/1000] samples:  21600 | chain(game/max/avg): 4/7/4.2 | reward(game/avg): 8620/9632 | 1.91 games/s | ETA: 298s
[gpu0] [ 433/1000] samples:  21650 | chain(game/max/avg): 3/7/4.2 | reward(game/avg): 6310/9624 | 1.91 games/s | ETA: 296s
[gpu0] [ 434/1000] samples:  21700 | chain(game/max/avg): 3/7/4.2 | reward(game/avg): 7880/9620 | 1.92 games/s | ETA: 295s
[gpu0] [ 435/1000] samples:  21750 | chain(game/max/avg): 4/7/4.2 | reward(game/avg): 12220/9626 | 1.92 games/s | ETA: 294s
[gpu0] [ 436/1000] samples:  21800 | chain(game/max/avg): 4/7/4.2 | reward(game/avg): 9570/9626 | 1.93 games/s | ETA: 293s
[gpu0] [ 437/1000] samples:  21850 | chain(game/max/avg): 4/7/4.2 | reward(game/avg): 9260/9625 | 1.93 games/s | ETA: 292s
[gpu0] [ 438/1000] samples:  21900 | chain(game/max/avg): 4/7/4.2 | reward(game/avg): 9710/9625 | 1.94 games/s | ETA: 290s
[gpu0] [ 439/1000] samples:  21950 | chain(game/max/avg): 3/7/4.2 | reward(game/avg): 4880/9615 | 1.94 games/s | ETA: 289s
[gpu0] [ 440/1000] samples:  22000 | chain(game/max/avg): 3/7/4.2 | reward(game/avg): 6410/9607 | 1.94 games/s | ETA: 288s
[gpu0] [ 441/1000] samples:  22050 | chain(game/max/avg): 4/7/4.2 | reward(game/avg): 7560/9603 | 1.95 games/s | ETA: 287s
[gpu0] [ 442/1000] samples:  22100 | chain(game/max/avg): 4/7/4.2 | reward(game/avg): 7040/9597 | 1.95 games/s | ETA: 286s
[gpu0] [ 443/1000] samples:  22150 | chain(game/max/avg): 5/7/4.2 | reward(game/avg): 9480/9597 | 1.96 games/s | ETA: 285s
[gpu0] [ 444/1000] samples:  22200 | chain(game/max/avg): 4/7/4.2 | reward(game/avg): 8290/9594 | 1.96 games/s | ETA: 283s
[gpu0] [ 445/1000] samples:  22250 | chain(game/max/avg): 2/7/4.2 | reward(game/avg): 3910/9581 | 1.97 games/s | ETA: 282s
[gpu0] [ 446/1000] samples:  22300 | chain(game/max/avg): 5/7/4.2 | reward(game/avg): 10040/9582 | 1.97 games/s | ETA: 281s
[gpu0] [ 447/1000] samples:  22350 | chain(game/max/avg): 4/7/4.2 | reward(game/avg): 9240/9581 | 1.97 games/s | ETA: 280s
[gpu0] [ 448/1000] samples:  22400 | chain(game/max/avg): 4/7/4.2 | reward(game/avg): 9840/9582 | 1.98 games/s | ETA: 279s
[gpu0] [ 449/1000] samples:  22450 | chain(game/max/avg): 4/7/4.2 | reward(game/avg): 8380/9579 | 1.98 games/s | ETA: 278s
[gpu0] [ 450/1000] samples:  22500 | chain(game/max/avg): 5/7/4.2 | reward(game/avg): 13100/9587 | 1.99 games/s | ETA: 277s
[gpu0] [ 451/1000] samples:  22550 | chain(game/max/avg): 4/7/4.2 | reward(game/avg): 10860/9590 | 1.99 games/s | ETA: 276s
[gpu0] [ 452/1000] samples:  22600 | chain(game/max/avg): 4/7/4.2 | reward(game/avg): 12450/9596 | 2.00 games/s | ETA: 274s
[gpu0] [ 453/1000] samples:  22650 | chain(game/max/avg): 4/7/4.2 | reward(game/avg): 9620/9596 | 2.00 games/s | ETA: 273s
[gpu0] [ 454/1000] samples:  22700 | chain(game/max/avg): 7/7/4.2 | reward(game/avg): 19300/9618 | 2.01 games/s | ETA: 272s
[gpu0] [ 455/1000] samples:  22750 | chain(game/max/avg): 6/7/4.2 | reward(game/avg): 13220/9625 | 2.01 games/s | ETA: 271s
[gpu0] [ 456/1000] samples:  22800 | chain(game/max/avg): 4/7/4.2 | reward(game/avg): 11570/9630 | 2.01 games/s | ETA: 270s
[gpu0] [ 457/1000] samples:  22850 | chain(game/max/avg): 5/7/4.2 | reward(game/avg): 17380/9647 | 2.02 games/s | ETA: 269s
[gpu0] [ 458/1000] samples:  22900 | chain(game/max/avg): 4/7/4.2 | reward(game/avg): 7940/9643 | 2.02 games/s | ETA: 268s
[gpu0] [ 459/1000] samples:  22950 | chain(game/max/avg): 4/7/4.2 | reward(game/avg): 4960/9633 | 2.03 games/s | ETA: 267s
[gpu0] [ 460/1000] samples:  23000 | chain(game/max/avg): 4/7/4.2 | reward(game/avg): 10650/9635 | 2.03 games/s | ETA: 266s
[gpu0] [ 461/1000] samples:  23050 | chain(game/max/avg): 4/7/4.2 | reward(game/avg): 9080/9634 | 2.04 games/s | ETA: 265s
[gpu0] [ 462/1000] samples:  23100 | chain(game/max/avg): 4/7/4.2 | reward(game/avg): 7620/9629 | 2.04 games/s | ETA: 264s
[gpu0] [ 463/1000] samples:  23150 | chain(game/max/avg): 4/7/4.2 | reward(game/avg): 9440/9629 | 2.04 games/s | ETA: 263s
[gpu0] [ 464/1000] samples:  23200 | chain(game/max/avg): 3/7/4.2 | reward(game/avg): 5770/9621 | 2.05 games/s | ETA: 262s
[gpu0] [ 465/1000] samples:  23250 | chain(game/max/avg): 3/7/4.2 | reward(game/avg): 5640/9612 | 2.05 games/s | ETA: 261s
[gpu0] [ 466/1000] samples:  23300 | chain(game/max/avg): 3/7/4.2 | reward(game/avg): 7660/9608 | 2.06 games/s | ETA: 259s
[gpu0] [ 467/1000] samples:  23350 | chain(game/max/avg): 5/7/4.2 | reward(game/avg): 8460/9605 | 2.06 games/s | ETA: 258s
[gpu0] [ 468/1000] samples:  23400 | chain(game/max/avg): 4/7/4.2 | reward(game/avg): 9620/9605 | 2.07 games/s | ETA: 257s
[gpu0] [ 469/1000] samples:  23450 | chain(game/max/avg): 4/7/4.2 | reward(game/avg): 6360/9599 | 2.07 games/s | ETA: 256s
[gpu0] [ 470/1000] samples:  23500 | chain(game/max/avg): 4/7/4.2 | reward(game/avg): 8680/9597 | 2.08 games/s | ETA: 255s
[gpu0] [ 471/1000] samples:  23550 | chain(game/max/avg): 3/7/4.2 | reward(game/avg): 4920/9587 | 2.08 games/s | ETA: 254s
[gpu0] [ 472/1000] samples:  23600 | chain(game/max/avg): 4/7/4.2 | reward(game/avg): 6780/9581 | 2.08 games/s | ETA: 253s
[gpu0] [ 473/1000] samples:  23650 | chain(game/max/avg): 5/7/4.2 | reward(game/avg): 9600/9581 | 2.09 games/s | ETA: 252s
[gpu0] [ 474/1000] samples:  23700 | chain(game/max/avg): 3/7/4.2 | reward(game/avg): 6740/9575 | 2.09 games/s | ETA: 251s
[gpu0] [ 475/1000] samples:  23750 | chain(game/max/avg): 4/7/4.2 | reward(game/avg): 10040/9576 | 2.10 games/s | ETA: 250s
[gpu0] [ 476/1000] samples:  23800 | chain(game/max/avg): 6/7/4.2 | reward(game/avg): 15740/9589 | 2.10 games/s | ETA: 249s
[gpu0] [ 477/1000] samples:  23850 | chain(game/max/avg): 5/7/4.2 | reward(game/avg): 11840/9593 | 2.11 games/s | ETA: 248s
[gpu0] [ 478/1000] samples:  23900 | chain(game/max/avg): 4/7/4.2 | reward(game/avg): 6320/9587 | 2.11 games/s | ETA: 247s
[gpu0] [ 479/1000] samples:  23950 | chain(game/max/avg): 3/7/4.2 | reward(game/avg): 6380/9580 | 2.11 games/s | ETA: 246s
[gpu0] [ 480/1000] samples:  24000 | chain(game/max/avg): 5/7/4.2 | reward(game/avg): 11760/9584 | 2.12 games/s | ETA: 245s
[gpu0] [ 481/1000] samples:  24050 | chain(game/max/avg): 4/7/4.2 | reward(game/avg): 7640/9580 | 2.12 games/s | ETA: 244s
[gpu0] [ 482/1000] samples:  24100 | chain(game/max/avg): 4/7/4.2 | reward(game/avg): 7470/9576 | 2.13 games/s | ETA: 243s
[gpu0] [ 483/1000] samples:  24150 | chain(game/max/avg): 5/7/4.2 | reward(game/avg): 13460/9584 | 2.13 games/s | ETA: 243s
[gpu0] [ 484/1000] samples:  24200 | chain(game/max/avg): 4/7/4.2 | reward(game/avg): 8260/9581 | 2.14 games/s | ETA: 242s
[gpu0] [ 485/1000] samples:  24250 | chain(game/max/avg): 4/7/4.2 | reward(game/avg): 8790/9580 | 2.14 games/s | ETA: 241s
[gpu0] [ 486/1000] samples:  24300 | chain(game/max/avg): 4/7/4.2 | reward(game/avg): 7400/9575 | 2.15 games/s | ETA: 240s
[gpu0] [ 487/1000] samples:  24350 | chain(game/max/avg): 5/7/4.2 | reward(game/avg): 9240/9575 | 2.15 games/s | ETA: 239s
[gpu0] [ 488/1000] samples:  24400 | chain(game/max/avg): 4/7/4.2 | reward(game/avg): 8180/9572 | 2.15 games/s | ETA: 238s
[gpu0] [ 489/1000] samples:  24450 | chain(game/max/avg): 5/7/4.2 | reward(game/avg): 10640/9574 | 2.16 games/s | ETA: 237s
[gpu0] [ 490/1000] samples:  24500 | chain(game/max/avg): 3/7/4.2 | reward(game/avg): 5120/9565 | 2.16 games/s | ETA: 236s
[gpu0] [ 491/1000] samples:  24550 | chain(game/max/avg): 4/7/4.2 | reward(game/avg): 8420/9562 | 2.17 games/s | ETA: 235s
[gpu0] [ 492/1000] samples:  24600 | chain(game/max/avg): 5/7/4.2 | reward(game/avg): 13000/9569 | 2.17 games/s | ETA: 234s
[gpu0] [ 493/1000] samples:  24650 | chain(game/max/avg): 4/7/4.2 | reward(game/avg): 8530/9567 | 2.18 games/s | ETA: 233s
[gpu0] [ 494/1000] samples:  24700 | chain(game/max/avg): 4/7/4.2 | reward(game/avg): 8620/9565 | 2.18 games/s | ETA: 232s
[gpu0] [ 495/1000] samples:  24750 | chain(game/max/avg): 4/7/4.2 | reward(game/avg): 8860/9564 | 2.18 games/s | ETA: 231s
[gpu0] [ 496/1000] samples:  24800 | chain(game/max/avg): 5/7/4.2 | reward(game/avg): 12210/9569 | 2.19 games/s | ETA: 230s
[gpu0] [ 497/1000] samples:  24850 | chain(game/max/avg): 3/7/4.2 | reward(game/avg): 5410/9561 | 2.19 games/s | ETA: 230s
[gpu0] [ 498/1000] samples:  24900 | chain(game/max/avg): 4/7/4.2 | reward(game/avg): 8660/9559 | 2.19 games/s | ETA: 229s
[gpu0] [ 499/1000] samples:  24950 | chain(game/max/avg): 5/7/4.2 | reward(game/avg): 12280/9565 | 2.20 games/s | ETA: 228s
[gpu0] [ 500/1000] samples:  25000 | chain(game/max/avg): 4/7/4.2 | reward(game/avg): 8820/9563 | 2.20 games/s | ETA: 227s
[gpu0] [ 501/1000] samples:  25050 | chain(game/max/avg): 5/7/4.2 | reward(game/avg): 12640/9569 | 1.14 games/s | ETA: 437s
[gpu0] [ 502/1000] samples:  25100 | chain(game/max/avg): 4/7/4.2 | reward(game/avg): 7790/9566 | 1.14 games/s | ETA: 438s
[gpu0] [ 503/1000] samples:  25150 | chain(game/max/avg): 3/7/4.2 | reward(game/avg): 5220/9557 | 1.14 games/s | ETA: 436s
[gpu0] [ 504/1000] samples:  25200 | chain(game/max/avg): 4/7/4.2 | reward(game/avg): 4880/9548 | 1.14 games/s | ETA: 435s
[gpu0] [ 505/1000] samples:  25250 | chain(game/max/avg): 5/7/4.2 | reward(game/avg): 8830/9546 | 1.14 games/s | ETA: 434s
[gpu0] [ 506/1000] samples:  25300 | chain(game/max/avg): 5/7/4.2 | reward(game/avg): 9940/9547 | 1.14 games/s | ETA: 432s
[gpu0] [ 507/1000] samples:  25350 | chain(game/max/avg): 4/7/4.2 | reward(game/avg): 7720/9544 | 1.15 games/s | ETA: 430s
[gpu0] [ 508/1000] samples:  25400 | chain(game/max/avg): 5/7/4.2 | reward(game/avg): 9700/9544 | 1.15 games/s | ETA: 429s
[gpu0] [ 509/1000] samples:  25450 | chain(game/max/avg): 4/7/4.2 | reward(game/avg): 10260/9545 | 1.15 games/s | ETA: 427s
[gpu0] [ 510/1000] samples:  25500 | chain(game/max/avg): 4/7/4.2 | reward(game/avg): 9490/9545 | 1.15 games/s | ETA: 425s
[gpu0] [ 511/1000] samples:  25550 | chain(game/max/avg): 5/7/4.2 | reward(game/avg): 8720/9544 | 1.15 games/s | ETA: 424s
[gpu0] [ 512/1000] samples:  25600 | chain(game/max/avg): 6/7/4.2 | reward(game/avg): 11660/9548 | 1.16 games/s | ETA: 422s
[gpu0] [ 513/1000] samples:  25650 | chain(game/max/avg): 5/7/4.2 | reward(game/avg): 13580/9555 | 1.16 games/s | ETA: 420s
[gpu0] [ 514/1000] samples:  25700 | chain(game/max/avg): 5/7/4.2 | reward(game/avg): 9420/9555 | 1.16 games/s | ETA: 419s
[gpu0] [ 515/1000] samples:  25750 | chain(game/max/avg): 6/7/4.2 | reward(game/avg): 17080/9570 | 1.16 games/s | ETA: 417s
[gpu0] [ 516/1000] samples:  25800 | chain(game/max/avg): 5/7/4.2 | reward(game/avg): 13960/9578 | 1.17 games/s | ETA: 415s
[gpu0] [ 517/1000] samples:  25850 | chain(game/max/avg): 4/7/4.2 | reward(game/avg): 15650/9590 | 1.17 games/s | ETA: 414s
[gpu0] [ 518/1000] samples:  25900 | chain(game/max/avg): 5/7/4.2 | reward(game/avg): 13500/9598 | 1.17 games/s | ETA: 412s
[gpu0] [ 519/1000] samples:  25950 | chain(game/max/avg): 6/7/4.2 | reward(game/avg): 17280/9612 | 1.17 games/s | ETA: 410s
[gpu0] [ 520/1000] samples:  26000 | chain(game/max/avg): 5/7/4.2 | reward(game/avg): 10910/9615 | 1.17 games/s | ETA: 409s
[gpu0] [ 521/1000] samples:  26050 | chain(game/max/avg): 3/7/4.2 | reward(game/avg): 6360/9609 | 1.18 games/s | ETA: 407s
[gpu0] [ 522/1000] samples:  26100 | chain(game/max/avg): 3/7/4.2 | reward(game/avg): 6290/9602 | 1.18 games/s | ETA: 406s
[gpu0] [ 523/1000] samples:  26150 | chain(game/max/avg): 5/7/4.2 | reward(game/avg): 13320/9609 | 1.18 games/s | ETA: 404s
[gpu0] [ 524/1000] samples:  26200 | chain(game/max/avg): 4/7/4.2 | reward(game/avg): 5350/9601 | 1.18 games/s | ETA: 402s
[gpu0] [ 525/1000] samples:  26250 | chain(game/max/avg): 4/7/4.2 | reward(game/avg): 7020/9596 | 1.19 games/s | ETA: 401s
[gpu0] [ 526/1000] samples:  26300 | chain(game/max/avg): 5/7/4.2 | reward(game/avg): 13170/9603 | 1.19 games/s | ETA: 399s
[gpu0] [ 527/1000] samples:  26350 | chain(game/max/avg): 4/7/4.2 | reward(game/avg): 7540/9599 | 1.19 games/s | ETA: 398s
[gpu0] [ 528/1000] samples:  26400 | chain(game/max/avg): 6/7/4.2 | reward(game/avg): 24940/9628 | 1.19 games/s | ETA: 396s
[gpu0] [ 529/1000] samples:  26450 | chain(game/max/avg): 5/7/4.2 | reward(game/avg): 12040/9633 | 1.19 games/s | ETA: 394s
[gpu0] [ 530/1000] samples:  26500 | chain(game/max/avg): 3/7/4.2 | reward(game/avg): 4980/9624 | 1.20 games/s | ETA: 393s
[gpu0] [ 531/1000] samples:  26550 | chain(game/max/avg): 4/7/4.2 | reward(game/avg): 7200/9620 | 1.20 games/s | ETA: 391s
[gpu0] [ 532/1000] samples:  26600 | chain(game/max/avg): 4/7/4.2 | reward(game/avg): 8660/9618 | 1.20 games/s | ETA: 390s
[gpu0] [ 533/1000] samples:  26650 | chain(game/max/avg): 5/7/4.2 | reward(game/avg): 10080/9619 | 1.20 games/s | ETA: 388s
[gpu0] [ 534/1000] samples:  26700 | chain(game/max/avg): 4/7/4.2 | reward(game/avg): 5800/9611 | 1.21 games/s | ETA: 387s
[gpu0] [ 535/1000] samples:  26750 | chain(game/max/avg): 4/7/4.2 | reward(game/avg): 9140/9611 | 1.21 games/s | ETA: 385s
[gpu0] [ 536/1000] samples:  26800 | chain(game/max/avg): 5/7/4.2 | reward(game/avg): 11240/9614 | 1.21 games/s | ETA: 383s
[gpu0] [ 537/1000] samples:  26850 | chain(game/max/avg): 4/7/4.2 | reward(game/avg): 7340/9609 | 1.21 games/s | ETA: 382s
[gpu0] [ 538/1000] samples:  26900 | chain(game/max/avg): 4/7/4.2 | reward(game/avg): 12460/9615 | 1.21 games/s | ETA: 380s
[gpu0] [ 539/1000] samples:  26950 | chain(game/max/avg): 4/7/4.2 | reward(game/avg): 8150/9612 | 1.22 games/s | ETA: 379s
[gpu0] [ 540/1000] samples:  27000 | chain(game/max/avg): 4/7/4.2 | reward(game/avg): 6380/9606 | 1.22 games/s | ETA: 377s
[gpu0] [ 541/1000] samples:  27050 | chain(game/max/avg): 4/7/4.2 | reward(game/avg): 8320/9604 | 1.22 games/s | ETA: 376s
[gpu0] [ 542/1000] samples:  27100 | chain(game/max/avg): 7/7/4.2 | reward(game/avg): 20940/9625 | 1.22 games/s | ETA: 374s
[gpu0] [ 543/1000] samples:  27150 | chain(game/max/avg): 5/7/4.2 | reward(game/avg): 11100/9627 | 1.23 games/s | ETA: 373s
[gpu0] [ 544/1000] samples:  27200 | chain(game/max/avg): 3/7/4.2 | reward(game/avg): 7390/9623 | 1.23 games/s | ETA: 371s
[gpu0] [ 545/1000] samples:  27250 | chain(game/max/avg): 3/7/4.2 | reward(game/avg): 8040/9620 | 1.23 games/s | ETA: 370s
[gpu0] [ 546/1000] samples:  27300 | chain(game/max/avg): 4/7/4.2 | reward(game/avg): 8490/9618 | 1.23 games/s | ETA: 368s
[gpu0] [ 547/1000] samples:  27350 | chain(game/max/avg): 5/7/4.2 | reward(game/avg): 13320/9625 | 1.23 games/s | ETA: 367s
[gpu0] [ 548/1000] samples:  27400 | chain(game/max/avg): 4/7/4.2 | reward(game/avg): 12150/9630 | 1.24 games/s | ETA: 365s
[gpu0] [ 549/1000] samples:  27450 | chain(game/max/avg): 4/7/4.2 | reward(game/avg): 6230/9623 | 1.24 games/s | ETA: 364s
[gpu0] [ 550/1000] samples:  27500 | chain(game/max/avg): 4/7/4.2 | reward(game/avg): 12200/9628 | 1.24 games/s | ETA: 362s
[gpu0] [ 551/1000] samples:  27550 | chain(game/max/avg): 4/7/4.2 | reward(game/avg): 6100/9622 | 1.24 games/s | ETA: 361s
[gpu0] [ 552/1000] samples:  27600 | chain(game/max/avg): 6/7/4.2 | reward(game/avg): 15990/9633 | 1.25 games/s | ETA: 360s
[gpu0] [ 553/1000] samples:  27650 | chain(game/max/avg): 6/7/4.2 | reward(game/avg): 14690/9642 | 1.25 games/s | ETA: 358s
[gpu0] [ 554/1000] samples:  27700 | chain(game/max/avg): 4/7/4.2 | reward(game/avg): 11310/9645 | 1.25 games/s | ETA: 357s
[gpu0] [ 555/1000] samples:  27750 | chain(game/max/avg): 4/7/4.2 | reward(game/avg): 10790/9647 | 1.25 games/s | ETA: 355s
[gpu0] [ 556/1000] samples:  27800 | chain(game/max/avg): 4/7/4.2 | reward(game/avg): 11250/9650 | 1.25 games/s | ETA: 354s
[gpu0] [ 557/1000] samples:  27850 | chain(game/max/avg): 4/7/4.2 | reward(game/avg): 6760/9645 | 1.26 games/s | ETA: 352s
[gpu0] [ 558/1000] samples:  27900 | chain(game/max/avg): 4/7/4.2 | reward(game/avg): 8500/9643 | 1.26 games/s | ETA: 351s
[gpu0] [ 559/1000] samples:  27950 | chain(game/max/avg): 4/7/4.2 | reward(game/avg): 6460/9637 | 1.26 games/s | ETA: 350s
[gpu0] [ 560/1000] samples:  28000 | chain(game/max/avg): 2/7/4.2 | reward(game/avg): 8330/9635 | 1.26 games/s | ETA: 348s
[gpu0] [ 561/1000] samples:  28050 | chain(game/max/avg): 4/7/4.2 | reward(game/avg): 6680/9630 | 1.27 games/s | ETA: 347s
[gpu0] [ 562/1000] samples:  28100 | chain(game/max/avg): 5/7/4.2 | reward(game/avg): 10720/9632 | 1.27 games/s | ETA: 345s
[gpu0] [ 563/1000] samples:  28150 | chain(game/max/avg): 4/7/4.2 | reward(game/avg): 8300/9629 | 1.27 games/s | ETA: 344s
[gpu0] [ 564/1000] samples:  28200 | chain(game/max/avg): 5/7/4.2 | reward(game/avg): 11780/9633 | 1.27 games/s | ETA: 343s
[gpu0] [ 565/1000] samples:  28250 | chain(game/max/avg): 5/7/4.2 | reward(game/avg): 10260/9634 | 1.28 games/s | ETA: 341s
[gpu0] [ 566/1000] samples:  28300 | chain(game/max/avg): 4/7/4.2 | reward(game/avg): 8860/9633 | 1.28 games/s | ETA: 340s
[gpu0] [ 567/1000] samples:  28350 | chain(game/max/avg): 3/7/4.2 | reward(game/avg): 5200/9625 | 1.28 games/s | ETA: 338s
[gpu0] [ 568/1000] samples:  28400 | chain(game/max/avg): 4/7/4.2 | reward(game/avg): 6280/9619 | 1.28 games/s | ETA: 337s
[gpu0] [ 569/1000] samples:  28450 | chain(game/max/avg): 4/7/4.2 | reward(game/avg): 8720/9618 | 1.28 games/s | ETA: 336s
[gpu0] [ 570/1000] samples:  28500 | chain(game/max/avg): 4/7/4.2 | reward(game/avg): 8330/9615 | 1.29 games/s | ETA: 334s
[gpu0] [ 571/1000] samples:  28550 | chain(game/max/avg): 4/7/4.2 | reward(game/avg): 9280/9615 | 1.29 games/s | ETA: 333s
[gpu0] [ 572/1000] samples:  28600 | chain(game/max/avg): 4/7/4.2 | reward(game/avg): 8470/9613 | 1.29 games/s | ETA: 332s
[gpu0] [ 573/1000] samples:  28650 | chain(game/max/avg): 5/7/4.2 | reward(game/avg): 10120/9614 | 1.29 games/s | ETA: 330s
[gpu0] [ 574/1000] samples:  28700 | chain(game/max/avg): 3/7/4.2 | reward(game/avg): 8980/9612 | 1.30 games/s | ETA: 329s
[gpu0] [ 575/1000] samples:  28750 | chain(game/max/avg): 4/7/4.2 | reward(game/avg): 7280/9608 | 1.30 games/s | ETA: 327s
[gpu0] [ 576/1000] samples:  28800 | chain(game/max/avg): 4/7/4.2 | reward(game/avg): 8330/9606 | 1.30 games/s | ETA: 326s
[gpu0] [ 577/1000] samples:  28850 | chain(game/max/avg): 4/7/4.2 | reward(game/avg): 6760/9601 | 1.30 games/s | ETA: 325s
[gpu0] [ 578/1000] samples:  28900 | chain(game/max/avg): 5/7/4.2 | reward(game/avg): 11920/9605 | 1.30 games/s | ETA: 323s
[gpu0] [ 579/1000] samples:  28950 | chain(game/max/avg): 4/7/4.2 | reward(game/avg): 7260/9601 | 1.31 games/s | ETA: 322s
[gpu0] [ 580/1000] samples:  29000 | chain(game/max/avg): 5/7/4.2 | reward(game/avg): 10780/9603 | 1.31 games/s | ETA: 321s
[gpu0] [ 581/1000] samples:  29100 | chain(game/max/avg): 5/7/4.2 | reward(game/avg): 11400/9617 | 1.31 games/s | ETA: 320s
[gpu0] [ 582/1000] samples:  29100 | chain(game/max/avg): 3/7/4.2 | reward(game/avg): 6370/9601 | 1.31 games/s | ETA: 318s
[gpu0] [ 583/1000] samples:  29150 | chain(game/max/avg): 4/7/4.2 | reward(game/avg): 7880/9598 | 1.32 games/s | ETA: 317s
[gpu0] [ 584/1000] samples:  29200 | chain(game/max/avg): 3/7/4.2 | reward(game/avg): 6790/9593 | 1.32 games/s | ETA: 316s
[gpu0] [ 585/1000] samples:  29250 | chain(game/max/avg): 4/7/4.2 | reward(game/avg): 9720/9593 | 1.32 games/s | ETA: 314s
[gpu0] [ 586/1000] samples:  29300 | chain(game/max/avg): 4/7/4.2 | reward(game/avg): 6870/9589 | 1.32 games/s | ETA: 313s
[gpu0] [ 587/1000] samples:  29350 | chain(game/max/avg): 4/7/4.2 | reward(game/avg): 8920/9587 | 1.32 games/s | ETA: 312s
[gpu0] [ 588/1000] samples:  29400 | chain(game/max/avg): 3/7/4.2 | reward(game/avg): 5950/9581 | 1.33 games/s | ETA: 310s
[gpu0] [ 589/1000] samples:  29450 | chain(game/max/avg): 3/7/4.2 | reward(game/avg): 6600/9576 | 1.33 games/s | ETA: 309s
[gpu0] [ 590/1000] samples:  29500 | chain(game/max/avg): 5/7/4.2 | reward(game/avg): 13300/9583 | 1.33 games/s | ETA: 308s
[gpu0] [ 591/1000] samples:  29550 | chain(game/max/avg): 3/7/4.2 | reward(game/avg): 4470/9574 | 1.33 games/s | ETA: 307s
[gpu0] [ 592/1000] samples:  29600 | chain(game/max/avg): 3/7/4.2 | reward(game/avg): 6080/9568 | 1.34 games/s | ETA: 305s
[gpu0] [ 593/1000] samples:  29650 | chain(game/max/avg): 4/7/4.2 | reward(game/avg): 5710/9561 | 1.34 games/s | ETA: 304s
[gpu0] [ 594/1000] samples:  29700 | chain(game/max/avg): 4/7/4.2 | reward(game/avg): 7580/9558 | 1.34 games/s | ETA: 303s
[gpu0] [ 595/1000] samples:  29750 | chain(game/max/avg): 4/7/4.2 | reward(game/avg): 5650/9552 | 1.34 games/s | ETA: 302s
[gpu0] [ 596/1000] samples:  29800 | chain(game/max/avg): 4/7/4.2 | reward(game/avg): 9380/9551 | 1.35 games/s | ETA: 300s
[gpu0] [ 597/1000] samples:  29850 | chain(game/max/avg): 3/7/4.2 | reward(game/avg): 6820/9547 | 1.35 games/s | ETA: 299s
[gpu0] [ 598/1000] samples:  29900 | chain(game/max/avg): 4/7/4.2 | reward(game/avg): 8670/9545 | 1.35 games/s | ETA: 298s
[gpu0] [ 599/1000] samples:  29950 | chain(game/max/avg): 4/7/4.2 | reward(game/avg): 7040/9541 | 1.35 games/s | ETA: 297s
[gpu0] [ 600/1000] samples:  30000 | chain(game/max/avg): 5/7/4.2 | reward(game/avg): 11780/9545 | 1.35 games/s | ETA: 295s
[gpu0] [ 601/1000] samples:  30050 | chain(game/max/avg): 4/7/4.2 | reward(game/avg): 9950/9545 | 1.36 games/s | ETA: 294s
[gpu0] [ 602/1000] samples:  30100 | chain(game/max/avg): 5/7/4.2 | reward(game/avg): 13080/9551 | 1.36 games/s | ETA: 293s
[gpu0] [ 603/1000] samples:  30150 | chain(game/max/avg): 3/7/4.2 | reward(game/avg): 7240/9548 | 1.36 games/s | ETA: 292s
[gpu0] [ 604/1000] samples:  30200 | chain(game/max/avg): 4/7/4.2 | reward(game/avg): 8060/9545 | 1.36 games/s | ETA: 291s
[gpu0] [ 605/1000] samples:  30250 | chain(game/max/avg): 5/7/4.2 | reward(game/avg): 13640/9552 | 1.37 games/s | ETA: 289s
[gpu0] [ 606/1000] samples:  30300 | chain(game/max/avg): 4/7/4.2 | reward(game/avg): 8480/9550 | 1.37 games/s | ETA: 288s
[gpu0] [ 607/1000] samples:  30350 | chain(game/max/avg): 5/7/4.2 | reward(game/avg): 14150/9558 | 1.37 games/s | ETA: 287s
[gpu0] [ 608/1000] samples:  30400 | chain(game/max/avg): 4/7/4.2 | reward(game/avg): 7560/9554 | 1.37 games/s | ETA: 286s
[gpu0] [ 609/1000] samples:  30450 | chain(game/max/avg): 3/7/4.2 | reward(game/avg): 5580/9548 | 1.37 games/s | ETA: 285s
[gpu0] [ 610/1000] samples:  30500 | chain(game/max/avg): 3/7/4.2 | reward(game/avg): 7040/9544 | 1.38 games/s | ETA: 283s
[gpu0] [ 611/1000] samples:  30550 | chain(game/max/avg): 4/7/4.2 | reward(game/avg): 9750/9544 | 1.38 games/s | ETA: 282s
[gpu0] [ 612/1000] samples:  30600 | chain(game/max/avg): 5/7/4.2 | reward(game/avg): 9600/9544 | 1.38 games/s | ETA: 281s
[gpu0] [ 613/1000] samples:  30650 | chain(game/max/avg): 5/7/4.2 | reward(game/avg): 12220/9548 | 1.38 games/s | ETA: 280s
[gpu0] [ 614/1000] samples:  30700 | chain(game/max/avg): 4/7/4.2 | reward(game/avg): 8180/9546 | 1.39 games/s | ETA: 279s
[gpu0] [ 615/1000] samples:  30750 | chain(game/max/avg): 5/7/4.2 | reward(game/avg): 9960/9547 | 1.39 games/s | ETA: 277s
[gpu0] [ 616/1000] samples:  30800 | chain(game/max/avg): 3/7/4.2 | reward(game/avg): 6600/9542 | 1.39 games/s | ETA: 276s
[gpu0] [ 617/1000] samples:  30850 | chain(game/max/avg): 4/7/4.2 | reward(game/avg): 9420/9542 | 1.39 games/s | ETA: 275s
[gpu0] [ 618/1000] samples:  30900 | chain(game/max/avg): 3/7/4.2 | reward(game/avg): 6510/9537 | 1.39 games/s | ETA: 274s
[gpu0] [ 619/1000] samples:  30950 | chain(game/max/avg): 4/7/4.2 | reward(game/avg): 8240/9535 | 1.40 games/s | ETA: 273s
[gpu0] [ 620/1000] samples:  31000 | chain(game/max/avg): 4/7/4.2 | reward(game/avg): 8280/9533 | 1.40 games/s | ETA: 272s
[gpu0] [ 621/1000] samples:  31050 | chain(game/max/avg): 4/7/4.2 | reward(game/avg): 8920/9532 | 1.40 games/s | ETA: 270s
[gpu0] [ 622/1000] samples:  31100 | chain(game/max/avg): 4/7/4.2 | reward(game/avg): 10420/9533 | 1.40 games/s | ETA: 269s
[gpu0] [ 623/1000] samples:  31150 | chain(game/max/avg): 3/7/4.2 | reward(game/avg): 6920/9529 | 1.41 games/s | ETA: 268s
[gpu0] [ 624/1000] samples:  31200 | chain(game/max/avg): 4/7/4.2 | reward(game/avg): 6920/9525 | 1.41 games/s | ETA: 267s
[gpu0] [ 625/1000] samples:  31250 | chain(game/max/avg): 5/7/4.2 | reward(game/avg): 14320/9533 | 1.41 games/s | ETA: 266s
[gpu0] [ 626/1000] samples:  31300 | chain(game/max/avg): 5/7/4.2 | reward(game/avg): 11860/9536 | 1.41 games/s | ETA: 265s
[gpu0] [ 627/1000] samples:  31350 | chain(game/max/avg): 5/7/4.2 | reward(game/avg): 9640/9537 | 1.41 games/s | ETA: 264s
[gpu0] [ 628/1000] samples:  31400 | chain(game/max/avg): 4/7/4.2 | reward(game/avg): 3940/9528 | 1.42 games/s | ETA: 263s
[gpu0] [ 629/1000] samples:  31450 | chain(game/max/avg): 5/7/4.2 | reward(game/avg): 10720/9530 | 1.42 games/s | ETA: 261s
[gpu0] [ 630/1000] samples:  31500 | chain(game/max/avg): 4/7/4.2 | reward(game/avg): 7120/9526 | 1.42 games/s | ETA: 260s
[gpu0] [ 631/1000] samples:  31550 | chain(game/max/avg): 5/7/4.2 | reward(game/avg): 11530/9529 | 1.42 games/s | ETA: 259s
[gpu0] [ 632/1000] samples:  31600 | chain(game/max/avg): 5/7/4.2 | reward(game/avg): 10510/9530 | 1.43 games/s | ETA: 258s
[gpu0] [ 633/1000] samples:  31650 | chain(game/max/avg): 5/7/4.2 | reward(game/avg): 9960/9531 | 1.43 games/s | ETA: 257s
[gpu0] [ 634/1000] samples:  31700 | chain(game/max/avg): 3/7/4.2 | reward(game/avg): 7040/9527 | 1.43 games/s | ETA: 256s
[gpu0] [ 635/1000] samples:  31750 | chain(game/max/avg): 4/7/4.2 | reward(game/avg): 7550/9524 | 1.43 games/s | ETA: 255s
[gpu0] [ 636/1000] samples:  31800 | chain(game/max/avg): 5/7/4.2 | reward(game/avg): 9240/9524 | 1.44 games/s | ETA: 254s
[gpu0] [ 637/1000] samples:  31850 | chain(game/max/avg): 5/7/4.2 | reward(game/avg): 10100/9525 | 1.44 games/s | ETA: 253s
[gpu0] [ 638/1000] samples:  31900 | chain(game/max/avg): 5/7/4.2 | reward(game/avg): 13620/9531 | 1.44 games/s | ETA: 251s
[gpu0] [ 639/1000] samples:  31950 | chain(game/max/avg): 4/7/4.2 | reward(game/avg): 6380/9526 | 1.44 games/s | ETA: 250s
[gpu0] [ 640/1000] samples:  32000 | chain(game/max/avg): 4/7/4.2 | reward(game/avg): 6160/9521 | 1.44 games/s | ETA: 249s
[gpu0] [ 641/1000] samples:  32050 | chain(game/max/avg): 4/7/4.2 | reward(game/avg): 7530/9518 | 1.45 games/s | ETA: 248s
[gpu0] [ 642/1000] samples:  32100 | chain(game/max/avg): 5/7/4.2 | reward(game/avg): 11220/9520 | 1.45 games/s | ETA: 247s
[gpu0] [ 643/1000] samples:  32150 | chain(game/max/avg): 3/7/4.2 | reward(game/avg): 6140/9515 | 1.45 games/s | ETA: 246s
[gpu0] [ 644/1000] samples:  32200 | chain(game/max/avg): 3/7/4.2 | reward(game/avg): 5480/9509 | 1.45 games/s | ETA: 245s
[gpu0] [ 645/1000] samples:  32250 | chain(game/max/avg): 5/7/4.2 | reward(game/avg): 12140/9513 | 1.46 games/s | ETA: 244s
[gpu0] [ 646/1000] samples:  32300 | chain(game/max/avg): 4/7/4.2 | reward(game/avg): 10750/9515 | 1.46 games/s | ETA: 243s
[gpu0] [ 647/1000] samples:  32350 | chain(game/max/avg): 4/7/4.2 | reward(game/avg): 8080/9513 | 1.46 games/s | ETA: 242s
[gpu0] [ 648/1000] samples:  32400 | chain(game/max/avg): 7/7/4.2 | reward(game/avg): 18220/9526 | 1.46 games/s | ETA: 241s
[gpu0] [ 649/1000] samples:  32450 | chain(game/max/avg): 4/7/4.2 | reward(game/avg): 6640/9522 | 1.46 games/s | ETA: 240s
[gpu0] [ 650/1000] samples:  32500 | chain(game/max/avg): 5/7/4.2 | reward(game/avg): 11020/9524 | 1.47 games/s | ETA: 239s
[gpu0] [ 651/1000] samples:  32550 | chain(game/max/avg): 3/7/4.2 | reward(game/avg): 5040/9517 | 1.47 games/s | ETA: 238s
[gpu0] [ 652/1000] samples:  32600 | chain(game/max/avg): 5/7/4.2 | reward(game/avg): 11920/9521 | 1.47 games/s | ETA: 237s
[gpu0] [ 653/1000] samples:  32650 | chain(game/max/avg): 3/7/4.2 | reward(game/avg): 6160/9516 | 1.47 games/s | ETA: 236s
[gpu0] [ 654/1000] samples:  32700 | chain(game/max/avg): 4/7/4.2 | reward(game/avg): 6860/9511 | 1.48 games/s | ETA: 234s
[gpu0] [ 655/1000] samples:  32750 | chain(game/max/avg): 5/7/4.2 | reward(game/avg): 9280/9511 | 1.48 games/s | ETA: 233s
[gpu0] [ 656/1000] samples:  32800 | chain(game/max/avg): 6/7/4.2 | reward(game/avg): 17560/9523 | 1.48 games/s | ETA: 232s
[gpu0] [ 657/1000] samples:  32850 | chain(game/max/avg): 4/7/4.2 | reward(game/avg): 8840/9522 | 1.48 games/s | ETA: 231s
[gpu0] [ 658/1000] samples:  32900 | chain(game/max/avg): 4/7/4.2 | reward(game/avg): 9680/9523 | 1.48 games/s | ETA: 230s
[gpu0] [ 659/1000] samples:  32950 | chain(game/max/avg): 3/7/4.2 | reward(game/avg): 8210/9521 | 1.49 games/s | ETA: 229s
[gpu0] [ 660/1000] samples:  33000 | chain(game/max/avg): 4/7/4.2 | reward(game/avg): 12850/9526 | 1.49 games/s | ETA: 228s
[gpu0] [ 661/1000] samples:  33050 | chain(game/max/avg): 5/7/4.2 | reward(game/avg): 10860/9528 | 1.49 games/s | ETA: 227s
[gpu0] [ 662/1000] samples:  33100 | chain(game/max/avg): 4/7/4.2 | reward(game/avg): 12490/9532 | 1.49 games/s | ETA: 226s
[gpu0] [ 663/1000] samples:  33150 | chain(game/max/avg): 5/7/4.2 | reward(game/avg): 9780/9532 | 1.50 games/s | ETA: 225s
[gpu0] [ 664/1000] samples:  33200 | chain(game/max/avg): 4/7/4.2 | reward(game/avg): 6820/9528 | 1.50 games/s | ETA: 224s
[gpu0] [ 665/1000] samples:  33250 | chain(game/max/avg): 5/7/4.2 | reward(game/avg): 9460/9528 | 1.50 games/s | ETA: 223s
[gpu0] [ 666/1000] samples:  33300 | chain(game/max/avg): 6/7/4.2 | reward(game/avg): 16050/9538 | 1.50 games/s | ETA: 222s
[gpu0] [ 667/1000] samples:  33350 | chain(game/max/avg): 4/7/4.2 | reward(game/avg): 9400/9538 | 1.50 games/s | ETA: 221s
[gpu0] [ 668/1000] samples:  33400 | chain(game/max/avg): 4/7/4.2 | reward(game/avg): 7260/9534 | 1.51 games/s | ETA: 220s
[gpu0] [ 669/1000] samples:  33450 | chain(game/max/avg): 4/7/4.2 | reward(game/avg): 7960/9532 | 1.51 games/s | ETA: 219s
[gpu0] [ 670/1000] samples:  33500 | chain(game/max/avg): 5/7/4.2 | reward(game/avg): 11640/9535 | 1.51 games/s | ETA: 218s
[gpu0] [ 671/1000] samples:  33550 | chain(game/max/avg): 4/7/4.2 | reward(game/avg): 7790/9533 | 1.51 games/s | ETA: 217s
[gpu0] [ 672/1000] samples:  33600 | chain(game/max/avg): 4/7/4.2 | reward(game/avg): 6790/9529 | 1.52 games/s | ETA: 216s
[gpu0] [ 673/1000] samples:  33650 | chain(game/max/avg): 7/7/4.2 | reward(game/avg): 19140/9543 | 1.52 games/s | ETA: 215s
[gpu0] [ 674/1000] samples:  33700 | chain(game/max/avg): 5/7/4.2 | reward(game/avg): 11760/9546 | 1.51 games/s | ETA: 215s
[gpu0] [ 675/1000] samples:  33750 | chain(game/max/avg): 5/7/4.2 | reward(game/avg): 10660/9548 | 1.52 games/s | ETA: 214s
[gpu0] [ 676/1000] samples:  33800 | chain(game/max/avg): 4/7/4.2 | reward(game/avg): 8030/9546 | 1.52 games/s | ETA: 213s
[gpu0] [ 677/1000] samples:  33850 | chain(game/max/avg): 4/7/4.2 | reward(game/avg): 8320/9544 | 1.52 games/s | ETA: 212s
[gpu0] [ 678/1000] samples:  33900 | chain(game/max/avg): 6/7/4.2 | reward(game/avg): 19570/9559 | 1.52 games/s | ETA: 211s
[gpu0] [ 680/1000] samples:  34000 | chain(game/max/avg): 4/7/4.2 | reward(game/avg): 6080/9553 | 1.53 games/s | ETA: 209s
[gpu0] [ 679/1000] samples:  33950 | chain(game/max/avg): 4/7/4.2 | reward(game/avg): 9080/9558 | 1.53 games/s | ETA: 210s
[gpu0] [ 681/1000] samples:  34050 | chain(game/max/avg): 5/7/4.2 | reward(game/avg): 10040/9553 | 1.53 games/s | ETA: 208s
[gpu0] [ 682/1000] samples:  34100 | chain(game/max/avg): 6/7/4.2 | reward(game/avg): 15440/9562 | 1.53 games/s | ETA: 207s
[gpu0] [ 683/1000] samples:  34150 | chain(game/max/avg): 4/7/4.2 | reward(game/avg): 8780/9561 | 1.53 games/s | ETA: 207s
[gpu0] [ 684/1000] samples:  34200 | chain(game/max/avg): 4/7/4.2 | reward(game/avg): 7180/9557 | 1.54 games/s | ETA: 206s
[gpu0] [ 686/1000] samples:  34300 | chain(game/max/avg): 5/7/4.2 | reward(game/avg): 11900/9562 | 1.54 games/s | ETA: 204s
[gpu0] [ 685/1000] samples:  34250 | chain(game/max/avg): 4/7/4.2 | reward(game/avg): 10630/9559 | 1.54 games/s | ETA: 205s
[gpu0] [ 687/1000] samples:  34350 | chain(game/max/avg): 4/7/4.2 | reward(game/avg): 9640/9563 | 1.54 games/s | ETA: 203s
[gpu0] [ 688/1000] samples:  34400 | chain(game/max/avg): 3/7/4.2 | reward(game/avg): 6170/9558 | 1.55 games/s | ETA: 202s
[gpu0] [ 689/1000] samples:  34450 | chain(game/max/avg): 5/7/4.2 | reward(game/avg): 10480/9559 | 1.55 games/s | ETA: 201s
[gpu0] [ 690/1000] samples:  34500 | chain(game/max/avg): 5/7/4.2 | reward(game/avg): 10790/9561 | 1.55 games/s | ETA: 200s
[gpu0] [ 691/1000] samples:  34550 | chain(game/max/avg): 5/7/4.2 | reward(game/avg): 10340/9562 | 1.55 games/s | ETA: 199s
[gpu0] [ 692/1000] samples:  34600 | chain(game/max/avg): 6/7/4.2 | reward(game/avg): 16530/9572 | 1.56 games/s | ETA: 198s
[gpu0] [ 693/1000] samples:  34650 | chain(game/max/avg): 4/7/4.2 | reward(game/avg): 6140/9567 | 1.56 games/s | ETA: 197s
[gpu0] [ 694/1000] samples:  34700 | chain(game/max/avg): 4/7/4.2 | reward(game/avg): 8040/9565 | 1.56 games/s | ETA: 196s
[gpu0] [ 695/1000] samples:  34750 | chain(game/max/avg): 5/7/4.2 | reward(game/avg): 10910/9567 | 1.56 games/s | ETA: 195s
[gpu0] [ 696/1000] samples:  34800 | chain(game/max/avg): 5/7/4.2 | reward(game/avg): 12100/9570 | 1.56 games/s | ETA: 194s
[gpu0] [ 697/1000] samples:  34850 | chain(game/max/avg): 5/7/4.2 | reward(game/avg): 10520/9572 | 1.57 games/s | ETA: 193s
[gpu0] [ 698/1000] samples:  34900 | chain(game/max/avg): 4/7/4.2 | reward(game/avg): 9900/9572 | 1.57 games/s | ETA: 193s
[gpu0] [ 699/1000] samples:  34950 | chain(game/max/avg): 5/7/4.2 | reward(game/avg): 10900/9574 | 1.57 games/s | ETA: 192s
[gpu0] [ 700/1000] samples:  35000 | chain(game/max/avg): 4/7/4.2 | reward(game/avg): 7900/9572 | 1.57 games/s | ETA: 191s
[gpu0] [ 701/1000] samples:  35050 | chain(game/max/avg): 6/7/4.2 | reward(game/avg): 13560/9577 | 1.58 games/s | ETA: 190s
[gpu0] [ 702/1000] samples:  35100 | chain(game/max/avg): 5/7/4.2 | reward(game/avg): 12460/9581 | 1.58 games/s | ETA: 189s
[gpu0] [ 703/1000] samples:  35150 | chain(game/max/avg): 4/7/4.2 | reward(game/avg): 9500/9581 | 1.58 games/s | ETA: 188s
[gpu0] [ 704/1000] samples:  35200 | chain(game/max/avg): 4/7/4.2 | reward(game/avg): 9300/9581 | 1.58 games/s | ETA: 187s
[gpu0] [ 705/1000] samples:  35250 | chain(game/max/avg): 4/7/4.2 | reward(game/avg): 10470/9582 | 1.58 games/s | ETA: 186s
[gpu0] [ 706/1000] samples:  35300 | chain(game/max/avg): 4/7/4.2 | reward(game/avg): 7420/9579 | 1.59 games/s | ETA: 185s
[gpu0] [ 707/1000] samples:  35350 | chain(game/max/avg): 3/7/4.2 | reward(game/avg): 5340/9573 | 1.59 games/s | ETA: 184s
[gpu0] [ 709/1000] samples:  35450 | chain(game/max/avg): 3/7/4.2 | reward(game/avg): 7370/9569 | 1.59 games/s | ETA: 183s
[gpu0] [ 708/1000] samples:  35400 | chain(game/max/avg): 4/7/4.2 | reward(game/avg): 9040/9572 | 1.59 games/s | ETA: 184s
[gpu0] [ 710/1000] samples:  35500 | chain(game/max/avg): 4/7/4.2 | reward(game/avg): 6320/9565 | 1.60 games/s | ETA: 182s
[gpu0] [ 711/1000] samples:  35550 | chain(game/max/avg): 4/7/4.2 | reward(game/avg): 8900/9564 | 1.60 games/s | ETA: 181s
[gpu0] [ 713/1000] samples:  35650 | chain(game/max/avg): 5/7/4.2 | reward(game/avg): 10160/9560 | 1.60 games/s | ETA: 179s
[gpu0] [ 712/1000] samples:  35600 | chain(game/max/avg): 4/7/4.2 | reward(game/avg): 5940/9559 | 1.60 games/s | ETA: 180s
[gpu0] [ 714/1000] samples:  35700 | chain(game/max/avg): 4/7/4.2 | reward(game/avg): 9160/9559 | 1.60 games/s | ETA: 178s
[gpu0] [ 715/1000] samples:  35750 | chain(game/max/avg): 5/7/4.2 | reward(game/avg): 10120/9560 | 1.61 games/s | ETA: 177s
[gpu0] [ 716/1000] samples:  35800 | chain(game/max/avg): 5/7/4.2 | reward(game/avg): 12340/9564 | 1.61 games/s | ETA: 177s
[gpu0] [ 717/1000] samples:  35850 | chain(game/max/avg): 4/7/4.2 | reward(game/avg): 7220/9560 | 1.61 games/s | ETA: 176s
[gpu0] [ 718/1000] samples:  35900 | chain(game/max/avg): 4/7/4.2 | reward(game/avg): 12140/9564 | 1.61 games/s | ETA: 175s
[gpu0] [ 719/1000] samples:  35950 | chain(game/max/avg): 6/7/4.2 | reward(game/avg): 16720/9574 | 1.62 games/s | ETA: 174s
[gpu0] [ 720/1000] samples:  36000 | chain(game/max/avg): 5/7/4.2 | reward(game/avg): 11620/9577 | 1.62 games/s | ETA: 173s
[gpu0] [ 721/1000] samples:  36050 | chain(game/max/avg): 4/7/4.2 | reward(game/avg): 10740/9578 | 1.62 games/s | ETA: 172s
[gpu0] [ 722/1000] samples:  36100 | chain(game/max/avg): 4/7/4.2 | reward(game/avg): 8500/9577 | 1.62 games/s | ETA: 171s
[gpu0] [ 723/1000] samples:  36150 | chain(game/max/avg): 6/7/4.2 | reward(game/avg): 16150/9586 | 1.62 games/s | ETA: 171s
[gpu0] [ 724/1000] samples:  36200 | chain(game/max/avg): 4/7/4.2 | reward(game/avg): 7820/9584 | 1.63 games/s | ETA: 170s
[gpu0] [ 725/1000] samples:  36250 | chain(game/max/avg): 3/7/4.2 | reward(game/avg): 8180/9582 | 1.63 games/s | ETA: 169s
[gpu0] [ 726/1000] samples:  36300 | chain(game/max/avg): 4/7/4.2 | reward(game/avg): 7510/9579 | 1.63 games/s | ETA: 168s
[gpu0] [ 727/1000] samples:  36350 | chain(game/max/avg): 4/7/4.2 | reward(game/avg): 11030/9581 | 1.63 games/s | ETA: 167s
[gpu0] [ 728/1000] samples:  36400 | chain(game/max/avg): 3/7/4.2 | reward(game/avg): 5450/9575 | 1.64 games/s | ETA: 166s
[gpu0] [ 729/1000] samples:  36450 | chain(game/max/avg): 4/7/4.2 | reward(game/avg): 8820/9574 | 1.64 games/s | ETA: 165s
[gpu0] [ 730/1000] samples:  36500 | chain(game/max/avg): 3/7/4.2 | reward(game/avg): 7340/9571 | 1.64 games/s | ETA: 165s
[gpu0] [ 731/1000] samples:  36550 | chain(game/max/avg): 4/7/4.2 | reward(game/avg): 10420/9572 | 1.64 games/s | ETA: 164s
[gpu0] [ 732/1000] samples:  36600 | chain(game/max/avg): 3/7/4.2 | reward(game/avg): 7000/9569 | 1.64 games/s | ETA: 163s
[gpu0] [ 733/1000] samples:  36650 | chain(game/max/avg): 4/7/4.2 | reward(game/avg): 8000/9566 | 1.65 games/s | ETA: 162s
[gpu0] [ 734/1000] samples:  36700 | chain(game/max/avg): 5/7/4.2 | reward(game/avg): 10120/9567 | 1.65 games/s | ETA: 161s
[gpu0] [ 735/1000] samples:  36750 | chain(game/max/avg): 3/7/4.2 | reward(game/avg): 6060/9562 | 1.65 games/s | ETA: 160s
[gpu0] [ 736/1000] samples:  36800 | chain(game/max/avg): 5/7/4.2 | reward(game/avg): 12940/9567 | 1.65 games/s | ETA: 160s
[gpu0] [ 737/1000] samples:  36850 | chain(game/max/avg): 5/7/4.2 | reward(game/avg): 9360/9567 | 1.66 games/s | ETA: 159s
[gpu0] [ 738/1000] samples:  36900 | chain(game/max/avg): 4/7/4.2 | reward(game/avg): 8980/9566 | 1.66 games/s | ETA: 158s
[gpu0] [ 739/1000] samples:  36950 | chain(game/max/avg): 4/7/4.2 | reward(game/avg): 5920/9561 | 1.66 games/s | ETA: 157s
[gpu0] [ 740/1000] samples:  37000 | chain(game/max/avg): 4/7/4.2 | reward(game/avg): 9200/9561 | 1.66 games/s | ETA: 156s
[gpu0] [ 741/1000] samples:  37050 | chain(game/max/avg): 5/7/4.2 | reward(game/avg): 14200/9567 | 1.66 games/s | ETA: 156s
[gpu0] [ 742/1000] samples:  37100 | chain(game/max/avg): 4/7/4.2 | reward(game/avg): 5860/9562 | 1.67 games/s | ETA: 155s
[gpu0] [ 743/1000] samples:  37150 | chain(game/max/avg): 5/7/4.2 | reward(game/avg): 12000/9565 | 1.67 games/s | ETA: 154s
[gpu0] [ 744/1000] samples:  37200 | chain(game/max/avg): 4/7/4.2 | reward(game/avg): 7800/9563 | 1.67 games/s | ETA: 153s
[gpu0] [ 747/1000] samples:  37350 | chain(game/max/avg): 4/7/4.2 | reward(game/avg): 9280/9560 | 1.68 games/s | ETA: 151s
[gpu0] [ 746/1000] samples:  37300 | chain(game/max/avg): 4/7/4.2 | reward(game/avg): 9360/9561 | 1.68 games/s | ETA: 152s
[gpu0] [ 745/1000] samples:  37250 | chain(game/max/avg): 4/7/4.2 | reward(game/avg): 8300/9561 | 1.67 games/s | ETA: 152s
[gpu0] [ 748/1000] samples:  37400 | chain(game/max/avg): 4/7/4.2 | reward(game/avg): 8680/9559 | 1.68 games/s | ETA: 150s
[gpu0] [ 749/1000] samples:  37450 | chain(game/max/avg): 5/7/4.2 | reward(game/avg): 13180/9564 | 1.68 games/s | ETA: 149s
[gpu0] [ 750/1000] samples:  37500 | chain(game/max/avg): 6/7/4.2 | reward(game/avg): 22160/9581 | 1.69 games/s | ETA: 148s
[gpu0] [ 751/1000] samples:  37550 | chain(game/max/avg): 5/7/4.2 | reward(game/avg): 12060/9584 | 1.69 games/s | ETA: 148s
[gpu0] [ 752/1000] samples:  37600 | chain(game/max/avg): 5/7/4.2 | reward(game/avg): 8480/9583 | 1.69 games/s | ETA: 147s
[gpu0] [ 753/1000] samples:  37650 | chain(game/max/avg): 4/7/4.2 | reward(game/avg): 10820/9584 | 1.69 games/s | ETA: 146s
[gpu0] [ 754/1000] samples:  37700 | chain(game/max/avg): 4/7/4.2 | reward(game/avg): 8670/9583 | 1.69 games/s | ETA: 145s
[gpu0] [ 755/1000] samples:  37750 | chain(game/max/avg): 4/7/4.2 | reward(game/avg): 8730/9582 | 1.70 games/s | ETA: 144s
[gpu0] [ 756/1000] samples:  37800 | chain(game/max/avg): 4/7/4.2 | reward(game/avg): 8730/9581 | 1.70 games/s | ETA: 144s
[gpu0] [ 757/1000] samples:  37850 | chain(game/max/avg): 4/7/4.2 | reward(game/avg): 10440/9582 | 1.70 games/s | ETA: 143s
[gpu0] [ 758/1000] samples:  37900 | chain(game/max/avg): 4/7/4.2 | reward(game/avg): 8380/9580 | 1.70 games/s | ETA: 142s
[gpu0] [ 759/1000] samples:  37950 | chain(game/max/avg): 4/7/4.2 | reward(game/avg): 7680/9578 | 1.71 games/s | ETA: 141s
[gpu0] [ 760/1000] samples:  38000 | chain(game/max/avg): 5/7/4.2 | reward(game/avg): 9360/9578 | 1.71 games/s | ETA: 141s
[gpu0] [ 761/1000] samples:  38050 | chain(game/max/avg): 5/7/4.2 | reward(game/avg): 13940/9583 | 1.71 games/s | ETA: 140s
[gpu0] [ 762/1000] samples:  38100 | chain(game/max/avg): 5/7/4.2 | reward(game/avg): 11400/9586 | 1.71 games/s | ETA: 139s
[gpu0] [ 763/1000] samples:  38150 | chain(game/max/avg): 4/7/4.2 | reward(game/avg): 10040/9586 | 1.71 games/s | ETA: 138s
[gpu0] [ 764/1000] samples:  38200 | chain(game/max/avg): 4/7/4.2 | reward(game/avg): 9650/9586 | 1.72 games/s | ETA: 137s
[gpu0] [ 765/1000] samples:  38250 | chain(game/max/avg): 4/7/4.2 | reward(game/avg): 9400/9586 | 1.72 games/s | ETA: 137s
[gpu0] [ 766/1000] samples:  38300 | chain(game/max/avg): 4/7/4.2 | reward(game/avg): 6240/9582 | 1.72 games/s | ETA: 136s
[gpu0] [ 767/1000] samples:  38350 | chain(game/max/avg): 3/7/4.2 | reward(game/avg): 7210/9579 | 1.72 games/s | ETA: 135s
[gpu0] [ 768/1000] samples:  38400 | chain(game/max/avg): 4/7/4.2 | reward(game/avg): 10640/9580 | 1.73 games/s | ETA: 134s
[gpu0] [ 769/1000] samples:  38450 | chain(game/max/avg): 5/7/4.2 | reward(game/avg): 12620/9584 | 1.73 games/s | ETA: 134s
[gpu0] [ 770/1000] samples:  38500 | chain(game/max/avg): 4/7/4.2 | reward(game/avg): 8390/9582 | 1.73 games/s | ETA: 133s
[gpu0] [ 771/1000] samples:  38550 | chain(game/max/avg): 5/7/4.2 | reward(game/avg): 11880/9585 | 1.73 games/s | ETA: 132s
[gpu0] [ 772/1000] samples:  38600 | chain(game/max/avg): 3/7/4.2 | reward(game/avg): 5690/9580 | 1.73 games/s | ETA: 131s
[gpu0] [ 773/1000] samples:  38650 | chain(game/max/avg): 4/7/4.2 | reward(game/avg): 7720/9578 | 1.74 games/s | ETA: 131s
[gpu0] [ 774/1000] samples:  38700 | chain(game/max/avg): 3/7/4.2 | reward(game/avg): 6140/9574 | 1.74 games/s | ETA: 130s
[gpu0] [ 775/1000] samples:  38750 | chain(game/max/avg): 4/7/4.2 | reward(game/avg): 8630/9572 | 1.74 games/s | ETA: 129s
[gpu0] [ 776/1000] samples:  38800 | chain(game/max/avg): 4/7/4.2 | reward(game/avg): 7520/9570 | 1.74 games/s | ETA: 128s
[gpu0] [ 777/1000] samples:  38850 | chain(game/max/avg): 4/7/4.2 | reward(game/avg): 12060/9573 | 1.75 games/s | ETA: 128s
[gpu0] [ 778/1000] samples:  38900 | chain(game/max/avg): 3/7/4.2 | reward(game/avg): 7530/9570 | 1.75 games/s | ETA: 127s
[gpu0] [ 779/1000] samples:  38950 | chain(game/max/avg): 5/7/4.2 | reward(game/avg): 9760/9571 | 1.75 games/s | ETA: 126s
[gpu0] [ 780/1000] samples:  39000 | chain(game/max/avg): 5/7/4.2 | reward(game/avg): 9860/9571 | 1.75 games/s | ETA: 126s
[gpu0] [ 781/1000] samples:  39050 | chain(game/max/avg): 4/7/4.2 | reward(game/avg): 9990/9571 | 1.75 games/s | ETA: 125s
[gpu0] [ 782/1000] samples:  39100 | chain(game/max/avg): 5/7/4.2 | reward(game/avg): 8800/9570 | 1.76 games/s | ETA: 124s
[gpu0] [ 783/1000] samples:  39150 | chain(game/max/avg): 3/7/4.2 | reward(game/avg): 7200/9567 | 1.76 games/s | ETA: 123s
[gpu0] [ 784/1000] samples:  39200 | chain(game/max/avg): 5/7/4.2 | reward(game/avg): 9780/9568 | 1.76 games/s | ETA: 123s
[gpu0] [ 785/1000] samples:  39250 | chain(game/max/avg): 5/7/4.2 | reward(game/avg): 11530/9570 | 1.76 games/s | ETA: 122s
[gpu0] [ 786/1000] samples:  39300 | chain(game/max/avg): 5/7/4.2 | reward(game/avg): 9660/9570 | 1.77 games/s | ETA: 121s
[gpu0] [ 787/1000] samples:  39350 | chain(game/max/avg): 5/7/4.2 | reward(game/avg): 11100/9572 | 1.77 games/s | ETA: 120s
[gpu0] [ 788/1000] samples:  39400 | chain(game/max/avg): 3/7/4.2 | reward(game/avg): 5220/9567 | 1.77 games/s | ETA: 120s
[gpu0] [ 789/1000] samples:  39450 | chain(game/max/avg): 5/7/4.2 | reward(game/avg): 9740/9567 | 1.77 games/s | ETA: 119s
[gpu0] [ 790/1000] samples:  39500 | chain(game/max/avg): 4/7/4.2 | reward(game/avg): 8400/9565 | 1.77 games/s | ETA: 118s
[gpu0] [ 791/1000] samples:  39550 | chain(game/max/avg): 3/7/4.2 | reward(game/avg): 5790/9561 | 1.78 games/s | ETA: 118s
[gpu0] [ 792/1000] samples:  39600 | chain(game/max/avg): 4/7/4.2 | reward(game/avg): 8520/9559 | 1.78 games/s | ETA: 117s
[gpu0] [ 793/1000] samples:  39650 | chain(game/max/avg): 4/7/4.2 | reward(game/avg): 8260/9558 | 1.78 games/s | ETA: 116s
[gpu0] [ 794/1000] samples:  39700 | chain(game/max/avg): 4/7/4.2 | reward(game/avg): 8360/9556 | 1.78 games/s | ETA: 115s
[gpu0] [ 795/1000] samples:  39750 | chain(game/max/avg): 4/7/4.2 | reward(game/avg): 9370/9556 | 1.79 games/s | ETA: 115s
[gpu0] [ 796/1000] samples:  39800 | chain(game/max/avg): 4/7/4.2 | reward(game/avg): 8780/9555 | 1.79 games/s | ETA: 114s
[gpu0] [ 797/1000] samples:  39850 | chain(game/max/avg): 4/7/4.2 | reward(game/avg): 12000/9558 | 1.79 games/s | ETA: 113s
[gpu0] [ 798/1000] samples:  39900 | chain(game/max/avg): 3/7/4.2 | reward(game/avg): 5840/9553 | 1.79 games/s | ETA: 113s
[gpu0] [ 799/1000] samples:  39950 | chain(game/max/avg): 5/7/4.2 | reward(game/avg): 15400/9561 | 1.80 games/s | ETA: 112s
[gpu0] [ 800/1000] samples:  40000 | chain(game/max/avg): 4/7/4.2 | reward(game/avg): 9100/9560 | 1.80 games/s | ETA: 111s
[gpu0] [ 801/1000] samples:  40050 | chain(game/max/avg): 5/7/4.2 | reward(game/avg): 9020/9560 | 1.80 games/s | ETA: 111s
[gpu0] [ 802/1000] samples:  40100 | chain(game/max/avg): 4/7/4.2 | reward(game/avg): 8130/9558 | 1.80 games/s | ETA: 110s
[gpu0] [ 803/1000] samples:  40150 | chain(game/max/avg): 3/7/4.2 | reward(game/avg): 5900/9553 | 1.80 games/s | ETA: 109s
[gpu0] [ 804/1000] samples:  40200 | chain(game/max/avg): 6/7/4.2 | reward(game/avg): 19260/9565 | 1.81 games/s | ETA: 109s
[gpu0] [ 805/1000] samples:  40250 | chain(game/max/avg): 3/7/4.2 | reward(game/avg): 7320/9562 | 1.81 games/s | ETA: 108s
[gpu0] [ 807/1000] samples:  40350 | chain(game/max/avg): 4/7/4.2 | reward(game/avg): 10720/9563 | 1.81 games/s | ETA: 107s
[gpu0] [ 806/1000] samples:  40350 | chain(game/max/avg): 4/7/4.2 | reward(game/avg): 8500/9574 | 1.81 games/s | ETA: 107s
[gpu0] [ 808/1000] samples:  40400 | chain(game/max/avg): 4/7/4.2 | reward(game/avg): 8160/9561 | 1.81 games/s | ETA: 106s
[gpu0] [ 809/1000] samples:  40450 | chain(game/max/avg): 4/7/4.2 | reward(game/avg): 11960/9564 | 1.81 games/s | ETA: 105s
[gpu0] [ 810/1000] samples:  40500 | chain(game/max/avg): 4/7/4.2 | reward(game/avg): 7320/9561 | 1.82 games/s | ETA: 105s
[gpu0] [ 811/1000] samples:  40550 | chain(game/max/avg): 3/7/4.2 | reward(game/avg): 5070/9555 | 1.82 games/s | ETA: 104s
[gpu0] [ 812/1000] samples:  40600 | chain(game/max/avg): 4/7/4.2 | reward(game/avg): 9360/9555 | 1.82 games/s | ETA: 103s
[gpu0] [ 813/1000] samples:  40650 | chain(game/max/avg): 4/7/4.2 | reward(game/avg): 9360/9555 | 1.82 games/s | ETA: 103s
[gpu0] [ 814/1000] samples:  40700 | chain(game/max/avg): 4/7/4.2 | reward(game/avg): 9250/9555 | 1.82 games/s | ETA: 102s
[gpu0] [ 815/1000] samples:  40750 | chain(game/max/avg): 4/7/4.2 | reward(game/avg): 7340/9552 | 1.82 games/s | ETA: 101s
[gpu0] [ 817/1000] samples:  40850 | chain(game/max/avg): 6/7/4.2 | reward(game/avg): 17060/9571 | 1.83 games/s | ETA: 100s
[gpu0] [ 816/1000] samples:  40800 | chain(game/max/avg): 7/7/4.2 | reward(game/avg): 17220/9561 | 1.83 games/s | ETA: 101s
[gpu0] [ 818/1000] samples:  40900 | chain(game/max/avg): 5/7/4.2 | reward(game/avg): 16220/9579 | 1.83 games/s | ETA: 99s
[gpu0] [ 819/1000] samples:  40950 | chain(game/max/avg): 3/7/4.2 | reward(game/avg): 7150/9576 | 1.83 games/s | ETA: 99s
[gpu0] [ 820/1000] samples:  41000 | chain(game/max/avg): 5/7/4.2 | reward(game/avg): 10590/9577 | 1.83 games/s | ETA: 98s
[gpu0] [ 821/1000] samples:  41050 | chain(game/max/avg): 4/7/4.2 | reward(game/avg): 7460/9574 | 1.84 games/s | ETA: 97s
[gpu0] [ 822/1000] samples:  41100 | chain(game/max/avg): 4/7/4.2 | reward(game/avg): 8840/9573 | 1.84 games/s | ETA: 97s
[gpu0] [ 823/1000] samples:  41150 | chain(game/max/avg): 4/7/4.2 | reward(game/avg): 5880/9569 | 1.84 games/s | ETA: 96s
[gpu0] [ 824/1000] samples:  41200 | chain(game/max/avg): 3/7/4.2 | reward(game/avg): 5600/9564 | 1.84 games/s | ETA: 95s
[gpu0] [ 825/1000] samples:  41250 | chain(game/max/avg): 5/7/4.2 | reward(game/avg): 13070/9568 | 1.85 games/s | ETA: 95s
[gpu0] [ 826/1000] samples:  41300 | chain(game/max/avg): 4/7/4.2 | reward(game/avg): 9040/9568 | 1.85 games/s | ETA: 94s
[gpu0] [ 827/1000] samples:  41350 | chain(game/max/avg): 4/7/4.2 | reward(game/avg): 5900/9563 | 1.85 games/s | ETA: 94s
[gpu0] [ 828/1000] samples:  41400 | chain(game/max/avg): 4/7/4.2 | reward(game/avg): 6570/9560 | 1.85 games/s | ETA: 93s
[gpu0] [ 829/1000] samples:  41450 | chain(game/max/avg): 4/7/4.2 | reward(game/avg): 11210/9562 | 1.85 games/s | ETA: 92s
[gpu0] [ 830/1000] samples:  41500 | chain(game/max/avg): 4/7/4.2 | reward(game/avg): 7570/9559 | 1.86 games/s | ETA: 92s
[gpu0] [ 831/1000] samples:  41550 | chain(game/max/avg): 4/7/4.2 | reward(game/avg): 13440/9564 | 1.86 games/s | ETA: 91s
[gpu0] [ 832/1000] samples:  41600 | chain(game/max/avg): 6/7/4.2 | reward(game/avg): 20930/9578 | 1.86 games/s | ETA: 90s
[gpu0] [ 833/1000] samples:  41650 | chain(game/max/avg): 4/7/4.2 | reward(game/avg): 6620/9574 | 1.86 games/s | ETA: 90s
[gpu0] [ 834/1000] samples:  41700 | chain(game/max/avg): 5/7/4.2 | reward(game/avg): 9300/9574 | 1.87 games/s | ETA: 89s
[gpu0] [ 835/1000] samples:  41750 | chain(game/max/avg): 4/7/4.2 | reward(game/avg): 7180/9571 | 1.87 games/s | ETA: 88s
[gpu0] [ 838/1000] samples:  41900 | chain(game/max/avg): 5/7/4.2 | reward(game/avg): 15090/9576 | 1.87 games/s | ETA: 86s
[gpu0] [ 837/1000] samples:  41850 | chain(game/max/avg): 4/7/4.2 | reward(game/avg): 8410/9570 | 1.87 games/s | ETA: 87s
[gpu0] [ 836/1000] samples:  41800 | chain(game/max/avg): 5/7/4.2 | reward(game/avg): 9700/9571 | 1.87 games/s | ETA: 88s
[gpu0] [ 839/1000] samples:  41950 | chain(game/max/avg): 4/7/4.2 | reward(game/avg): 6700/9573 | 1.88 games/s | ETA: 86s
[gpu0] [ 840/1000] samples:  42000 | chain(game/max/avg): 5/7/4.2 | reward(game/avg): 13800/9578 | 1.88 games/s | ETA: 85s
[gpu0] [ 841/1000] samples:  42050 | chain(game/max/avg): 5/7/4.2 | reward(game/avg): 12130/9581 | 1.88 games/s | ETA: 85s
[gpu0] [ 842/1000] samples:  42150 | chain(game/max/avg): 4/7/4.2 | reward(game/avg): 6800/9589 | 1.88 games/s | ETA: 84s
[gpu0] [ 844/1000] samples:  42200 | chain(game/max/avg): 6/7/4.2 | reward(game/avg): 13570/9582 | 1.89 games/s | ETA: 83s
[gpu0] [ 843/1000] samples:  42150 | chain(game/max/avg): 4/7/4.2 | reward(game/avg): 9600/9578 | 1.89 games/s | ETA: 83s
[gpu0] [ 845/1000] samples:  42250 | chain(game/max/avg): 4/7/4.2 | reward(game/avg): 9480/9582 | 1.89 games/s | ETA: 82s
[gpu0] [ 846/1000] samples:  42300 | chain(game/max/avg): 4/7/4.2 | reward(game/avg): 8140/9580 | 1.89 games/s | ETA: 81s
[gpu0] [ 847/1000] samples:  42350 | chain(game/max/avg): 5/7/4.2 | reward(game/avg): 11960/9583 | 1.89 games/s | ETA: 81s
[gpu0] [ 848/1000] samples:  42400 | chain(game/max/avg): 4/7/4.2 | reward(game/avg): 6960/9580 | 1.90 games/s | ETA: 80s
[gpu0] [ 849/1000] samples:  42450 | chain(game/max/avg): 4/7/4.2 | reward(game/avg): 11300/9582 | 1.90 games/s | ETA: 80s
[gpu0] [ 850/1000] samples:  42500 | chain(game/max/avg): 5/7/4.2 | reward(game/avg): 9960/9583 | 1.90 games/s | ETA: 79s
[gpu0] [ 851/1000] samples:  42550 | chain(game/max/avg): 5/7/4.2 | reward(game/avg): 11240/9585 | 1.90 games/s | ETA: 78s
[gpu0] [ 852/1000] samples:  42600 | chain(game/max/avg): 3/7/4.2 | reward(game/avg): 6480/9581 | 1.91 games/s | ETA: 78s
[gpu0] [ 853/1000] samples:  42650 | chain(game/max/avg): 3/7/4.2 | reward(game/avg): 5230/9576 | 1.91 games/s | ETA: 77s
[gpu0] [ 854/1000] samples:  42700 | chain(game/max/avg): 4/7/4.2 | reward(game/avg): 8400/9574 | 1.91 games/s | ETA: 76s
[gpu0] [ 855/1000] samples:  42750 | chain(game/max/avg): 4/7/4.2 | reward(game/avg): 7080/9572 | 1.91 games/s | ETA: 76s
[gpu0] [ 856/1000] samples:  42800 | chain(game/max/avg): 4/7/4.2 | reward(game/avg): 11660/9574 | 1.91 games/s | ETA: 75s
[gpu0] [ 857/1000] samples:  42850 | chain(game/max/avg): 5/7/4.2 | reward(game/avg): 12800/9578 | 1.92 games/s | ETA: 75s
[gpu0] [ 858/1000] samples:  42900 | chain(game/max/avg): 4/7/4.2 | reward(game/avg): 5880/9573 | 1.92 games/s | ETA: 74s
[gpu0] [ 859/1000] samples:  42950 | chain(game/max/avg): 4/7/4.2 | reward(game/avg): 9660/9574 | 1.92 games/s | ETA: 73s
[gpu0] [ 860/1000] samples:  43000 | chain(game/max/avg): 4/7/4.2 | reward(game/avg): 7920/9572 | 1.92 games/s | ETA: 73s
[gpu0] [ 861/1000] samples:  43100 | chain(game/max/avg): 6/7/4.2 | reward(game/avg): 18400/9582 | 1.93 games/s | ETA: 72s
[gpu0] [ 862/1000] samples:  43100 | chain(game/max/avg): 4/7/4.2 | reward(game/avg): 10880/9583 | 1.93 games/s | ETA: 72s
[gpu0] [ 863/1000] samples:  43150 | chain(game/max/avg): 4/7/4.2 | reward(game/avg): 10040/9584 | 1.93 games/s | ETA: 71s
[gpu0] [ 864/1000] samples:  43200 | chain(game/max/avg): 4/7/4.2 | reward(game/avg): 7770/9582 | 1.93 games/s | ETA: 70s
[gpu0] [ 865/1000] samples:  43250 | chain(game/max/avg): 4/7/4.2 | reward(game/avg): 10110/9582 | 1.93 games/s | ETA: 70s
[gpu0] [ 867/1000] samples:  43350 | chain(game/max/avg): 5/7/4.2 | reward(game/avg): 12320/9583 | 1.94 games/s | ETA: 69s
[gpu0] [ 866/1000] samples:  43300 | chain(game/max/avg): 4/7/4.2 | reward(game/avg): 7370/9580 | 1.94 games/s | ETA: 69s
[gpu0] [ 868/1000] samples:  43400 | chain(game/max/avg): 6/7/4.2 | reward(game/avg): 18180/9593 | 1.94 games/s | ETA: 68s
[gpu0] [ 869/1000] samples:  43450 | chain(game/max/avg): 5/7/4.2 | reward(game/avg): 14870/9599 | 1.94 games/s | ETA: 67s
[gpu0] [ 870/1000] samples:  43500 | chain(game/max/avg): 4/7/4.2 | reward(game/avg): 8010/9597 | 1.95 games/s | ETA: 67s
[gpu0] [ 871/1000] samples:  43550 | chain(game/max/avg): 4/7/4.2 | reward(game/avg): 7040/9594 | 1.95 games/s | ETA: 66s
[gpu0] [ 872/1000] samples:  43600 | chain(game/max/avg): 3/7/4.2 | reward(game/avg): 6020/9590 | 1.95 games/s | ETA: 66s
[gpu0] [ 873/1000] samples:  43650 | chain(game/max/avg): 4/7/4.2 | reward(game/avg): 10120/9591 | 1.95 games/s | ETA: 65s
[gpu0] [ 874/1000] samples:  43700 | chain(game/max/avg): 4/7/4.2 | reward(game/avg): 8030/9589 | 1.95 games/s | ETA: 64s
[gpu0] [ 875/1000] samples:  43750 | chain(game/max/avg): 5/7/4.2 | reward(game/avg): 9360/9589 | 1.96 games/s | ETA: 64s
[gpu0] [ 876/1000] samples:  43800 | chain(game/max/avg): 3/7/4.2 | reward(game/avg): 8100/9587 | 1.96 games/s | ETA: 63s
[gpu0] [ 877/1000] samples:  43850 | chain(game/max/avg): 4/7/4.2 | reward(game/avg): 8180/9585 | 1.96 games/s | ETA: 63s
[gpu0] [ 878/1000] samples:  43900 | chain(game/max/avg): 6/7/4.2 | reward(game/avg): 14560/9591 | 1.96 games/s | ETA: 62s
[gpu0] [ 879/1000] samples:  43950 | chain(game/max/avg): 4/7/4.2 | reward(game/avg): 10050/9592 | 1.97 games/s | ETA: 62s
[gpu0] [ 880/1000] samples:  44000 | chain(game/max/avg): 5/7/4.2 | reward(game/avg): 9860/9592 | 1.97 games/s | ETA: 61s
[gpu0] [ 881/1000] samples:  44050 | chain(game/max/avg): 5/7/4.2 | reward(game/avg): 13340/9596 | 1.97 games/s | ETA: 60s
[gpu0] [ 882/1000] samples:  44100 | chain(game/max/avg): 4/7/4.2 | reward(game/avg): 7550/9594 | 1.97 games/s | ETA: 60s
[gpu0] [ 883/1000] samples:  44150 | chain(game/max/avg): 4/7/4.2 | reward(game/avg): 7890/9592 | 1.98 games/s | ETA: 59s
[gpu0] [ 885/1000] samples:  44250 | chain(game/max/avg): 4/7/4.2 | reward(game/avg): 8480/9589 | 1.98 games/s | ETA: 58s
[gpu0] [ 884/1000] samples:  44200 | chain(game/max/avg): 4/7/4.2 | reward(game/avg): 7680/9590 | 1.98 games/s | ETA: 59s
[gpu0] [ 886/1000] samples:  44300 | chain(game/max/avg): 5/7/4.2 | reward(game/avg): 13240/9593 | 1.98 games/s | ETA: 58s
[gpu0] [ 887/1000] samples:  44350 | chain(game/max/avg): 4/7/4.2 | reward(game/avg): 7320/9590 | 1.98 games/s | ETA: 57s
[gpu0] [ 888/1000] samples:  44400 | chain(game/max/avg): 4/7/4.2 | reward(game/avg): 8220/9589 | 1.99 games/s | ETA: 56s
[gpu0] [ 889/1000] samples:  44450 | chain(game/max/avg): 5/7/4.2 | reward(game/avg): 12620/9592 | 1.99 games/s | ETA: 56s
[gpu0] [ 891/1000] samples:  44550 | chain(game/max/avg): 4/7/4.2 | reward(game/avg): 6640/9586 | 1.99 games/s | ETA: 55s
[gpu0] [ 890/1000] samples:  44500 | chain(game/max/avg): 4/7/4.2 | reward(game/avg): 6900/9589 | 1.99 games/s | ETA: 55s
[gpu0] [ 892/1000] samples:  44600 | chain(game/max/avg): 7/7/4.2 | reward(game/avg): 22880/9601 | 2.00 games/s | ETA: 54s
[gpu0] [ 893/1000] samples:  44650 | chain(game/max/avg): 3/7/4.2 | reward(game/avg): 6450/9597 | 2.00 games/s | ETA: 54s
[gpu0] [ 895/1000] samples:  44750 | chain(game/max/avg): 4/7/4.2 | reward(game/avg): 9120/9596 | 2.00 games/s | ETA: 52s
[gpu0] [ 894/1000] samples:  44700 | chain(game/max/avg): 4/7/4.2 | reward(game/avg): 9330/9597 | 2.00 games/s | ETA: 53s
[gpu0] [ 896/1000] samples:  44800 | chain(game/max/avg): 4/7/4.2 | reward(game/avg): 9360/9596 | 2.00 games/s | ETA: 52s
[gpu0] [ 897/1000] samples:  44850 | chain(game/max/avg): 3/7/4.2 | reward(game/avg): 6280/9592 | 2.01 games/s | ETA: 51s
[gpu0] [ 898/1000] samples:  44900 | chain(game/max/avg): 7/7/4.2 | reward(game/avg): 23980/9608 | 2.01 games/s | ETA: 51s
[gpu0] [ 899/1000] samples:  44950 | chain(game/max/avg): 6/7/4.2 | reward(game/avg): 17260/9617 | 2.01 games/s | ETA: 50s
[gpu0] [ 900/1000] samples:  45000 | chain(game/max/avg): 4/7/4.2 | reward(game/avg): 7780/9615 | 2.01 games/s | ETA: 50s
[gpu0] [ 901/1000] samples:  45050 | chain(game/max/avg): 4/7/4.2 | reward(game/avg): 7390/9612 | 2.02 games/s | ETA: 49s
[gpu0] [ 902/1000] samples:  45100 | chain(game/max/avg): 4/7/4.2 | reward(game/avg): 8630/9611 | 2.02 games/s | ETA: 49s
[gpu0] [ 903/1000] samples:  45150 | chain(game/max/avg): 4/7/4.2 | reward(game/avg): 8400/9610 | 2.02 games/s | ETA: 48s
[gpu0] [ 904/1000] samples:  45200 | chain(game/max/avg): 4/7/4.2 | reward(game/avg): 10320/9611 | 2.02 games/s | ETA: 48s
[gpu0] [ 905/1000] samples:  45250 | chain(game/max/avg): 4/7/4.2 | reward(game/avg): 10800/9612 | 2.02 games/s | ETA: 47s
[gpu0] [ 906/1000] samples:  45300 | chain(game/max/avg): 3/7/4.2 | reward(game/avg): 4550/9606 | 2.02 games/s | ETA: 46s
[gpu0] [ 907/1000] samples:  45350 | chain(game/max/avg): 3/7/4.2 | reward(game/avg): 5640/9602 | 2.03 games/s | ETA: 46s
[gpu0] [ 908/1000] samples:  45400 | chain(game/max/avg): 5/7/4.2 | reward(game/avg): 16960/9610 | 2.03 games/s | ETA: 45s
[gpu0] [ 909/1000] samples:  45450 | chain(game/max/avg): 4/7/4.2 | reward(game/avg): 7030/9607 | 2.03 games/s | ETA: 45s
[gpu0] [ 910/1000] samples:  45500 | chain(game/max/avg): 6/7/4.2 | reward(game/avg): 14760/9613 | 2.03 games/s | ETA: 44s
[gpu0] [ 911/1000] samples:  45550 | chain(game/max/avg): 5/7/4.2 | reward(game/avg): 10460/9614 | 2.04 games/s | ETA: 44s
[gpu0] [ 912/1000] samples:  45600 | chain(game/max/avg): 4/7/4.2 | reward(game/avg): 9280/9613 | 2.03 games/s | ETA: 43s
[gpu0] [ 913/1000] samples:  45650 | chain(game/max/avg): 4/7/4.2 | reward(game/avg): 8760/9612 | 2.04 games/s | ETA: 43s
[gpu0] [ 914/1000] samples:  45700 | chain(game/max/avg): 4/7/4.2 | reward(game/avg): 6420/9609 | 2.04 games/s | ETA: 42s
[gpu0] [ 915/1000] samples:  45750 | chain(game/max/avg): 4/7/4.2 | reward(game/avg): 9600/9609 | 2.04 games/s | ETA: 42s
[gpu0] [ 916/1000] samples:  45800 | chain(game/max/avg): 5/7/4.2 | reward(game/avg): 12000/9612 | 2.04 games/s | ETA: 41s
[gpu0] [ 917/1000] samples:  45850 | chain(game/max/avg): 5/7/4.2 | reward(game/avg): 14980/9617 | 2.04 games/s | ETA: 41s
[gpu0] [ 918/1000] samples:  45900 | chain(game/max/avg): 4/7/4.2 | reward(game/avg): 7400/9615 | 2.05 games/s | ETA: 40s
[gpu0] [ 919/1000] samples:  46000 | chain(game/max/avg): 4/7/4.2 | reward(game/avg): 8140/9623 | 2.05 games/s | ETA: 40s
[gpu0] [ 920/1000] samples:  46000 | chain(game/max/avg): 4/7/4.2 | reward(game/avg): 8910/9613 | 2.05 games/s | ETA: 39s
[gpu0] [ 921/1000] samples:  46050 | chain(game/max/avg): 4/7/4.2 | reward(game/avg): 7850/9611 | 2.05 games/s | ETA: 38s
[gpu0] [ 922/1000] samples:  46100 | chain(game/max/avg): 4/7/4.2 | reward(game/avg): 10690/9612 | 2.05 games/s | ETA: 38s
[gpu0] [ 923/1000] samples:  46150 | chain(game/max/avg): 5/7/4.2 | reward(game/avg): 9000/9611 | 2.06 games/s | ETA: 37s
[gpu0] [ 924/1000] samples:  46200 | chain(game/max/avg): 4/7/4.2 | reward(game/avg): 7510/9609 | 2.06 games/s | ETA: 37s
[gpu0] [ 925/1000] samples:  46250 | chain(game/max/avg): 7/7/4.2 | reward(game/avg): 16300/9616 | 2.06 games/s | ETA: 36s
[gpu0] [ 926/1000] samples:  46300 | chain(game/max/avg): 4/7/4.2 | reward(game/avg): 9700/9616 | 2.06 games/s | ETA: 36s
[gpu0] [ 927/1000] samples:  46350 | chain(game/max/avg): 5/7/4.2 | reward(game/avg): 12160/9619 | 2.07 games/s | ETA: 35s
[gpu0] [ 928/1000] samples:  46400 | chain(game/max/avg): 3/7/4.2 | reward(game/avg): 5780/9615 | 2.07 games/s | ETA: 35s
[gpu0] [ 929/1000] samples:  46450 | chain(game/max/avg): 3/7/4.2 | reward(game/avg): 8290/9613 | 2.07 games/s | ETA: 34s
[gpu0] [ 930/1000] samples:  46500 | chain(game/max/avg): 5/7/4.2 | reward(game/avg): 8980/9613 | 2.07 games/s | ETA: 34s
[gpu0] [ 931/1000] samples:  46550 | chain(game/max/avg): 4/7/4.2 | reward(game/avg): 10560/9614 | 2.07 games/s | ETA: 33s
[gpu0] [ 932/1000] samples:  46600 | chain(game/max/avg): 5/7/4.2 | reward(game/avg): 8300/9612 | 2.08 games/s | ETA: 33s
[gpu0] [ 933/1000] samples:  46650 | chain(game/max/avg): 4/7/4.2 | reward(game/avg): 7550/9610 | 2.08 games/s | ETA: 32s
[gpu0] [ 934/1000] samples:  46700 | chain(game/max/avg): 5/7/4.2 | reward(game/avg): 13190/9614 | 2.08 games/s | ETA: 32s
[gpu0] [ 935/1000] samples:  46750 | chain(game/max/avg): 5/7/4.2 | reward(game/avg): 10820/9615 | 2.08 games/s | ETA: 31s
[gpu0] [ 936/1000] samples:  46800 | chain(game/max/avg): 4/7/4.2 | reward(game/avg): 11540/9617 | 2.08 games/s | ETA: 31s
[gpu0] [ 937/1000] samples:  46850 | chain(game/max/avg): 4/7/4.2 | reward(game/avg): 7660/9615 | 2.09 games/s | ETA: 30s
[gpu0] [ 938/1000] samples:  46900 | chain(game/max/avg): 4/7/4.2 | reward(game/avg): 6900/9612 | 2.09 games/s | ETA: 30s
[gpu0] [ 939/1000] samples:  46950 | chain(game/max/avg): 4/7/4.2 | reward(game/avg): 10060/9613 | 2.09 games/s | ETA: 29s
[gpu0] [ 940/1000] samples:  47000 | chain(game/max/avg): 4/7/4.2 | reward(game/avg): 8480/9612 | 2.09 games/s | ETA: 29s
[gpu0] [ 941/1000] samples:  47050 | chain(game/max/avg): 5/7/4.2 | reward(game/avg): 10960/9613 | 2.09 games/s | ETA: 28s
[gpu0] [ 942/1000] samples:  47100 | chain(game/max/avg): 5/7/4.2 | reward(game/avg): 13100/9617 | 2.09 games/s | ETA: 28s
[gpu0] [ 943/1000] samples:  47150 | chain(game/max/avg): 4/7/4.2 | reward(game/avg): 9200/9616 | 2.09 games/s | ETA: 27s
[gpu0] [ 944/1000] samples:  47200 | chain(game/max/avg): 4/7/4.2 | reward(game/avg): 7760/9614 | 2.10 games/s | ETA: 27s
[gpu0] [ 945/1000] samples:  47250 | chain(game/max/avg): 5/7/4.2 | reward(game/avg): 12820/9618 | 2.10 games/s | ETA: 26s
[gpu0] [ 946/1000] samples:  47300 | chain(game/max/avg): 6/7/4.2 | reward(game/avg): 16510/9625 | 2.10 games/s | ETA: 26s
[gpu0] [ 947/1000] samples:  47350 | chain(game/max/avg): 4/7/4.2 | reward(game/avg): 7500/9623 | 2.10 games/s | ETA: 25s
[gpu0] [ 948/1000] samples:  47400 | chain(game/max/avg): 5/7/4.2 | reward(game/avg): 10330/9624 | 2.11 games/s | ETA: 25s
[gpu0] [ 949/1000] samples:  47450 | chain(game/max/avg): 4/7/4.2 | reward(game/avg): 8560/9622 | 2.11 games/s | ETA: 24s
[gpu0] [ 950/1000] samples:  47500 | chain(game/max/avg): 4/7/4.2 | reward(game/avg): 9500/9622 | 2.11 games/s | ETA: 24s
[gpu0] [ 951/1000] samples:  47550 | chain(game/max/avg): 4/7/4.2 | reward(game/avg): 9500/9622 | 2.11 games/s | ETA: 23s
[gpu0] [ 952/1000] samples:  47600 | chain(game/max/avg): 4/7/4.2 | reward(game/avg): 10150/9623 | 2.11 games/s | ETA: 23s
[gpu0] [ 953/1000] samples:  47650 | chain(game/max/avg): 4/7/4.2 | reward(game/avg): 10150/9623 | 2.12 games/s | ETA: 22s
[gpu0] [ 954/1000] samples:  47700 | chain(game/max/avg): 5/7/4.2 | reward(game/avg): 11340/9625 | 2.12 games/s | ETA: 22s
[gpu0] [ 955/1000] samples:  47750 | chain(game/max/avg): 5/7/4.2 | reward(game/avg): 13380/9629 | 2.12 games/s | ETA: 21s
[gpu0] [ 956/1000] samples:  47800 | chain(game/max/avg): 4/7/4.2 | reward(game/avg): 10560/9630 | 2.12 games/s | ETA: 21s
[gpu0] [ 957/1000] samples:  47850 | chain(game/max/avg): 5/7/4.2 | reward(game/avg): 12320/9633 | 2.12 games/s | ETA: 20s
[gpu0] [ 958/1000] samples:  47900 | chain(game/max/avg): 3/7/4.2 | reward(game/avg): 6440/9629 | 2.13 games/s | ETA: 20s
[gpu0] [ 959/1000] samples:  47950 | chain(game/max/avg): 5/7/4.2 | reward(game/avg): 7700/9627 | 2.13 games/s | ETA: 19s
[gpu0] [ 960/1000] samples:  48000 | chain(game/max/avg): 6/7/4.3 | reward(game/avg): 13740/9632 | 2.13 games/s | ETA: 19s
[gpu0] [ 961/1000] samples:  48050 | chain(game/max/avg): 4/7/4.3 | reward(game/avg): 9680/9632 | 2.13 games/s | ETA: 18s
[gpu0] [ 962/1000] samples:  48100 | chain(game/max/avg): 4/7/4.3 | reward(game/avg): 9670/9632 | 2.14 games/s | ETA: 18s
[gpu0] [ 963/1000] samples:  48150 | chain(game/max/avg): 3/7/4.2 | reward(game/avg): 5860/9628 | 2.14 games/s | ETA: 17s
[gpu0] [ 964/1000] samples:  48200 | chain(game/max/avg): 4/7/4.2 | reward(game/avg): 7060/9625 | 2.14 games/s | ETA: 17s
[gpu0] [ 965/1000] samples:  48250 | chain(game/max/avg): 3/7/4.2 | reward(game/avg): 5920/9621 | 2.14 games/s | ETA: 16s
[gpu0] [ 966/1000] samples:  48300 | chain(game/max/avg): 3/7/4.2 | reward(game/avg): 4810/9616 | 2.14 games/s | ETA: 16s
[gpu0] [ 967/1000] samples:  48350 | chain(game/max/avg): 3/7/4.2 | reward(game/avg): 8830/9616 | 2.14 games/s | ETA: 15s
[gpu0] [ 968/1000] samples:  48400 | chain(game/max/avg): 4/7/4.2 | reward(game/avg): 8820/9615 | 2.15 games/s | ETA: 15s
[gpu0] [ 969/1000] samples:  48450 | chain(game/max/avg): 6/7/4.2 | reward(game/avg): 19410/9625 | 2.15 games/s | ETA: 14s
[gpu0] [ 970/1000] samples:  48500 | chain(game/max/avg): 4/7/4.2 | reward(game/avg): 8790/9624 | 2.15 games/s | ETA: 14s
[gpu0] [ 971/1000] samples:  48550 | chain(game/max/avg): 4/7/4.2 | reward(game/avg): 8680/9623 | 2.15 games/s | ETA: 13s
[gpu0] [ 972/1000] samples:  48600 | chain(game/max/avg): 5/7/4.2 | reward(game/avg): 17500/9631 | 2.16 games/s | ETA: 13s
[gpu0] [ 973/1000] samples:  48650 | chain(game/max/avg): 4/7/4.2 | reward(game/avg): 8080/9630 | 2.16 games/s | ETA: 13s
[gpu0] [ 974/1000] samples:  48700 | chain(game/max/avg): 4/7/4.2 | reward(game/avg): 9300/9629 | 2.16 games/s | ETA: 12s
[gpu0] [ 975/1000] samples:  48750 | chain(game/max/avg): 4/7/4.2 | reward(game/avg): 9870/9629 | 2.16 games/s | ETA: 12s
[gpu0] [ 976/1000] samples:  48800 | chain(game/max/avg): 5/7/4.2 | reward(game/avg): 11380/9631 | 2.16 games/s | ETA: 11s
[gpu0] [ 977/1000] samples:  48850 | chain(game/max/avg): 4/7/4.2 | reward(game/avg): 7940/9630 | 2.17 games/s | ETA: 11s
[gpu0] [ 978/1000] samples:  48900 | chain(game/max/avg): 5/7/4.2 | reward(game/avg): 14350/9634 | 2.17 games/s | ETA: 10s
[gpu0] [ 979/1000] samples:  48950 | chain(game/max/avg): 4/7/4.2 | reward(game/avg): 11640/9636 | 2.17 games/s | ETA: 10s
[gpu0] [ 980/1000] samples:  49000 | chain(game/max/avg): 4/7/4.2 | reward(game/avg): 5720/9632 | 2.17 games/s | ETA: 9s
[gpu0] [ 981/1000] samples:  49050 | chain(game/max/avg): 4/7/4.2 | reward(game/avg): 9540/9632 | 2.17 games/s | ETA: 9s
[gpu0] [ 982/1000] samples:  49100 | chain(game/max/avg): 4/7/4.2 | reward(game/avg): 7400/9630 | 2.18 games/s | ETA: 8s
[gpu0] [ 983/1000] samples:  49150 | chain(game/max/avg): 3/7/4.2 | reward(game/avg): 6460/9627 | 2.18 games/s | ETA: 8s
[gpu0] [ 984/1000] samples:  49200 | chain(game/max/avg): 3/7/4.2 | reward(game/avg): 6220/9623 | 2.18 games/s | ETA: 7s
[gpu0] [ 985/1000] samples:  49250 | chain(game/max/avg): 5/7/4.2 | reward(game/avg): 9000/9623 | 2.18 games/s | ETA: 7s
[gpu0] [ 986/1000] samples:  49300 | chain(game/max/avg): 4/7/4.2 | reward(game/avg): 9520/9623 | 2.18 games/s | ETA: 6s
[gpu0] [ 987/1000] samples:  49350 | chain(game/max/avg): 5/7/4.2 | reward(game/avg): 10030/9623 | 2.19 games/s | ETA: 6s
[gpu0] [ 988/1000] samples:  49400 | chain(game/max/avg): 4/7/4.2 | reward(game/avg): 10290/9624 | 2.19 games/s | ETA: 5s
[gpu0] [ 989/1000] samples:  49450 | chain(game/max/avg): 4/7/4.2 | reward(game/avg): 8660/9623 | 2.19 games/s | ETA: 5s
[gpu0] [ 990/1000] samples:  49500 | chain(game/max/avg): 4/7/4.2 | reward(game/avg): 8000/9621 | 2.19 games/s | ETA: 5s
[gpu0] [ 991/1000] samples:  49550 | chain(game/max/avg): 5/7/4.2 | reward(game/avg): 14640/9626 | 2.19 games/s | ETA: 4s
[gpu0] [ 992/1000] samples:  49600 | chain(game/max/avg): 4/7/4.2 | reward(game/avg): 10130/9627 | 2.19 games/s | ETA: 4s
[gpu0] [ 993/1000] samples:  49650 | chain(game/max/avg): 5/7/4.2 | reward(game/avg): 15780/9633 | 2.20 games/s | ETA: 3s
[gpu0] [ 994/1000] samples:  49700 | chain(game/max/avg): 4/7/4.2 | reward(game/avg): 8020/9631 | 2.20 games/s | ETA: 3s
[gpu0] [ 995/1000] samples:  49750 | chain(game/max/avg): 4/7/4.2 | reward(game/avg): 8840/9630 | 2.20 games/s | ETA: 2s
[gpu0] [ 996/1000] samples:  49800 | chain(game/max/avg): 4/7/4.2 | reward(game/avg): 8600/9629 | 2.20 games/s | ETA: 2s
[gpu0] [ 997/1000] samples:  49850 | chain(game/max/avg): 4/7/4.2 | reward(game/avg): 7740/9628 | 2.20 games/s | ETA: 1s
[gpu0] [ 998/1000] samples:  49900 | chain(game/max/avg): 4/7/4.2 | reward(game/avg): 9630/9628 | 2.20 games/s | ETA: 1s
[gpu0] [ 999/1000] samples:  49950 | chain(game/max/avg): 5/7/4.2 | reward(game/avg): 11400/9629 | 2.21 games/s | ETA: 0s
[gpu0] [1000/1000] samples:  50000 | chain(game/max/avg): 3/7/4.2 | reward(game/avg): 6680/9626 | 2.21 games/s | ETA: 0s
[gpu0] Self-play complete: 1000 games, 50000 samples, max chain: 7
[gpu0] Saved to runs/rtx5090-3/data/alphazero_iter_5_gpu0.bin
[2026-04-05 23:51:05] Train start (AlphaZero mode, replay buffer, global_step=4000)
    Finished `release` profile [optimized] target(s) in 0.31s
     Running `target/release/train --alphazero --data-dir runs/rtx5090-3/data --global-step 4000 --model-path runs/rtx5090-3/artifacts/puyo_model --artifacts-dir runs/rtx5090-3/artifacts --batch-size 2048 --accum-steps 1 --cols 6 --rows 14 --num-colors 4 --residual-channels 128 --num-blocks 6 --policy-conv-channels 2 --value-conv-channels 1 --value-hidden 64 --film-hidden 128 --lr-stages '0:0.2,100000:0.02,300000:0.002,500000:0.0002'`
Backend: CUDA (GPU)
Game config: cols=6, rows=14, num_colors=4
Net config: residual_channels=128, num_blocks=6
Mode: AlphaZero (Policy CE + Value MSE)
Loading AlphaZero datasets from runs/rtx5090-3/data...
Found 5 data files
  Loaded 50000 samples from runs/rtx5090-3/data/alphazero_iter_1_gpu0.bin
  Loaded 49982 samples from runs/rtx5090-3/data/alphazero_iter_2_gpu0.bin
  Loaded 50000 samples from runs/rtx5090-3/data/alphazero_iter_3_gpu0.bin
  Loaded 50000 samples from runs/rtx5090-3/data/alphazero_iter_4_gpu0.bin
  Loaded 50000 samples from runs/rtx5090-3/data/alphazero_iter_5_gpu0.bin
Loaded 249982 total samples
Train: 249982 samples (color augmented on-the-fly, no val split)
Loaded existing model from runs/rtx5090-3/artifacts/puyo_model
AlphaZero training: 1000 steps, global_step=4000, LR 2e-1 (end ~2e-1), batch_size=2048, accum_steps=1, effective_batch=2048
  step 50/1000 p_loss=2.7070 v_loss=2.8930 lr=0.200000  step 100/1000 p_loss=2.7052 v_loss=2.9169 lr=0.200000  step 150/1000 p_loss=2.7050 v_loss=2.9201 lr=0.200000  step 200/1000 p_loss=2.7048 v_loss=2.9221 lr=0.200000  step 250/1000 p_loss=2.7049 v_loss=2.9274 lr=0.200000  step 300/1000 p_loss=2.7042 v_loss=2.9263 lr=0.200000  step 350/1000 p_loss=2.7041 v_loss=2.9270 lr=0.200000  step 400/1000 p_loss=2.7035 v_loss=2.9269 lr=0.200000  step 450/1000 p_loss=2.7034 v_loss=2.9300 lr=0.200000  step 500/1000 p_loss=2.7031 v_loss=2.9285 lr=0.200000  step 550/1000 p_loss=2.7020 v_loss=2.9271 lr=0.200000  step 600/1000 p_loss=2.7017 v_loss=2.9244 lr=0.200000  step 650/1000 p_loss=2.7011 v_loss=2.9253 lr=0.200000  step 700/1000 p_loss=2.7005 v_loss=2.9265 lr=0.200000  step 750/1000 p_loss=2.7002 v_loss=2.9266 lr=0.200000  step 800/1000 p_loss=2.6999 v_loss=2.9259 lr=0.200000  step 850/1000 p_loss=2.6995 v_loss=2.9264 lr=0.200000  step 900/1000 p_loss=2.6990 v_loss=2.9268 lr=0.200000  step 950/1000 p_loss=2.6987 v_loss=2.9270 lr=0.200000  step 1000/1000 p_loss=2.6981 v_loss=2.9273 lr=0.200000
Model metadata saved to runs/rtx5090-3/artifacts/puyo_model.config.json
AlphaZero training complete. final train_loss(p=2.698073, v=2.927310) global_step=5000
[2026-04-05 23:54:51] === Iteration 5 complete ===
[2026-04-05 23:54:51] --- Iteration 6 (sims=512, global_step=5000) ---
[2026-04-05 23:54:51] Self-play start (m=24, c_visit=50.0, num_gpus=1, games_per_gpu=1000, total=1000)
[gpu0]     Finished `release` profile [optimized] target(s) in 0.30s
[gpu0]      Running `target/release/self-play --games 1000 --simulations 512 --c-puct-init 1.5 --c-puct-base 19652.0 --m 24 --c-visit 50.0 --gamma 0.95 --min-chain 0 --threads 512 --batch-size 2048 --num-leaves 1 --model-path runs/rtx5090-3/artifacts/puyo_model --cols 6 --rows 14 --num-colors 4 --residual-channels 128 --num-blocks 6 --policy-conv-channels 2 --value-conv-channels 1 --value-hidden 64 --film-hidden 128 --output runs/rtx5090-3/data/alphazero_iter_6_gpu0.bin`
[gpu0] games=1000, simulations=512, c_puct_init=1.5, c_puct_base=19652, m=24, c_visit=50, gamma=0.95, num_leaves=1, min_chain=0
[gpu0] Game config: cols=6, rows=14, num_colors=4, residual_channels=128, num_blocks=6, policy_conv_ch=2, value_conv_ch=1, value_hidden=64, film_hidden=128
[gpu0] Backend: Cuda (GPU) — Gumbel MCTS self-play (batched)
[gpu0] Loaded existing model from runs/rtx5090-3/artifacts/puyo_model
[gpu0] Using 512 game threads, max_batch_size=2048
[gpu0] [   1/1000] samples:     50 | chain(game/max/avg): 4/4/4.0 | reward(game/avg): 7660/7660 | 0.00 games/s | ETA: 227453s
[gpu0] [   2/1000] samples:    100 | chain(game/max/avg): 6/6/5.0 | reward(game/avg): 18420/13040 | 0.01 games/s | ETA: 113639s
[gpu0] [   3/1000] samples:    150 | chain(game/max/avg): 6/6/5.3 | reward(game/avg): 19360/15147 | 0.01 games/s | ETA: 75709s
[gpu0] [   4/1000] samples:    200 | chain(game/max/avg): 5/6/5.2 | reward(game/avg): 13570/14752 | 0.02 games/s | ETA: 56761s
[gpu0] [   5/1000] samples:    250 | chain(game/max/avg): 5/6/5.2 | reward(game/avg): 12880/14378 | 0.02 games/s | ETA: 45367s
[gpu0] [   6/1000] samples:    300 | chain(game/max/avg): 5/6/5.2 | reward(game/avg): 11600/13915 | 0.03 games/s | ETA: 37773s
[gpu0] [   7/1000] samples:    350 | chain(game/max/avg): 5/6/5.1 | reward(game/avg): 11520/13573 | 0.03 games/s | ETA: 32345s
[gpu0] [   8/1000] samples:    400 | chain(game/max/avg): 5/6/5.1 | reward(game/avg): 13100/13514 | 0.04 games/s | ETA: 28275s
[gpu0] [   9/1000] samples:    450 | chain(game/max/avg): 5/6/5.1 | reward(game/avg): 10640/13194 | 0.04 games/s | ETA: 25109s
[gpu0] [  10/1000] samples:    500 | chain(game/max/avg): 4/6/5.0 | reward(game/avg): 7360/12611 | 0.04 games/s | ETA: 22576s
[gpu0] [  11/1000] samples:    550 | chain(game/max/avg): 5/6/5.0 | reward(game/avg): 13840/12723 | 0.05 games/s | ETA: 20504s
[gpu0] [  12/1000] samples:    600 | chain(game/max/avg): 4/6/4.9 | reward(game/avg): 8220/12348 | 0.05 games/s | ETA: 18779s
[gpu0] [  13/1000] samples:    650 | chain(game/max/avg): 6/6/5.0 | reward(game/avg): 13840/12462 | 0.06 games/s | ETA: 17320s
[gpu0] [  14/1000] samples:    700 | chain(game/max/avg): 4/6/4.9 | reward(game/avg): 8920/12209 | 0.06 games/s | ETA: 16068s
[gpu0] [  15/1000] samples:    750 | chain(game/max/avg): 5/6/4.9 | reward(game/avg): 20970/12793 | 0.07 games/s | ETA: 14982s
[gpu0] [  16/1000] samples:    800 | chain(game/max/avg): 5/6/4.9 | reward(game/avg): 15140/12940 | 0.07 games/s | ETA: 14032s
[gpu0] [  17/1000] samples:    850 | chain(game/max/avg): 5/6/4.9 | reward(game/avg): 9180/12719 | 0.07 games/s | ETA: 13193s
[gpu0] [  18/1000] samples:    900 | chain(game/max/avg): 3/6/4.8 | reward(game/avg): 6060/12349 | 0.08 games/s | ETA: 12448s
[gpu0] [  19/1000] samples:    950 | chain(game/max/avg): 6/6/4.9 | reward(game/avg): 14760/12476 | 0.08 games/s | ETA: 11782s
[gpu0] [  20/1000] samples:   1000 | chain(game/max/avg): 5/6/4.9 | reward(game/avg): 14470/12576 | 0.09 games/s | ETA: 11181s
[gpu0] [  21/1000] samples:   1050 | chain(game/max/avg): 4/6/4.9 | reward(game/avg): 10750/12489 | 0.09 games/s | ETA: 10639s
[gpu0] [  22/1000] samples:   1100 | chain(game/max/avg): 5/6/4.9 | reward(game/avg): 11260/12433 | 0.10 games/s | ETA: 10145s
[gpu0] [  23/1000] samples:   1150 | chain(game/max/avg): 5/6/4.9 | reward(game/avg): 12570/12439 | 0.10 games/s | ETA: 9695s
[gpu0] [  24/1000] samples:   1200 | chain(game/max/avg): 6/6/4.9 | reward(game/avg): 17620/12655 | 0.11 games/s | ETA: 9282s
[gpu0] [  25/1000] samples:   1250 | chain(game/max/avg): 4/6/4.9 | reward(game/avg): 8160/12475 | 0.11 games/s | ETA: 8902s
[gpu0] [  26/1000] samples:   1300 | chain(game/max/avg): 5/6/4.9 | reward(game/avg): 10640/12404 | 0.11 games/s | ETA: 8550s
[gpu0] [  27/1000] samples:   1350 | chain(game/max/avg): 5/6/4.9 | reward(game/avg): 10780/12344 | 0.12 games/s | ETA: 8225s
[gpu0] [  28/1000] samples:   1400 | chain(game/max/avg): 5/6/4.9 | reward(game/avg): 13360/12380 | 0.12 games/s | ETA: 7924s
[gpu0] [  29/1000] samples:   1450 | chain(game/max/avg): 4/6/4.9 | reward(game/avg): 9940/12296 | 0.13 games/s | ETA: 7643s
[gpu0] [  30/1000] samples:   1500 | chain(game/max/avg): 4/6/4.8 | reward(game/avg): 9160/12192 | 0.13 games/s | ETA: 7380s
[gpu0] [  31/1000] samples:   1550 | chain(game/max/avg): 5/6/4.8 | reward(game/avg): 13750/12242 | 0.14 games/s | ETA: 7135s
[gpu0] [  32/1000] samples:   1600 | chain(game/max/avg): 4/6/4.8 | reward(game/avg): 9340/12151 | 0.14 games/s | ETA: 6905s
[gpu0] [  33/1000] samples:   1650 | chain(game/max/avg): 4/6/4.8 | reward(game/avg): 6240/11972 | 0.14 games/s | ETA: 6689s
[gpu0] [  34/1000] samples:   1700 | chain(game/max/avg): 7/7/4.9 | reward(game/avg): 21380/12249 | 0.15 games/s | ETA: 6486s
[gpu0] [  35/1000] samples:   1750 | chain(game/max/avg): 4/7/4.8 | reward(game/avg): 8570/12144 | 0.15 games/s | ETA: 6294s
[gpu0] [  36/1000] samples:   1800 | chain(game/max/avg): 4/7/4.8 | reward(game/avg): 5980/11972 | 0.16 games/s | ETA: 6113s
[gpu0] [  37/1000] samples:   1850 | chain(game/max/avg): 4/7/4.8 | reward(game/avg): 8670/11883 | 0.16 games/s | ETA: 5941s
[gpu0] [  38/1000] samples:   1900 | chain(game/max/avg): 4/7/4.8 | reward(game/avg): 10220/11839 | 0.17 games/s | ETA: 5779s
[gpu0] [  39/1000] samples:   1950 | chain(game/max/avg): 4/7/4.7 | reward(game/avg): 9240/11773 | 0.17 games/s | ETA: 5625s
[gpu0] [  40/1000] samples:   2000 | chain(game/max/avg): 4/7/4.7 | reward(game/avg): 7560/11668 | 0.18 games/s | ETA: 5479s
[gpu0] [  41/1000] samples:   2050 | chain(game/max/avg): 4/7/4.7 | reward(game/avg): 9260/11609 | 0.18 games/s | ETA: 5340s
[gpu0] [  42/1000] samples:   2100 | chain(game/max/avg): 5/7/4.7 | reward(game/avg): 13320/11650 | 0.18 games/s | ETA: 5207s
[gpu0] [  43/1000] samples:   2150 | chain(game/max/avg): 4/7/4.7 | reward(game/avg): 9120/11591 | 0.19 games/s | ETA: 5081s
[gpu0] [  44/1000] samples:   2200 | chain(game/max/avg): 4/7/4.7 | reward(game/avg): 8450/11519 | 0.19 games/s | ETA: 4960s
[gpu0] [  45/1000] samples:   2250 | chain(game/max/avg): 3/7/4.6 | reward(game/avg): 6700/11412 | 0.20 games/s | ETA: 4845s
[gpu0] [  46/1000] samples:   2300 | chain(game/max/avg): 4/7/4.6 | reward(game/avg): 7910/11336 | 0.20 games/s | ETA: 4735s
[gpu0] [  47/1000] samples:   2350 | chain(game/max/avg): 4/7/4.6 | reward(game/avg): 7080/11246 | 0.21 games/s | ETA: 4629s
[gpu0] [  48/1000] samples:   2400 | chain(game/max/avg): 4/7/4.6 | reward(game/avg): 9640/11212 | 0.21 games/s | ETA: 4528s
[gpu0] [  50/1000] samples:   2500 | chain(game/max/avg): 4/7/4.6 | reward(game/avg): 9530/11147 | 0.22 games/s | ETA: 4338s
[gpu0] [  49/1000] samples:   2500 | chain(game/max/avg): 4/7/4.7 | reward(game/avg): 9640/11374 | 0.21 games/s | ETA: 4431s
[gpu0] [  51/1000] samples:   2550 | chain(game/max/avg): 4/7/4.6 | reward(game/avg): 6960/11065 | 0.22 games/s | ETA: 4248s
[gpu0] [  52/1000] samples:   2600 | chain(game/max/avg): 4/7/4.6 | reward(game/avg): 7100/10989 | 0.23 games/s | ETA: 4162s
[gpu0] [  53/1000] samples:   2650 | chain(game/max/avg): 5/7/4.6 | reward(game/avg): 14020/11046 | 0.23 games/s | ETA: 4079s
[gpu0] [  54/1000] samples:   2700 | chain(game/max/avg): 6/7/4.6 | reward(game/avg): 13820/11097 | 0.24 games/s | ETA: 3999s
[gpu0] [  55/1000] samples:   2750 | chain(game/max/avg): 4/7/4.6 | reward(game/avg): 10440/11085 | 0.24 games/s | ETA: 3923s
[gpu0] [  56/1000] samples:   2800 | chain(game/max/avg): 4/7/4.6 | reward(game/avg): 8900/11046 | 0.25 games/s | ETA: 3848s
[gpu0] [  57/1000] samples:   2850 | chain(game/max/avg): 5/7/4.6 | reward(game/avg): 11180/11049 | 0.25 games/s | ETA: 3777s
[gpu0] [  58/1000] samples:   2900 | chain(game/max/avg): 6/7/4.6 | reward(game/avg): 15760/11130 | 0.25 games/s | ETA: 3708s
[gpu0] [  59/1000] samples:   2950 | chain(game/max/avg): 5/7/4.6 | reward(game/avg): 11780/11141 | 0.26 games/s | ETA: 3641s
[gpu0] [  60/1000] samples:   3000 | chain(game/max/avg): 3/7/4.6 | reward(game/avg): 8680/11100 | 0.26 games/s | ETA: 3577s
[gpu0] [  61/1000] samples:   3050 | chain(game/max/avg): 5/7/4.6 | reward(game/avg): 10650/11092 | 0.27 games/s | ETA: 3514s
[gpu0] [  62/1000] samples:   3100 | chain(game/max/avg): 4/7/4.6 | reward(game/avg): 11940/11106 | 0.27 games/s | ETA: 3454s
[gpu0] [  63/1000] samples:   3150 | chain(game/max/avg): 4/7/4.6 | reward(game/avg): 8090/11058 | 0.28 games/s | ETA: 3396s
[gpu0] [  64/1000] samples:   3200 | chain(game/max/avg): 3/7/4.5 | reward(game/avg): 7630/11005 | 0.28 games/s | ETA: 3339s
[gpu0] [  65/1000] samples:   3250 | chain(game/max/avg): 3/7/4.5 | reward(game/avg): 7020/10943 | 0.28 games/s | ETA: 3284s
[gpu0] [  66/1000] samples:   3300 | chain(game/max/avg): 4/7/4.5 | reward(game/avg): 11210/10947 | 0.29 games/s | ETA: 3231s
[gpu0] [  67/1000] samples:   3350 | chain(game/max/avg): 5/7/4.5 | reward(game/avg): 11530/10956 | 0.29 games/s | ETA: 3179s
[gpu0] [  68/1000] samples:   3400 | chain(game/max/avg): 5/7/4.5 | reward(game/avg): 14960/11015 | 0.30 games/s | ETA: 3129s
[gpu0] [  69/1000] samples:   3450 | chain(game/max/avg): 4/7/4.5 | reward(game/avg): 6460/10949 | 0.30 games/s | ETA: 3080s
[gpu0] [  70/1000] samples:   3500 | chain(game/max/avg): 4/7/4.5 | reward(game/avg): 13010/10978 | 0.31 games/s | ETA: 3033s
[gpu0] [  71/1000] samples:   3550 | chain(game/max/avg): 4/7/4.5 | reward(game/avg): 8020/10937 | 0.31 games/s | ETA: 2987s
[gpu0] [  72/1000] samples:   3600 | chain(game/max/avg): 4/7/4.5 | reward(game/avg): 10100/10925 | 0.32 games/s | ETA: 2943s
[gpu0] [  73/1000] samples:   3650 | chain(game/max/avg): 3/7/4.5 | reward(game/avg): 7380/10877 | 0.32 games/s | ETA: 2899s
[gpu0] [  74/1000] samples:   3700 | chain(game/max/avg): 5/7/4.5 | reward(game/avg): 12120/10893 | 0.32 games/s | ETA: 2857s
[gpu0] [  75/1000] samples:   3750 | chain(game/max/avg): 5/7/4.5 | reward(game/avg): 14920/10947 | 0.33 games/s | ETA: 2816s
[gpu0] [  76/1000] samples:   3800 | chain(game/max/avg): 3/7/4.5 | reward(game/avg): 8160/10910 | 0.33 games/s | ETA: 2776s
[gpu0] [  77/1000] samples:   3850 | chain(game/max/avg): 5/7/4.5 | reward(game/avg): 11880/10923 | 0.34 games/s | ETA: 2737s
[gpu0] [  78/1000] samples:   3900 | chain(game/max/avg): 4/7/4.5 | reward(game/avg): 12210/10939 | 0.34 games/s | ETA: 2699s
[gpu0] [  79/1000] samples:   3950 | chain(game/max/avg): 4/7/4.5 | reward(game/avg): 7660/10898 | 0.35 games/s | ETA: 2662s
[gpu0] [  80/1000] samples:   4000 | chain(game/max/avg): 3/7/4.5 | reward(game/avg): 5980/10836 | 0.35 games/s | ETA: 2626s
[gpu0] [  81/1000] samples:   4050 | chain(game/max/avg): 5/7/4.5 | reward(game/avg): 13580/10870 | 0.35 games/s | ETA: 2590s
[gpu0] [  82/1000] samples:   4100 | chain(game/max/avg): 6/7/4.5 | reward(game/avg): 15300/10924 | 0.36 games/s | ETA: 2556s
[gpu0] [  83/1000] samples:   4150 | chain(game/max/avg): 4/7/4.5 | reward(game/avg): 15400/10978 | 0.36 games/s | ETA: 2523s
[gpu0] [  84/1000] samples:   4200 | chain(game/max/avg): 4/7/4.5 | reward(game/avg): 8580/10950 | 0.37 games/s | ETA: 2490s
[gpu0] [  85/1000] samples:   4250 | chain(game/max/avg): 4/7/4.5 | reward(game/avg): 6990/10903 | 0.37 games/s | ETA: 2458s
[gpu0] [  86/1000] samples:   4300 | chain(game/max/avg): 4/7/4.5 | reward(game/avg): 8160/10871 | 0.38 games/s | ETA: 2427s
[gpu0] [  87/1000] samples:   4350 | chain(game/max/avg): 5/7/4.5 | reward(game/avg): 11120/10874 | 0.38 games/s | ETA: 2396s
[gpu0] [  88/1000] samples:   4400 | chain(game/max/avg): 4/7/4.5 | reward(game/avg): 7770/10839 | 0.39 games/s | ETA: 2366s
[gpu0] [  89/1000] samples:   4450 | chain(game/max/avg): 4/7/4.4 | reward(game/avg): 7880/10806 | 0.39 games/s | ETA: 2337s
[gpu0] [  90/1000] samples:   4500 | chain(game/max/avg): 5/7/4.5 | reward(game/avg): 10540/10803 | 0.39 games/s | ETA: 2309s
[gpu0] [  91/1000] samples:   4550 | chain(game/max/avg): 3/7/4.4 | reward(game/avg): 6840/10759 | 0.40 games/s | ETA: 2281s
[gpu0] [  92/1000] samples:   4600 | chain(game/max/avg): 3/7/4.4 | reward(game/avg): 5200/10699 | 0.40 games/s | ETA: 2254s
[gpu0] [  93/1000] samples:   4650 | chain(game/max/avg): 4/7/4.4 | reward(game/avg): 8420/10674 | 0.41 games/s | ETA: 2227s
[gpu0] [  94/1000] samples:   4700 | chain(game/max/avg): 4/7/4.4 | reward(game/avg): 8380/10650 | 0.41 games/s | ETA: 2201s
[gpu0] [  95/1000] samples:   4750 | chain(game/max/avg): 4/7/4.4 | reward(game/avg): 7690/10619 | 0.42 games/s | ETA: 2175s
[gpu0] [  96/1000] samples:   4800 | chain(game/max/avg): 6/7/4.4 | reward(game/avg): 17400/10689 | 0.42 games/s | ETA: 2150s
[gpu0] [  98/1000] samples:   4900 | chain(game/max/avg): 3/7/4.4 | reward(game/avg): 6460/10610 | 0.43 games/s | ETA: 2102s
[gpu0] [  97/1000] samples:   4850 | chain(game/max/avg): 4/7/4.4 | reward(game/avg): 7180/10653 | 0.42 games/s | ETA: 2126s
[gpu0] [  99/1000] samples:   4950 | chain(game/max/avg): 4/7/4.4 | reward(game/avg): 6300/10567 | 0.43 games/s | ETA: 2078s
[gpu0] [ 100/1000] samples:   5000 | chain(game/max/avg): 4/7/4.4 | reward(game/avg): 7320/10534 | 0.44 games/s | ETA: 2055s
[gpu0] [ 101/1000] samples:   5050 | chain(game/max/avg): 4/7/4.4 | reward(game/avg): 9660/10526 | 0.44 games/s | ETA: 2032s
[gpu0] [ 102/1000] samples:   5100 | chain(game/max/avg): 5/7/4.4 | reward(game/avg): 10620/10527 | 0.45 games/s | ETA: 2010s
[gpu0] [ 103/1000] samples:   5150 | chain(game/max/avg): 3/7/4.4 | reward(game/avg): 7120/10493 | 0.45 games/s | ETA: 1989s
[gpu0] [ 104/1000] samples:   5200 | chain(game/max/avg): 3/7/4.4 | reward(game/avg): 4810/10439 | 0.46 games/s | ETA: 1967s
[gpu0] [ 105/1000] samples:   5250 | chain(game/max/avg): 4/7/4.4 | reward(game/avg): 6960/10406 | 0.46 games/s | ETA: 1946s
[gpu0] [ 106/1000] samples:   5300 | chain(game/max/avg): 4/7/4.4 | reward(game/avg): 9720/10399 | 0.46 games/s | ETA: 1926s
[gpu0] [ 107/1000] samples:   5350 | chain(game/max/avg): 3/7/4.4 | reward(game/avg): 6050/10359 | 0.47 games/s | ETA: 1906s
[gpu0] [ 108/1000] samples:   5400 | chain(game/max/avg): 5/7/4.4 | reward(game/avg): 10160/10357 | 0.47 games/s | ETA: 1886s
[gpu0] [ 109/1000] samples:   5450 | chain(game/max/avg): 5/7/4.4 | reward(game/avg): 9220/10346 | 0.48 games/s | ETA: 1867s
[gpu0] [ 110/1000] samples:   5500 | chain(game/max/avg): 4/7/4.4 | reward(game/avg): 8700/10331 | 0.48 games/s | ETA: 1848s
[gpu0] [ 111/1000] samples:   5550 | chain(game/max/avg): 4/7/4.4 | reward(game/avg): 8940/10319 | 0.49 games/s | ETA: 1829s
[gpu0] [ 112/1000] samples:   5600 | chain(game/max/avg): 4/7/4.4 | reward(game/avg): 7860/10297 | 0.49 games/s | ETA: 1810s
[gpu0] [ 113/1000] samples:   5650 | chain(game/max/avg): 5/7/4.4 | reward(game/avg): 16400/10351 | 0.49 games/s | ETA: 1792s
[gpu0] [ 114/1000] samples:   5700 | chain(game/max/avg): 4/7/4.4 | reward(game/avg): 8850/10338 | 0.50 games/s | ETA: 1775s
[gpu0] [ 115/1000] samples:   5750 | chain(game/max/avg): 6/7/4.4 | reward(game/avg): 13860/10368 | 0.50 games/s | ETA: 1757s
[gpu0] [ 116/1000] samples:   5800 | chain(game/max/avg): 5/7/4.4 | reward(game/avg): 11820/10381 | 0.51 games/s | ETA: 1740s
[gpu0] [ 117/1000] samples:   5850 | chain(game/max/avg): 4/7/4.4 | reward(game/avg): 9030/10369 | 0.51 games/s | ETA: 1723s
[gpu0] [ 119/1000] samples:   5950 | chain(game/max/avg): 4/7/4.4 | reward(game/avg): 6880/10324 | 0.52 games/s | ETA: 1691s
[gpu0] [ 118/1000] samples:   5900 | chain(game/max/avg): 4/7/4.4 | reward(game/avg): 8480/10353 | 0.52 games/s | ETA: 1707s
[gpu0] [ 120/1000] samples:   6000 | chain(game/max/avg): 5/7/4.4 | reward(game/avg): 13960/10354 | 0.53 games/s | ETA: 1675s
[gpu0] [ 121/1000] samples:   6050 | chain(game/max/avg): 3/7/4.4 | reward(game/avg): 7880/10334 | 0.53 games/s | ETA: 1659s
[gpu0] [ 122/1000] samples:   6100 | chain(game/max/avg): 3/7/4.4 | reward(game/avg): 6960/10306 | 0.53 games/s | ETA: 1643s
[gpu0] [ 123/1000] samples:   6150 | chain(game/max/avg): 5/7/4.4 | reward(game/avg): 13210/10330 | 0.54 games/s | ETA: 1628s
[gpu0] [ 124/1000] samples:   6200 | chain(game/max/avg): 4/7/4.4 | reward(game/avg): 8580/10316 | 0.54 games/s | ETA: 1613s
[gpu0] [ 125/1000] samples:   6250 | chain(game/max/avg): 4/7/4.4 | reward(game/avg): 8050/10298 | 0.55 games/s | ETA: 1598s
[gpu0] [ 126/1000] samples:   6300 | chain(game/max/avg): 4/7/4.3 | reward(game/avg): 11070/10304 | 0.55 games/s | ETA: 1584s
[gpu0] [ 127/1000] samples:   6350 | chain(game/max/avg): 5/7/4.4 | reward(game/avg): 12210/10319 | 0.56 games/s | ETA: 1570s
[gpu0] [ 128/1000] samples:   6400 | chain(game/max/avg): 4/7/4.4 | reward(game/avg): 9170/10310 | 0.56 games/s | ETA: 1556s
[gpu0] [ 129/1000] samples:   6450 | chain(game/max/avg): 5/7/4.4 | reward(game/avg): 19040/10378 | 0.56 games/s | ETA: 1542s
[gpu0] [ 130/1000] samples:   6500 | chain(game/max/avg): 7/7/4.4 | reward(game/avg): 23360/10477 | 0.57 games/s | ETA: 1528s
[gpu0] [ 131/1000] samples:   6550 | chain(game/max/avg): 4/7/4.4 | reward(game/avg): 8400/10462 | 0.57 games/s | ETA: 1515s
[gpu0] [ 132/1000] samples:   6600 | chain(game/max/avg): 4/7/4.4 | reward(game/avg): 8500/10447 | 0.58 games/s | ETA: 1502s
[gpu0] [ 133/1000] samples:   6650 | chain(game/max/avg): 3/7/4.4 | reward(game/avg): 6480/10417 | 0.58 games/s | ETA: 1489s
[gpu0] [ 134/1000] samples:   6700 | chain(game/max/avg): 4/7/4.4 | reward(game/avg): 6180/10385 | 0.59 games/s | ETA: 1476s
[gpu0] [ 135/1000] samples:   6750 | chain(game/max/avg): 4/7/4.4 | reward(game/avg): 6700/10358 | 0.59 games/s | ETA: 1463s
[gpu0] [ 136/1000] samples:   6800 | chain(game/max/avg): 3/7/4.3 | reward(game/avg): 6720/10331 | 0.60 games/s | ETA: 1451s
[gpu0] [ 137/1000] samples:   6850 | chain(game/max/avg): 4/7/4.3 | reward(game/avg): 7410/10310 | 0.60 games/s | ETA: 1439s
[gpu0] [ 138/1000] samples:   6900 | chain(game/max/avg): 5/7/4.3 | reward(game/avg): 19100/10374 | 0.60 games/s | ETA: 1426s
[gpu0] [ 139/1000] samples:   6950 | chain(game/max/avg): 5/7/4.4 | reward(game/avg): 12030/10385 | 0.61 games/s | ETA: 1415s
[gpu0] [ 140/1000] samples:   7000 | chain(game/max/avg): 3/7/4.3 | reward(game/avg): 6300/10356 | 0.61 games/s | ETA: 1403s
[gpu0] [ 141/1000] samples:   7050 | chain(game/max/avg): 5/7/4.3 | reward(game/avg): 10360/10356 | 0.62 games/s | ETA: 1391s
[gpu0] [ 142/1000] samples:   7100 | chain(game/max/avg): 4/7/4.3 | reward(game/avg): 8780/10345 | 0.62 games/s | ETA: 1380s
[gpu0] [ 143/1000] samples:   7150 | chain(game/max/avg): 4/7/4.3 | reward(game/avg): 7200/10323 | 0.63 games/s | ETA: 1369s
[gpu0] [ 144/1000] samples:   7200 | chain(game/max/avg): 5/7/4.3 | reward(game/avg): 10990/10328 | 0.63 games/s | ETA: 1358s
[gpu0] [ 145/1000] samples:   7250 | chain(game/max/avg): 5/7/4.4 | reward(game/avg): 10610/10330 | 0.63 games/s | ETA: 1347s
[gpu0] [ 146/1000] samples:   7300 | chain(game/max/avg): 4/7/4.3 | reward(game/avg): 10400/10330 | 0.64 games/s | ETA: 1336s
[gpu0] [ 147/1000] samples:   7350 | chain(game/max/avg): 3/7/4.3 | reward(game/avg): 5900/10300 | 0.64 games/s | ETA: 1325s
[gpu0] [ 148/1000] samples:   7400 | chain(game/max/avg): 3/7/4.3 | reward(game/avg): 6120/10272 | 0.65 games/s | ETA: 1315s
[gpu0] [ 149/1000] samples:   7450 | chain(game/max/avg): 4/7/4.3 | reward(game/avg): 10440/10273 | 0.65 games/s | ETA: 1304s
[gpu0] [ 150/1000] samples:   7500 | chain(game/max/avg): 4/7/4.3 | reward(game/avg): 7880/10257 | 0.66 games/s | ETA: 1294s
[gpu0] [ 151/1000] samples:   7550 | chain(game/max/avg): 3/7/4.3 | reward(game/avg): 7660/10240 | 0.66 games/s | ETA: 1284s
[gpu0] [ 152/1000] samples:   7600 | chain(game/max/avg): 4/7/4.3 | reward(game/avg): 8840/10231 | 0.67 games/s | ETA: 1274s
[gpu0] [ 153/1000] samples:   7650 | chain(game/max/avg): 3/7/4.3 | reward(game/avg): 5580/10200 | 0.67 games/s | ETA: 1264s
[gpu0] [ 154/1000] samples:   7700 | chain(game/max/avg): 5/7/4.3 | reward(game/avg): 10840/10204 | 0.67 games/s | ETA: 1255s
[gpu0] [ 155/1000] samples:   7750 | chain(game/max/avg): 4/7/4.3 | reward(game/avg): 6640/10181 | 0.68 games/s | ETA: 1245s
[gpu0] [ 156/1000] samples:   7800 | chain(game/max/avg): 5/7/4.3 | reward(game/avg): 11490/10190 | 0.68 games/s | ETA: 1236s
[gpu0] [ 157/1000] samples:   7850 | chain(game/max/avg): 5/7/4.3 | reward(game/avg): 12100/10202 | 0.69 games/s | ETA: 1226s
[gpu0] [ 158/1000] samples:   7900 | chain(game/max/avg): 4/7/4.3 | reward(game/avg): 10300/10203 | 0.69 games/s | ETA: 1217s
[gpu0] [ 159/1000] samples:   7950 | chain(game/max/avg): 5/7/4.3 | reward(game/avg): 10120/10202 | 0.70 games/s | ETA: 1208s
[gpu0] [ 160/1000] samples:   8000 | chain(game/max/avg): 5/7/4.3 | reward(game/avg): 12040/10214 | 0.70 games/s | ETA: 1199s
[gpu0] [ 161/1000] samples:   8050 | chain(game/max/avg): 3/7/4.3 | reward(game/avg): 7680/10198 | 0.70 games/s | ETA: 1190s
[gpu0] [ 162/1000] samples:   8100 | chain(game/max/avg): 4/7/4.3 | reward(game/avg): 8540/10188 | 0.71 games/s | ETA: 1181s
[gpu0] [ 163/1000] samples:   8150 | chain(game/max/avg): 4/7/4.3 | reward(game/avg): 9340/10182 | 0.71 games/s | ETA: 1173s
[gpu0] [ 164/1000] samples:   8200 | chain(game/max/avg): 4/7/4.3 | reward(game/avg): 8340/10171 | 0.72 games/s | ETA: 1164s
[gpu0] [ 165/1000] samples:   8250 | chain(game/max/avg): 4/7/4.3 | reward(game/avg): 8580/10162 | 0.72 games/s | ETA: 1156s
[gpu0] [ 166/1000] samples:   8300 | chain(game/max/avg): 6/7/4.3 | reward(game/avg): 16200/10198 | 0.73 games/s | ETA: 1147s
[gpu0] [ 167/1000] samples:   8350 | chain(game/max/avg): 4/7/4.3 | reward(game/avg): 8700/10189 | 0.73 games/s | ETA: 1139s
[gpu0] [ 168/1000] samples:   8400 | chain(game/max/avg): 4/7/4.3 | reward(game/avg): 8400/10178 | 0.74 games/s | ETA: 1131s
[gpu0] [ 169/1000] samples:   8450 | chain(game/max/avg): 4/7/4.3 | reward(game/avg): 10400/10180 | 0.74 games/s | ETA: 1123s
[gpu0] [ 170/1000] samples:   8500 | chain(game/max/avg): 4/7/4.3 | reward(game/avg): 7350/10163 | 0.74 games/s | ETA: 1115s
[gpu0] [ 171/1000] samples:   8550 | chain(game/max/avg): 4/7/4.3 | reward(game/avg): 9150/10157 | 0.75 games/s | ETA: 1107s
[gpu0] [ 172/1000] samples:   8600 | chain(game/max/avg): 5/7/4.3 | reward(game/avg): 14820/10184 | 0.75 games/s | ETA: 1099s
[gpu0] [ 173/1000] samples:   8650 | chain(game/max/avg): 6/7/4.3 | reward(game/avg): 17760/10228 | 0.76 games/s | ETA: 1092s
[gpu0] [ 174/1000] samples:   8700 | chain(game/max/avg): 5/7/4.3 | reward(game/avg): 12830/10243 | 0.76 games/s | ETA: 1084s
[gpu0] [ 175/1000] samples:   8750 | chain(game/max/avg): 5/7/4.3 | reward(game/avg): 11590/10251 | 0.77 games/s | ETA: 1077s
[gpu0] [ 176/1000] samples:   8800 | chain(game/max/avg): 3/7/4.3 | reward(game/avg): 5680/10225 | 0.77 games/s | ETA: 1069s
[gpu0] [ 177/1000] samples:   8850 | chain(game/max/avg): 4/7/4.3 | reward(game/avg): 6950/10206 | 0.77 games/s | ETA: 1062s
[gpu0] [ 178/1000] samples:   8900 | chain(game/max/avg): 4/7/4.3 | reward(game/avg): 8450/10196 | 0.78 games/s | ETA: 1055s
[gpu0] [ 179/1000] samples:   8950 | chain(game/max/avg): 4/7/4.3 | reward(game/avg): 9970/10195 | 0.78 games/s | ETA: 1048s
[gpu0] [ 180/1000] samples:   9000 | chain(game/max/avg): 4/7/4.3 | reward(game/avg): 7820/10182 | 0.79 games/s | ETA: 1040s
[gpu0] [ 184/1000] samples:   9200 | chain(game/max/avg): 4/7/4.3 | reward(game/avg): 6860/10152 | 0.81 games/s | ETA: 1013s
[gpu0] [ 182/1000] samples:   9100 | chain(game/max/avg): 5/7/4.3 | reward(game/avg): 11980/10183 | 0.80 games/s | ETA: 1027s
[gpu0] [ 183/1000] samples:   9150 | chain(game/max/avg): 4/7/4.3 | reward(game/avg): 7820/10170 | 0.80 games/s | ETA: 1020s
[gpu0] [ 181/1000] samples:   9050 | chain(game/max/avg): 4/7/4.3 | reward(game/avg): 8540/10173 | 0.79 games/s | ETA: 1033s
[gpu0] [ 185/1000] samples:   9250 | chain(game/max/avg): 5/7/4.3 | reward(game/avg): 11730/10160 | 0.81 games/s | ETA: 1006s
[gpu0] [ 186/1000] samples:   9300 | chain(game/max/avg): 5/7/4.3 | reward(game/avg): 9240/10155 | 0.81 games/s | ETA: 1000s
[gpu0] [ 187/1000] samples:   9350 | chain(game/max/avg): 3/7/4.3 | reward(game/avg): 4780/10127 | 0.82 games/s | ETA: 993s
[gpu0] [ 188/1000] samples:   9400 | chain(game/max/avg): 4/7/4.3 | reward(game/avg): 11240/10132 | 0.82 games/s | ETA: 986s
[gpu0] [ 190/1000] samples:   9500 | chain(game/max/avg): 3/7/4.3 | reward(game/avg): 5200/10103 | 0.83 games/s | ETA: 974s
[gpu0] [ 189/1000] samples:   9450 | chain(game/max/avg): 4/7/4.3 | reward(game/avg): 9490/10129 | 0.83 games/s | ETA: 980s
[gpu0] [ 191/1000] samples:   9550 | chain(game/max/avg): 3/7/4.3 | reward(game/avg): 6270/10083 | 0.84 games/s | ETA: 967s
[gpu0] [ 192/1000] samples:   9600 | chain(game/max/avg): 4/7/4.3 | reward(game/avg): 9270/10079 | 0.84 games/s | ETA: 961s
[gpu0] [ 193/1000] samples:   9650 | chain(game/max/avg): 4/7/4.3 | reward(game/avg): 8260/10069 | 0.85 games/s | ETA: 955s
[gpu0] [ 194/1000] samples:   9700 | chain(game/max/avg): 4/7/4.3 | reward(game/avg): 7460/10056 | 0.85 games/s | ETA: 949s
[gpu0] [ 195/1000] samples:   9750 | chain(game/max/avg): 4/7/4.3 | reward(game/avg): 9690/10054 | 0.85 games/s | ETA: 943s
[gpu0] [ 196/1000] samples:   9800 | chain(game/max/avg): 4/7/4.3 | reward(game/avg): 10820/10058 | 0.86 games/s | ETA: 937s
[gpu0] [ 197/1000] samples:   9850 | chain(game/max/avg): 3/7/4.3 | reward(game/avg): 6680/10041 | 0.86 games/s | ETA: 931s
[gpu0] [ 198/1000] samples:   9900 | chain(game/max/avg): 5/7/4.3 | reward(game/avg): 13160/10057 | 0.87 games/s | ETA: 925s
[gpu0] [ 199/1000] samples:   9950 | chain(game/max/avg): 4/7/4.3 | reward(game/avg): 8460/10049 | 0.87 games/s | ETA: 919s
[gpu0] [ 200/1000] samples:  10000 | chain(game/max/avg): 5/7/4.3 | reward(game/avg): 11240/10055 | 0.88 games/s | ETA: 914s
[gpu0] [ 201/1000] samples:  10050 | chain(game/max/avg): 5/7/4.3 | reward(game/avg): 10270/10056 | 0.88 games/s | ETA: 908s
[gpu0] [ 202/1000] samples:  10100 | chain(game/max/avg): 5/7/4.3 | reward(game/avg): 12240/10066 | 0.88 games/s | ETA: 902s
[gpu0] [ 203/1000] samples:  10150 | chain(game/max/avg): 4/7/4.3 | reward(game/avg): 9940/10066 | 0.89 games/s | ETA: 897s
[gpu0] [ 204/1000] samples:  10200 | chain(game/max/avg): 4/7/4.3 | reward(game/avg): 9300/10062 | 0.89 games/s | ETA: 891s
[gpu0] [ 205/1000] samples:  10250 | chain(game/max/avg): 3/7/4.3 | reward(game/avg): 9490/10059 | 0.90 games/s | ETA: 886s
[gpu0] [ 206/1000] samples:  10300 | chain(game/max/avg): 5/7/4.3 | reward(game/avg): 11480/10066 | 0.90 games/s | ETA: 880s
[gpu0] [ 207/1000] samples:  10350 | chain(game/max/avg): 3/7/4.3 | reward(game/avg): 6140/10047 | 0.91 games/s | ETA: 875s
[gpu0] [ 208/1000] samples:  10400 | chain(game/max/avg): 5/7/4.3 | reward(game/avg): 12360/10058 | 0.91 games/s | ETA: 870s
[gpu0] [ 209/1000] samples:  10450 | chain(game/max/avg): 3/7/4.3 | reward(game/avg): 5960/10039 | 0.92 games/s | ETA: 864s
[gpu0] [ 210/1000] samples:  10500 | chain(game/max/avg): 3/7/4.3 | reward(game/avg): 5720/10018 | 0.92 games/s | ETA: 859s
[gpu0] [ 211/1000] samples:  10550 | chain(game/max/avg): 4/7/4.3 | reward(game/avg): 8890/10013 | 0.92 games/s | ETA: 854s
[gpu0] [ 212/1000] samples:  10600 | chain(game/max/avg): 4/7/4.3 | reward(game/avg): 8680/10007 | 0.93 games/s | ETA: 849s
[gpu0] [ 213/1000] samples:  10650 | chain(game/max/avg): 3/7/4.3 | reward(game/avg): 8120/9998 | 0.93 games/s | ETA: 844s
[gpu0] [ 214/1000] samples:  10700 | chain(game/max/avg): 4/7/4.3 | reward(game/avg): 9140/9994 | 0.94 games/s | ETA: 839s
[gpu0] [ 215/1000] samples:  10750 | chain(game/max/avg): 5/7/4.3 | reward(game/avg): 12440/10005 | 0.94 games/s | ETA: 834s
[gpu0] [ 216/1000] samples:  10800 | chain(game/max/avg): 5/7/4.3 | reward(game/avg): 16000/10033 | 0.95 games/s | ETA: 829s
[gpu0] [ 217/1000] samples:  10850 | chain(game/max/avg): 4/7/4.3 | reward(game/avg): 7240/10020 | 0.95 games/s | ETA: 824s
[gpu0] [ 218/1000] samples:  10900 | chain(game/max/avg): 6/7/4.3 | reward(game/avg): 14640/10041 | 0.95 games/s | ETA: 819s
[gpu0] [ 219/1000] samples:  10950 | chain(game/max/avg): 4/7/4.3 | reward(game/avg): 6910/10027 | 0.96 games/s | ETA: 815s
[gpu0] [ 220/1000] samples:  11000 | chain(game/max/avg): 4/7/4.3 | reward(game/avg): 8780/10021 | 0.96 games/s | ETA: 810s
[gpu0] [ 221/1000] samples:  11050 | chain(game/max/avg): 5/7/4.3 | reward(game/avg): 12360/10032 | 0.97 games/s | ETA: 805s
[gpu0] [ 222/1000] samples:  11100 | chain(game/max/avg): 4/7/4.3 | reward(game/avg): 9800/10031 | 0.97 games/s | ETA: 801s
[gpu0] [ 223/1000] samples:  11150 | chain(game/max/avg): 5/7/4.3 | reward(game/avg): 12260/10041 | 0.98 games/s | ETA: 796s
[gpu0] [ 224/1000] samples:  11200 | chain(game/max/avg): 5/7/4.3 | reward(game/avg): 16300/10069 | 0.98 games/s | ETA: 791s
[gpu0] [ 225/1000] samples:  11250 | chain(game/max/avg): 3/7/4.3 | reward(game/avg): 5630/10049 | 0.99 games/s | ETA: 787s
[gpu0] [ 226/1000] samples:  11300 | chain(game/max/avg): 4/7/4.3 | reward(game/avg): 9180/10045 | 0.99 games/s | ETA: 782s
[gpu0] [ 227/1000] samples:  11350 | chain(game/max/avg): 5/7/4.3 | reward(game/avg): 12700/10057 | 0.99 games/s | ETA: 778s
[gpu0] [ 228/1000] samples:  11400 | chain(game/max/avg): 3/7/4.3 | reward(game/avg): 7340/10045 | 1.00 games/s | ETA: 773s
[gpu0] [ 229/1000] samples:  11450 | chain(game/max/avg): 4/7/4.3 | reward(game/avg): 9340/10042 | 1.00 games/s | ETA: 769s
[gpu0] [ 230/1000] samples:  11500 | chain(game/max/avg): 4/7/4.3 | reward(game/avg): 11380/10048 | 1.01 games/s | ETA: 765s
[gpu0] [ 231/1000] samples:  11550 | chain(game/max/avg): 4/7/4.3 | reward(game/avg): 11980/10056 | 1.01 games/s | ETA: 760s
[gpu0] [ 232/1000] samples:  11600 | chain(game/max/avg): 5/7/4.3 | reward(game/avg): 10470/10058 | 1.02 games/s | ETA: 756s
[gpu0] [ 233/1000] samples:  11650 | chain(game/max/avg): 5/7/4.3 | reward(game/avg): 9840/10057 | 1.02 games/s | ETA: 752s
[gpu0] [ 234/1000] samples:  11700 | chain(game/max/avg): 5/7/4.3 | reward(game/avg): 13920/10073 | 1.02 games/s | ETA: 748s
[gpu0] [ 235/1000] samples:  11750 | chain(game/max/avg): 4/7/4.3 | reward(game/avg): 7900/10064 | 1.03 games/s | ETA: 744s
[gpu0] [ 236/1000] samples:  11800 | chain(game/max/avg): 5/7/4.3 | reward(game/avg): 10510/10066 | 1.03 games/s | ETA: 739s
[gpu0] [ 237/1000] samples:  11850 | chain(game/max/avg): 4/7/4.3 | reward(game/avg): 9360/10063 | 1.04 games/s | ETA: 735s
[gpu0] [ 238/1000] samples:  11900 | chain(game/max/avg): 5/7/4.3 | reward(game/avg): 10870/10066 | 1.04 games/s | ETA: 731s
[gpu0] [ 239/1000] samples:  11950 | chain(game/max/avg): 4/7/4.3 | reward(game/avg): 9500/10064 | 1.05 games/s | ETA: 727s
[gpu0] [ 240/1000] samples:  12000 | chain(game/max/avg): 4/7/4.3 | reward(game/avg): 7830/10055 | 1.05 games/s | ETA: 723s
[gpu0] [ 241/1000] samples:  12050 | chain(game/max/avg): 3/7/4.3 | reward(game/avg): 6200/10039 | 1.06 games/s | ETA: 719s
[gpu0] [ 242/1000] samples:  12100 | chain(game/max/avg): 4/7/4.3 | reward(game/avg): 8920/10034 | 1.06 games/s | ETA: 716s
[gpu0] [ 243/1000] samples:  12150 | chain(game/max/avg): 4/7/4.3 | reward(game/avg): 8720/10029 | 1.06 games/s | ETA: 712s
[gpu0] [ 244/1000] samples:  12200 | chain(game/max/avg): 4/7/4.3 | reward(game/avg): 9030/10025 | 1.07 games/s | ETA: 708s
[gpu0] [ 245/1000] samples:  12250 | chain(game/max/avg): 3/7/4.3 | reward(game/avg): 7640/10015 | 1.07 games/s | ETA: 704s
[gpu0] [ 246/1000] samples:  12300 | chain(game/max/avg): 5/7/4.3 | reward(game/avg): 14960/10035 | 1.08 games/s | ETA: 700s
[gpu0] [ 247/1000] samples:  12350 | chain(game/max/avg): 3/7/4.3 | reward(game/avg): 5230/10015 | 1.08 games/s | ETA: 696s
[gpu0] [ 248/1000] samples:  12400 | chain(game/max/avg): 5/7/4.3 | reward(game/avg): 11060/10020 | 1.09 games/s | ETA: 693s
[gpu0] [ 249/1000] samples:  12450 | chain(game/max/avg): 4/7/4.3 | reward(game/avg): 6840/10007 | 1.09 games/s | ETA: 689s
[gpu0] [ 250/1000] samples:  12500 | chain(game/max/avg): 6/7/4.3 | reward(game/avg): 19800/10046 | 1.09 games/s | ETA: 685s
[gpu0] [ 251/1000] samples:  12550 | chain(game/max/avg): 4/7/4.3 | reward(game/avg): 6740/10033 | 1.10 games/s | ETA: 682s
[gpu0] [ 252/1000] samples:  12600 | chain(game/max/avg): 4/7/4.3 | reward(game/avg): 8080/10025 | 1.10 games/s | ETA: 678s
[gpu0] [ 253/1000] samples:  12650 | chain(game/max/avg): 4/7/4.3 | reward(game/avg): 6270/10010 | 1.11 games/s | ETA: 674s
[gpu0] [ 254/1000] samples:  12700 | chain(game/max/avg): 4/7/4.3 | reward(game/avg): 8420/10004 | 1.11 games/s | ETA: 671s
[gpu0] [ 255/1000] samples:  12750 | chain(game/max/avg): 5/7/4.3 | reward(game/avg): 10580/10006 | 1.12 games/s | ETA: 667s
[gpu0] [ 256/1000] samples:  12800 | chain(game/max/avg): 4/7/4.3 | reward(game/avg): 10550/10008 | 1.12 games/s | ETA: 664s
[gpu0] [ 257/1000] samples:  12850 | chain(game/max/avg): 5/7/4.3 | reward(game/avg): 12540/10018 | 1.13 games/s | ETA: 660s
[gpu0] [ 258/1000] samples:  12900 | chain(game/max/avg): 5/7/4.3 | reward(game/avg): 10020/10018 | 1.13 games/s | ETA: 657s
[gpu0] [ 259/1000] samples:  12950 | chain(game/max/avg): 6/7/4.3 | reward(game/avg): 15240/10038 | 1.13 games/s | ETA: 654s
[gpu0] [ 260/1000] samples:  13000 | chain(game/max/avg): 7/7/4.3 | reward(game/avg): 21440/10082 | 1.14 games/s | ETA: 650s
[gpu0] [ 261/1000] samples:  13050 | chain(game/max/avg): 4/7/4.3 | reward(game/avg): 10000/10082 | 1.14 games/s | ETA: 647s
[gpu0] [ 262/1000] samples:  13100 | chain(game/max/avg): 5/7/4.3 | reward(game/avg): 9900/10081 | 1.15 games/s | ETA: 643s
[gpu0] [ 263/1000] samples:  13150 | chain(game/max/avg): 4/7/4.3 | reward(game/avg): 9770/10080 | 1.15 games/s | ETA: 640s
[gpu0] [ 264/1000] samples:  13200 | chain(game/max/avg): 4/7/4.3 | reward(game/avg): 7720/10071 | 1.16 games/s | ETA: 637s
[gpu0] [ 265/1000] samples:  13250 | chain(game/max/avg): 5/7/4.3 | reward(game/avg): 11360/10076 | 1.16 games/s | ETA: 634s
[gpu0] [ 266/1000] samples:  13300 | chain(game/max/avg): 6/7/4.3 | reward(game/avg): 15460/10096 | 1.16 games/s | ETA: 630s
[gpu0] [ 267/1000] samples:  13350 | chain(game/max/avg): 4/7/4.3 | reward(game/avg): 8620/10091 | 1.17 games/s | ETA: 627s
[gpu0] [ 268/1000] samples:  13450 | chain(game/max/avg): 3/7/4.3 | reward(game/avg): 7350/10111 | 1.17 games/s | ETA: 624s
[gpu0] [ 269/1000] samples:  13450 | chain(game/max/avg): 4/7/4.3 | reward(game/avg): 8160/10073 | 1.18 games/s | ETA: 621s
[gpu0] [ 270/1000] samples:  13500 | chain(game/max/avg): 8/8/4.3 | reward(game/avg): 28720/10142 | 1.18 games/s | ETA: 618s
[gpu0] [ 271/1000] samples:  13550 | chain(game/max/avg): 5/8/4.3 | reward(game/avg): 11980/10149 | 1.19 games/s | ETA: 615s
[gpu0] [ 272/1000] samples:  13600 | chain(game/max/avg): 4/8/4.3 | reward(game/avg): 7350/10139 | 1.19 games/s | ETA: 611s
[gpu0] [ 273/1000] samples:  13650 | chain(game/max/avg): 3/8/4.3 | reward(game/avg): 6740/10126 | 1.20 games/s | ETA: 608s
[gpu0] [ 274/1000] samples:  13700 | chain(game/max/avg): 4/8/4.3 | reward(game/avg): 8250/10120 | 1.20 games/s | ETA: 605s
[gpu0] [ 275/1000] samples:  13750 | chain(game/max/avg): 4/8/4.3 | reward(game/avg): 8120/10112 | 1.20 games/s | ETA: 602s
[gpu0] [ 276/1000] samples:  13800 | chain(game/max/avg): 4/8/4.3 | reward(game/avg): 8500/10107 | 1.21 games/s | ETA: 599s
[gpu0] [ 277/1000] samples:  13850 | chain(game/max/avg): 4/8/4.3 | reward(game/avg): 7880/10098 | 1.21 games/s | ETA: 596s
[gpu0] [ 278/1000] samples:  13900 | chain(game/max/avg): 5/8/4.3 | reward(game/avg): 11650/10104 | 1.22 games/s | ETA: 593s
[gpu0] [ 279/1000] samples:  13950 | chain(game/max/avg): 3/8/4.3 | reward(game/avg): 5760/10088 | 1.22 games/s | ETA: 590s
[gpu0] [ 280/1000] samples:  14000 | chain(game/max/avg): 4/8/4.3 | reward(game/avg): 8750/10084 | 1.23 games/s | ETA: 587s
[gpu0] [ 281/1000] samples:  14050 | chain(game/max/avg): 4/8/4.3 | reward(game/avg): 8700/10079 | 1.23 games/s | ETA: 585s
[gpu0] [ 282/1000] samples:  14100 | chain(game/max/avg): 6/8/4.3 | reward(game/avg): 16980/10103 | 1.23 games/s | ETA: 582s
[gpu0] [ 283/1000] samples:  14150 | chain(game/max/avg): 5/8/4.3 | reward(game/avg): 12850/10113 | 1.24 games/s | ETA: 579s
[gpu0] [ 284/1000] samples:  14200 | chain(game/max/avg): 4/8/4.3 | reward(game/avg): 8120/10106 | 1.24 games/s | ETA: 576s
[gpu0] [ 285/1000] samples:  14250 | chain(game/max/avg): 4/8/4.3 | reward(game/avg): 7660/10097 | 1.25 games/s | ETA: 573s
[gpu0] [ 286/1000] samples:  14300 | chain(game/max/avg): 3/8/4.3 | reward(game/avg): 6920/10086 | 1.25 games/s | ETA: 570s
[gpu0] [ 287/1000] samples:  14350 | chain(game/max/avg): 3/8/4.3 | reward(game/avg): 5580/10071 | 1.26 games/s | ETA: 568s
[gpu0] [ 288/1000] samples:  14400 | chain(game/max/avg): 4/8/4.3 | reward(game/avg): 8780/10066 | 1.26 games/s | ETA: 565s
[gpu0] [ 289/1000] samples:  14450 | chain(game/max/avg): 3/8/4.3 | reward(game/avg): 6690/10054 | 1.26 games/s | ETA: 562s
[gpu0] [ 290/1000] samples:  14500 | chain(game/max/avg): 5/8/4.3 | reward(game/avg): 10880/10057 | 1.27 games/s | ETA: 559s
[gpu0] [ 291/1000] samples:  14550 | chain(game/max/avg): 4/8/4.3 | reward(game/avg): 11730/10063 | 1.27 games/s | ETA: 557s
[gpu0] [ 292/1000] samples:  14600 | chain(game/max/avg): 5/8/4.3 | reward(game/avg): 14150/10077 | 1.28 games/s | ETA: 554s
[gpu0] [ 293/1000] samples:  14650 | chain(game/max/avg): 3/8/4.3 | reward(game/avg): 4580/10058 | 1.28 games/s | ETA: 551s
[gpu0] [ 294/1000] samples:  14700 | chain(game/max/avg): 5/8/4.3 | reward(game/avg): 11160/10062 | 1.29 games/s | ETA: 549s
[gpu0] [ 295/1000] samples:  14750 | chain(game/max/avg): 5/8/4.3 | reward(game/avg): 14520/10077 | 1.29 games/s | ETA: 546s
[gpu0] [ 296/1000] samples:  14800 | chain(game/max/avg): 4/8/4.3 | reward(game/avg): 10320/10078 | 1.30 games/s | ETA: 543s
[gpu0] [ 297/1000] samples:  14850 | chain(game/max/avg): 5/8/4.3 | reward(game/avg): 11090/10081 | 1.30 games/s | ETA: 541s
[gpu0] [ 298/1000] samples:  14900 | chain(game/max/avg): 4/8/4.3 | reward(game/avg): 9380/10079 | 1.30 games/s | ETA: 538s
[gpu0] [ 299/1000] samples:  14950 | chain(game/max/avg): 4/8/4.3 | reward(game/avg): 11280/10083 | 1.31 games/s | ETA: 536s
[gpu0] [ 300/1000] samples:  15000 | chain(game/max/avg): 5/8/4.3 | reward(game/avg): 11970/10089 | 1.31 games/s | ETA: 533s
[gpu0] [ 301/1000] samples:  15050 | chain(game/max/avg): 4/8/4.3 | reward(game/avg): 8290/10083 | 1.32 games/s | ETA: 531s
[gpu0] [ 302/1000] samples:  15100 | chain(game/max/avg): 4/8/4.3 | reward(game/avg): 7180/10074 | 1.32 games/s | ETA: 528s
[gpu0] [ 303/1000] samples:  15150 | chain(game/max/avg): 4/8/4.3 | reward(game/avg): 8690/10069 | 1.33 games/s | ETA: 526s
[gpu0] [ 304/1000] samples:  15200 | chain(game/max/avg): 5/8/4.3 | reward(game/avg): 11350/10073 | 1.33 games/s | ETA: 523s
[gpu0] [ 305/1000] samples:  15250 | chain(game/max/avg): 4/8/4.3 | reward(game/avg): 11000/10076 | 1.33 games/s | ETA: 521s
[gpu0] [ 306/1000] samples:  15300 | chain(game/max/avg): 4/8/4.3 | reward(game/avg): 7780/10069 | 1.34 games/s | ETA: 518s
[gpu0] [ 307/1000] samples:  15350 | chain(game/max/avg): 5/8/4.3 | reward(game/avg): 11960/10075 | 1.34 games/s | ETA: 516s
[gpu0] [ 308/1000] samples:  15400 | chain(game/max/avg): 5/8/4.3 | reward(game/avg): 12500/10083 | 1.35 games/s | ETA: 513s
[gpu0] [ 309/1000] samples:  15450 | chain(game/max/avg): 4/8/4.3 | reward(game/avg): 6920/10073 | 1.35 games/s | ETA: 511s
[gpu0] [ 310/1000] samples:  15500 | chain(game/max/avg): 5/8/4.3 | reward(game/avg): 16040/10092 | 1.36 games/s | ETA: 509s
[gpu0] [ 311/1000] samples:  15550 | chain(game/max/avg): 4/8/4.3 | reward(game/avg): 6130/10079 | 1.36 games/s | ETA: 506s
[gpu0] [ 312/1000] samples:  15600 | chain(game/max/avg): 5/8/4.3 | reward(game/avg): 10140/10079 | 1.37 games/s | ETA: 504s
[gpu0] [ 313/1000] samples:  15650 | chain(game/max/avg): 4/8/4.3 | reward(game/avg): 9200/10077 | 1.37 games/s | ETA: 501s
[gpu0] [ 314/1000] samples:  15700 | chain(game/max/avg): 5/8/4.3 | reward(game/avg): 12340/10084 | 1.37 games/s | ETA: 499s
[gpu0] [ 315/1000] samples:  15750 | chain(game/max/avg): 3/8/4.3 | reward(game/avg): 6140/10071 | 1.38 games/s | ETA: 497s
[gpu0] [ 316/1000] samples:  15800 | chain(game/max/avg): 4/8/4.3 | reward(game/avg): 7500/10063 | 1.38 games/s | ETA: 495s
[gpu0] [ 317/1000] samples:  15850 | chain(game/max/avg): 4/8/4.3 | reward(game/avg): 9690/10062 | 1.39 games/s | ETA: 492s
[gpu0] [ 318/1000] samples:  15900 | chain(game/max/avg): 5/8/4.3 | reward(game/avg): 10090/10062 | 1.39 games/s | ETA: 490s
[gpu0] [ 319/1000] samples:  15950 | chain(game/max/avg): 3/8/4.3 | reward(game/avg): 6590/10051 | 1.40 games/s | ETA: 488s
[gpu0] [ 320/1000] samples:  16000 | chain(game/max/avg): 3/8/4.3 | reward(game/avg): 5690/10038 | 1.40 games/s | ETA: 486s
[gpu0] [ 321/1000] samples:  16050 | chain(game/max/avg): 4/8/4.3 | reward(game/avg): 9820/10037 | 1.40 games/s | ETA: 483s
[gpu0] [ 322/1000] samples:  16100 | chain(game/max/avg): 3/8/4.3 | reward(game/avg): 6810/10027 | 1.41 games/s | ETA: 481s
[gpu0] [ 323/1000] samples:  16150 | chain(game/max/avg): 3/8/4.3 | reward(game/avg): 6100/10015 | 1.41 games/s | ETA: 479s
[gpu0] [ 324/1000] samples:  16200 | chain(game/max/avg): 7/8/4.3 | reward(game/avg): 19110/10043 | 1.42 games/s | ETA: 477s
[gpu0] [ 325/1000] samples:  16250 | chain(game/max/avg): 6/8/4.3 | reward(game/avg): 14280/10056 | 1.42 games/s | ETA: 475s
[gpu0] [ 326/1000] samples:  16300 | chain(game/max/avg): 6/8/4.3 | reward(game/avg): 18360/10081 | 1.43 games/s | ETA: 472s
[gpu0] [ 327/1000] samples:  16350 | chain(game/max/avg): 4/8/4.3 | reward(game/avg): 9660/10080 | 1.43 games/s | ETA: 470s
[gpu0] [ 328/1000] samples:  16400 | chain(game/max/avg): 5/8/4.3 | reward(game/avg): 14520/10093 | 1.44 games/s | ETA: 468s
[gpu0] [ 329/1000] samples:  16450 | chain(game/max/avg): 5/8/4.3 | reward(game/avg): 11690/10098 | 1.44 games/s | ETA: 466s
[gpu0] [ 330/1000] samples:  16500 | chain(game/max/avg): 5/8/4.3 | reward(game/avg): 10740/10100 | 1.44 games/s | ETA: 464s
[gpu0] [ 331/1000] samples:  16550 | chain(game/max/avg): 4/8/4.3 | reward(game/avg): 7500/10092 | 1.45 games/s | ETA: 462s
[gpu0] [ 332/1000] samples:  16600 | chain(game/max/avg): 4/8/4.3 | reward(game/avg): 7580/10085 | 1.45 games/s | ETA: 460s
[gpu0] [ 333/1000] samples:  16650 | chain(game/max/avg): 4/8/4.3 | reward(game/avg): 7540/10077 | 1.46 games/s | ETA: 458s
[gpu0] [ 334/1000] samples:  16700 | chain(game/max/avg): 3/8/4.3 | reward(game/avg): 6090/10065 | 1.46 games/s | ETA: 456s
[gpu0] [ 335/1000] samples:  16750 | chain(game/max/avg): 4/8/4.3 | reward(game/avg): 6700/10055 | 1.47 games/s | ETA: 454s
[gpu0] [ 336/1000] samples:  16800 | chain(game/max/avg): 3/8/4.3 | reward(game/avg): 7850/10049 | 1.47 games/s | ETA: 452s
[gpu0] [ 337/1000] samples:  16850 | chain(game/max/avg): 3/8/4.3 | reward(game/avg): 5420/10035 | 1.47 games/s | ETA: 450s
[gpu0] [ 338/1000] samples:  16900 | chain(game/max/avg): 4/8/4.3 | reward(game/avg): 7740/10028 | 1.48 games/s | ETA: 448s
[gpu0] [ 339/1000] samples:  16950 | chain(game/max/avg): 3/8/4.3 | reward(game/avg): 7300/10020 | 1.48 games/s | ETA: 446s
[gpu0] [ 340/1000] samples:  17000 | chain(game/max/avg): 3/8/4.3 | reward(game/avg): 5260/10006 | 1.49 games/s | ETA: 444s
[gpu0] [ 341/1000] samples:  17050 | chain(game/max/avg): 3/8/4.3 | reward(game/avg): 5390/9993 | 1.49 games/s | ETA: 442s
[gpu0] [ 342/1000] samples:  17100 | chain(game/max/avg): 4/8/4.3 | reward(game/avg): 7120/9984 | 1.50 games/s | ETA: 440s
[gpu0] [ 343/1000] samples:  17150 | chain(game/max/avg): 4/8/4.3 | reward(game/avg): 8440/9980 | 1.50 games/s | ETA: 438s
[gpu0] [ 344/1000] samples:  17200 | chain(game/max/avg): 6/8/4.3 | reward(game/avg): 12720/9988 | 1.51 games/s | ETA: 436s
[gpu0] [ 345/1000] samples:  17250 | chain(game/max/avg): 5/8/4.3 | reward(game/avg): 13560/9998 | 1.51 games/s | ETA: 434s
[gpu0] [ 346/1000] samples:  17300 | chain(game/max/avg): 4/8/4.3 | reward(game/avg): 8240/9993 | 1.51 games/s | ETA: 432s
[gpu0] [ 347/1000] samples:  17350 | chain(game/max/avg): 4/8/4.3 | reward(game/avg): 7840/9987 | 1.52 games/s | ETA: 430s
[gpu0] [ 348/1000] samples:  17400 | chain(game/max/avg): 5/8/4.3 | reward(game/avg): 10010/9987 | 1.52 games/s | ETA: 428s
[gpu0] [ 349/1000] samples:  17450 | chain(game/max/avg): 5/8/4.3 | reward(game/avg): 10760/9989 | 1.53 games/s | ETA: 426s
[gpu0] [ 350/1000] samples:  17500 | chain(game/max/avg): 3/8/4.3 | reward(game/avg): 8490/9985 | 1.53 games/s | ETA: 424s
[gpu0] [ 351/1000] samples:  17550 | chain(game/max/avg): 4/8/4.3 | reward(game/avg): 9340/9983 | 1.54 games/s | ETA: 423s
[gpu0] [ 352/1000] samples:  17600 | chain(game/max/avg): 4/8/4.3 | reward(game/avg): 5120/9969 | 1.54 games/s | ETA: 421s
[gpu0] [ 353/1000] samples:  17650 | chain(game/max/avg): 4/8/4.3 | reward(game/avg): 8580/9965 | 1.54 games/s | ETA: 419s
[gpu0] [ 354/1000] samples:  17700 | chain(game/max/avg): 5/8/4.3 | reward(game/avg): 11900/9971 | 1.55 games/s | ETA: 417s
[gpu0] [ 355/1000] samples:  17750 | chain(game/max/avg): 4/8/4.3 | reward(game/avg): 6640/9961 | 1.55 games/s | ETA: 415s
[gpu0] [ 356/1000] samples:  17800 | chain(game/max/avg): 4/8/4.3 | reward(game/avg): 11880/9967 | 1.56 games/s | ETA: 413s
[gpu0] [ 357/1000] samples:  17850 | chain(game/max/avg): 5/8/4.3 | reward(game/avg): 15930/9983 | 1.56 games/s | ETA: 412s
[gpu0] [ 358/1000] samples:  17900 | chain(game/max/avg): 5/8/4.3 | reward(game/avg): 14680/9996 | 1.57 games/s | ETA: 410s
[gpu0] [ 359/1000] samples:  17950 | chain(game/max/avg): 3/8/4.3 | reward(game/avg): 5800/9985 | 1.57 games/s | ETA: 408s
[gpu0] [ 360/1000] samples:  18000 | chain(game/max/avg): 4/8/4.3 | reward(game/avg): 8360/9980 | 1.58 games/s | ETA: 406s
[gpu0] [ 361/1000] samples:  18050 | chain(game/max/avg): 4/8/4.3 | reward(game/avg): 8360/9976 | 1.58 games/s | ETA: 405s
[gpu0] [ 362/1000] samples:  18100 | chain(game/max/avg): 4/8/4.3 | reward(game/avg): 7160/9968 | 1.58 games/s | ETA: 403s
[gpu0] [ 363/1000] samples:  18150 | chain(game/max/avg): 4/8/4.3 | reward(game/avg): 7780/9962 | 1.59 games/s | ETA: 401s
[gpu0] [ 364/1000] samples:  18200 | chain(game/max/avg): 4/8/4.3 | reward(game/avg): 8100/9957 | 1.59 games/s | ETA: 399s
[gpu0] [ 365/1000] samples:  18250 | chain(game/max/avg): 4/8/4.3 | reward(game/avg): 9760/9956 | 1.60 games/s | ETA: 398s
[gpu0] [ 366/1000] samples:  18300 | chain(game/max/avg): 4/8/4.3 | reward(game/avg): 7150/9949 | 1.60 games/s | ETA: 396s
[gpu0] [ 367/1000] samples:  18350 | chain(game/max/avg): 5/8/4.3 | reward(game/avg): 15180/9963 | 1.61 games/s | ETA: 394s
[gpu0] [ 368/1000] samples:  18400 | chain(game/max/avg): 4/8/4.3 | reward(game/avg): 6180/9953 | 1.61 games/s | ETA: 392s
[gpu0] [ 369/1000] samples:  18450 | chain(game/max/avg): 4/8/4.3 | reward(game/avg): 7350/9946 | 1.61 games/s | ETA: 391s
[gpu0] [ 370/1000] samples:  18500 | chain(game/max/avg): 4/8/4.3 | reward(game/avg): 8860/9943 | 1.62 games/s | ETA: 389s
[gpu0] [ 371/1000] samples:  18550 | chain(game/max/avg): 6/8/4.3 | reward(game/avg): 14200/9954 | 1.62 games/s | ETA: 387s
[gpu0] [ 372/1000] samples:  18600 | chain(game/max/avg): 5/8/4.3 | reward(game/avg): 11860/9959 | 1.63 games/s | ETA: 386s
[gpu0] [ 373/1000] samples:  18650 | chain(game/max/avg): 3/8/4.3 | reward(game/avg): 5840/9948 | 1.63 games/s | ETA: 384s
[gpu0] [ 374/1000] samples:  18700 | chain(game/max/avg): 5/8/4.3 | reward(game/avg): 9860/9948 | 1.64 games/s | ETA: 383s
[gpu0] [ 375/1000] samples:  18750 | chain(game/max/avg): 4/8/4.3 | reward(game/avg): 10980/9951 | 1.64 games/s | ETA: 381s
[gpu0] [ 376/1000] samples:  18800 | chain(game/max/avg): 4/8/4.3 | reward(game/avg): 4880/9937 | 1.65 games/s | ETA: 379s
[gpu0] [ 377/1000] samples:  18850 | chain(game/max/avg): 4/8/4.3 | reward(game/avg): 6720/9929 | 1.65 games/s | ETA: 378s
[gpu0] [ 378/1000] samples:  18900 | chain(game/max/avg): 3/8/4.3 | reward(game/avg): 6100/9918 | 1.65 games/s | ETA: 376s
[gpu0] [ 379/1000] samples:  18950 | chain(game/max/avg): 4/8/4.3 | reward(game/avg): 7140/9911 | 1.66 games/s | ETA: 374s
[gpu0] [ 380/1000] samples:  19000 | chain(game/max/avg): 5/8/4.3 | reward(game/avg): 14340/9923 | 1.66 games/s | ETA: 373s
[gpu0] [ 381/1000] samples:  19050 | chain(game/max/avg): 4/8/4.3 | reward(game/avg): 7340/9916 | 1.67 games/s | ETA: 371s
[gpu0] [ 382/1000] samples:  19100 | chain(game/max/avg): 5/8/4.3 | reward(game/avg): 10540/9918 | 1.67 games/s | ETA: 370s
[gpu0] [ 386/1000] samples:  19300 | chain(game/max/avg): 4/8/4.3 | reward(game/avg): 9140/9908 | 1.69 games/s | ETA: 364s
[gpu0] [ 383/1000] samples:  19150 | chain(game/max/avg): 6/8/4.3 | reward(game/avg): 13700/9928 | 1.68 games/s | ETA: 368s
[gpu0] [ 384/1000] samples:  19200 | chain(game/max/avg): 4/8/4.3 | reward(game/avg): 8160/9923 | 1.68 games/s | ETA: 367s
[gpu0] [ 385/1000] samples:  19250 | chain(game/max/avg): 3/8/4.3 | reward(game/avg): 4780/9910 | 1.68 games/s | ETA: 365s
[gpu0] [ 387/1000] samples:  19350 | chain(game/max/avg): 5/8/4.3 | reward(game/avg): 15660/9922 | 1.69 games/s | ETA: 362s
[gpu0] [ 388/1000] samples:  19400 | chain(game/max/avg): 4/8/4.3 | reward(game/avg): 9200/9921 | 1.70 games/s | ETA: 361s
[gpu0] [ 389/1000] samples:  19450 | chain(game/max/avg): 4/8/4.3 | reward(game/avg): 8100/9916 | 1.70 games/s | ETA: 359s
[gpu0] [ 390/1000] samples:  19500 | chain(game/max/avg): 4/8/4.3 | reward(game/avg): 12390/9922 | 1.71 games/s | ETA: 357s
[gpu0] [ 391/1000] samples:  19550 | chain(game/max/avg): 4/8/4.3 | reward(game/avg): 8340/9918 | 1.71 games/s | ETA: 356s
[gpu0] [ 392/1000] samples:  19600 | chain(game/max/avg): 3/8/4.3 | reward(game/avg): 5320/9906 | 1.72 games/s | ETA: 355s
[gpu0] [ 393/1000] samples:  19650 | chain(game/max/avg): 4/8/4.3 | reward(game/avg): 9840/9906 | 1.72 games/s | ETA: 353s
[gpu0] [ 394/1000] samples:  19700 | chain(game/max/avg): 4/8/4.3 | reward(game/avg): 7460/9900 | 1.72 games/s | ETA: 352s
[gpu0] [ 395/1000] samples:  19750 | chain(game/max/avg): 4/8/4.3 | reward(game/avg): 7630/9894 | 1.73 games/s | ETA: 350s
[gpu0] [ 396/1000] samples:  19800 | chain(game/max/avg): 6/8/4.3 | reward(game/avg): 12890/9902 | 1.73 games/s | ETA: 349s
[gpu0] [ 397/1000] samples:  19850 | chain(game/max/avg): 4/8/4.3 | reward(game/avg): 9170/9900 | 1.74 games/s | ETA: 347s
[gpu0] [ 398/1000] samples:  19900 | chain(game/max/avg): 3/8/4.3 | reward(game/avg): 5360/9889 | 1.74 games/s | ETA: 346s
[gpu0] [ 399/1000] samples:  19950 | chain(game/max/avg): 5/8/4.3 | reward(game/avg): 11220/9892 | 1.75 games/s | ETA: 344s
[gpu0] [ 400/1000] samples:  20000 | chain(game/max/avg): 6/8/4.3 | reward(game/avg): 15700/9907 | 1.75 games/s | ETA: 343s
[gpu0] [ 401/1000] samples:  20050 | chain(game/max/avg): 5/8/4.3 | reward(game/avg): 15820/9921 | 1.75 games/s | ETA: 341s
[gpu0] [ 402/1000] samples:  20100 | chain(game/max/avg): 4/8/4.3 | reward(game/avg): 8900/9919 | 1.76 games/s | ETA: 340s
[gpu0] [ 403/1000] samples:  20150 | chain(game/max/avg): 5/8/4.3 | reward(game/avg): 13220/9927 | 1.76 games/s | ETA: 339s
[gpu0] [ 404/1000] samples:  20200 | chain(game/max/avg): 4/8/4.3 | reward(game/avg): 7830/9922 | 1.77 games/s | ETA: 337s
[gpu0] [ 405/1000] samples:  20250 | chain(game/max/avg): 3/8/4.3 | reward(game/avg): 6080/9912 | 1.77 games/s | ETA: 336s
[gpu0] [ 406/1000] samples:  20300 | chain(game/max/avg): 5/8/4.3 | reward(game/avg): 15820/9927 | 1.78 games/s | ETA: 334s
[gpu0] [ 407/1000] samples:  20350 | chain(game/max/avg): 4/8/4.3 | reward(game/avg): 7440/9921 | 1.78 games/s | ETA: 333s
[gpu0] [ 408/1000] samples:  20400 | chain(game/max/avg): 4/8/4.3 | reward(game/avg): 8150/9916 | 1.78 games/s | ETA: 332s
[gpu0] [ 409/1000] samples:  20450 | chain(game/max/avg): 4/8/4.3 | reward(game/avg): 11190/9919 | 1.79 games/s | ETA: 330s
[gpu0] [ 410/1000] samples:  20500 | chain(game/max/avg): 4/8/4.3 | reward(game/avg): 9620/9919 | 1.79 games/s | ETA: 329s
[gpu0] [ 411/1000] samples:  20550 | chain(game/max/avg): 6/8/4.3 | reward(game/avg): 16060/9934 | 1.80 games/s | ETA: 328s
[gpu0] [ 412/1000] samples:  20600 | chain(game/max/avg): 5/8/4.3 | reward(game/avg): 13080/9941 | 1.80 games/s | ETA: 326s
[gpu0] [ 413/1000] samples:  20650 | chain(game/max/avg): 5/8/4.3 | reward(game/avg): 12570/9948 | 1.81 games/s | ETA: 325s
[gpu0] [ 414/1000] samples:  20700 | chain(game/max/avg): 4/8/4.3 | reward(game/avg): 9380/9946 | 1.81 games/s | ETA: 324s
[gpu0] [ 415/1000] samples:  20750 | chain(game/max/avg): 4/8/4.3 | reward(game/avg): 11360/9950 | 1.82 games/s | ETA: 322s
[gpu0] [ 416/1000] samples:  20800 | chain(game/max/avg): 4/8/4.3 | reward(game/avg): 12560/9956 | 1.82 games/s | ETA: 321s
[gpu0] [ 417/1000] samples:  20850 | chain(game/max/avg): 4/8/4.3 | reward(game/avg): 7360/9950 | 1.82 games/s | ETA: 320s
[gpu0] [ 418/1000] samples:  20900 | chain(game/max/avg): 5/8/4.3 | reward(game/avg): 12160/9955 | 1.83 games/s | ETA: 318s
[gpu0] [ 419/1000] samples:  20950 | chain(game/max/avg): 4/8/4.3 | reward(game/avg): 8740/9952 | 1.83 games/s | ETA: 317s
[gpu0] [ 420/1000] samples:  21000 | chain(game/max/avg): 4/8/4.3 | reward(game/avg): 6980/9945 | 1.84 games/s | ETA: 316s
[gpu0] [ 421/1000] samples:  21050 | chain(game/max/avg): 5/8/4.3 | reward(game/avg): 10060/9945 | 1.84 games/s | ETA: 314s
[gpu0] [ 422/1000] samples:  21100 | chain(game/max/avg): 4/8/4.3 | reward(game/avg): 9180/9944 | 1.85 games/s | ETA: 313s
[gpu0] [ 423/1000] samples:  21150 | chain(game/max/avg): 5/8/4.3 | reward(game/avg): 10640/9945 | 1.85 games/s | ETA: 312s
[gpu0] [ 424/1000] samples:  21200 | chain(game/max/avg): 5/8/4.3 | reward(game/avg): 9180/9943 | 1.85 games/s | ETA: 311s
[gpu0] [ 425/1000] samples:  21250 | chain(game/max/avg): 5/8/4.3 | reward(game/avg): 11140/9946 | 1.86 games/s | ETA: 309s
[gpu0] [ 426/1000] samples:  21300 | chain(game/max/avg): 4/8/4.3 | reward(game/avg): 7120/9940 | 1.86 games/s | ETA: 308s
[gpu0] [ 427/1000] samples:  21350 | chain(game/max/avg): 4/8/4.3 | reward(game/avg): 8600/9936 | 1.87 games/s | ETA: 307s
[gpu0] [ 428/1000] samples:  21400 | chain(game/max/avg): 4/8/4.3 | reward(game/avg): 6900/9929 | 1.87 games/s | ETA: 306s
[gpu0] [ 429/1000] samples:  21450 | chain(game/max/avg): 3/8/4.3 | reward(game/avg): 6510/9921 | 1.88 games/s | ETA: 304s
[gpu0] [ 430/1000] samples:  21500 | chain(game/max/avg): 6/8/4.3 | reward(game/avg): 19600/9944 | 1.88 games/s | ETA: 303s
[gpu0] [ 431/1000] samples:  21550 | chain(game/max/avg): 4/8/4.3 | reward(game/avg): 8840/9941 | 1.89 games/s | ETA: 302s
[gpu0] [ 432/1000] samples:  21600 | chain(game/max/avg): 4/8/4.3 | reward(game/avg): 8270/9937 | 1.89 games/s | ETA: 301s
[gpu0] [ 433/1000] samples:  21650 | chain(game/max/avg): 4/8/4.3 | reward(game/avg): 7670/9932 | 1.89 games/s | ETA: 299s
[gpu0] [ 434/1000] samples:  21700 | chain(game/max/avg): 4/8/4.3 | reward(game/avg): 7420/9926 | 1.90 games/s | ETA: 298s
[gpu0] [ 435/1000] samples:  21750 | chain(game/max/avg): 3/8/4.3 | reward(game/avg): 6560/9919 | 1.90 games/s | ETA: 297s
[gpu0] [ 436/1000] samples:  21800 | chain(game/max/avg): 5/8/4.3 | reward(game/avg): 10770/9921 | 1.91 games/s | ETA: 296s
[gpu0] [ 437/1000] samples:  21850 | chain(game/max/avg): 3/8/4.3 | reward(game/avg): 7160/9914 | 1.91 games/s | ETA: 295s
[gpu0] [ 438/1000] samples:  21900 | chain(game/max/avg): 4/8/4.3 | reward(game/avg): 10580/9916 | 1.92 games/s | ETA: 293s
[gpu0] [ 439/1000] samples:  21950 | chain(game/max/avg): 4/8/4.3 | reward(game/avg): 6440/9908 | 1.92 games/s | ETA: 292s
[gpu0] [ 440/1000] samples:  22000 | chain(game/max/avg): 4/8/4.3 | reward(game/avg): 8720/9905 | 1.92 games/s | ETA: 291s
[gpu0] [ 441/1000] samples:  22050 | chain(game/max/avg): 4/8/4.3 | reward(game/avg): 7720/9900 | 1.93 games/s | ETA: 290s
[gpu0] [ 442/1000] samples:  22100 | chain(game/max/avg): 4/8/4.3 | reward(game/avg): 7300/9894 | 1.93 games/s | ETA: 289s
[gpu0] [ 443/1000] samples:  22150 | chain(game/max/avg): 5/8/4.3 | reward(game/avg): 11250/9897 | 1.94 games/s | ETA: 288s
[gpu0] [ 444/1000] samples:  22200 | chain(game/max/avg): 6/8/4.3 | reward(game/avg): 13900/9906 | 1.94 games/s | ETA: 286s
[gpu0] [ 445/1000] samples:  22250 | chain(game/max/avg): 4/8/4.3 | reward(game/avg): 6800/9899 | 1.95 games/s | ETA: 285s
[gpu0] [ 446/1000] samples:  22300 | chain(game/max/avg): 4/8/4.3 | reward(game/avg): 9600/9899 | 1.95 games/s | ETA: 284s
[gpu0] [ 447/1000] samples:  22350 | chain(game/max/avg): 5/8/4.3 | reward(game/avg): 12520/9905 | 1.95 games/s | ETA: 283s
[gpu0] [ 448/1000] samples:  22400 | chain(game/max/avg): 4/8/4.3 | reward(game/avg): 7800/9900 | 1.96 games/s | ETA: 282s
[gpu0] [ 449/1000] samples:  22450 | chain(game/max/avg): 6/8/4.3 | reward(game/avg): 15480/9912 | 1.96 games/s | ETA: 281s
[gpu0] [ 450/1000] samples:  22500 | chain(game/max/avg): 3/8/4.3 | reward(game/avg): 7670/9907 | 1.97 games/s | ETA: 280s
[gpu0] [ 451/1000] samples:  22550 | chain(game/max/avg): 3/8/4.3 | reward(game/avg): 5600/9898 | 1.97 games/s | ETA: 278s
[gpu0] [ 452/1000] samples:  22600 | chain(game/max/avg): 4/8/4.3 | reward(game/avg): 8660/9895 | 1.98 games/s | ETA: 277s
[gpu0] [ 453/1000] samples:  22650 | chain(game/max/avg): 4/8/4.3 | reward(game/avg): 7940/9891 | 1.98 games/s | ETA: 276s
[gpu0] [ 454/1000] samples:  22700 | chain(game/max/avg): 5/8/4.3 | reward(game/avg): 11140/9894 | 1.99 games/s | ETA: 275s
[gpu0] [ 456/1000] samples:  22800 | chain(game/max/avg): 5/8/4.3 | reward(game/avg): 13500/9897 | 1.99 games/s | ETA: 273s
[gpu0] [ 455/1000] samples:  22800 | chain(game/max/avg): 3/8/4.3 | reward(game/avg): 7670/9918 | 1.99 games/s | ETA: 274s
[gpu0] [ 457/1000] samples:  22850 | chain(game/max/avg): 3/8/4.3 | reward(game/avg): 6340/9889 | 2.00 games/s | ETA: 272s
[gpu0] [ 458/1000] samples:  22900 | chain(game/max/avg): 4/8/4.3 | reward(game/avg): 7350/9883 | 2.00 games/s | ETA: 271s
[gpu0] [ 459/1000] samples:  22950 | chain(game/max/avg): 6/8/4.3 | reward(game/avg): 17050/9899 | 2.01 games/s | ETA: 270s
[gpu0] [ 460/1000] samples:  23000 | chain(game/max/avg): 5/8/4.3 | reward(game/avg): 17600/9916 | 2.01 games/s | ETA: 269s
[gpu0] [ 461/1000] samples:  23050 | chain(game/max/avg): 5/8/4.3 | reward(game/avg): 11600/9919 | 2.02 games/s | ETA: 267s
[gpu0] [ 462/1000] samples:  23100 | chain(game/max/avg): 3/8/4.3 | reward(game/avg): 5060/9909 | 2.02 games/s | ETA: 266s
[gpu0] [ 463/1000] samples:  23150 | chain(game/max/avg): 4/8/4.3 | reward(game/avg): 9720/9908 | 2.02 games/s | ETA: 265s
[gpu0] [ 464/1000] samples:  23200 | chain(game/max/avg): 4/8/4.3 | reward(game/avg): 7180/9902 | 2.03 games/s | ETA: 264s
[gpu0] [ 465/1000] samples:  23250 | chain(game/max/avg): 5/8/4.3 | reward(game/avg): 10100/9903 | 2.03 games/s | ETA: 263s
[gpu0] [ 466/1000] samples:  23300 | chain(game/max/avg): 4/8/4.3 | reward(game/avg): 10440/9904 | 2.04 games/s | ETA: 262s
[gpu0] [ 467/1000] samples:  23350 | chain(game/max/avg): 4/8/4.3 | reward(game/avg): 6960/9898 | 2.04 games/s | ETA: 261s
[gpu0] [ 468/1000] samples:  23400 | chain(game/max/avg): 4/8/4.3 | reward(game/avg): 9340/9897 | 2.05 games/s | ETA: 260s
[gpu0] [ 469/1000] samples:  23450 | chain(game/max/avg): 6/8/4.3 | reward(game/avg): 14380/9906 | 2.05 games/s | ETA: 259s
[gpu0] [ 470/1000] samples:  23500 | chain(game/max/avg): 6/8/4.3 | reward(game/avg): 17160/9922 | 2.05 games/s | ETA: 258s
[gpu0] [ 471/1000] samples:  23550 | chain(game/max/avg): 3/8/4.3 | reward(game/avg): 4580/9910 | 2.06 games/s | ETA: 257s
[gpu0] [ 472/1000] samples:  23600 | chain(game/max/avg): 4/8/4.3 | reward(game/avg): 9160/9909 | 2.06 games/s | ETA: 256s
[gpu0] [ 473/1000] samples:  23650 | chain(game/max/avg): 5/8/4.3 | reward(game/avg): 11200/9911 | 2.07 games/s | ETA: 255s
[gpu0] [ 474/1000] samples:  23700 | chain(game/max/avg): 5/8/4.3 | reward(game/avg): 10850/9913 | 2.07 games/s | ETA: 254s
[gpu0] [ 475/1000] samples:  23750 | chain(game/max/avg): 5/8/4.3 | reward(game/avg): 12640/9919 | 2.08 games/s | ETA: 253s
[gpu0] [ 476/1000] samples:  23800 | chain(game/max/avg): 4/8/4.3 | reward(game/avg): 7700/9914 | 2.08 games/s | ETA: 252s
[gpu0] [ 477/1000] samples:  23850 | chain(game/max/avg): 5/8/4.3 | reward(game/avg): 10030/9915 | 2.08 games/s | ETA: 251s
[gpu0] [ 478/1000] samples:  23900 | chain(game/max/avg): 4/8/4.3 | reward(game/avg): 13280/9922 | 2.09 games/s | ETA: 250s
[gpu0] [ 479/1000] samples:  23950 | chain(game/max/avg): 3/8/4.3 | reward(game/avg): 7440/9916 | 2.09 games/s | ETA: 249s
[gpu0] [ 480/1000] samples:  24000 | chain(game/max/avg): 3/8/4.3 | reward(game/avg): 6200/9909 | 2.10 games/s | ETA: 248s
[gpu0] [ 481/1000] samples:  24050 | chain(game/max/avg): 5/8/4.3 | reward(game/avg): 10710/9910 | 2.10 games/s | ETA: 247s
[gpu0] [ 482/1000] samples:  24100 | chain(game/max/avg): 6/8/4.3 | reward(game/avg): 15090/9921 | 2.11 games/s | ETA: 246s
[gpu0] [ 483/1000] samples:  24150 | chain(game/max/avg): 4/8/4.3 | reward(game/avg): 8500/9918 | 2.11 games/s | ETA: 245s
[gpu0] [ 484/1000] samples:  24200 | chain(game/max/avg): 5/8/4.3 | reward(game/avg): 16160/9931 | 2.11 games/s | ETA: 244s
[gpu0] [ 485/1000] samples:  24250 | chain(game/max/avg): 5/8/4.3 | reward(game/avg): 10320/9932 | 2.12 games/s | ETA: 243s
[gpu0] [ 486/1000] samples:  24300 | chain(game/max/avg): 5/8/4.3 | reward(game/avg): 11680/9936 | 2.12 games/s | ETA: 242s
[gpu0] [ 487/1000] samples:  24350 | chain(game/max/avg): 4/8/4.3 | reward(game/avg): 12470/9941 | 2.13 games/s | ETA: 241s
[gpu0] [ 488/1000] samples:  24400 | chain(game/max/avg): 4/8/4.3 | reward(game/avg): 9860/9941 | 2.13 games/s | ETA: 240s
[gpu0] [ 489/1000] samples:  24450 | chain(game/max/avg): 4/8/4.3 | reward(game/avg): 10000/9941 | 2.14 games/s | ETA: 239s
[gpu0] [ 490/1000] samples:  24500 | chain(game/max/avg): 6/8/4.3 | reward(game/avg): 14100/9949 | 2.14 games/s | ETA: 238s
[gpu0] [ 491/1000] samples:  24550 | chain(game/max/avg): 5/8/4.3 | reward(game/avg): 12410/9954 | 2.14 games/s | ETA: 237s
[gpu0] [ 492/1000] samples:  24600 | chain(game/max/avg): 4/8/4.3 | reward(game/avg): 8580/9951 | 2.15 games/s | ETA: 236s
[gpu0] [ 493/1000] samples:  24650 | chain(game/max/avg): 4/8/4.3 | reward(game/avg): 7590/9947 | 2.15 games/s | ETA: 235s
[gpu0] [ 494/1000] samples:  24700 | chain(game/max/avg): 6/8/4.3 | reward(game/avg): 17820/9963 | 2.16 games/s | ETA: 235s
[gpu0] [ 495/1000] samples:  24750 | chain(game/max/avg): 3/8/4.3 | reward(game/avg): 5480/9953 | 2.16 games/s | ETA: 234s
[gpu0] [ 496/1000] samples:  24800 | chain(game/max/avg): 4/8/4.3 | reward(game/avg): 7020/9948 | 2.17 games/s | ETA: 233s
[gpu0] [ 497/1000] samples:  24850 | chain(game/max/avg): 5/8/4.3 | reward(game/avg): 12480/9953 | 2.17 games/s | ETA: 232s
[gpu0] [ 498/1000] samples:  24900 | chain(game/max/avg): 4/8/4.3 | reward(game/avg): 7420/9948 | 2.17 games/s | ETA: 231s
[gpu0] [ 499/1000] samples:  24950 | chain(game/max/avg): 5/8/4.3 | reward(game/avg): 13980/9956 | 2.18 games/s | ETA: 230s
[gpu0] [ 500/1000] samples:  25000 | chain(game/max/avg): 5/8/4.3 | reward(game/avg): 10620/9957 | 2.18 games/s | ETA: 229s
[gpu0] [ 501/1000] samples:  25050 | chain(game/max/avg): 7/8/4.3 | reward(game/avg): 25620/9988 | 1.13 games/s | ETA: 442s
[gpu0] [ 502/1000] samples:  25100 | chain(game/max/avg): 5/8/4.3 | reward(game/avg): 12610/9993 | 1.13 games/s | ETA: 441s
[gpu0] [ 503/1000] samples:  25150 | chain(game/max/avg): 5/8/4.3 | reward(game/avg): 11100/9996 | 1.13 games/s | ETA: 439s
[gpu0] [ 504/1000] samples:  25200 | chain(game/max/avg): 3/8/4.3 | reward(game/avg): 4300/9984 | 1.13 games/s | ETA: 438s
[gpu0] [ 505/1000] samples:  25250 | chain(game/max/avg): 6/8/4.3 | reward(game/avg): 13940/9992 | 1.14 games/s | ETA: 436s
[gpu0] [ 506/1000] samples:  25300 | chain(game/max/avg): 5/8/4.3 | reward(game/avg): 17080/10006 | 1.14 games/s | ETA: 434s
[gpu0] [ 507/1000] samples:  25350 | chain(game/max/avg): 5/8/4.3 | reward(game/avg): 12860/10012 | 1.14 games/s | ETA: 433s
[gpu0] [ 508/1000] samples:  25400 | chain(game/max/avg): 4/8/4.3 | reward(game/avg): 4940/10002 | 1.14 games/s | ETA: 431s
[gpu0] [ 509/1000] samples:  25450 | chain(game/max/avg): 5/8/4.3 | reward(game/avg): 21120/10024 | 1.14 games/s | ETA: 429s
[gpu0] [ 510/1000] samples:  25500 | chain(game/max/avg): 5/8/4.3 | reward(game/avg): 12200/10028 | 1.15 games/s | ETA: 428s
[gpu0] [ 511/1000] samples:  25550 | chain(game/max/avg): 4/8/4.3 | reward(game/avg): 9920/10028 | 1.15 games/s | ETA: 426s
[gpu0] [ 512/1000] samples:  25600 | chain(game/max/avg): 3/8/4.3 | reward(game/avg): 3920/10016 | 1.15 games/s | ETA: 424s
[gpu0] [ 513/1000] samples:  25650 | chain(game/max/avg): 4/8/4.3 | reward(game/avg): 11920/10020 | 1.15 games/s | ETA: 423s
[gpu0] [ 514/1000] samples:  25700 | chain(game/max/avg): 5/8/4.3 | reward(game/avg): 12090/10024 | 1.15 games/s | ETA: 421s
[gpu0] [ 515/1000] samples:  25750 | chain(game/max/avg): 4/8/4.3 | reward(game/avg): 9260/10022 | 1.16 games/s | ETA: 419s
[gpu0] [ 516/1000] samples:  25800 | chain(game/max/avg): 3/8/4.3 | reward(game/avg): 6830/10016 | 1.16 games/s | ETA: 418s
[gpu0] [ 517/1000] samples:  25850 | chain(game/max/avg): 6/8/4.3 | reward(game/avg): 17250/10030 | 1.16 games/s | ETA: 416s
[gpu0] [ 518/1000] samples:  25900 | chain(game/max/avg): 3/8/4.3 | reward(game/avg): 7940/10026 | 1.16 games/s | ETA: 414s
[gpu0] [ 519/1000] samples:  25950 | chain(game/max/avg): 5/8/4.3 | reward(game/avg): 10330/10026 | 1.16 games/s | ETA: 413s
[gpu0] [ 520/1000] samples:  26000 | chain(game/max/avg): 4/8/4.3 | reward(game/avg): 8540/10024 | 1.17 games/s | ETA: 411s
[gpu0] [ 521/1000] samples:  26050 | chain(game/max/avg): 4/8/4.3 | reward(game/avg): 7090/10018 | 1.17 games/s | ETA: 410s
[gpu0] [ 522/1000] samples:  26100 | chain(game/max/avg): 5/8/4.3 | reward(game/avg): 10970/10020 | 1.17 games/s | ETA: 408s
[gpu0] [ 523/1000] samples:  26150 | chain(game/max/avg): 7/8/4.3 | reward(game/avg): 26260/10051 | 1.17 games/s | ETA: 406s
[gpu0] [ 524/1000] samples:  26200 | chain(game/max/avg): 4/8/4.3 | reward(game/avg): 7980/10047 | 1.18 games/s | ETA: 405s
[gpu0] [ 525/1000] samples:  26250 | chain(game/max/avg): 5/8/4.3 | reward(game/avg): 13860/10054 | 1.18 games/s | ETA: 403s
[gpu0] [ 526/1000] samples:  26300 | chain(game/max/avg): 5/8/4.3 | reward(game/avg): 11310/10057 | 1.18 games/s | ETA: 402s
[gpu0] [ 527/1000] samples:  26350 | chain(game/max/avg): 5/8/4.3 | reward(game/avg): 12360/10061 | 1.18 games/s | ETA: 400s
[gpu0] [ 528/1000] samples:  26400 | chain(game/max/avg): 6/8/4.3 | reward(game/avg): 26400/10092 | 1.18 games/s | ETA: 398s
[gpu0] [ 529/1000] samples:  26450 | chain(game/max/avg): 4/8/4.3 | reward(game/avg): 11020/10094 | 1.19 games/s | ETA: 397s
[gpu0] [ 530/1000] samples:  26500 | chain(game/max/avg): 6/8/4.3 | reward(game/avg): 13860/10101 | 1.19 games/s | ETA: 395s
[gpu0] [ 531/1000] samples:  26550 | chain(game/max/avg): 5/8/4.3 | reward(game/avg): 14410/10109 | 1.19 games/s | ETA: 394s
[gpu0] [ 532/1000] samples:  26600 | chain(game/max/avg): 3/8/4.3 | reward(game/avg): 4660/10099 | 1.19 games/s | ETA: 392s
[gpu0] [ 533/1000] samples:  26650 | chain(game/max/avg): 4/8/4.3 | reward(game/avg): 6530/10092 | 1.20 games/s | ETA: 391s
[gpu0] [ 534/1000] samples:  26700 | chain(game/max/avg): 4/8/4.3 | reward(game/avg): 9940/10092 | 1.20 games/s | ETA: 389s
[gpu0] [ 535/1000] samples:  26750 | chain(game/max/avg): 4/8/4.3 | reward(game/avg): 8060/10088 | 1.20 games/s | ETA: 387s
[gpu0] [ 536/1000] samples:  26800 | chain(game/max/avg): 4/8/4.3 | reward(game/avg): 8590/10085 | 1.20 games/s | ETA: 386s
[gpu0] [ 537/1000] samples:  26850 | chain(game/max/avg): 5/8/4.3 | reward(game/avg): 9940/10085 | 1.20 games/s | ETA: 384s
[gpu0] [ 538/1000] samples:  26900 | chain(game/max/avg): 4/8/4.3 | reward(game/avg): 7560/10080 | 1.21 games/s | ETA: 383s
[gpu0] [ 539/1000] samples:  26950 | chain(game/max/avg): 5/8/4.3 | reward(game/avg): 9780/10079 | 1.21 games/s | ETA: 381s
[gpu0] [ 540/1000] samples:  27000 | chain(game/max/avg): 5/8/4.3 | reward(game/avg): 10990/10081 | 1.21 games/s | ETA: 380s
[gpu0] [ 541/1000] samples:  27050 | chain(game/max/avg): 4/8/4.3 | reward(game/avg): 6020/10074 | 1.21 games/s | ETA: 378s
[gpu0] [ 542/1000] samples:  27100 | chain(game/max/avg): 3/8/4.3 | reward(game/avg): 7080/10068 | 1.22 games/s | ETA: 377s
[gpu0] [ 543/1000] samples:  27150 | chain(game/max/avg): 4/8/4.3 | reward(game/avg): 12270/10072 | 1.22 games/s | ETA: 375s
[gpu0] [ 544/1000] samples:  27200 | chain(game/max/avg): 6/8/4.3 | reward(game/avg): 17460/10086 | 1.22 games/s | ETA: 374s
[gpu0] [ 545/1000] samples:  27250 | chain(game/max/avg): 4/8/4.3 | reward(game/avg): 8280/10082 | 1.22 games/s | ETA: 372s
[gpu0] [ 546/1000] samples:  27300 | chain(game/max/avg): 5/8/4.3 | reward(game/avg): 13910/10089 | 1.22 games/s | ETA: 371s
[gpu0] [ 547/1000] samples:  27350 | chain(game/max/avg): 4/8/4.3 | reward(game/avg): 6680/10083 | 1.23 games/s | ETA: 369s
[gpu0] [ 548/1000] samples:  27400 | chain(game/max/avg): 5/8/4.3 | reward(game/avg): 11140/10085 | 1.23 games/s | ETA: 368s
[gpu0] [ 549/1000] samples:  27450 | chain(game/max/avg): 4/8/4.3 | reward(game/avg): 7240/10080 | 1.23 games/s | ETA: 366s
[gpu0] [ 550/1000] samples:  27500 | chain(game/max/avg): 4/8/4.3 | reward(game/avg): 8590/10077 | 1.23 games/s | ETA: 365s
[gpu0] [ 551/1000] samples:  27550 | chain(game/max/avg): 4/8/4.3 | reward(game/avg): 7920/10073 | 1.24 games/s | ETA: 363s
[gpu0] [ 552/1000] samples:  27600 | chain(game/max/avg): 4/8/4.3 | reward(game/avg): 8920/10071 | 1.24 games/s | ETA: 362s
[gpu0] [ 553/1000] samples:  27650 | chain(game/max/avg): 5/8/4.3 | reward(game/avg): 12960/10076 | 1.24 games/s | ETA: 360s
[gpu0] [ 554/1000] samples:  27700 | chain(game/max/avg): 5/8/4.3 | reward(game/avg): 17140/10089 | 1.24 games/s | ETA: 359s
[gpu0] [ 555/1000] samples:  27750 | chain(game/max/avg): 6/8/4.3 | reward(game/avg): 19300/10106 | 1.24 games/s | ETA: 357s
[gpu0] [ 556/1000] samples:  27800 | chain(game/max/avg): 5/8/4.3 | reward(game/avg): 9720/10105 | 1.25 games/s | ETA: 356s
[gpu0] [ 557/1000] samples:  27850 | chain(game/max/avg): 5/8/4.3 | reward(game/avg): 14380/10113 | 1.25 games/s | ETA: 355s
[gpu0] [ 558/1000] samples:  27900 | chain(game/max/avg): 4/8/4.3 | reward(game/avg): 7330/10108 | 1.25 games/s | ETA: 353s
[gpu0] [ 559/1000] samples:  27950 | chain(game/max/avg): 4/8/4.3 | reward(game/avg): 12430/10112 | 1.25 games/s | ETA: 352s
[gpu0] [ 560/1000] samples:  28000 | chain(game/max/avg): 3/8/4.3 | reward(game/avg): 6360/10105 | 1.26 games/s | ETA: 350s
[gpu0] [ 561/1000] samples:  28050 | chain(game/max/avg): 3/8/4.3 | reward(game/avg): 7380/10100 | 1.26 games/s | ETA: 349s
[gpu0] [ 562/1000] samples:  28100 | chain(game/max/avg): 4/8/4.3 | reward(game/avg): 11150/10102 | 1.26 games/s | ETA: 347s
[gpu0] [ 563/1000] samples:  28150 | chain(game/max/avg): 5/8/4.3 | reward(game/avg): 11450/10105 | 1.26 games/s | ETA: 346s
[gpu0] [ 564/1000] samples:  28200 | chain(game/max/avg): 4/8/4.3 | reward(game/avg): 10800/10106 | 1.26 games/s | ETA: 345s
[gpu0] [ 565/1000] samples:  28250 | chain(game/max/avg): 5/8/4.3 | reward(game/avg): 8900/10104 | 1.27 games/s | ETA: 343s
[gpu0] [ 566/1000] samples:  28300 | chain(game/max/avg): 4/8/4.3 | reward(game/avg): 8940/10102 | 1.27 games/s | ETA: 342s
[gpu0] [ 567/1000] samples:  28350 | chain(game/max/avg): 4/8/4.3 | reward(game/avg): 8390/10099 | 1.27 games/s | ETA: 341s
[gpu0] [ 568/1000] samples:  28400 | chain(game/max/avg): 4/8/4.3 | reward(game/avg): 6970/10093 | 1.27 games/s | ETA: 339s
[gpu0] [ 569/1000] samples:  28450 | chain(game/max/avg): 4/8/4.3 | reward(game/avg): 7580/10089 | 1.28 games/s | ETA: 338s
[gpu0] [ 570/1000] samples:  28500 | chain(game/max/avg): 4/8/4.3 | reward(game/avg): 8820/10087 | 1.28 games/s | ETA: 336s
[gpu0] [ 571/1000] samples:  28550 | chain(game/max/avg): 4/8/4.3 | reward(game/avg): 7880/10083 | 1.28 games/s | ETA: 335s
[gpu0] [ 572/1000] samples:  28600 | chain(game/max/avg): 5/8/4.3 | reward(game/avg): 11620/10085 | 1.28 games/s | ETA: 334s
[gpu0] [ 573/1000] samples:  28650 | chain(game/max/avg): 4/8/4.3 | reward(game/avg): 8560/10083 | 1.29 games/s | ETA: 332s
[gpu0] [ 574/1000] samples:  28700 | chain(game/max/avg): 4/8/4.3 | reward(game/avg): 11220/10085 | 1.29 games/s | ETA: 331s
[gpu0] [ 575/1000] samples:  28750 | chain(game/max/avg): 6/8/4.3 | reward(game/avg): 14180/10092 | 1.29 games/s | ETA: 330s
[gpu0] [ 576/1000] samples:  28800 | chain(game/max/avg): 5/8/4.3 | reward(game/avg): 10960/10093 | 1.29 games/s | ETA: 328s
[gpu0] [ 577/1000] samples:  28850 | chain(game/max/avg): 4/8/4.3 | reward(game/avg): 8540/10091 | 1.29 games/s | ETA: 327s
[gpu0] [ 578/1000] samples:  28900 | chain(game/max/avg): 5/8/4.3 | reward(game/avg): 10560/10091 | 1.30 games/s | ETA: 326s
[gpu0] [ 579/1000] samples:  28950 | chain(game/max/avg): 5/8/4.3 | reward(game/avg): 13840/10098 | 1.30 games/s | ETA: 324s
[gpu0] [ 580/1000] samples:  29000 | chain(game/max/avg): 4/8/4.3 | reward(game/avg): 7480/10093 | 1.30 games/s | ETA: 323s
[gpu0] [ 581/1000] samples:  29050 | chain(game/max/avg): 4/8/4.3 | reward(game/avg): 7090/10088 | 1.30 games/s | ETA: 322s
[gpu0] [ 582/1000] samples:  29100 | chain(game/max/avg): 5/8/4.3 | reward(game/avg): 15620/10098 | 1.31 games/s | ETA: 320s
[gpu0] [ 583/1000] samples:  29150 | chain(game/max/avg): 3/8/4.3 | reward(game/avg): 7300/10093 | 1.31 games/s | ETA: 319s
[gpu0] [ 584/1000] samples:  29200 | chain(game/max/avg): 6/8/4.3 | reward(game/avg): 15480/10102 | 1.31 games/s | ETA: 318s
[gpu0] [ 585/1000] samples:  29250 | chain(game/max/avg): 5/8/4.3 | reward(game/avg): 11640/10105 | 1.31 games/s | ETA: 316s
[gpu0] [ 586/1000] samples:  29300 | chain(game/max/avg): 5/8/4.3 | reward(game/avg): 12270/10108 | 1.31 games/s | ETA: 315s
[gpu0] [ 587/1000] samples:  29350 | chain(game/max/avg): 6/8/4.3 | reward(game/avg): 19480/10124 | 1.32 games/s | ETA: 314s
[gpu0] [ 588/1000] samples:  29400 | chain(game/max/avg): 4/8/4.3 | reward(game/avg): 8300/10121 | 1.32 games/s | ETA: 312s
[gpu0] [ 589/1000] samples:  29450 | chain(game/max/avg): 3/8/4.3 | reward(game/avg): 6330/10115 | 1.32 games/s | ETA: 311s
[gpu0] [ 591/1000] samples:  29550 | chain(game/max/avg): 4/8/4.3 | reward(game/avg): 11630/10111 | 1.33 games/s | ETA: 309s
[gpu0] [ 590/1000] samples:  29500 | chain(game/max/avg): 3/8/4.3 | reward(game/avg): 6280/10108 | 1.32 games/s | ETA: 310s
[gpu0] [ 592/1000] samples:  29600 | chain(game/max/avg): 3/8/4.3 | reward(game/avg): 7680/10107 | 1.33 games/s | ETA: 307s
[gpu0] [ 593/1000] samples:  29650 | chain(game/max/avg): 4/8/4.3 | reward(game/avg): 5040/10098 | 1.33 games/s | ETA: 306s
[gpu0] [ 594/1000] samples:  29700 | chain(game/max/avg): 4/8/4.3 | reward(game/avg): 5970/10091 | 1.33 games/s | ETA: 305s
[gpu0] [ 595/1000] samples:  29750 | chain(game/max/avg): 4/8/4.3 | reward(game/avg): 10360/10092 | 1.33 games/s | ETA: 304s
[gpu0] [ 596/1000] samples:  29800 | chain(game/max/avg): 6/8/4.3 | reward(game/avg): 15730/10101 | 1.34 games/s | ETA: 302s
[gpu0] [ 597/1000] samples:  29850 | chain(game/max/avg): 5/8/4.3 | reward(game/avg): 9850/10101 | 1.34 games/s | ETA: 301s
[gpu0] [ 598/1000] samples:  29900 | chain(game/max/avg): 4/8/4.3 | reward(game/avg): 9520/10100 | 1.34 games/s | ETA: 300s
[gpu0] [ 599/1000] samples:  29950 | chain(game/max/avg): 6/8/4.3 | reward(game/avg): 16740/10111 | 1.34 games/s | ETA: 299s
[gpu0] [ 600/1000] samples:  30000 | chain(game/max/avg): 5/8/4.3 | reward(game/avg): 9950/10111 | 1.35 games/s | ETA: 297s
[gpu0] [ 601/1000] samples:  30050 | chain(game/max/avg): 4/8/4.3 | reward(game/avg): 9240/10109 | 1.35 games/s | ETA: 296s
[gpu0] [ 602/1000] samples:  30100 | chain(game/max/avg): 4/8/4.3 | reward(game/avg): 5680/10102 | 1.35 games/s | ETA: 295s
[gpu0] [ 603/1000] samples:  30150 | chain(game/max/avg): 4/8/4.3 | reward(game/avg): 9860/10102 | 1.35 games/s | ETA: 294s
[gpu0] [ 604/1000] samples:  30200 | chain(game/max/avg): 4/8/4.3 | reward(game/avg): 7880/10098 | 1.35 games/s | ETA: 292s
[gpu0] [ 605/1000] samples:  30250 | chain(game/max/avg): 3/8/4.3 | reward(game/avg): 6150/10091 | 1.36 games/s | ETA: 291s
[gpu0] [ 606/1000] samples:  30300 | chain(game/max/avg): 4/8/4.3 | reward(game/avg): 8700/10089 | 1.36 games/s | ETA: 290s
[gpu0] [ 607/1000] samples:  30400 | chain(game/max/avg): 4/8/4.3 | reward(game/avg): 6690/10094 | 1.36 games/s | ETA: 289s
[gpu0] [ 608/1000] samples:  30400 | chain(game/max/avg): 3/8/4.3 | reward(game/avg): 6180/10077 | 1.36 games/s | ETA: 288s
[gpu0] [ 609/1000] samples:  30450 | chain(game/max/avg): 4/8/4.3 | reward(game/avg): 12710/10081 | 1.37 games/s | ETA: 286s
[gpu0] [ 610/1000] samples:  30500 | chain(game/max/avg): 4/8/4.3 | reward(game/avg): 7500/10077 | 1.37 games/s | ETA: 285s
[gpu0] [ 611/1000] samples:  30550 | chain(game/max/avg): 4/8/4.3 | reward(game/avg): 8700/10075 | 1.37 games/s | ETA: 284s
[gpu0] [ 612/1000] samples:  30600 | chain(game/max/avg): 4/8/4.3 | reward(game/avg): 9180/10073 | 1.37 games/s | ETA: 283s
[gpu0] [ 613/1000] samples:  30650 | chain(game/max/avg): 5/8/4.3 | reward(game/avg): 8660/10071 | 1.37 games/s | ETA: 282s
[gpu0] [ 614/1000] samples:  30700 | chain(game/max/avg): 4/8/4.3 | reward(game/avg): 6860/10066 | 1.38 games/s | ETA: 280s
[gpu0] [ 615/1000] samples:  30750 | chain(game/max/avg): 4/8/4.3 | reward(game/avg): 7880/10062 | 1.38 games/s | ETA: 279s
[gpu0] [ 616/1000] samples:  30800 | chain(game/max/avg): 5/8/4.3 | reward(game/avg): 7380/10058 | 1.38 games/s | ETA: 278s
[gpu0] [ 617/1000] samples:  30850 | chain(game/max/avg): 5/8/4.3 | reward(game/avg): 11160/10060 | 1.38 games/s | ETA: 277s
[gpu0] [ 618/1000] samples:  30900 | chain(game/max/avg): 4/8/4.3 | reward(game/avg): 11040/10061 | 1.39 games/s | ETA: 276s
[gpu0] [ 619/1000] samples:  30950 | chain(game/max/avg): 5/8/4.3 | reward(game/avg): 14640/10069 | 1.39 games/s | ETA: 274s
[gpu0] [ 620/1000] samples:  31000 | chain(game/max/avg): 4/8/4.3 | reward(game/avg): 8450/10066 | 1.39 games/s | ETA: 273s
[gpu0] [ 621/1000] samples:  31050 | chain(game/max/avg): 6/8/4.3 | reward(game/avg): 18820/10080 | 1.39 games/s | ETA: 272s
[gpu0] [ 622/1000] samples:  31100 | chain(game/max/avg): 4/8/4.3 | reward(game/avg): 8500/10078 | 1.39 games/s | ETA: 271s
[gpu0] [ 623/1000] samples:  31150 | chain(game/max/avg): 4/8/4.3 | reward(game/avg): 9440/10077 | 1.40 games/s | ETA: 270s
[gpu0] [ 624/1000] samples:  31200 | chain(game/max/avg): 4/8/4.3 | reward(game/avg): 7620/10073 | 1.40 games/s | ETA: 269s
[gpu0] [ 625/1000] samples:  31250 | chain(game/max/avg): 4/8/4.3 | reward(game/avg): 7990/10069 | 1.40 games/s | ETA: 268s
[gpu0] [ 626/1000] samples:  31300 | chain(game/max/avg): 4/8/4.3 | reward(game/avg): 12020/10072 | 1.40 games/s | ETA: 266s
[gpu0] [ 627/1000] samples:  31350 | chain(game/max/avg): 4/8/4.3 | reward(game/avg): 7460/10068 | 1.41 games/s | ETA: 265s
[gpu0] [ 628/1000] samples:  31400 | chain(game/max/avg): 4/8/4.3 | reward(game/avg): 6860/10063 | 1.41 games/s | ETA: 264s
[gpu0] [ 629/1000] samples:  31450 | chain(game/max/avg): 3/8/4.3 | reward(game/avg): 4800/10055 | 1.41 games/s | ETA: 263s
[gpu0] [ 630/1000] samples:  31500 | chain(game/max/avg): 6/8/4.3 | reward(game/avg): 13260/10060 | 1.41 games/s | ETA: 262s
[gpu0] [ 631/1000] samples:  31550 | chain(game/max/avg): 4/8/4.3 | reward(game/avg): 7550/10056 | 1.41 games/s | ETA: 261s
[gpu0] [ 632/1000] samples:  31600 | chain(game/max/avg): 6/8/4.3 | reward(game/avg): 17710/10068 | 1.42 games/s | ETA: 260s
[gpu0] [ 633/1000] samples:  31650 | chain(game/max/avg): 5/8/4.3 | reward(game/avg): 10480/10069 | 1.42 games/s | ETA: 259s
[gpu0] [ 634/1000] samples:  31700 | chain(game/max/avg): 5/8/4.3 | reward(game/avg): 9630/10068 | 1.42 games/s | ETA: 257s
[gpu0] [ 635/1000] samples:  31750 | chain(game/max/avg): 4/8/4.3 | reward(game/avg): 12900/10072 | 1.42 games/s | ETA: 256s
[gpu0] [ 636/1000] samples:  31800 | chain(game/max/avg): 5/8/4.3 | reward(game/avg): 12220/10076 | 1.43 games/s | ETA: 255s
[gpu0] [ 637/1000] samples:  31850 | chain(game/max/avg): 4/8/4.3 | reward(game/avg): 6520/10070 | 1.43 games/s | ETA: 254s
[gpu0] [ 638/1000] samples:  31900 | chain(game/max/avg): 4/8/4.3 | reward(game/avg): 8820/10068 | 1.43 games/s | ETA: 253s
[gpu0] [ 639/1000] samples:  31950 | chain(game/max/avg): 4/8/4.3 | reward(game/avg): 8740/10066 | 1.43 games/s | ETA: 252s
[gpu0] [ 640/1000] samples:  32000 | chain(game/max/avg): 5/8/4.3 | reward(game/avg): 12300/10070 | 1.44 games/s | ETA: 251s
[gpu0] [ 641/1000] samples:  32050 | chain(game/max/avg): 5/8/4.3 | reward(game/avg): 16200/10079 | 1.44 games/s | ETA: 250s
[gpu0] [ 642/1000] samples:  32100 | chain(game/max/avg): 4/8/4.3 | reward(game/avg): 7920/10076 | 1.44 games/s | ETA: 249s
[gpu0] [ 643/1000] samples:  32150 | chain(game/max/avg): 4/8/4.3 | reward(game/avg): 9320/10075 | 1.44 games/s | ETA: 248s
[gpu0] [ 644/1000] samples:  32200 | chain(game/max/avg): 4/8/4.3 | reward(game/avg): 11620/10077 | 1.44 games/s | ETA: 247s
[gpu0] [ 645/1000] samples:  32250 | chain(game/max/avg): 3/8/4.3 | reward(game/avg): 7580/10073 | 1.45 games/s | ETA: 245s
[gpu0] [ 646/1000] samples:  32300 | chain(game/max/avg): 4/8/4.3 | reward(game/avg): 8020/10070 | 1.45 games/s | ETA: 244s
[gpu0] [ 647/1000] samples:  32350 | chain(game/max/avg): 5/8/4.3 | reward(game/avg): 13460/10075 | 1.45 games/s | ETA: 243s
[gpu0] [ 648/1000] samples:  32400 | chain(game/max/avg): 4/8/4.3 | reward(game/avg): 8680/10073 | 1.45 games/s | ETA: 242s
[gpu0] [ 649/1000] samples:  32450 | chain(game/max/avg): 3/8/4.3 | reward(game/avg): 5840/10067 | 1.46 games/s | ETA: 241s
[gpu0] [ 650/1000] samples:  32500 | chain(game/max/avg): 5/8/4.3 | reward(game/avg): 14240/10073 | 1.46 games/s | ETA: 240s
[gpu0] [ 652/1000] samples:  32600 | chain(game/max/avg): 3/8/4.3 | reward(game/avg): 7420/10067 | 1.46 games/s | ETA: 238s
[gpu0] [ 651/1000] samples:  32550 | chain(game/max/avg): 4/8/4.3 | reward(game/avg): 8470/10071 | 1.46 games/s | ETA: 239s
[gpu0] [ 653/1000] samples:  32650 | chain(game/max/avg): 4/8/4.3 | reward(game/avg): 11030/10068 | 1.46 games/s | ETA: 237s
[gpu0] [ 654/1000] samples:  32700 | chain(game/max/avg): 4/8/4.3 | reward(game/avg): 9200/10067 | 1.47 games/s | ETA: 236s
[gpu0] [ 655/1000] samples:  32750 | chain(game/max/avg): 4/8/4.3 | reward(game/avg): 9220/10065 | 1.47 games/s | ETA: 235s
[gpu0] [ 656/1000] samples:  32800 | chain(game/max/avg): 5/8/4.3 | reward(game/avg): 10600/10066 | 1.47 games/s | ETA: 234s
[gpu0] [ 657/1000] samples:  32850 | chain(game/max/avg): 5/8/4.3 | reward(game/avg): 12440/10070 | 1.47 games/s | ETA: 233s
[gpu0] [ 658/1000] samples:  32900 | chain(game/max/avg): 4/8/4.3 | reward(game/avg): 10900/10071 | 1.48 games/s | ETA: 232s
[gpu0] [ 659/1000] samples:  32950 | chain(game/max/avg): 4/8/4.3 | reward(game/avg): 7860/10068 | 1.48 games/s | ETA: 231s
[gpu0] [ 660/1000] samples:  33000 | chain(game/max/avg): 4/8/4.3 | reward(game/avg): 8170/10065 | 1.48 games/s | ETA: 230s
[gpu0] [ 661/1000] samples:  33050 | chain(game/max/avg): 4/8/4.3 | reward(game/avg): 9980/10065 | 1.48 games/s | ETA: 229s
[gpu0] [ 662/1000] samples:  33100 | chain(game/max/avg): 4/8/4.3 | reward(game/avg): 8500/10062 | 1.48 games/s | ETA: 228s
[gpu0] [ 663/1000] samples:  33150 | chain(game/max/avg): 4/8/4.3 | reward(game/avg): 9900/10062 | 1.49 games/s | ETA: 227s
[gpu0] [ 664/1000] samples:  33200 | chain(game/max/avg): 4/8/4.3 | reward(game/avg): 10460/10063 | 1.49 games/s | ETA: 226s
[gpu0] [ 665/1000] samples:  33250 | chain(game/max/avg): 3/8/4.3 | reward(game/avg): 6700/10058 | 1.49 games/s | ETA: 225s
[gpu0] [ 666/1000] samples:  33300 | chain(game/max/avg): 3/8/4.3 | reward(game/avg): 6590/10052 | 1.49 games/s | ETA: 224s
[gpu0] [ 667/1000] samples:  33350 | chain(game/max/avg): 6/8/4.3 | reward(game/avg): 19640/10067 | 1.50 games/s | ETA: 223s
[gpu0] [ 668/1000] samples:  33400 | chain(game/max/avg): 4/8/4.3 | reward(game/avg): 9460/10066 | 1.50 games/s | ETA: 222s
[gpu0] [ 669/1000] samples:  33450 | chain(game/max/avg): 3/8/4.3 | reward(game/avg): 7350/10062 | 1.50 games/s | ETA: 221s
[gpu0] [ 670/1000] samples:  33500 | chain(game/max/avg): 5/8/4.3 | reward(game/avg): 10900/10063 | 1.50 games/s | ETA: 220s
[gpu0] [ 671/1000] samples:  33550 | chain(game/max/avg): 4/8/4.3 | reward(game/avg): 8220/10060 | 1.50 games/s | ETA: 219s
[gpu0] [ 672/1000] samples:  33600 | chain(game/max/avg): 5/8/4.3 | reward(game/avg): 9810/10060 | 1.51 games/s | ETA: 218s
[gpu0] [ 673/1000] samples:  33650 | chain(game/max/avg): 4/8/4.3 | reward(game/avg): 6980/10055 | 1.51 games/s | ETA: 217s
[gpu0] [ 674/1000] samples:  33700 | chain(game/max/avg): 5/8/4.3 | reward(game/avg): 14690/10062 | 1.51 games/s | ETA: 216s
[gpu0] [ 675/1000] samples:  33750 | chain(game/max/avg): 3/8/4.3 | reward(game/avg): 7440/10058 | 1.51 games/s | ETA: 215s
[gpu0] [ 676/1000] samples:  33800 | chain(game/max/avg): 5/8/4.3 | reward(game/avg): 13520/10064 | 1.52 games/s | ETA: 214s
[gpu0] [ 677/1000] samples:  33850 | chain(game/max/avg): 5/8/4.3 | reward(game/avg): 10500/10064 | 1.52 games/s | ETA: 213s
[gpu0] [ 678/1000] samples:  33900 | chain(game/max/avg): 5/8/4.3 | reward(game/avg): 11310/10066 | 1.52 games/s | ETA: 212s
[gpu0] [ 679/1000] samples:  33950 | chain(game/max/avg): 3/8/4.3 | reward(game/avg): 6510/10061 | 1.52 games/s | ETA: 211s
[gpu0] [ 680/1000] samples:  34000 | chain(game/max/avg): 4/8/4.3 | reward(game/avg): 8060/10058 | 1.52 games/s | ETA: 210s
[gpu0] [ 681/1000] samples:  34050 | chain(game/max/avg): 5/8/4.3 | reward(game/avg): 9800/10057 | 1.53 games/s | ETA: 209s
[gpu0] [ 682/1000] samples:  34100 | chain(game/max/avg): 4/8/4.3 | reward(game/avg): 8620/10055 | 1.53 games/s | ETA: 208s
[gpu0] [ 683/1000] samples:  34150 | chain(game/max/avg): 4/8/4.3 | reward(game/avg): 6610/10050 | 1.53 games/s | ETA: 207s
[gpu0] [ 684/1000] samples:  34200 | chain(game/max/avg): 6/8/4.3 | reward(game/avg): 15540/10058 | 1.53 games/s | ETA: 206s
[gpu0] [ 685/1000] samples:  34250 | chain(game/max/avg): 4/8/4.3 | reward(game/avg): 10460/10059 | 1.54 games/s | ETA: 205s
[gpu0] [ 686/1000] samples:  34300 | chain(game/max/avg): 4/8/4.3 | reward(game/avg): 9400/10058 | 1.54 games/s | ETA: 204s
[gpu0] [ 687/1000] samples:  34350 | chain(game/max/avg): 5/8/4.3 | reward(game/avg): 9780/10058 | 1.54 games/s | ETA: 203s
[gpu0] [ 688/1000] samples:  34400 | chain(game/max/avg): 4/8/4.3 | reward(game/avg): 6640/10053 | 1.54 games/s | ETA: 202s
[gpu0] [ 689/1000] samples:  34450 | chain(game/max/avg): 4/8/4.3 | reward(game/avg): 9760/10052 | 1.54 games/s | ETA: 201s
[gpu0] [ 690/1000] samples:  34500 | chain(game/max/avg): 5/8/4.3 | reward(game/avg): 10830/10053 | 1.55 games/s | ETA: 200s
[gpu0] [ 691/1000] samples:  34550 | chain(game/max/avg): 5/8/4.3 | reward(game/avg): 11100/10055 | 1.55 games/s | ETA: 199s
[gpu0] [ 692/1000] samples:  34600 | chain(game/max/avg): 4/8/4.3 | reward(game/avg): 7110/10051 | 1.55 games/s | ETA: 199s
[gpu0] [ 693/1000] samples:  34650 | chain(game/max/avg): 5/8/4.3 | reward(game/avg): 9780/10050 | 1.55 games/s | ETA: 198s
[gpu0] [ 694/1000] samples:  34700 | chain(game/max/avg): 4/8/4.3 | reward(game/avg): 7910/10047 | 1.56 games/s | ETA: 197s
[gpu0] [ 695/1000] samples:  34750 | chain(game/max/avg): 5/8/4.3 | reward(game/avg): 11400/10049 | 1.56 games/s | ETA: 196s
[gpu0] [ 696/1000] samples:  34800 | chain(game/max/avg): 3/8/4.3 | reward(game/avg): 8150/10046 | 1.56 games/s | ETA: 195s
[gpu0] [ 697/1000] samples:  34850 | chain(game/max/avg): 4/8/4.3 | reward(game/avg): 8550/10044 | 1.56 games/s | ETA: 194s
[gpu0] [ 698/1000] samples:  34900 | chain(game/max/avg): 3/8/4.3 | reward(game/avg): 9410/10043 | 1.56 games/s | ETA: 193s
[gpu0] [ 699/1000] samples:  34950 | chain(game/max/avg): 5/8/4.3 | reward(game/avg): 9660/10043 | 1.57 games/s | ETA: 192s
[gpu0] [ 700/1000] samples:  35000 | chain(game/max/avg): 4/8/4.3 | reward(game/avg): 9370/10042 | 1.57 games/s | ETA: 191s
[gpu0] [ 701/1000] samples:  35050 | chain(game/max/avg): 4/8/4.3 | reward(game/avg): 8970/10040 | 1.57 games/s | ETA: 190s
[gpu0] [ 702/1000] samples:  35100 | chain(game/max/avg): 5/8/4.3 | reward(game/avg): 13780/10046 | 1.57 games/s | ETA: 189s
[gpu0] [ 703/1000] samples:  35150 | chain(game/max/avg): 4/8/4.3 | reward(game/avg): 7520/10042 | 1.58 games/s | ETA: 188s
[gpu0] [ 704/1000] samples:  35200 | chain(game/max/avg): 4/8/4.3 | reward(game/avg): 7080/10038 | 1.58 games/s | ETA: 188s
[gpu0] [ 705/1000] samples:  35250 | chain(game/max/avg): 6/8/4.3 | reward(game/avg): 12900/10042 | 1.58 games/s | ETA: 187s
[gpu0] [ 706/1000] samples:  35300 | chain(game/max/avg): 4/8/4.3 | reward(game/avg): 10440/10042 | 1.58 games/s | ETA: 186s
[gpu0] [ 707/1000] samples:  35350 | chain(game/max/avg): 5/8/4.3 | reward(game/avg): 11160/10044 | 1.59 games/s | ETA: 185s
[gpu0] [ 708/1000] samples:  35400 | chain(game/max/avg): 4/8/4.3 | reward(game/avg): 9720/10043 | 1.59 games/s | ETA: 184s
[gpu0] [ 709/1000] samples:  35450 | chain(game/max/avg): 5/8/4.3 | reward(game/avg): 12380/10047 | 1.59 games/s | ETA: 183s
[gpu0] [ 710/1000] samples:  35500 | chain(game/max/avg): 4/8/4.3 | reward(game/avg): 12320/10050 | 1.59 games/s | ETA: 182s
[gpu0] [ 711/1000] samples:  35550 | chain(game/max/avg): 3/8/4.3 | reward(game/avg): 8230/10047 | 1.59 games/s | ETA: 181s
[gpu0] [ 712/1000] samples:  35600 | chain(game/max/avg): 4/8/4.3 | reward(game/avg): 9240/10046 | 1.60 games/s | ETA: 180s
[gpu0] [ 713/1000] samples:  35650 | chain(game/max/avg): 5/8/4.3 | reward(game/avg): 11680/10049 | 1.60 games/s | ETA: 180s
[gpu0] [ 714/1000] samples:  35700 | chain(game/max/avg): 4/8/4.3 | reward(game/avg): 7860/10046 | 1.60 games/s | ETA: 179s
[gpu0] [ 715/1000] samples:  35750 | chain(game/max/avg): 4/8/4.3 | reward(game/avg): 7080/10041 | 1.60 games/s | ETA: 178s
[gpu0] [ 716/1000] samples:  35800 | chain(game/max/avg): 5/8/4.3 | reward(game/avg): 12990/10045 | 1.61 games/s | ETA: 177s
[gpu0] [ 717/1000] samples:  35850 | chain(game/max/avg): 4/8/4.3 | reward(game/avg): 10420/10046 | 1.61 games/s | ETA: 176s
[gpu0] [ 718/1000] samples:  35900 | chain(game/max/avg): 5/8/4.3 | reward(game/avg): 13970/10051 | 1.61 games/s | ETA: 175s
[gpu0] [ 719/1000] samples:  36000 | chain(game/max/avg): 3/8/4.3 | reward(game/avg): 7020/10057 | 1.61 games/s | ETA: 174s
[gpu0] [ 722/1000] samples:  36100 | chain(game/max/avg): 3/8/4.3 | reward(game/avg): 8110/10036 | 1.62 games/s | ETA: 172s
[gpu0] [ 720/1000] samples:  36000 | chain(game/max/avg): 4/8/4.3 | reward(game/avg): 7060/10043 | 1.61 games/s | ETA: 173s
[gpu0] [ 721/1000] samples:  36100 | chain(game/max/avg): 4/8/4.3 | reward(game/avg): 7080/10050 | 1.62 games/s | ETA: 173s
[gpu0] [ 723/1000] samples:  36150 | chain(game/max/avg): 4/8/4.3 | reward(game/avg): 7870/10033 | 1.62 games/s | ETA: 171s
[gpu0] [ 724/1000] samples:  36200 | chain(game/max/avg): 4/8/4.3 | reward(game/avg): 8150/10031 | 1.62 games/s | ETA: 170s
[gpu0] [ 725/1000] samples:  36250 | chain(game/max/avg): 3/8/4.3 | reward(game/avg): 5760/10025 | 1.63 games/s | ETA: 169s
[gpu0] [ 726/1000] samples:  36300 | chain(game/max/avg): 4/8/4.3 | reward(game/avg): 6680/10020 | 1.63 games/s | ETA: 168s
[gpu0] [ 727/1000] samples:  36350 | chain(game/max/avg): 5/8/4.3 | reward(game/avg): 13500/10025 | 1.63 games/s | ETA: 168s
[gpu0] [ 728/1000] samples:  36400 | chain(game/max/avg): 5/8/4.3 | reward(game/avg): 12140/10028 | 1.63 games/s | ETA: 167s
[gpu0] [ 729/1000] samples:  36450 | chain(game/max/avg): 5/8/4.3 | reward(game/avg): 11210/10030 | 1.63 games/s | ETA: 166s
[gpu0] [ 730/1000] samples:  36500 | chain(game/max/avg): 4/8/4.3 | reward(game/avg): 6360/10025 | 1.64 games/s | ETA: 165s
[gpu0] [ 731/1000] samples:  36550 | chain(game/max/avg): 4/8/4.3 | reward(game/avg): 6120/10019 | 1.64 games/s | ETA: 164s
[gpu0] [ 732/1000] samples:  36600 | chain(game/max/avg): 4/8/4.3 | reward(game/avg): 7980/10016 | 1.64 games/s | ETA: 163s
[gpu0] [ 733/1000] samples:  36650 | chain(game/max/avg): 4/8/4.3 | reward(game/avg): 9800/10016 | 1.64 games/s | ETA: 162s
[gpu0] [ 734/1000] samples:  36700 | chain(game/max/avg): 6/8/4.3 | reward(game/avg): 20180/10030 | 1.65 games/s | ETA: 162s
[gpu0] [ 735/1000] samples:  36750 | chain(game/max/avg): 5/8/4.3 | reward(game/avg): 14090/10035 | 1.65 games/s | ETA: 161s
[gpu0] [ 739/1000] samples:  36950 | chain(game/max/avg): 5/8/4.3 | reward(game/avg): 14410/10045 | 1.66 games/s | ETA: 158s
[gpu0] [ 738/1000] samples:  36900 | chain(game/max/avg): 5/8/4.3 | reward(game/avg): 9100/10039 | 1.65 games/s | ETA: 158s
[gpu0] [ 736/1000] samples:  36800 | chain(game/max/avg): 4/8/4.3 | reward(game/avg): 6440/10031 | 1.65 games/s | ETA: 160s
[gpu0] [ 737/1000] samples:  36850 | chain(game/max/avg): 6/8/4.3 | reward(game/avg): 17400/10041 | 1.65 games/s | ETA: 159s
[gpu0] [ 740/1000] samples:  37000 | chain(game/max/avg): 5/8/4.3 | reward(game/avg): 13960/10050 | 1.66 games/s | ETA: 157s
[gpu0] [ 741/1000] samples:  37050 | chain(game/max/avg): 3/8/4.3 | reward(game/avg): 10400/10051 | 1.66 games/s | ETA: 156s
[gpu0] [ 742/1000] samples:  37100 | chain(game/max/avg): 4/8/4.3 | reward(game/avg): 7320/10047 | 1.66 games/s | ETA: 155s
[gpu0] [ 743/1000] samples:  37150 | chain(game/max/avg): 3/8/4.3 | reward(game/avg): 6040/10042 | 1.67 games/s | ETA: 154s
[gpu0] [ 744/1000] samples:  37200 | chain(game/max/avg): 4/8/4.3 | reward(game/avg): 8480/10040 | 1.67 games/s | ETA: 153s
[gpu0] [ 745/1000] samples:  37250 | chain(game/max/avg): 4/8/4.3 | reward(game/avg): 11250/10041 | 1.67 games/s | ETA: 153s
[gpu0] [ 746/1000] samples:  37300 | chain(game/max/avg): 6/8/4.3 | reward(game/avg): 15660/10049 | 1.67 games/s | ETA: 152s
[gpu0] [ 747/1000] samples:  37350 | chain(game/max/avg): 5/8/4.3 | reward(game/avg): 14120/10054 | 1.67 games/s | ETA: 151s
[gpu0] [ 748/1000] samples:  37400 | chain(game/max/avg): 3/8/4.3 | reward(game/avg): 6640/10050 | 1.68 games/s | ETA: 150s
[gpu0] [ 749/1000] samples:  37450 | chain(game/max/avg): 4/8/4.3 | reward(game/avg): 9140/10049 | 1.68 games/s | ETA: 149s
[gpu0] [ 750/1000] samples:  37500 | chain(game/max/avg): 4/8/4.3 | reward(game/avg): 6680/10044 | 1.68 games/s | ETA: 149s
[gpu0] [ 751/1000] samples:  37550 | chain(game/max/avg): 4/8/4.3 | reward(game/avg): 7440/10041 | 1.68 games/s | ETA: 148s
[gpu0] [ 755/1000] samples:  37750 | chain(game/max/avg): 5/8/4.3 | reward(game/avg): 10180/10032 | 1.69 games/s | ETA: 145s
[gpu0] [ 754/1000] samples:  37700 | chain(game/max/avg): 4/8/4.3 | reward(game/avg): 9960/10031 | 1.69 games/s | ETA: 146s
[gpu0] [ 753/1000] samples:  37650 | chain(game/max/avg): 4/8/4.3 | reward(game/avg): 8200/10031 | 1.69 games/s | ETA: 146s
[gpu0] [ 752/1000] samples:  37600 | chain(game/max/avg): 3/8/4.3 | reward(game/avg): 4940/10034 | 1.69 games/s | ETA: 147s
[gpu0] [ 756/1000] samples:  37800 | chain(game/max/avg): 4/8/4.3 | reward(game/avg): 7060/10028 | 1.69 games/s | ETA: 144s
[gpu0] [ 757/1000] samples:  37850 | chain(game/max/avg): 4/8/4.3 | reward(game/avg): 12900/10031 | 1.70 games/s | ETA: 143s
[gpu0] [ 758/1000] samples:  37900 | chain(game/max/avg): 4/8/4.3 | reward(game/avg): 11420/10033 | 1.70 games/s | ETA: 142s
[gpu0] [ 759/1000] samples:  37950 | chain(game/max/avg): 5/8/4.3 | reward(game/avg): 11680/10035 | 1.70 games/s | ETA: 142s
[gpu0] [ 760/1000] samples:  38000 | chain(game/max/avg): 3/8/4.3 | reward(game/avg): 7770/10032 | 1.70 games/s | ETA: 141s
[gpu0] [ 761/1000] samples:  38050 | chain(game/max/avg): 4/8/4.3 | reward(game/avg): 9730/10032 | 1.71 games/s | ETA: 140s
[gpu0] [ 762/1000] samples:  38100 | chain(game/max/avg): 6/8/4.3 | reward(game/avg): 19240/10044 | 1.71 games/s | ETA: 139s
[gpu0] [ 763/1000] samples:  38150 | chain(game/max/avg): 5/8/4.3 | reward(game/avg): 14460/10050 | 1.71 games/s | ETA: 139s
[gpu0] [ 764/1000] samples:  38200 | chain(game/max/avg): 6/8/4.3 | reward(game/avg): 14740/10056 | 1.71 games/s | ETA: 138s
[gpu0] [ 765/1000] samples:  38250 | chain(game/max/avg): 5/8/4.3 | reward(game/avg): 11780/10058 | 1.71 games/s | ETA: 137s
[gpu0] [ 766/1000] samples:  38300 | chain(game/max/avg): 5/8/4.3 | reward(game/avg): 9800/10058 | 1.72 games/s | ETA: 136s
[gpu0] [ 767/1000] samples:  38350 | chain(game/max/avg): 5/8/4.3 | reward(game/avg): 12380/10061 | 1.72 games/s | ETA: 136s
[gpu0] [ 768/1000] samples:  38400 | chain(game/max/avg): 4/8/4.3 | reward(game/avg): 9390/10060 | 1.72 games/s | ETA: 135s
[gpu0] [ 769/1000] samples:  38450 | chain(game/max/avg): 3/8/4.3 | reward(game/avg): 5260/10054 | 1.72 games/s | ETA: 134s
[gpu0] [ 770/1000] samples:  38500 | chain(game/max/avg): 4/8/4.3 | reward(game/avg): 7980/10051 | 1.73 games/s | ETA: 133s
[gpu0] [ 771/1000] samples:  38550 | chain(game/max/avg): 4/8/4.3 | reward(game/avg): 9610/10051 | 1.73 games/s | ETA: 132s
[gpu0] [ 772/1000] samples:  38600 | chain(game/max/avg): 3/8/4.3 | reward(game/avg): 5480/10045 | 1.73 games/s | ETA: 132s
[gpu0] [ 773/1000] samples:  38650 | chain(game/max/avg): 4/8/4.3 | reward(game/avg): 7720/10042 | 1.73 games/s | ETA: 131s
[gpu0] [ 774/1000] samples:  38700 | chain(game/max/avg): 4/8/4.3 | reward(game/avg): 9190/10041 | 1.74 games/s | ETA: 130s
[gpu0] [ 775/1000] samples:  38750 | chain(game/max/avg): 4/8/4.3 | reward(game/avg): 7230/10037 | 1.74 games/s | ETA: 130s
[gpu0] [ 776/1000] samples:  38800 | chain(game/max/avg): 5/8/4.3 | reward(game/avg): 10260/10037 | 1.74 games/s | ETA: 129s
[gpu0] [ 777/1000] samples:  38850 | chain(game/max/avg): 5/8/4.3 | reward(game/avg): 11560/10039 | 1.74 games/s | ETA: 128s
[gpu0] [ 778/1000] samples:  38900 | chain(game/max/avg): 3/8/4.3 | reward(game/avg): 5800/10034 | 1.74 games/s | ETA: 127s
[gpu0] [ 779/1000] samples:  38950 | chain(game/max/avg): 5/8/4.3 | reward(game/avg): 12520/10037 | 1.75 games/s | ETA: 127s
[gpu0] [ 780/1000] samples:  39000 | chain(game/max/avg): 4/8/4.3 | reward(game/avg): 8700/10035 | 1.75 games/s | ETA: 126s
[gpu0] [ 781/1000] samples:  39050 | chain(game/max/avg): 6/8/4.3 | reward(game/avg): 20820/10049 | 1.75 games/s | ETA: 125s
[gpu0] [ 782/1000] samples:  39100 | chain(game/max/avg): 5/8/4.3 | reward(game/avg): 11040/10050 | 1.75 games/s | ETA: 124s
[gpu0] [ 783/1000] samples:  39150 | chain(game/max/avg): 4/8/4.3 | reward(game/avg): 7240/10047 | 1.76 games/s | ETA: 124s
[gpu0] [ 784/1000] samples:  39200 | chain(game/max/avg): 2/8/4.3 | reward(game/avg): 5830/10041 | 1.76 games/s | ETA: 123s
[gpu0] [ 785/1000] samples:  39250 | chain(game/max/avg): 5/8/4.3 | reward(game/avg): 16840/10050 | 1.76 games/s | ETA: 122s
[gpu0] [ 786/1000] samples:  39300 | chain(game/max/avg): 4/8/4.3 | reward(game/avg): 7320/10047 | 1.76 games/s | ETA: 121s
[gpu0] [ 787/1000] samples:  39350 | chain(game/max/avg): 4/8/4.3 | reward(game/avg): 7380/10043 | 1.76 games/s | ETA: 121s
[gpu0] [ 788/1000] samples:  39400 | chain(game/max/avg): 4/8/4.3 | reward(game/avg): 9160/10042 | 1.77 games/s | ETA: 120s
[gpu0] [ 789/1000] samples:  39450 | chain(game/max/avg): 6/8/4.3 | reward(game/avg): 16310/10050 | 1.77 games/s | ETA: 119s
[gpu0] [ 790/1000] samples:  39500 | chain(game/max/avg): 5/8/4.3 | reward(game/avg): 13550/10054 | 1.77 games/s | ETA: 119s
[gpu0] [ 791/1000] samples:  39550 | chain(game/max/avg): 4/8/4.3 | reward(game/avg): 8670/10053 | 1.77 games/s | ETA: 118s
[gpu0] [ 792/1000] samples:  39600 | chain(game/max/avg): 3/8/4.3 | reward(game/avg): 8060/10050 | 1.78 games/s | ETA: 117s
[gpu0] [ 793/1000] samples:  39650 | chain(game/max/avg): 5/8/4.3 | reward(game/avg): 11800/10052 | 1.78 games/s | ETA: 116s
[gpu0] [ 794/1000] samples:  39700 | chain(game/max/avg): 4/8/4.3 | reward(game/avg): 7860/10050 | 1.78 games/s | ETA: 116s
[gpu0] [ 795/1000] samples:  39750 | chain(game/max/avg): 4/8/4.3 | reward(game/avg): 9220/10049 | 1.78 games/s | ETA: 115s
[gpu0] [ 796/1000] samples:  39800 | chain(game/max/avg): 6/8/4.3 | reward(game/avg): 18320/10059 | 1.78 games/s | ETA: 114s
[gpu0] [ 797/1000] samples:  39850 | chain(game/max/avg): 4/8/4.3 | reward(game/avg): 5880/10054 | 1.79 games/s | ETA: 114s
[gpu0] [ 798/1000] samples:  39900 | chain(game/max/avg): 3/8/4.3 | reward(game/avg): 5890/10048 | 1.79 games/s | ETA: 113s
[gpu0] [ 799/1000] samples:  39950 | chain(game/max/avg): 5/8/4.3 | reward(game/avg): 10770/10049 | 1.79 games/s | ETA: 112s
[gpu0] [ 800/1000] samples:  40000 | chain(game/max/avg): 5/8/4.3 | reward(game/avg): 12470/10052 | 1.79 games/s | ETA: 112s
[gpu0] [ 801/1000] samples:  40050 | chain(game/max/avg): 5/8/4.3 | reward(game/avg): 8040/10050 | 1.80 games/s | ETA: 111s
[gpu0] [ 802/1000] samples:  40100 | chain(game/max/avg): 4/8/4.3 | reward(game/avg): 7960/10047 | 1.80 games/s | ETA: 110s
[gpu0] [ 803/1000] samples:  40150 | chain(game/max/avg): 4/8/4.3 | reward(game/avg): 8560/10045 | 1.80 games/s | ETA: 109s
[gpu0] [ 804/1000] samples:  40200 | chain(game/max/avg): 3/8/4.3 | reward(game/avg): 7860/10043 | 1.80 games/s | ETA: 109s
[gpu0] [ 805/1000] samples:  40250 | chain(game/max/avg): 4/8/4.3 | reward(game/avg): 8700/10041 | 1.80 games/s | ETA: 108s
[gpu0] [ 806/1000] samples:  40300 | chain(game/max/avg): 3/8/4.3 | reward(game/avg): 7060/10037 | 1.81 games/s | ETA: 107s
[gpu0] [ 807/1000] samples:  40350 | chain(game/max/avg): 4/8/4.3 | reward(game/avg): 10510/10038 | 1.81 games/s | ETA: 107s
[gpu0] [ 808/1000] samples:  40400 | chain(game/max/avg): 5/8/4.3 | reward(game/avg): 13440/10042 | 1.81 games/s | ETA: 106s
[gpu0] [ 809/1000] samples:  40450 | chain(game/max/avg): 5/8/4.3 | reward(game/avg): 13580/10047 | 1.81 games/s | ETA: 105s
[gpu0] [ 810/1000] samples:  40500 | chain(game/max/avg): 4/8/4.3 | reward(game/avg): 8240/10044 | 1.81 games/s | ETA: 105s
[gpu0] [ 811/1000] samples:  40550 | chain(game/max/avg): 5/8/4.3 | reward(game/avg): 15940/10052 | 1.82 games/s | ETA: 104s
[gpu0] [ 812/1000] samples:  40600 | chain(game/max/avg): 5/8/4.3 | reward(game/avg): 15020/10058 | 1.82 games/s | ETA: 103s
[gpu0] [ 813/1000] samples:  40650 | chain(game/max/avg): 3/8/4.3 | reward(game/avg): 5460/10052 | 1.82 games/s | ETA: 103s
[gpu0] [ 814/1000] samples:  40700 | chain(game/max/avg): 4/8/4.3 | reward(game/avg): 8140/10050 | 1.82 games/s | ETA: 102s
[gpu0] [ 815/1000] samples:  40750 | chain(game/max/avg): 4/8/4.3 | reward(game/avg): 9080/10048 | 1.82 games/s | ETA: 101s
[gpu0] [ 816/1000] samples:  40800 | chain(game/max/avg): 3/8/4.3 | reward(game/avg): 7430/10045 | 1.83 games/s | ETA: 101s
[gpu0] [ 817/1000] samples:  40850 | chain(game/max/avg): 5/8/4.3 | reward(game/avg): 15140/10051 | 1.83 games/s | ETA: 100s
[gpu0] [ 818/1000] samples:  40900 | chain(game/max/avg): 4/8/4.3 | reward(game/avg): 8700/10050 | 1.83 games/s | ETA: 99s
[gpu0] [ 819/1000] samples:  40950 | chain(game/max/avg): 5/8/4.3 | reward(game/avg): 11120/10051 | 1.83 games/s | ETA: 99s
[gpu0] [ 820/1000] samples:  41000 | chain(game/max/avg): 4/8/4.3 | reward(game/avg): 10450/10052 | 1.83 games/s | ETA: 98s
[gpu0] [ 821/1000] samples:  41050 | chain(game/max/avg): 5/8/4.3 | reward(game/avg): 11660/10054 | 1.83 games/s | ETA: 98s
[gpu0] [ 822/1000] samples:  41100 | chain(game/max/avg): 3/8/4.3 | reward(game/avg): 5900/10049 | 1.84 games/s | ETA: 97s
[gpu0] [ 823/1000] samples:  41150 | chain(game/max/avg): 5/8/4.3 | reward(game/avg): 10400/10049 | 1.84 games/s | ETA: 96s
[gpu0] [ 824/1000] samples:  41200 | chain(game/max/avg): 3/8/4.3 | reward(game/avg): 7290/10046 | 1.84 games/s | ETA: 96s
[gpu0] [ 825/1000] samples:  41250 | chain(game/max/avg): 5/8/4.3 | reward(game/avg): 16650/10054 | 1.84 games/s | ETA: 95s
[gpu0] [ 826/1000] samples:  41300 | chain(game/max/avg): 5/8/4.3 | reward(game/avg): 12600/10057 | 1.84 games/s | ETA: 94s
[gpu0] [ 827/1000] samples:  41350 | chain(game/max/avg): 4/8/4.3 | reward(game/avg): 10920/10058 | 1.85 games/s | ETA: 94s
[gpu0] [ 828/1000] samples:  41400 | chain(game/max/avg): 4/8/4.3 | reward(game/avg): 11360/10059 | 1.85 games/s | ETA: 93s
[gpu0] [ 829/1000] samples:  41450 | chain(game/max/avg): 5/8/4.3 | reward(game/avg): 8870/10058 | 1.85 games/s | ETA: 92s
[gpu0] [ 830/1000] samples:  41500 | chain(game/max/avg): 3/8/4.3 | reward(game/avg): 10420/10058 | 1.85 games/s | ETA: 92s
[gpu0] [ 831/1000] samples:  41550 | chain(game/max/avg): 4/8/4.3 | reward(game/avg): 8290/10056 | 1.85 games/s | ETA: 91s
[gpu0] [ 832/1000] samples:  41600 | chain(game/max/avg): 3/8/4.3 | reward(game/avg): 6090/10051 | 1.86 games/s | ETA: 91s
[gpu0] [ 833/1000] samples:  41650 | chain(game/max/avg): 5/8/4.3 | reward(game/avg): 9820/10051 | 1.86 games/s | ETA: 90s
[gpu0] [ 834/1000] samples:  41700 | chain(game/max/avg): 4/8/4.3 | reward(game/avg): 9010/10050 | 1.86 games/s | ETA: 89s
[gpu0] [ 835/1000] samples:  41750 | chain(game/max/avg): 4/8/4.3 | reward(game/avg): 6960/10046 | 1.86 games/s | ETA: 89s
[gpu0] [ 836/1000] samples:  41800 | chain(game/max/avg): 4/8/4.3 | reward(game/avg): 9840/10046 | 1.86 games/s | ETA: 88s
[gpu0] [ 837/1000] samples:  41850 | chain(game/max/avg): 4/8/4.3 | reward(game/avg): 9620/10045 | 1.87 games/s | ETA: 87s
[gpu0] [ 838/1000] samples:  41900 | chain(game/max/avg): 5/8/4.3 | reward(game/avg): 15940/10052 | 1.87 games/s | ETA: 87s
[gpu0] [ 839/1000] samples:  41950 | chain(game/max/avg): 4/8/4.3 | reward(game/avg): 7180/10049 | 1.87 games/s | ETA: 86s
[gpu0] [ 840/1000] samples:  42000 | chain(game/max/avg): 4/8/4.3 | reward(game/avg): 8120/10047 | 1.87 games/s | ETA: 85s
[gpu0] [ 841/1000] samples:  42050 | chain(game/max/avg): 4/8/4.3 | reward(game/avg): 10440/10047 | 1.88 games/s | ETA: 85s
[gpu0] [ 842/1000] samples:  42100 | chain(game/max/avg): 3/8/4.3 | reward(game/avg): 4140/10040 | 1.88 games/s | ETA: 84s
[gpu0] [ 843/1000] samples:  42150 | chain(game/max/avg): 5/8/4.3 | reward(game/avg): 16920/10048 | 1.88 games/s | ETA: 84s
[gpu0] [ 844/1000] samples:  42200 | chain(game/max/avg): 3/8/4.3 | reward(game/avg): 7400/10045 | 1.88 games/s | ETA: 83s
[gpu0] [ 845/1000] samples:  42250 | chain(game/max/avg): 4/8/4.3 | reward(game/avg): 10460/10046 | 1.88 games/s | ETA: 82s
[gpu0] [ 846/1000] samples:  42300 | chain(game/max/avg): 5/8/4.3 | reward(game/avg): 10800/10047 | 1.89 games/s | ETA: 82s
[gpu0] [ 847/1000] samples:  42350 | chain(game/max/avg): 5/8/4.3 | reward(game/avg): 14440/10052 | 1.89 games/s | ETA: 81s
[gpu0] [ 848/1000] samples:  42400 | chain(game/max/avg): 4/8/4.3 | reward(game/avg): 9280/10051 | 1.89 games/s | ETA: 80s
[gpu0] [ 850/1000] samples:  42500 | chain(game/max/avg): 4/8/4.3 | reward(game/avg): 5900/10048 | 1.90 games/s | ETA: 79s
[gpu0] [ 849/1000] samples:  42450 | chain(game/max/avg): 5/8/4.3 | reward(game/avg): 11820/10053 | 1.89 games/s | ETA: 80s
[gpu0] [ 852/1000] samples:  42600 | chain(game/max/avg): 4/8/4.3 | reward(game/avg): 5980/10047 | 1.90 games/s | ETA: 78s
[gpu0] [ 851/1000] samples:  42550 | chain(game/max/avg): 4/8/4.3 | reward(game/avg): 13290/10052 | 1.90 games/s | ETA: 79s
[gpu0] [ 853/1000] samples:  42650 | chain(game/max/avg): 4/8/4.3 | reward(game/avg): 10040/10047 | 1.90 games/s | ETA: 77s
[gpu0] [ 854/1000] samples:  42700 | chain(game/max/avg): 5/8/4.3 | reward(game/avg): 9720/10047 | 1.90 games/s | ETA: 77s
[gpu0] [ 856/1000] samples:  42800 | chain(game/max/avg): 4/8/4.3 | reward(game/avg): 9420/10043 | 1.91 games/s | ETA: 75s
[gpu0] [ 855/1000] samples:  42800 | chain(game/max/avg): 4/8/4.3 | reward(game/avg): 7700/10055 | 1.91 games/s | ETA: 76s
[gpu0] [ 857/1000] samples:  42850 | chain(game/max/avg): 4/8/4.3 | reward(game/avg): 10340/10044 | 1.91 games/s | ETA: 75s
[gpu0] [ 858/1000] samples:  42900 | chain(game/max/avg): 4/8/4.3 | reward(game/avg): 7960/10041 | 1.91 games/s | ETA: 74s
[gpu0] [ 859/1000] samples:  42950 | chain(game/max/avg): 4/8/4.3 | reward(game/avg): 10000/10041 | 1.92 games/s | ETA: 74s
[gpu0] [ 860/1000] samples:  43000 | chain(game/max/avg): 5/8/4.3 | reward(game/avg): 12340/10044 | 1.92 games/s | ETA: 73s
[gpu0] [ 861/1000] samples:  43050 | chain(game/max/avg): 4/8/4.3 | reward(game/avg): 11330/10045 | 1.92 games/s | ETA: 72s
[gpu0] [ 862/1000] samples:  43100 | chain(game/max/avg): 4/8/4.3 | reward(game/avg): 9560/10045 | 1.92 games/s | ETA: 72s
[gpu0] [ 863/1000] samples:  43150 | chain(game/max/avg): 3/8/4.3 | reward(game/avg): 5680/10040 | 1.92 games/s | ETA: 71s
[gpu0] [ 864/1000] samples:  43200 | chain(game/max/avg): 5/8/4.3 | reward(game/avg): 8660/10038 | 1.93 games/s | ETA: 71s
[gpu0] [ 865/1000] samples:  43250 | chain(game/max/avg): 5/8/4.3 | reward(game/avg): 9320/10037 | 1.93 games/s | ETA: 70s
[gpu0] [ 866/1000] samples:  43300 | chain(game/max/avg): 5/8/4.3 | reward(game/avg): 10740/10038 | 1.93 games/s | ETA: 69s
[gpu0] [ 867/1000] samples:  43350 | chain(game/max/avg): 5/8/4.3 | reward(game/avg): 10380/10038 | 1.93 games/s | ETA: 69s
[gpu0] [ 868/1000] samples:  43400 | chain(game/max/avg): 4/8/4.3 | reward(game/avg): 8340/10036 | 1.94 games/s | ETA: 68s
[gpu0] [ 869/1000] samples:  43450 | chain(game/max/avg): 4/8/4.3 | reward(game/avg): 10600/10037 | 1.94 games/s | ETA: 68s
[gpu0] [ 870/1000] samples:  43500 | chain(game/max/avg): 4/8/4.3 | reward(game/avg): 7820/10035 | 1.94 games/s | ETA: 67s
[gpu0] [ 871/1000] samples:  43550 | chain(game/max/avg): 3/8/4.3 | reward(game/avg): 6320/10030 | 1.94 games/s | ETA: 66s
[gpu0] [ 872/1000] samples:  43600 | chain(game/max/avg): 4/8/4.3 | reward(game/avg): 10260/10031 | 1.94 games/s | ETA: 66s
[gpu0] [ 873/1000] samples:  43650 | chain(game/max/avg): 5/8/4.3 | reward(game/avg): 12080/10033 | 1.95 games/s | ETA: 65s
[gpu0] [ 874/1000] samples:  43700 | chain(game/max/avg): 4/8/4.3 | reward(game/avg): 11000/10034 | 1.95 games/s | ETA: 65s
[gpu0] [ 875/1000] samples:  43750 | chain(game/max/avg): 5/8/4.3 | reward(game/avg): 12350/10037 | 1.95 games/s | ETA: 64s
[gpu0] [ 876/1000] samples:  43850 | chain(game/max/avg): 4/8/4.3 | reward(game/avg): 7260/10051 | 1.95 games/s | ETA: 63s
[gpu0] [ 877/1000] samples:  43850 | chain(game/max/avg): 5/8/4.3 | reward(game/avg): 15580/10040 | 1.96 games/s | ETA: 63s
[gpu0] [ 878/1000] samples:  43900 | chain(game/max/avg): 5/8/4.3 | reward(game/avg): 11460/10041 | 1.96 games/s | ETA: 62s
[gpu0] [ 879/1000] samples:  43950 | chain(game/max/avg): 4/8/4.3 | reward(game/avg): 7810/10039 | 1.96 games/s | ETA: 62s
[gpu0] [ 880/1000] samples:  44000 | chain(game/max/avg): 7/8/4.3 | reward(game/avg): 25020/10056 | 1.96 games/s | ETA: 61s
[gpu0] [ 881/1000] samples:  44050 | chain(game/max/avg): 4/8/4.3 | reward(game/avg): 8760/10054 | 1.96 games/s | ETA: 61s
[gpu0] [ 882/1000] samples:  44100 | chain(game/max/avg): 6/8/4.3 | reward(game/avg): 16700/10062 | 1.97 games/s | ETA: 60s
[gpu0] [ 883/1000] samples:  44150 | chain(game/max/avg): 5/8/4.3 | reward(game/avg): 14400/10067 | 1.97 games/s | ETA: 59s
[gpu0] [ 884/1000] samples:  44200 | chain(game/max/avg): 4/8/4.3 | reward(game/avg): 9580/10066 | 1.97 games/s | ETA: 59s
[gpu0] [ 885/1000] samples:  44250 | chain(game/max/avg): 3/8/4.3 | reward(game/avg): 5480/10061 | 1.97 games/s | ETA: 58s
[gpu0] [ 886/1000] samples:  44300 | chain(game/max/avg): 3/8/4.3 | reward(game/avg): 7060/10058 | 1.98 games/s | ETA: 58s
[gpu0] [ 887/1000] samples:  44350 | chain(game/max/avg): 3/8/4.3 | reward(game/avg): 7720/10055 | 1.98 games/s | ETA: 57s
[gpu0] [ 888/1000] samples:  44400 | chain(game/max/avg): 5/8/4.3 | reward(game/avg): 12760/10058 | 1.98 games/s | ETA: 57s
[gpu0] [ 889/1000] samples:  44450 | chain(game/max/avg): 4/8/4.3 | reward(game/avg): 11060/10059 | 1.98 games/s | ETA: 56s
[gpu0] [ 890/1000] samples:  44500 | chain(game/max/avg): 5/8/4.3 | reward(game/avg): 11010/10060 | 1.98 games/s | ETA: 55s
[gpu0] [ 891/1000] samples:  44550 | chain(game/max/avg): 6/8/4.3 | reward(game/avg): 16030/10067 | 1.99 games/s | ETA: 55s
[gpu0] [ 892/1000] samples:  44600 | chain(game/max/avg): 6/8/4.3 | reward(game/avg): 15420/10073 | 1.99 games/s | ETA: 54s
[gpu0] [ 893/1000] samples:  44650 | chain(game/max/avg): 4/8/4.3 | reward(game/avg): 9870/10073 | 1.99 games/s | ETA: 54s
[gpu0] [ 895/1000] samples:  44750 | chain(game/max/avg): 4/8/4.3 | reward(game/avg): 7540/10067 | 2.00 games/s | ETA: 53s
[gpu0] [ 894/1000] samples:  44700 | chain(game/max/avg): 4/8/4.3 | reward(game/avg): 7280/10070 | 1.99 games/s | ETA: 53s
[gpu0] [ 896/1000] samples:  44800 | chain(game/max/avg): 5/8/4.3 | reward(game/avg): 7580/10064 | 2.00 games/s | ETA: 52s
[gpu0] [ 897/1000] samples:  44850 | chain(game/max/avg): 4/8/4.3 | reward(game/avg): 7660/10061 | 2.00 games/s | ETA: 52s
[gpu0] [ 898/1000] samples:  44900 | chain(game/max/avg): 4/8/4.3 | reward(game/avg): 10370/10062 | 2.00 games/s | ETA: 51s
[gpu0] [ 899/1000] samples:  44950 | chain(game/max/avg): 3/8/4.3 | reward(game/avg): 6780/10058 | 2.00 games/s | ETA: 50s
[gpu0] [ 900/1000] samples:  45000 | chain(game/max/avg): 5/8/4.3 | reward(game/avg): 14320/10063 | 2.01 games/s | ETA: 50s
[gpu0] [ 901/1000] samples:  45050 | chain(game/max/avg): 5/8/4.3 | reward(game/avg): 14020/10067 | 2.01 games/s | ETA: 49s
[gpu0] [ 902/1000] samples:  45100 | chain(game/max/avg): 4/8/4.3 | reward(game/avg): 8420/10065 | 2.01 games/s | ETA: 49s
[gpu0] [ 903/1000] samples:  45150 | chain(game/max/avg): 4/8/4.3 | reward(game/avg): 8540/10064 | 2.01 games/s | ETA: 48s
[gpu0] [ 904/1000] samples:  45200 | chain(game/max/avg): 4/8/4.3 | reward(game/avg): 8480/10062 | 2.01 games/s | ETA: 48s
[gpu0] [ 905/1000] samples:  45250 | chain(game/max/avg): 4/8/4.3 | reward(game/avg): 8220/10060 | 2.02 games/s | ETA: 47s
[gpu0] [ 906/1000] samples:  45300 | chain(game/max/avg): 3/8/4.3 | reward(game/avg): 6490/10056 | 2.02 games/s | ETA: 47s
[gpu0] [ 907/1000] samples:  45350 | chain(game/max/avg): 5/8/4.3 | reward(game/avg): 11880/10058 | 2.02 games/s | ETA: 46s
[gpu0] [ 908/1000] samples:  45400 | chain(game/max/avg): 4/8/4.3 | reward(game/avg): 6450/10054 | 2.02 games/s | ETA: 46s
[gpu0] [ 909/1000] samples:  45450 | chain(game/max/avg): 5/8/4.3 | reward(game/avg): 13160/10058 | 2.02 games/s | ETA: 45s
[gpu0] [ 910/1000] samples:  45500 | chain(game/max/avg): 3/8/4.3 | reward(game/avg): 6200/10053 | 2.02 games/s | ETA: 44s
[gpu0] [ 911/1000] samples:  45550 | chain(game/max/avg): 3/8/4.3 | reward(game/avg): 5270/10048 | 2.03 games/s | ETA: 44s
[gpu0] [ 912/1000] samples:  45600 | chain(game/max/avg): 4/8/4.3 | reward(game/avg): 9220/10047 | 2.03 games/s | ETA: 43s
[gpu0] [ 913/1000] samples:  45650 | chain(game/max/avg): 3/8/4.3 | reward(game/avg): 6600/10043 | 2.03 games/s | ETA: 43s
[gpu0] [ 914/1000] samples:  45700 | chain(game/max/avg): 4/8/4.3 | reward(game/avg): 10750/10044 | 2.03 games/s | ETA: 42s
[gpu0] [ 915/1000] samples:  45750 | chain(game/max/avg): 4/8/4.3 | reward(game/avg): 6650/10040 | 2.03 games/s | ETA: 42s
[gpu0] [ 916/1000] samples:  45800 | chain(game/max/avg): 5/8/4.3 | reward(game/avg): 10760/10041 | 2.04 games/s | ETA: 41s
[gpu0] [ 917/1000] samples:  45850 | chain(game/max/avg): 5/8/4.3 | reward(game/avg): 14420/10046 | 2.04 games/s | ETA: 41s
[gpu0] [ 918/1000] samples:  45900 | chain(game/max/avg): 5/8/4.3 | reward(game/avg): 10340/10046 | 2.04 games/s | ETA: 40s
[gpu0] [ 919/1000] samples:  45950 | chain(game/max/avg): 3/8/4.3 | reward(game/avg): 6280/10042 | 2.04 games/s | ETA: 40s
[gpu0] [ 920/1000] samples:  46000 | chain(game/max/avg): 5/8/4.3 | reward(game/avg): 9540/10042 | 2.05 games/s | ETA: 39s
[gpu0] [ 921/1000] samples:  46050 | chain(game/max/avg): 5/8/4.3 | reward(game/avg): 11880/10044 | 2.05 games/s | ETA: 39s
[gpu0] [ 922/1000] samples:  46100 | chain(game/max/avg): 4/8/4.3 | reward(game/avg): 9200/10043 | 2.05 games/s | ETA: 38s
[gpu0] [ 923/1000] samples:  46150 | chain(game/max/avg): 4/8/4.3 | reward(game/avg): 10500/10043 | 2.05 games/s | ETA: 38s
[gpu0] [ 924/1000] samples:  46200 | chain(game/max/avg): 5/8/4.3 | reward(game/avg): 11860/10045 | 2.05 games/s | ETA: 37s
[gpu0] [ 925/1000] samples:  46250 | chain(game/max/avg): 6/8/4.3 | reward(game/avg): 16720/10052 | 2.06 games/s | ETA: 36s
[gpu0] [ 926/1000] samples:  46300 | chain(game/max/avg): 4/8/4.3 | reward(game/avg): 8980/10051 | 2.06 games/s | ETA: 36s
[gpu0] [ 927/1000] samples:  46350 | chain(game/max/avg): 4/8/4.3 | reward(game/avg): 9200/10050 | 2.06 games/s | ETA: 35s
[gpu0] [ 928/1000] samples:  46400 | chain(game/max/avg): 4/8/4.3 | reward(game/avg): 10840/10051 | 2.06 games/s | ETA: 35s
[gpu0] [ 929/1000] samples:  46450 | chain(game/max/avg): 5/8/4.3 | reward(game/avg): 12140/10053 | 2.07 games/s | ETA: 34s
[gpu0] [ 930/1000] samples:  46500 | chain(game/max/avg): 4/8/4.3 | reward(game/avg): 9060/10052 | 2.07 games/s | ETA: 34s
[gpu0] [ 931/1000] samples:  46550 | chain(game/max/avg): 6/8/4.3 | reward(game/avg): 14660/10057 | 2.07 games/s | ETA: 33s
[gpu0] [ 932/1000] samples:  46600 | chain(game/max/avg): 3/8/4.3 | reward(game/avg): 7860/10055 | 2.07 games/s | ETA: 33s
[gpu0] [ 933/1000] samples:  46650 | chain(game/max/avg): 4/8/4.3 | reward(game/avg): 7460/10052 | 2.07 games/s | ETA: 32s
[gpu0] [ 934/1000] samples:  46700 | chain(game/max/avg): 5/8/4.3 | reward(game/avg): 13310/10056 | 2.08 games/s | ETA: 32s
[gpu0] [ 935/1000] samples:  46750 | chain(game/max/avg): 5/8/4.3 | reward(game/avg): 11660/10057 | 2.08 games/s | ETA: 31s
[gpu0] [ 936/1000] samples:  46800 | chain(game/max/avg): 5/8/4.3 | reward(game/avg): 12550/10060 | 2.08 games/s | ETA: 31s
[gpu0] [ 937/1000] samples:  46850 | chain(game/max/avg): 4/8/4.3 | reward(game/avg): 6580/10056 | 2.08 games/s | ETA: 30s
[gpu0] [ 938/1000] samples:  46900 | chain(game/max/avg): 4/8/4.3 | reward(game/avg): 7300/10053 | 2.08 games/s | ETA: 30s
[gpu0] [ 939/1000] samples:  46950 | chain(game/max/avg): 3/8/4.3 | reward(game/avg): 7300/10050 | 2.09 games/s | ETA: 29s
[gpu0] [ 940/1000] samples:  47000 | chain(game/max/avg): 6/8/4.3 | reward(game/avg): 18780/10060 | 2.09 games/s | ETA: 29s
[gpu0] [ 941/1000] samples:  47050 | chain(game/max/avg): 5/8/4.3 | reward(game/avg): 9000/10059 | 2.09 games/s | ETA: 28s
[gpu0] [ 942/1000] samples:  47100 | chain(game/max/avg): 3/8/4.3 | reward(game/avg): 6160/10054 | 2.09 games/s | ETA: 28s
[gpu0] [ 943/1000] samples:  47150 | chain(game/max/avg): 4/8/4.3 | reward(game/avg): 9750/10054 | 2.09 games/s | ETA: 27s
[gpu0] [ 944/1000] samples:  47200 | chain(game/max/avg): 5/8/4.3 | reward(game/avg): 13900/10058 | 2.09 games/s | ETA: 27s
[gpu0] [ 945/1000] samples:  47300 | chain(game/max/avg): 5/8/4.3 | reward(game/avg): 15120/10074 | 2.09 games/s | ETA: 26s
[gpu0] [ 946/1000] samples:  47300 | chain(game/max/avg): 5/8/4.3 | reward(game/avg): 9600/10063 | 2.10 games/s | ETA: 26s
[gpu0] [ 947/1000] samples:  47350 | chain(game/max/avg): 4/8/4.3 | reward(game/avg): 6540/10059 | 2.10 games/s | ETA: 25s
[gpu0] [ 948/1000] samples:  47400 | chain(game/max/avg): 5/8/4.3 | reward(game/avg): 10880/10060 | 2.10 games/s | ETA: 25s
[gpu0] [ 949/1000] samples:  47450 | chain(game/max/avg): 5/8/4.3 | reward(game/avg): 14340/10065 | 2.10 games/s | ETA: 24s
[gpu0] [ 950/1000] samples:  47500 | chain(game/max/avg): 5/8/4.3 | reward(game/avg): 10500/10065 | 2.10 games/s | ETA: 24s
[gpu0] [ 951/1000] samples:  47550 | chain(game/max/avg): 4/8/4.3 | reward(game/avg): 7280/10062 | 2.11 games/s | ETA: 23s
[gpu0] [ 952/1000] samples:  47600 | chain(game/max/avg): 4/8/4.3 | reward(game/avg): 7350/10059 | 2.11 games/s | ETA: 23s
[gpu0] [ 953/1000] samples:  47650 | chain(game/max/avg): 4/8/4.3 | reward(game/avg): 6400/10056 | 2.11 games/s | ETA: 22s
[gpu0] [ 954/1000] samples:  47700 | chain(game/max/avg): 4/8/4.3 | reward(game/avg): 8840/10054 | 2.11 games/s | ETA: 22s
[gpu0] [ 955/1000] samples:  47750 | chain(game/max/avg): 5/8/4.3 | reward(game/avg): 10680/10055 | 2.11 games/s | ETA: 21s
[gpu0] [ 956/1000] samples:  47800 | chain(game/max/avg): 5/8/4.3 | reward(game/avg): 10600/10056 | 2.12 games/s | ETA: 21s
[gpu0] [ 957/1000] samples:  47850 | chain(game/max/avg): 4/8/4.3 | reward(game/avg): 10360/10056 | 2.12 games/s | ETA: 20s
[gpu0] [ 958/1000] samples:  47900 | chain(game/max/avg): 4/8/4.3 | reward(game/avg): 7380/10053 | 2.12 games/s | ETA: 20s
[gpu0] [ 959/1000] samples:  47950 | chain(game/max/avg): 6/8/4.3 | reward(game/avg): 21140/10065 | 2.12 games/s | ETA: 19s
[gpu0] [ 960/1000] samples:  48000 | chain(game/max/avg): 3/8/4.3 | reward(game/avg): 6540/10061 | 2.13 games/s | ETA: 19s
[gpu0] [ 961/1000] samples:  48050 | chain(game/max/avg): 4/8/4.3 | reward(game/avg): 8760/10060 | 2.13 games/s | ETA: 18s
[gpu0] [ 962/1000] samples:  48100 | chain(game/max/avg): 5/8/4.3 | reward(game/avg): 12300/10062 | 2.13 games/s | ETA: 18s
[gpu0] [ 963/1000] samples:  48150 | chain(game/max/avg): 4/8/4.3 | reward(game/avg): 8070/10060 | 2.13 games/s | ETA: 17s
[gpu0] [ 964/1000] samples:  48200 | chain(game/max/avg): 4/8/4.3 | reward(game/avg): 6690/10056 | 2.13 games/s | ETA: 17s
[gpu0] [ 965/1000] samples:  48250 | chain(game/max/avg): 5/8/4.3 | reward(game/avg): 12440/10059 | 2.14 games/s | ETA: 16s
[gpu0] [ 966/1000] samples:  48300 | chain(game/max/avg): 5/8/4.3 | reward(game/avg): 11160/10060 | 2.14 games/s | ETA: 16s
[gpu0] [ 967/1000] samples:  48350 | chain(game/max/avg): 4/8/4.3 | reward(game/avg): 9120/10059 | 2.14 games/s | ETA: 15s
[gpu0] [ 968/1000] samples:  48400 | chain(game/max/avg): 4/8/4.3 | reward(game/avg): 9780/10059 | 2.14 games/s | ETA: 15s
[gpu0] [ 969/1000] samples:  48450 | chain(game/max/avg): 4/8/4.3 | reward(game/avg): 7730/10056 | 2.14 games/s | ETA: 14s
[gpu0] [ 970/1000] samples:  48500 | chain(game/max/avg): 3/8/4.3 | reward(game/avg): 5680/10052 | 2.15 games/s | ETA: 14s
[gpu0] [ 971/1000] samples:  48550 | chain(game/max/avg): 5/8/4.3 | reward(game/avg): 14800/10057 | 2.15 games/s | ETA: 14s
[gpu0] [ 972/1000] samples:  48600 | chain(game/max/avg): 6/8/4.3 | reward(game/avg): 15280/10062 | 2.15 games/s | ETA: 13s
[gpu0] [ 973/1000] samples:  48650 | chain(game/max/avg): 5/8/4.3 | reward(game/avg): 9880/10062 | 2.15 games/s | ETA: 13s
[gpu0] [ 974/1000] samples:  48700 | chain(game/max/avg): 5/8/4.3 | reward(game/avg): 8900/10061 | 2.15 games/s | ETA: 12s
[gpu0] [ 975/1000] samples:  48750 | chain(game/max/avg): 4/8/4.3 | reward(game/avg): 8740/10059 | 2.16 games/s | ETA: 12s
[gpu0] [ 976/1000] samples:  48800 | chain(game/max/avg): 4/8/4.3 | reward(game/avg): 11130/10060 | 2.16 games/s | ETA: 11s
[gpu0] [ 977/1000] samples:  48850 | chain(game/max/avg): 6/8/4.3 | reward(game/avg): 17110/10068 | 2.16 games/s | ETA: 11s
[gpu0] [ 978/1000] samples:  48900 | chain(game/max/avg): 4/8/4.3 | reward(game/avg): 9330/10067 | 2.16 games/s | ETA: 10s
[gpu0] [ 979/1000] samples:  48950 | chain(game/max/avg): 5/8/4.3 | reward(game/avg): 10500/10067 | 2.16 games/s | ETA: 10s
[gpu0] [ 980/1000] samples:  49000 | chain(game/max/avg): 4/8/4.3 | reward(game/avg): 8710/10066 | 2.17 games/s | ETA: 9s
[gpu0] [ 981/1000] samples:  49050 | chain(game/max/avg): 4/8/4.3 | reward(game/avg): 9040/10065 | 2.17 games/s | ETA: 9s
[gpu0] [ 982/1000] samples:  49100 | chain(game/max/avg): 5/8/4.3 | reward(game/avg): 9740/10065 | 2.17 games/s | ETA: 8s
[gpu0] [ 983/1000] samples:  49150 | chain(game/max/avg): 4/8/4.3 | reward(game/avg): 10960/10065 | 2.17 games/s | ETA: 8s
[gpu0] [ 984/1000] samples:  49200 | chain(game/max/avg): 3/8/4.3 | reward(game/avg): 6120/10061 | 2.17 games/s | ETA: 7s
[gpu0] [ 985/1000] samples:  49250 | chain(game/max/avg): 5/8/4.3 | reward(game/avg): 10820/10062 | 2.18 games/s | ETA: 7s
[gpu0] [ 986/1000] samples:  49300 | chain(game/max/avg): 4/8/4.3 | reward(game/avg): 10670/10063 | 2.18 games/s | ETA: 6s
[gpu0] [ 987/1000] samples:  49350 | chain(game/max/avg): 6/8/4.3 | reward(game/avg): 14890/10068 | 2.18 games/s | ETA: 6s
[gpu0] [ 988/1000] samples:  49400 | chain(game/max/avg): 5/8/4.3 | reward(game/avg): 9770/10067 | 2.18 games/s | ETA: 5s
[gpu0] [ 989/1000] samples:  49450 | chain(game/max/avg): 4/8/4.3 | reward(game/avg): 8820/10066 | 2.18 games/s | ETA: 5s
[gpu0] [ 990/1000] samples:  49500 | chain(game/max/avg): 5/8/4.3 | reward(game/avg): 14530/10071 | 2.19 games/s | ETA: 5s
[gpu0] [ 991/1000] samples:  49550 | chain(game/max/avg): 4/8/4.3 | reward(game/avg): 8560/10069 | 2.19 games/s | ETA: 4s
[gpu0] [ 992/1000] samples:  49600 | chain(game/max/avg): 4/8/4.3 | reward(game/avg): 9440/10069 | 2.19 games/s | ETA: 4s
[gpu0] [ 993/1000] samples:  49650 | chain(game/max/avg): 4/8/4.3 | reward(game/avg): 9860/10068 | 2.19 games/s | ETA: 3s
[gpu0] [ 994/1000] samples:  49700 | chain(game/max/avg): 5/8/4.3 | reward(game/avg): 12410/10071 | 2.19 games/s | ETA: 3s
[gpu0] [ 995/1000] samples:  49750 | chain(game/max/avg): 5/8/4.3 | reward(game/avg): 12760/10073 | 2.20 games/s | ETA: 2s
[gpu0] [ 996/1000] samples:  49800 | chain(game/max/avg): 6/8/4.3 | reward(game/avg): 15000/10078 | 2.20 games/s | ETA: 2s
[gpu0] [ 997/1000] samples:  49850 | chain(game/max/avg): 4/8/4.3 | reward(game/avg): 6980/10075 | 2.20 games/s | ETA: 1s
[gpu0] [ 998/1000] samples:  49900 | chain(game/max/avg): 3/8/4.3 | reward(game/avg): 6880/10072 | 2.20 games/s | ETA: 1s
[gpu0] [ 999/1000] samples:  49950 | chain(game/max/avg): 4/8/4.3 | reward(game/avg): 8800/10071 | 2.20 games/s | ETA: 0s
[gpu0] [1000/1000] samples:  50000 | chain(game/max/avg): 5/8/4.3 | reward(game/avg): 9140/10070 | 2.20 games/s | ETA: 0s
[gpu0] Self-play complete: 1000 games, 50000 samples, max chain: 8
[gpu0] Saved to runs/rtx5090-3/data/alphazero_iter_6_gpu0.bin
[2026-04-06 00:02:27] Train start (AlphaZero mode, replay buffer, global_step=5000)
    Finished `release` profile [optimized] target(s) in 0.32s
     Running `target/release/train --alphazero --data-dir runs/rtx5090-3/data --global-step 5000 --model-path runs/rtx5090-3/artifacts/puyo_model --artifacts-dir runs/rtx5090-3/artifacts --batch-size 2048 --accum-steps 1 --cols 6 --rows 14 --num-colors 4 --residual-channels 128 --num-blocks 6 --policy-conv-channels 2 --value-conv-channels 1 --value-hidden 64 --film-hidden 128 --lr-stages '0:0.2,100000:0.02,300000:0.002,500000:0.0002'`
Backend: CUDA (GPU)
Game config: cols=6, rows=14, num_colors=4
Net config: residual_channels=128, num_blocks=6
Mode: AlphaZero (Policy CE + Value MSE)
Loading AlphaZero datasets from runs/rtx5090-3/data...
Found 6 data files
  Loaded 50000 samples from runs/rtx5090-3/data/alphazero_iter_1_gpu0.bin
  Loaded 49982 samples from runs/rtx5090-3/data/alphazero_iter_2_gpu0.bin
  Loaded 50000 samples from runs/rtx5090-3/data/alphazero_iter_3_gpu0.bin
  Loaded 50000 samples from runs/rtx5090-3/data/alphazero_iter_4_gpu0.bin
  Loaded 50000 samples from runs/rtx5090-3/data/alphazero_iter_5_gpu0.bin
  Loaded 50000 samples from runs/rtx5090-3/data/alphazero_iter_6_gpu0.bin
Loaded 299982 total samples
Train: 299982 samples (color augmented on-the-fly, no val split)
Loaded existing model from runs/rtx5090-3/artifacts/puyo_model
AlphaZero training: 1000 steps, global_step=5000, LR 2e-1 (end ~2e-1), batch_size=2048, accum_steps=1, effective_batch=2048
  step 50/1000 p_loss=2.6950 v_loss=2.6154 lr=0.200000  step 100/1000 p_loss=2.6978 v_loss=2.6204 lr=0.200000  step 150/1000 p_loss=2.6976 v_loss=2.6248 lr=0.200000  step 200/1000 p_loss=2.6973 v_loss=2.6230 lr=0.200000  step 250/1000 p_loss=2.6976 v_loss=2.6202 lr=0.200000  step 300/1000 p_loss=2.6967 v_loss=2.6139 lr=0.200000  step 350/1000 p_loss=2.6961 v_loss=2.6144 lr=0.200000  step 400/1000 p_loss=2.6955 v_loss=2.6170 lr=0.200000  step 450/1000 p_loss=2.6951 v_loss=2.6162 lr=0.200000  step 500/1000 p_loss=2.6945 v_loss=2.6145 lr=0.200000  step 550/1000 p_loss=2.6939 v_loss=2.6128 lr=0.200000  step 600/1000 p_loss=2.6935 v_loss=2.6135 lr=0.200000  step 650/1000 p_loss=2.6927 v_loss=2.6113 lr=0.200000  step 700/1000 p_loss=2.6923 v_loss=2.6094 lr=0.200000  step 750/1000 p_loss=2.6915 v_loss=2.6084 lr=0.200000  step 800/1000 p_loss=2.6910 v_loss=2.6089 lr=0.200000  step 850/1000 p_loss=2.6906 v_loss=2.6094 lr=0.200000  step 900/1000 p_loss=2.6899 v_loss=2.6098 lr=0.200000  step 950/1000 p_loss=2.6893 v_loss=2.6087 lr=0.200000  step 1000/1000 p_loss=2.6886 v_loss=2.6082 lr=0.200000
Model metadata saved to runs/rtx5090-3/artifacts/puyo_model.config.json
AlphaZero training complete. final train_loss(p=2.688636, v=2.608155) global_step=6000
[2026-04-06 00:06:13] === Iteration 6 complete ===
[2026-04-06 00:06:13] --- Iteration 7 (sims=512, global_step=6000) ---
[2026-04-06 00:06:13] Self-play start (m=24, c_visit=50.0, num_gpus=1, games_per_gpu=1000, total=1000)
[gpu0]     Finished `release` profile [optimized] target(s) in 0.30s
[gpu0]      Running `target/release/self-play --games 1000 --simulations 512 --c-puct-init 1.5 --c-puct-base 19652.0 --m 24 --c-visit 50.0 --gamma 0.95 --min-chain 0 --threads 512 --batch-size 2048 --num-leaves 1 --model-path runs/rtx5090-3/artifacts/puyo_model --cols 6 --rows 14 --num-colors 4 --residual-channels 128 --num-blocks 6 --policy-conv-channels 2 --value-conv-channels 1 --value-hidden 64 --film-hidden 128 --output runs/rtx5090-3/data/alphazero_iter_7_gpu0.bin`
[gpu0] games=1000, simulations=512, c_puct_init=1.5, c_puct_base=19652, m=24, c_visit=50, gamma=0.95, num_leaves=1, min_chain=0
[gpu0] Game config: cols=6, rows=14, num_colors=4, residual_channels=128, num_blocks=6, policy_conv_ch=2, value_conv_ch=1, value_hidden=64, film_hidden=128
[gpu0] Backend: Cuda (GPU) — Gumbel MCTS self-play (batched)
[gpu0] Loaded existing model from runs/rtx5090-3/artifacts/puyo_model
[gpu0] Using 512 game threads, max_batch_size=2048
[gpu0] [   1/1000] samples:     50 | chain(game/max/avg): 6/6/6.0 | reward(game/avg): 17380/17380 | 0.00 games/s | ETA: 223012s
[gpu0] [   2/1000] samples:    100 | chain(game/max/avg): 6/6/6.0 | reward(game/avg): 15280/16330 | 0.01 games/s | ETA: 111505s
[gpu0] [   3/1000] samples:    150 | chain(game/max/avg): 4/6/5.3 | reward(game/avg): 9920/14193 | 0.01 games/s | ETA: 74282s
[gpu0] [   4/1000] samples:    200 | chain(game/max/avg): 5/6/5.2 | reward(game/avg): 12140/13680 | 0.02 games/s | ETA: 55706s
[gpu0] [   5/1000] samples:    250 | chain(game/max/avg): 4/6/5.0 | reward(game/avg): 8300/12604 | 0.02 games/s | ETA: 44520s
[gpu0] [   6/1000] samples:    300 | chain(game/max/avg): 5/6/5.0 | reward(game/avg): 11380/12400 | 0.03 games/s | ETA: 37074s
[gpu0] [   7/1000] samples:    350 | chain(game/max/avg): 4/6/4.9 | reward(game/avg): 8760/11880 | 0.03 games/s | ETA: 31764s
[gpu0] [   8/1000] samples:    400 | chain(game/max/avg): 5/6/4.9 | reward(game/avg): 14790/12244 | 0.04 games/s | ETA: 27766s
[gpu0] [   9/1000] samples:    450 | chain(game/max/avg): 4/6/4.8 | reward(game/avg): 10680/12070 | 0.04 games/s | ETA: 24657s
[gpu0] [  10/1000] samples:    500 | chain(game/max/avg): 5/6/4.8 | reward(game/avg): 10380/11901 | 0.04 games/s | ETA: 22185s
[gpu0] [  11/1000] samples:    550 | chain(game/max/avg): 3/6/4.6 | reward(game/avg): 4720/11248 | 0.05 games/s | ETA: 20154s
[gpu0] [  12/1000] samples:    600 | chain(game/max/avg): 5/6/4.7 | reward(game/avg): 11940/11306 | 0.05 games/s | ETA: 18461s
[gpu0] [  13/1000] samples:    650 | chain(game/max/avg): 5/6/4.7 | reward(game/avg): 11820/11345 | 0.06 games/s | ETA: 17027s
[gpu0] [  14/1000] samples:    700 | chain(game/max/avg): 4/6/4.6 | reward(game/avg): 9110/11186 | 0.06 games/s | ETA: 15796s
[gpu0] [  15/1000] samples:    750 | chain(game/max/avg): 5/6/4.7 | reward(game/avg): 14080/11379 | 0.07 games/s | ETA: 14731s
[gpu0] [  16/1000] samples:    800 | chain(game/max/avg): 4/6/4.6 | reward(game/avg): 8380/11191 | 0.07 games/s | ETA: 13796s
[gpu0] [  17/1000] samples:    850 | chain(game/max/avg): 4/6/4.6 | reward(game/avg): 9090/11068 | 0.08 games/s | ETA: 12972s
[gpu0] [  18/1000] samples:    900 | chain(game/max/avg): 5/6/4.6 | reward(game/avg): 9820/10998 | 0.08 games/s | ETA: 12239s
[gpu0] [  19/1000] samples:    950 | chain(game/max/avg): 4/6/4.6 | reward(game/avg): 11470/11023 | 0.08 games/s | ETA: 11585s
[gpu0] [  20/1000] samples:   1000 | chain(game/max/avg): 4/6/4.5 | reward(game/avg): 9940/10969 | 0.09 games/s | ETA: 10996s
[gpu0] [  21/1000] samples:   1050 | chain(game/max/avg): 5/6/4.6 | reward(game/avg): 12140/11025 | 0.09 games/s | ETA: 10462s
[gpu0] [  22/1000] samples:   1100 | chain(game/max/avg): 4/6/4.5 | reward(game/avg): 10200/10987 | 0.10 games/s | ETA: 9976s
[gpu0] [  23/1000] samples:   1150 | chain(game/max/avg): 5/6/4.6 | reward(game/avg): 12100/11036 | 0.10 games/s | ETA: 9533s
[gpu0] [  24/1000] samples:   1200 | chain(game/max/avg): 3/6/4.5 | reward(game/avg): 8060/10912 | 0.11 games/s | ETA: 9127s
[gpu0] [  25/1000] samples:   1250 | chain(game/max/avg): 5/6/4.5 | reward(game/avg): 9640/10861 | 0.11 games/s | ETA: 8753s
[gpu0] [  26/1000] samples:   1300 | chain(game/max/avg): 3/6/4.5 | reward(game/avg): 5320/10648 | 0.12 games/s | ETA: 8408s
[gpu0] [  27/1000] samples:   1350 | chain(game/max/avg): 3/6/4.4 | reward(game/avg): 9340/10599 | 0.12 games/s | ETA: 8088s
[gpu0] [  28/1000] samples:   1400 | chain(game/max/avg): 4/6/4.4 | reward(game/avg): 9220/10550 | 0.12 games/s | ETA: 7791s
[gpu0] [  29/1000] samples:   1450 | chain(game/max/avg): 5/6/4.4 | reward(game/avg): 13110/10638 | 0.13 games/s | ETA: 7515s
[gpu0] [  30/1000] samples:   1500 | chain(game/max/avg): 5/6/4.4 | reward(game/avg): 12290/10693 | 0.13 games/s | ETA: 7257s
[gpu0] [  31/1000] samples:   1550 | chain(game/max/avg): 3/6/4.4 | reward(game/avg): 7250/10582 | 0.14 games/s | ETA: 7016s
[gpu0] [  32/1000] samples:   1600 | chain(game/max/avg): 3/6/4.3 | reward(game/avg): 6410/10452 | 0.14 games/s | ETA: 6790s
[gpu0] [  33/1000] samples:   1650 | chain(game/max/avg): 4/6/4.3 | reward(game/avg): 9300/10417 | 0.15 games/s | ETA: 6577s
[gpu0] [  34/1000] samples:   1700 | chain(game/max/avg): 6/6/4.4 | reward(game/avg): 17460/10624 | 0.15 games/s | ETA: 6377s
[gpu0] [  35/1000] samples:   1750 | chain(game/max/avg): 4/6/4.4 | reward(game/avg): 9560/10594 | 0.16 games/s | ETA: 6188s
[gpu0] [  36/1000] samples:   1800 | chain(game/max/avg): 3/6/4.3 | reward(game/avg): 5180/10443 | 0.16 games/s | ETA: 6011s
[gpu0] [  37/1000] samples:   1850 | chain(game/max/avg): 3/6/4.3 | reward(game/avg): 6520/10337 | 0.16 games/s | ETA: 5842s
[gpu0] [  38/1000] samples:   1900 | chain(game/max/avg): 6/6/4.3 | reward(game/avg): 22970/10670 | 0.17 games/s | ETA: 5682s
[gpu0] [  39/1000] samples:   1950 | chain(game/max/avg): 5/6/4.4 | reward(game/avg): 13090/10732 | 0.17 games/s | ETA: 5531s
[gpu0] [  40/1000] samples:   2000 | chain(game/max/avg): 4/6/4.3 | reward(game/avg): 9740/10707 | 0.18 games/s | ETA: 5387s
[gpu0] [  41/1000] samples:   2050 | chain(game/max/avg): 5/6/4.4 | reward(game/avg): 10830/10710 | 0.18 games/s | ETA: 5250s
[gpu0] [  42/1000] samples:   2100 | chain(game/max/avg): 4/6/4.4 | reward(game/avg): 10490/10705 | 0.19 games/s | ETA: 5120s
[gpu0] [  43/1000] samples:   2150 | chain(game/max/avg): 4/6/4.3 | reward(game/avg): 8000/10642 | 0.19 games/s | ETA: 4996s
[gpu0] [  44/1000] samples:   2200 | chain(game/max/avg): 4/6/4.3 | reward(game/avg): 7260/10565 | 0.20 games/s | ETA: 4877s
[gpu0] [  45/1000] samples:   2250 | chain(game/max/avg): 4/6/4.3 | reward(game/avg): 11900/10595 | 0.20 games/s | ETA: 4764s
[gpu0] [  46/1000] samples:   2300 | chain(game/max/avg): 4/6/4.3 | reward(game/avg): 7060/10518 | 0.20 games/s | ETA: 4655s
[gpu0] [  47/1000] samples:   2350 | chain(game/max/avg): 3/6/4.3 | reward(game/avg): 6780/10438 | 0.21 games/s | ETA: 4552s
[gpu0] [  48/1000] samples:   2400 | chain(game/max/avg): 4/6/4.3 | reward(game/avg): 8930/10407 | 0.21 games/s | ETA: 4452s
[gpu0] [  49/1000] samples:   2450 | chain(game/max/avg): 4/6/4.3 | reward(game/avg): 9240/10383 | 0.22 games/s | ETA: 4357s
[gpu0] [  50/1000] samples:   2500 | chain(game/max/avg): 6/6/4.3 | reward(game/avg): 14260/10461 | 0.22 games/s | ETA: 4265s
[gpu0] [  51/1000] samples:   2550 | chain(game/max/avg): 3/6/4.3 | reward(game/avg): 7100/10395 | 0.23 games/s | ETA: 4177s
[gpu0] [  52/1000] samples:   2600 | chain(game/max/avg): 6/6/4.3 | reward(game/avg): 14080/10466 | 0.23 games/s | ETA: 4092s
[gpu0] [  53/1000] samples:   2650 | chain(game/max/avg): 4/6/4.3 | reward(game/avg): 9100/10440 | 0.24 games/s | ETA: 4011s
[gpu0] [  54/1000] samples:   2700 | chain(game/max/avg): 5/6/4.3 | reward(game/avg): 16600/10554 | 0.24 games/s | ETA: 3933s
[gpu0] [  55/1000] samples:   2750 | chain(game/max/avg): 5/6/4.3 | reward(game/avg): 13510/10608 | 0.25 games/s | ETA: 3857s
[gpu0] [  56/1000] samples:   2800 | chain(game/max/avg): 4/6/4.3 | reward(game/avg): 11100/10616 | 0.25 games/s | ETA: 3784s
[gpu0] [  57/1000] samples:   2850 | chain(game/max/avg): 4/6/4.3 | reward(game/avg): 11430/10631 | 0.25 games/s | ETA: 3714s
[gpu0] [  58/1000] samples:   2900 | chain(game/max/avg): 5/6/4.3 | reward(game/avg): 10820/10634 | 0.26 games/s | ETA: 3646s
[gpu0] [  59/1000] samples:   2950 | chain(game/max/avg): 4/6/4.3 | reward(game/avg): 10540/10632 | 0.26 games/s | ETA: 3580s
[gpu0] [  60/1000] samples:   3000 | chain(game/max/avg): 6/6/4.4 | reward(game/avg): 15840/10719 | 0.27 games/s | ETA: 3517s
[gpu0] [  61/1000] samples:   3050 | chain(game/max/avg): 5/6/4.4 | reward(game/avg): 12950/10756 | 0.27 games/s | ETA: 3456s
[gpu0] [  62/1000] samples:   3100 | chain(game/max/avg): 4/6/4.4 | reward(game/avg): 9870/10741 | 0.28 games/s | ETA: 3396s
[gpu0] [  63/1000] samples:   3150 | chain(game/max/avg): 4/6/4.4 | reward(game/avg): 10960/10745 | 0.28 games/s | ETA: 3339s
[gpu0] [  64/1000] samples:   3200 | chain(game/max/avg): 5/6/4.4 | reward(game/avg): 14880/10810 | 0.29 games/s | ETA: 3283s
[gpu0] [  65/1000] samples:   3250 | chain(game/max/avg): 3/6/4.4 | reward(game/avg): 6320/10740 | 0.29 games/s | ETA: 3229s
[gpu0] [  66/1000] samples:   3300 | chain(game/max/avg): 4/6/4.3 | reward(game/avg): 11780/10756 | 0.29 games/s | ETA: 3177s
[gpu0] [  67/1000] samples:   3350 | chain(game/max/avg): 4/6/4.3 | reward(game/avg): 9200/10733 | 0.30 games/s | ETA: 3126s
[gpu0] [  68/1000] samples:   3400 | chain(game/max/avg): 4/6/4.3 | reward(game/avg): 6180/10666 | 0.30 games/s | ETA: 3077s
[gpu0] [  69/1000] samples:   3450 | chain(game/max/avg): 5/6/4.3 | reward(game/avg): 12400/10691 | 0.31 games/s | ETA: 3029s
[gpu0] [  70/1000] samples:   3500 | chain(game/max/avg): 5/6/4.4 | reward(game/avg): 11040/10696 | 0.31 games/s | ETA: 2983s
[gpu0] [  71/1000] samples:   3550 | chain(game/max/avg): 3/6/4.3 | reward(game/avg): 6760/10641 | 0.32 games/s | ETA: 2937s
[gpu0] [  72/1000] samples:   3600 | chain(game/max/avg): 4/6/4.3 | reward(game/avg): 8230/10607 | 0.32 games/s | ETA: 2893s
[gpu0] [  73/1000] samples:   3650 | chain(game/max/avg): 4/6/4.3 | reward(game/avg): 6510/10551 | 0.33 games/s | ETA: 2851s
[gpu0] [  74/1000] samples:   3700 | chain(game/max/avg): 5/6/4.3 | reward(game/avg): 11700/10567 | 0.33 games/s | ETA: 2809s
[gpu0] [  75/1000] samples:   3750 | chain(game/max/avg): 4/6/4.3 | reward(game/avg): 9160/10548 | 0.33 games/s | ETA: 2769s
[gpu0] [  76/1000] samples:   3800 | chain(game/max/avg): 4/6/4.3 | reward(game/avg): 7240/10504 | 0.34 games/s | ETA: 2729s
[gpu0] [  77/1000] samples:   3850 | chain(game/max/avg): 4/6/4.3 | reward(game/avg): 12660/10532 | 0.34 games/s | ETA: 2691s
[gpu0] [  78/1000] samples:   3900 | chain(game/max/avg): 5/6/4.3 | reward(game/avg): 15860/10601 | 0.35 games/s | ETA: 2654s
[gpu0] [  79/1000] samples:   3950 | chain(game/max/avg): 3/6/4.3 | reward(game/avg): 5960/10542 | 0.35 games/s | ETA: 2617s
[gpu0] [  80/1000] samples:   4000 | chain(game/max/avg): 5/6/4.3 | reward(game/avg): 14260/10588 | 0.36 games/s | ETA: 2582s
[gpu0] [  81/1000] samples:   4050 | chain(game/max/avg): 4/6/4.3 | reward(game/avg): 7860/10555 | 0.36 games/s | ETA: 2547s
[gpu0] [  82/1000] samples:   4100 | chain(game/max/avg): 4/6/4.3 | reward(game/avg): 7980/10523 | 0.37 games/s | ETA: 2513s
[gpu0] [  83/1000] samples:   4150 | chain(game/max/avg): 6/6/4.3 | reward(game/avg): 13560/10560 | 0.37 games/s | ETA: 2480s
[gpu0] [  84/1000] samples:   4200 | chain(game/max/avg): 5/6/4.3 | reward(game/avg): 10050/10554 | 0.37 games/s | ETA: 2448s
[gpu0] [  85/1000] samples:   4250 | chain(game/max/avg): 5/6/4.4 | reward(game/avg): 12340/10575 | 0.38 games/s | ETA: 2417s
[gpu0] [  86/1000] samples:   4300 | chain(game/max/avg): 3/6/4.3 | reward(game/avg): 6070/10522 | 0.38 games/s | ETA: 2386s
[gpu0] [  87/1000] samples:   4350 | chain(game/max/avg): 5/6/4.3 | reward(game/avg): 16140/10587 | 0.39 games/s | ETA: 2356s
[gpu0] [  88/1000] samples:   4400 | chain(game/max/avg): 4/6/4.3 | reward(game/avg): 10530/10586 | 0.39 games/s | ETA: 2327s
[gpu0] [  89/1000] samples:   4450 | chain(game/max/avg): 4/6/4.3 | reward(game/avg): 10170/10582 | 0.40 games/s | ETA: 2298s
[gpu0] [  90/1000] samples:   4500 | chain(game/max/avg): 4/6/4.3 | reward(game/avg): 8560/10559 | 0.40 games/s | ETA: 2270s
[gpu0] [  91/1000] samples:   4550 | chain(game/max/avg): 5/6/4.3 | reward(game/avg): 10840/10562 | 0.41 games/s | ETA: 2243s
[gpu0] [  92/1000] samples:   4600 | chain(game/max/avg): 3/6/4.3 | reward(game/avg): 7900/10533 | 0.41 games/s | ETA: 2216s
[gpu0] [  93/1000] samples:   4650 | chain(game/max/avg): 3/6/4.3 | reward(game/avg): 8120/10507 | 0.41 games/s | ETA: 2190s
[gpu0] [  94/1000] samples:   4700 | chain(game/max/avg): 5/6/4.3 | reward(game/avg): 12140/10525 | 0.42 games/s | ETA: 2164s
[gpu0] [  95/1000] samples:   4750 | chain(game/max/avg): 4/6/4.3 | reward(game/avg): 9400/10513 | 0.42 games/s | ETA: 2139s
[gpu0] [  96/1000] samples:   4800 | chain(game/max/avg): 4/6/4.3 | reward(game/avg): 8850/10496 | 0.43 games/s | ETA: 2114s
[gpu0] [  97/1000] samples:   4850 | chain(game/max/avg): 4/6/4.3 | reward(game/avg): 7950/10469 | 0.43 games/s | ETA: 2090s
[gpu0] [  98/1000] samples:   4900 | chain(game/max/avg): 5/6/4.3 | reward(game/avg): 9550/10460 | 0.44 games/s | ETA: 2067s
[gpu0] [  99/1000] samples:   4950 | chain(game/max/avg): 4/6/4.3 | reward(game/avg): 9840/10454 | 0.44 games/s | ETA: 2043s
[gpu0] [ 100/1000] samples:   5000 | chain(game/max/avg): 4/6/4.3 | reward(game/avg): 9200/10441 | 0.45 games/s | ETA: 2021s
[gpu0] [ 101/1000] samples:   5050 | chain(game/max/avg): 4/6/4.3 | reward(game/avg): 7220/10409 | 0.45 games/s | ETA: 1999s
[gpu0] [ 102/1000] samples:   5100 | chain(game/max/avg): 5/6/4.3 | reward(game/avg): 9860/10404 | 0.45 games/s | ETA: 1977s
[gpu0] [ 103/1000] samples:   5150 | chain(game/max/avg): 6/6/4.3 | reward(game/avg): 18880/10486 | 0.46 games/s | ETA: 1955s
[gpu0] [ 104/1000] samples:   5200 | chain(game/max/avg): 5/6/4.3 | reward(game/avg): 12140/10502 | 0.46 games/s | ETA: 1934s
[gpu0] [ 105/1000] samples:   5250 | chain(game/max/avg): 4/6/4.3 | reward(game/avg): 8420/10482 | 0.47 games/s | ETA: 1914s
[gpu0] [ 106/1000] samples:   5300 | chain(game/max/avg): 4/6/4.3 | reward(game/avg): 8980/10468 | 0.47 games/s | ETA: 1894s
[gpu0] [ 107/1000] samples:   5350 | chain(game/max/avg): 4/6/4.3 | reward(game/avg): 8990/10454 | 0.48 games/s | ETA: 1874s
[gpu0] [ 108/1000] samples:   5400 | chain(game/max/avg): 4/6/4.3 | reward(game/avg): 9250/10443 | 0.48 games/s | ETA: 1855s
[gpu0] [ 109/1000] samples:   5450 | chain(game/max/avg): 5/6/4.3 | reward(game/avg): 11100/10449 | 0.49 games/s | ETA: 1835s
[gpu0] [ 110/1000] samples:   5500 | chain(game/max/avg): 5/6/4.3 | reward(game/avg): 12480/10468 | 0.49 games/s | ETA: 1817s
[gpu0] [ 111/1000] samples:   5550 | chain(game/max/avg): 4/6/4.3 | reward(game/avg): 8810/10453 | 0.49 games/s | ETA: 1798s
[gpu0] [ 112/1000] samples:   5600 | chain(game/max/avg): 4/6/4.3 | reward(game/avg): 10940/10457 | 0.50 games/s | ETA: 1780s
[gpu0] [ 113/1000] samples:   5650 | chain(game/max/avg): 5/6/4.3 | reward(game/avg): 15000/10497 | 0.50 games/s | ETA: 1763s
[gpu0] [ 114/1000] samples:   5700 | chain(game/max/avg): 4/6/4.3 | reward(game/avg): 6680/10464 | 0.51 games/s | ETA: 1745s
[gpu0] [ 115/1000] samples:   5750 | chain(game/max/avg): 5/6/4.3 | reward(game/avg): 10500/10464 | 0.51 games/s | ETA: 1728s
[gpu0] [ 116/1000] samples:   5800 | chain(game/max/avg): 5/6/4.3 | reward(game/avg): 12420/10481 | 0.52 games/s | ETA: 1711s
[gpu0] [ 117/1000] samples:   5850 | chain(game/max/avg): 5/6/4.4 | reward(game/avg): 8760/10466 | 0.52 games/s | ETA: 1695s
[gpu0] [ 118/1000] samples:   5900 | chain(game/max/avg): 5/6/4.4 | reward(game/avg): 12630/10485 | 0.53 games/s | ETA: 1678s
[gpu0] [ 119/1000] samples:   5950 | chain(game/max/avg): 3/6/4.3 | reward(game/avg): 6560/10452 | 0.53 games/s | ETA: 1662s
[gpu0] [ 120/1000] samples:   6000 | chain(game/max/avg): 4/6/4.3 | reward(game/avg): 13960/10481 | 0.53 games/s | ETA: 1647s
[gpu0] [ 121/1000] samples:   6050 | chain(game/max/avg): 4/6/4.3 | reward(game/avg): 9310/10471 | 0.54 games/s | ETA: 1631s
[gpu0] [ 122/1000] samples:   6100 | chain(game/max/avg): 5/6/4.3 | reward(game/avg): 13750/10498 | 0.54 games/s | ETA: 1616s
[gpu0] [ 123/1000] samples:   6150 | chain(game/max/avg): 4/6/4.3 | reward(game/avg): 8110/10479 | 0.55 games/s | ETA: 1601s
[gpu0] [ 124/1000] samples:   6200 | chain(game/max/avg): 4/6/4.3 | reward(game/avg): 11180/10484 | 0.55 games/s | ETA: 1586s
[gpu0] [ 125/1000] samples:   6250 | chain(game/max/avg): 4/6/4.3 | reward(game/avg): 8040/10465 | 0.56 games/s | ETA: 1572s
[gpu0] [ 126/1000] samples:   6300 | chain(game/max/avg): 6/6/4.3 | reward(game/avg): 15540/10505 | 0.56 games/s | ETA: 1558s
[gpu0] [ 127/1000] samples:   6350 | chain(game/max/avg): 4/6/4.3 | reward(game/avg): 7010/10477 | 0.57 games/s | ETA: 1544s
[gpu0] [ 128/1000] samples:   6400 | chain(game/max/avg): 5/6/4.4 | reward(game/avg): 11460/10485 | 0.57 games/s | ETA: 1530s
[gpu0] [ 129/1000] samples:   6450 | chain(game/max/avg): 6/6/4.4 | reward(game/avg): 13580/10509 | 0.57 games/s | ETA: 1516s
[gpu0] [ 130/1000] samples:   6500 | chain(game/max/avg): 3/6/4.4 | reward(game/avg): 7200/10484 | 0.58 games/s | ETA: 1503s
[gpu0] [ 131/1000] samples:   6550 | chain(game/max/avg): 5/6/4.4 | reward(game/avg): 12100/10496 | 0.58 games/s | ETA: 1490s
[gpu0] [ 132/1000] samples:   6600 | chain(game/max/avg): 4/6/4.4 | reward(game/avg): 8230/10479 | 0.59 games/s | ETA: 1477s
[gpu0] [ 133/1000] samples:   6650 | chain(game/max/avg): 4/6/4.4 | reward(game/avg): 9130/10469 | 0.59 games/s | ETA: 1464s
[gpu0] [ 134/1000] samples:   6700 | chain(game/max/avg): 4/6/4.4 | reward(game/avg): 7400/10446 | 0.60 games/s | ETA: 1451s
[gpu0] [ 136/1000] samples:   6800 | chain(game/max/avg): 3/6/4.3 | reward(game/avg): 6500/10437 | 0.61 games/s | ETA: 1427s
[gpu0] [ 137/1000] samples:   6850 | chain(game/max/avg): 5/6/4.4 | reward(game/avg): 11550/10445 | 0.61 games/s | ETA: 1415s
[gpu0] [ 135/1000] samples:   6750 | chain(game/max/avg): 5/6/4.4 | reward(game/avg): 13160/10466 | 0.60 games/s | ETA: 1439s
[gpu0] [ 138/1000] samples:   6900 | chain(game/max/avg): 3/6/4.3 | reward(game/avg): 6930/10419 | 0.61 games/s | ETA: 1403s
[gpu0] [ 139/1000] samples:   6950 | chain(game/max/avg): 4/6/4.3 | reward(game/avg): 10020/10417 | 0.62 games/s | ETA: 1391s
[gpu0] [ 140/1000] samples:   7000 | chain(game/max/avg): 4/6/4.3 | reward(game/avg): 11330/10423 | 0.62 games/s | ETA: 1379s
[gpu0] [ 141/1000] samples:   7050 | chain(game/max/avg): 4/6/4.3 | reward(game/avg): 9400/10416 | 0.63 games/s | ETA: 1368s
[gpu0] [ 142/1000] samples:   7100 | chain(game/max/avg): 4/6/4.3 | reward(game/avg): 7920/10398 | 0.63 games/s | ETA: 1357s
[gpu0] [ 143/1000] samples:   7150 | chain(game/max/avg): 3/6/4.3 | reward(game/avg): 7550/10378 | 0.64 games/s | ETA: 1346s
[gpu0] [ 144/1000] samples:   7200 | chain(game/max/avg): 5/6/4.3 | reward(game/avg): 11520/10386 | 0.64 games/s | ETA: 1335s
[gpu0] [ 145/1000] samples:   7250 | chain(game/max/avg): 5/6/4.3 | reward(game/avg): 15280/10420 | 0.65 games/s | ETA: 1324s
[gpu0] [ 146/1000] samples:   7300 | chain(game/max/avg): 5/6/4.3 | reward(game/avg): 14510/10448 | 0.65 games/s | ETA: 1314s
[gpu0] [ 147/1000] samples:   7350 | chain(game/max/avg): 4/6/4.3 | reward(game/avg): 8940/10438 | 0.65 games/s | ETA: 1303s
[gpu0] [ 148/1000] samples:   7400 | chain(game/max/avg): 5/6/4.3 | reward(game/avg): 11920/10448 | 0.66 games/s | ETA: 1293s
[gpu0] [ 149/1000] samples:   7450 | chain(game/max/avg): 4/6/4.3 | reward(game/avg): 9880/10444 | 0.66 games/s | ETA: 1283s
[gpu0] [ 150/1000] samples:   7500 | chain(game/max/avg): 5/6/4.3 | reward(game/avg): 8500/10431 | 0.67 games/s | ETA: 1273s
[gpu0] [ 151/1000] samples:   7550 | chain(game/max/avg): 4/6/4.3 | reward(game/avg): 8890/10421 | 0.67 games/s | ETA: 1263s
[gpu0] [ 152/1000] samples:   7600 | chain(game/max/avg): 5/6/4.3 | reward(game/avg): 11880/10430 | 0.68 games/s | ETA: 1253s
[gpu0] [ 153/1000] samples:   7650 | chain(game/max/avg): 3/6/4.3 | reward(game/avg): 6460/10404 | 0.68 games/s | ETA: 1243s
[gpu0] [ 154/1000] samples:   7700 | chain(game/max/avg): 3/6/4.3 | reward(game/avg): 7560/10386 | 0.69 games/s | ETA: 1234s
[gpu0] [ 155/1000] samples:   7750 | chain(game/max/avg): 3/6/4.3 | reward(game/avg): 6860/10363 | 0.69 games/s | ETA: 1224s
[gpu0] [ 156/1000] samples:   7800 | chain(game/max/avg): 4/6/4.3 | reward(game/avg): 9000/10354 | 0.69 games/s | ETA: 1215s
[gpu0] [ 157/1000] samples:   7850 | chain(game/max/avg): 5/6/4.3 | reward(game/avg): 11550/10362 | 0.70 games/s | ETA: 1206s
[gpu0] [ 158/1000] samples:   7900 | chain(game/max/avg): 4/6/4.3 | reward(game/avg): 7540/10344 | 0.70 games/s | ETA: 1197s
[gpu0] [ 159/1000] samples:   7950 | chain(game/max/avg): 5/6/4.3 | reward(game/avg): 13550/10364 | 0.71 games/s | ETA: 1188s
[gpu0] [ 160/1000] samples:   8000 | chain(game/max/avg): 4/6/4.3 | reward(game/avg): 6960/10343 | 0.71 games/s | ETA: 1179s
[gpu0] [ 161/1000] samples:   8050 | chain(game/max/avg): 4/6/4.3 | reward(game/avg): 7740/10327 | 0.72 games/s | ETA: 1170s
[gpu0] [ 162/1000] samples:   8100 | chain(game/max/avg): 5/6/4.3 | reward(game/avg): 10600/10329 | 0.72 games/s | ETA: 1162s
[gpu0] [ 163/1000] samples:   8150 | chain(game/max/avg): 5/6/4.3 | reward(game/avg): 12620/10343 | 0.73 games/s | ETA: 1153s
[gpu0] [ 164/1000] samples:   8200 | chain(game/max/avg): 4/6/4.3 | reward(game/avg): 5780/10315 | 0.73 games/s | ETA: 1145s
[gpu0] [ 165/1000] samples:   8250 | chain(game/max/avg): 5/6/4.3 | reward(game/avg): 10560/10316 | 0.73 games/s | ETA: 1136s
[gpu0] [ 166/1000] samples:   8300 | chain(game/max/avg): 4/6/4.3 | reward(game/avg): 10060/10315 | 0.74 games/s | ETA: 1128s
[gpu0] [ 167/1000] samples:   8350 | chain(game/max/avg): 4/6/4.3 | reward(game/avg): 5940/10289 | 0.74 games/s | ETA: 1120s
[gpu0] [ 168/1000] samples:   8400 | chain(game/max/avg): 4/6/4.3 | reward(game/avg): 8760/10280 | 0.75 games/s | ETA: 1112s
[gpu0] [ 169/1000] samples:   8450 | chain(game/max/avg): 4/6/4.3 | reward(game/avg): 7500/10263 | 0.75 games/s | ETA: 1104s
[gpu0] [ 170/1000] samples:   8500 | chain(game/max/avg): 3/6/4.3 | reward(game/avg): 5220/10233 | 0.76 games/s | ETA: 1096s
[gpu0] [ 171/1000] samples:   8550 | chain(game/max/avg): 3/6/4.3 | reward(game/avg): 7920/10220 | 0.76 games/s | ETA: 1089s
[gpu0] [ 172/1000] samples:   8600 | chain(game/max/avg): 5/6/4.3 | reward(game/avg): 11380/10227 | 0.77 games/s | ETA: 1081s
[gpu0] [ 173/1000] samples:   8650 | chain(game/max/avg): 5/6/4.3 | reward(game/avg): 12420/10239 | 0.77 games/s | ETA: 1074s
[gpu0] [ 174/1000] samples:   8700 | chain(game/max/avg): 3/6/4.3 | reward(game/avg): 5680/10213 | 0.77 games/s | ETA: 1066s
[gpu0] [ 175/1000] samples:   8750 | chain(game/max/avg): 4/6/4.3 | reward(game/avg): 7700/10199 | 0.78 games/s | ETA: 1059s
[gpu0] [ 176/1000] samples:   8800 | chain(game/max/avg): 4/6/4.3 | reward(game/avg): 9320/10194 | 0.78 games/s | ETA: 1051s
[gpu0] [ 177/1000] samples:   8850 | chain(game/max/avg): 4/6/4.3 | reward(game/avg): 7100/10176 | 0.79 games/s | ETA: 1044s
[gpu0] [ 178/1000] samples:   8900 | chain(game/max/avg): 5/6/4.3 | reward(game/avg): 8460/10167 | 0.79 games/s | ETA: 1037s
[gpu0] [ 179/1000] samples:   8950 | chain(game/max/avg): 3/6/4.3 | reward(game/avg): 6330/10145 | 0.80 games/s | ETA: 1030s
[gpu0] [ 180/1000] samples:   9000 | chain(game/max/avg): 3/6/4.3 | reward(game/avg): 5750/10121 | 0.80 games/s | ETA: 1023s
[gpu0] [ 181/1000] samples:   9050 | chain(game/max/avg): 5/6/4.3 | reward(game/avg): 13160/10138 | 0.81 games/s | ETA: 1016s
[gpu0] [ 182/1000] samples:   9100 | chain(game/max/avg): 3/6/4.3 | reward(game/avg): 7380/10122 | 0.81 games/s | ETA: 1009s
[gpu0] [ 183/1000] samples:   9150 | chain(game/max/avg): 5/6/4.3 | reward(game/avg): 12680/10136 | 0.81 games/s | ETA: 1003s
[gpu0] [ 184/1000] samples:   9200 | chain(game/max/avg): 4/6/4.3 | reward(game/avg): 6720/10118 | 0.82 games/s | ETA: 996s
[gpu0] [ 185/1000] samples:   9250 | chain(game/max/avg): 5/6/4.3 | reward(game/avg): 15680/10148 | 0.82 games/s | ETA: 989s
[gpu0] [ 186/1000] samples:   9300 | chain(game/max/avg): 4/6/4.3 | reward(game/avg): 9850/10146 | 0.83 games/s | ETA: 983s
[gpu0] [ 187/1000] samples:   9350 | chain(game/max/avg): 5/6/4.3 | reward(game/avg): 10550/10148 | 0.83 games/s | ETA: 976s
[gpu0] [ 188/1000] samples:   9400 | chain(game/max/avg): 4/6/4.3 | reward(game/avg): 7420/10134 | 0.84 games/s | ETA: 970s
[gpu0] [ 189/1000] samples:   9450 | chain(game/max/avg): 3/6/4.3 | reward(game/avg): 5320/10108 | 0.84 games/s | ETA: 964s
[gpu0] [ 190/1000] samples:   9500 | chain(game/max/avg): 5/6/4.3 | reward(game/avg): 12480/10121 | 0.85 games/s | ETA: 958s
[gpu0] [ 191/1000] samples:   9550 | chain(game/max/avg): 4/6/4.3 | reward(game/avg): 8140/10111 | 0.85 games/s | ETA: 951s
[gpu0] [ 192/1000] samples:   9600 | chain(game/max/avg): 5/6/4.3 | reward(game/avg): 14380/10133 | 0.85 games/s | ETA: 945s
[gpu0] [ 193/1000] samples:   9650 | chain(game/max/avg): 5/6/4.3 | reward(game/avg): 8710/10125 | 0.86 games/s | ETA: 939s
[gpu0] [ 194/1000] samples:   9700 | chain(game/max/avg): 4/6/4.3 | reward(game/avg): 9060/10120 | 0.86 games/s | ETA: 933s
[gpu0] [ 195/1000] samples:   9750 | chain(game/max/avg): 4/6/4.3 | reward(game/avg): 10680/10123 | 0.87 games/s | ETA: 927s
[gpu0] [ 196/1000] samples:   9800 | chain(game/max/avg): 4/6/4.3 | reward(game/avg): 9760/10121 | 0.87 games/s | ETA: 921s
[gpu0] [ 197/1000] samples:   9850 | chain(game/max/avg): 4/6/4.3 | reward(game/avg): 9620/10118 | 0.88 games/s | ETA: 916s
[gpu0] [ 198/1000] samples:   9900 | chain(game/max/avg): 3/6/4.3 | reward(game/avg): 8010/10108 | 0.88 games/s | ETA: 910s
[gpu0] [ 199/1000] samples:   9950 | chain(game/max/avg): 4/6/4.3 | reward(game/avg): 12220/10118 | 0.89 games/s | ETA: 904s
[gpu0] [ 200/1000] samples:  10000 | chain(game/max/avg): 5/6/4.3 | reward(game/avg): 12110/10128 | 0.89 games/s | ETA: 898s
[gpu0] [ 201/1000] samples:  10050 | chain(game/max/avg): 6/6/4.3 | reward(game/avg): 11780/10137 | 0.89 games/s | ETA: 893s
[gpu0] [ 204/1000] samples:  10200 | chain(game/max/avg): 4/6/4.3 | reward(game/avg): 8040/10096 | 0.91 games/s | ETA: 876s
[gpu0] [ 202/1000] samples:  10100 | chain(game/max/avg): 4/6/4.3 | reward(game/avg): 6830/10120 | 0.90 games/s | ETA: 887s
[gpu0] [ 203/1000] samples:  10150 | chain(game/max/avg): 4/6/4.3 | reward(game/avg): 7180/10106 | 0.90 games/s | ETA: 882s
[gpu0] [ 205/1000] samples:  10250 | chain(game/max/avg): 4/6/4.3 | reward(game/avg): 7900/10085 | 0.91 games/s | ETA: 871s
[gpu0] [ 206/1000] samples:  10300 | chain(game/max/avg): 4/6/4.3 | reward(game/avg): 10300/10086 | 0.92 games/s | ETA: 866s
[gpu0] [ 207/1000] samples:  10350 | chain(game/max/avg): 3/6/4.3 | reward(game/avg): 5550/10064 | 0.92 games/s | ETA: 860s
[gpu0] [ 208/1000] samples:  10400 | chain(game/max/avg): 3/6/4.3 | reward(game/avg): 3720/10034 | 0.93 games/s | ETA: 855s
[gpu0] [ 209/1000] samples:  10450 | chain(game/max/avg): 4/6/4.3 | reward(game/avg): 7500/10021 | 0.93 games/s | ETA: 850s
[gpu0] [ 210/1000] samples:  10500 | chain(game/max/avg): 3/6/4.3 | reward(game/avg): 6180/10003 | 0.93 games/s | ETA: 845s
[gpu0] [ 211/1000] samples:  10550 | chain(game/max/avg): 4/6/4.3 | reward(game/avg): 7200/9990 | 0.94 games/s | ETA: 840s
[gpu0] [ 213/1000] samples:  10650 | chain(game/max/avg): 3/6/4.3 | reward(game/avg): 6380/9972 | 0.95 games/s | ETA: 830s
[gpu0] [ 212/1000] samples:  10600 | chain(game/max/avg): 5/6/4.3 | reward(game/avg): 9760/9989 | 0.94 games/s | ETA: 835s
[gpu0] [ 214/1000] samples:  10700 | chain(game/max/avg): 4/6/4.3 | reward(game/avg): 8140/9963 | 0.95 games/s | ETA: 825s
[gpu0] [ 215/1000] samples:  10750 | chain(game/max/avg): 4/6/4.3 | reward(game/avg): 8600/9957 | 0.96 games/s | ETA: 820s
[gpu0] [ 216/1000] samples:  10800 | chain(game/max/avg): 5/6/4.3 | reward(game/avg): 11660/9965 | 0.96 games/s | ETA: 815s
[gpu0] [ 217/1000] samples:  10850 | chain(game/max/avg): 4/6/4.3 | reward(game/avg): 6940/9951 | 0.97 games/s | ETA: 811s
[gpu0] [ 218/1000] samples:  10900 | chain(game/max/avg): 7/7/4.3 | reward(game/avg): 22580/10009 | 0.97 games/s | ETA: 806s
[gpu0] [ 219/1000] samples:  10950 | chain(game/max/avg): 4/7/4.3 | reward(game/avg): 9190/10005 | 0.97 games/s | ETA: 801s
[gpu0] [ 220/1000] samples:  11000 | chain(game/max/avg): 4/7/4.3 | reward(game/avg): 7400/9993 | 0.98 games/s | ETA: 796s
[gpu0] [ 221/1000] samples:  11050 | chain(game/max/avg): 5/7/4.3 | reward(game/avg): 11180/9999 | 0.98 games/s | ETA: 792s
[gpu0] [ 222/1000] samples:  11100 | chain(game/max/avg): 4/7/4.3 | reward(game/avg): 12180/10008 | 0.99 games/s | ETA: 787s
[gpu0] [ 223/1000] samples:  11150 | chain(game/max/avg): 4/7/4.3 | reward(game/avg): 8260/10001 | 0.99 games/s | ETA: 783s
[gpu0] [ 224/1000] samples:  11200 | chain(game/max/avg): 5/7/4.3 | reward(game/avg): 17790/10035 | 1.00 games/s | ETA: 778s
[gpu0] [ 225/1000] samples:  11250 | chain(game/max/avg): 4/7/4.3 | reward(game/avg): 9660/10034 | 1.00 games/s | ETA: 774s
[gpu0] [ 226/1000] samples:  11300 | chain(game/max/avg): 4/7/4.3 | reward(game/avg): 6160/10017 | 1.01 games/s | ETA: 769s
[gpu0] [ 227/1000] samples:  11350 | chain(game/max/avg): 4/7/4.3 | reward(game/avg): 7860/10007 | 1.01 games/s | ETA: 765s
[gpu0] [ 228/1000] samples:  11400 | chain(game/max/avg): 4/7/4.3 | reward(game/avg): 10380/10009 | 1.01 games/s | ETA: 761s
[gpu0] [ 229/1000] samples:  11450 | chain(game/max/avg): 4/7/4.3 | reward(game/avg): 9760/10008 | 1.02 games/s | ETA: 756s
[gpu0] [ 230/1000] samples:  11500 | chain(game/max/avg): 4/7/4.3 | reward(game/avg): 7450/9996 | 1.02 games/s | ETA: 752s
[gpu0] [ 231/1000] samples:  11550 | chain(game/max/avg): 4/7/4.3 | reward(game/avg): 7300/9985 | 1.03 games/s | ETA: 748s
[gpu0] [ 232/1000] samples:  11600 | chain(game/max/avg): 3/7/4.3 | reward(game/avg): 7940/9976 | 1.03 games/s | ETA: 744s
[gpu0] [ 233/1000] samples:  11650 | chain(game/max/avg): 5/7/4.3 | reward(game/avg): 16160/10002 | 1.04 games/s | ETA: 739s
[gpu0] [ 234/1000] samples:  11700 | chain(game/max/avg): 4/7/4.3 | reward(game/avg): 6270/9987 | 1.04 games/s | ETA: 735s
[gpu0] [ 235/1000] samples:  11750 | chain(game/max/avg): 4/7/4.3 | reward(game/avg): 9240/9983 | 1.05 games/s | ETA: 731s
[gpu0] [ 236/1000] samples:  11800 | chain(game/max/avg): 4/7/4.3 | reward(game/avg): 8590/9977 | 1.05 games/s | ETA: 727s
[gpu0] [ 237/1000] samples:  11850 | chain(game/max/avg): 3/7/4.3 | reward(game/avg): 8290/9970 | 1.06 games/s | ETA: 723s
[gpu0] [ 238/1000] samples:  11900 | chain(game/max/avg): 3/7/4.3 | reward(game/avg): 5420/9951 | 1.06 games/s | ETA: 719s
[gpu0] [ 239/1000] samples:  11950 | chain(game/max/avg): 4/7/4.3 | reward(game/avg): 9210/9948 | 1.06 games/s | ETA: 715s
[gpu0] [ 240/1000] samples:  12000 | chain(game/max/avg): 4/7/4.2 | reward(game/avg): 8580/9942 | 1.07 games/s | ETA: 711s
[gpu0] [ 241/1000] samples:  12050 | chain(game/max/avg): 4/7/4.2 | reward(game/avg): 8730/9937 | 1.07 games/s | ETA: 707s
[gpu0] [ 242/1000] samples:  12100 | chain(game/max/avg): 5/7/4.3 | reward(game/avg): 10900/9941 | 1.08 games/s | ETA: 704s
[gpu0] [ 243/1000] samples:  12150 | chain(game/max/avg): 4/7/4.3 | reward(game/avg): 8020/9933 | 1.08 games/s | ETA: 700s
[gpu0] [ 244/1000] samples:  12200 | chain(game/max/avg): 4/7/4.2 | reward(game/avg): 8850/9929 | 1.09 games/s | ETA: 696s
[gpu0] [ 245/1000] samples:  12250 | chain(game/max/avg): 4/7/4.2 | reward(game/avg): 8540/9923 | 1.09 games/s | ETA: 692s
[gpu0] [ 246/1000] samples:  12300 | chain(game/max/avg): 4/7/4.2 | reward(game/avg): 10100/9924 | 1.10 games/s | ETA: 689s
[gpu0] [ 247/1000] samples:  12350 | chain(game/max/avg): 4/7/4.2 | reward(game/avg): 9440/9922 | 1.10 games/s | ETA: 685s
[gpu0] [ 248/1000] samples:  12400 | chain(game/max/avg): 4/7/4.2 | reward(game/avg): 8670/9917 | 1.10 games/s | ETA: 681s
[gpu0] [ 249/1000] samples:  12450 | chain(game/max/avg): 3/7/4.2 | reward(game/avg): 6620/9904 | 1.11 games/s | ETA: 678s
[gpu0] [ 250/1000] samples:  12500 | chain(game/max/avg): 5/7/4.2 | reward(game/avg): 12080/9913 | 1.11 games/s | ETA: 674s
[gpu0] [ 251/1000] samples:  12550 | chain(game/max/avg): 4/7/4.2 | reward(game/avg): 9940/9913 | 1.12 games/s | ETA: 670s
[gpu0] [ 252/1000] samples:  12600 | chain(game/max/avg): 4/7/4.2 | reward(game/avg): 9160/9910 | 1.12 games/s | ETA: 667s
[gpu0] [ 253/1000] samples:  12650 | chain(game/max/avg): 6/7/4.2 | reward(game/avg): 15900/9933 | 1.13 games/s | ETA: 663s
[gpu0] [ 254/1000] samples:  12700 | chain(game/max/avg): 5/7/4.3 | reward(game/avg): 12840/9945 | 1.13 games/s | ETA: 660s
[gpu0] [ 255/1000] samples:  12750 | chain(game/max/avg): 4/7/4.3 | reward(game/avg): 10400/9947 | 1.14 games/s | ETA: 656s
[gpu0] [ 256/1000] samples:  12800 | chain(game/max/avg): 5/7/4.3 | reward(game/avg): 13380/9960 | 1.14 games/s | ETA: 653s
[gpu0] [ 258/1000] samples:  12900 | chain(game/max/avg): 5/7/4.3 | reward(game/avg): 12000/9981 | 1.15 games/s | ETA: 646s
[gpu0] [ 257/1000] samples:  12850 | chain(game/max/avg): 5/7/4.3 | reward(game/avg): 13450/9974 | 1.14 games/s | ETA: 649s
[gpu0] [ 259/1000] samples:  12950 | chain(game/max/avg): 4/7/4.3 | reward(game/avg): 10640/9984 | 1.15 games/s | ETA: 643s
[gpu0] [ 260/1000] samples:  13000 | chain(game/max/avg): 4/7/4.3 | reward(game/avg): 7610/9975 | 1.16 games/s | ETA: 639s
[gpu0] [ 261/1000] samples:  13050 | chain(game/max/avg): 4/7/4.3 | reward(game/avg): 8460/9969 | 1.16 games/s | ETA: 636s
[gpu0] [ 262/1000] samples:  13100 | chain(game/max/avg): 3/7/4.3 | reward(game/avg): 5820/9953 | 1.17 games/s | ETA: 633s
[gpu0] [ 263/1000] samples:  13150 | chain(game/max/avg): 4/7/4.3 | reward(game/avg): 6470/9940 | 1.17 games/s | ETA: 630s
[gpu0] [ 264/1000] samples:  13200 | chain(game/max/avg): 3/7/4.2 | reward(game/avg): 4420/9919 | 1.18 games/s | ETA: 626s
[gpu0] [ 265/1000] samples:  13250 | chain(game/max/avg): 5/7/4.2 | reward(game/avg): 13880/9934 | 1.18 games/s | ETA: 623s
[gpu0] [ 266/1000] samples:  13300 | chain(game/max/avg): 4/7/4.2 | reward(game/avg): 8920/9930 | 1.18 games/s | ETA: 620s
[gpu0] [ 267/1000] samples:  13350 | chain(game/max/avg): 5/7/4.3 | reward(game/avg): 14320/9947 | 1.19 games/s | ETA: 617s
[gpu0] [ 268/1000] samples:  13400 | chain(game/max/avg): 5/7/4.3 | reward(game/avg): 10680/9949 | 1.19 games/s | ETA: 614s
[gpu0] [ 269/1000] samples:  13450 | chain(game/max/avg): 5/7/4.3 | reward(game/avg): 12120/9957 | 1.20 games/s | ETA: 610s
[gpu0] [ 270/1000] samples:  13500 | chain(game/max/avg): 4/7/4.3 | reward(game/avg): 7110/9947 | 1.20 games/s | ETA: 607s
[gpu0] [ 271/1000] samples:  13550 | chain(game/max/avg): 5/7/4.3 | reward(game/avg): 14700/9964 | 1.21 games/s | ETA: 604s
[gpu0] [ 272/1000] samples:  13600 | chain(game/max/avg): 5/7/4.3 | reward(game/avg): 14750/9982 | 1.21 games/s | ETA: 601s
[gpu0] [ 273/1000] samples:  13650 | chain(game/max/avg): 5/7/4.3 | reward(game/avg): 19320/10016 | 1.22 games/s | ETA: 598s
[gpu0] [ 274/1000] samples:  13700 | chain(game/max/avg): 4/7/4.3 | reward(game/avg): 9780/10015 | 1.22 games/s | ETA: 595s
[gpu0] [ 275/1000] samples:  13750 | chain(game/max/avg): 3/7/4.3 | reward(game/avg): 6460/10002 | 1.22 games/s | ETA: 592s
[gpu0] [ 276/1000] samples:  13800 | chain(game/max/avg): 4/7/4.3 | reward(game/avg): 7400/9993 | 1.23 games/s | ETA: 589s
[gpu0] [ 277/1000] samples:  13850 | chain(game/max/avg): 4/7/4.3 | reward(game/avg): 8390/9987 | 1.23 games/s | ETA: 586s
[gpu0] [ 278/1000] samples:  13900 | chain(game/max/avg): 3/7/4.3 | reward(game/avg): 7260/9977 | 1.24 games/s | ETA: 583s
[gpu0] [ 279/1000] samples:  13950 | chain(game/max/avg): 4/7/4.3 | reward(game/avg): 10140/9978 | 1.24 games/s | ETA: 581s
[gpu0] [ 280/1000] samples:  14000 | chain(game/max/avg): 5/7/4.3 | reward(game/avg): 13820/9992 | 1.25 games/s | ETA: 578s
[gpu0] [ 281/1000] samples:  14050 | chain(game/max/avg): 5/7/4.3 | reward(game/avg): 8660/9987 | 1.25 games/s | ETA: 575s
[gpu0] [ 282/1000] samples:  14100 | chain(game/max/avg): 3/7/4.3 | reward(game/avg): 6360/9974 | 1.26 games/s | ETA: 572s
[gpu0] [ 283/1000] samples:  14150 | chain(game/max/avg): 5/7/4.3 | reward(game/avg): 15000/9992 | 1.26 games/s | ETA: 569s
[gpu0] [ 284/1000] samples:  14200 | chain(game/max/avg): 3/7/4.2 | reward(game/avg): 6400/9979 | 1.26 games/s | ETA: 566s
[gpu0] [ 285/1000] samples:  14250 | chain(game/max/avg): 4/7/4.2 | reward(game/avg): 6480/9967 | 1.27 games/s | ETA: 564s
[gpu0] [ 286/1000] samples:  14300 | chain(game/max/avg): 5/7/4.3 | reward(game/avg): 13500/9979 | 1.27 games/s | ETA: 561s
[gpu0] [ 287/1000] samples:  14350 | chain(game/max/avg): 3/7/4.2 | reward(game/avg): 7000/9969 | 1.28 games/s | ETA: 558s
[gpu0] [ 288/1000] samples:  14400 | chain(game/max/avg): 4/7/4.2 | reward(game/avg): 5520/9953 | 1.28 games/s | ETA: 555s
[gpu0] [ 289/1000] samples:  14450 | chain(game/max/avg): 5/7/4.2 | reward(game/avg): 9740/9953 | 1.29 games/s | ETA: 553s
[gpu0] [ 290/1000] samples:  14500 | chain(game/max/avg): 4/7/4.2 | reward(game/avg): 10900/9956 | 1.29 games/s | ETA: 550s
[gpu0] [ 291/1000] samples:  14550 | chain(game/max/avg): 3/7/4.2 | reward(game/avg): 6490/9944 | 1.30 games/s | ETA: 547s
[gpu0] [ 292/1000] samples:  14600 | chain(game/max/avg): 4/7/4.2 | reward(game/avg): 9280/9942 | 1.30 games/s | ETA: 545s
[gpu0] [ 293/1000] samples:  14650 | chain(game/max/avg): 3/7/4.2 | reward(game/avg): 7110/9932 | 1.30 games/s | ETA: 542s
[gpu0] [ 294/1000] samples:  14700 | chain(game/max/avg): 3/7/4.2 | reward(game/avg): 7090/9922 | 1.31 games/s | ETA: 540s
[gpu0] [ 295/1000] samples:  14750 | chain(game/max/avg): 6/7/4.2 | reward(game/avg): 16850/9946 | 1.31 games/s | ETA: 537s
[gpu0] [ 296/1000] samples:  14800 | chain(game/max/avg): 4/7/4.2 | reward(game/avg): 8920/9942 | 1.32 games/s | ETA: 534s
[gpu0] [ 297/1000] samples:  14850 | chain(game/max/avg): 4/7/4.2 | reward(game/avg): 10550/9945 | 1.32 games/s | ETA: 532s
[gpu0] [ 298/1000] samples:  14900 | chain(game/max/avg): 5/7/4.2 | reward(game/avg): 12180/9952 | 1.33 games/s | ETA: 529s
[gpu0] [ 299/1000] samples:  14950 | chain(game/max/avg): 4/7/4.2 | reward(game/avg): 5980/9939 | 1.33 games/s | ETA: 527s
[gpu0] [ 300/1000] samples:  15000 | chain(game/max/avg): 4/7/4.2 | reward(game/avg): 10850/9942 | 1.34 games/s | ETA: 524s
[gpu0] [ 301/1000] samples:  15050 | chain(game/max/avg): 4/7/4.2 | reward(game/avg): 9820/9941 | 1.34 games/s | ETA: 522s
[gpu0] [ 302/1000] samples:  15100 | chain(game/max/avg): 6/7/4.2 | reward(game/avg): 22060/9981 | 1.34 games/s | ETA: 519s
[gpu0] [ 303/1000] samples:  15150 | chain(game/max/avg): 4/7/4.2 | reward(game/avg): 6780/9971 | 1.35 games/s | ETA: 517s
[gpu0] [ 304/1000] samples:  15200 | chain(game/max/avg): 3/7/4.2 | reward(game/avg): 5460/9956 | 1.35 games/s | ETA: 514s
[gpu0] [ 305/1000] samples:  15250 | chain(game/max/avg): 5/7/4.2 | reward(game/avg): 10900/9959 | 1.36 games/s | ETA: 512s
[gpu0] [ 306/1000] samples:  15300 | chain(game/max/avg): 5/7/4.2 | reward(game/avg): 10240/9960 | 1.36 games/s | ETA: 510s
[gpu0] [ 307/1000] samples:  15350 | chain(game/max/avg): 5/7/4.2 | reward(game/avg): 12840/9969 | 1.37 games/s | ETA: 507s
[gpu0] [ 308/1000] samples:  15400 | chain(game/max/avg): 4/7/4.2 | reward(game/avg): 7440/9961 | 1.37 games/s | ETA: 505s
[gpu0] [ 309/1000] samples:  15450 | chain(game/max/avg): 3/7/4.2 | reward(game/avg): 4740/9944 | 1.38 games/s | ETA: 503s
[gpu0] [ 310/1000] samples:  15500 | chain(game/max/avg): 5/7/4.2 | reward(game/avg): 9880/9944 | 1.38 games/s | ETA: 500s
[gpu0] [ 311/1000] samples:  15550 | chain(game/max/avg): 3/7/4.2 | reward(game/avg): 7380/9936 | 1.38 games/s | ETA: 498s
[gpu0] [ 312/1000] samples:  15600 | chain(game/max/avg): 4/7/4.2 | reward(game/avg): 7900/9929 | 1.39 games/s | ETA: 496s
[gpu0] [ 313/1000] samples:  15650 | chain(game/max/avg): 3/7/4.2 | reward(game/avg): 8310/9924 | 1.39 games/s | ETA: 493s
[gpu0] [ 314/1000] samples:  15700 | chain(game/max/avg): 4/7/4.2 | reward(game/avg): 10060/9925 | 1.40 games/s | ETA: 491s
[gpu0] [ 315/1000] samples:  15750 | chain(game/max/avg): 5/7/4.2 | reward(game/avg): 15320/9942 | 1.40 games/s | ETA: 489s
[gpu0] [ 316/1000] samples:  15800 | chain(game/max/avg): 4/7/4.2 | reward(game/avg): 6900/9932 | 1.41 games/s | ETA: 486s
[gpu0] [ 317/1000] samples:  15850 | chain(game/max/avg): 5/7/4.2 | reward(game/avg): 9500/9931 | 1.41 games/s | ETA: 484s
[gpu0] [ 318/1000] samples:  15900 | chain(game/max/avg): 4/7/4.2 | reward(game/avg): 8920/9928 | 1.42 games/s | ETA: 482s
[gpu0] [ 319/1000] samples:  15950 | chain(game/max/avg): 4/7/4.2 | reward(game/avg): 10060/9928 | 1.42 games/s | ETA: 480s
[gpu0] [ 320/1000] samples:  16000 | chain(game/max/avg): 4/7/4.2 | reward(game/avg): 13190/9938 | 1.42 games/s | ETA: 478s
[gpu0] [ 321/1000] samples:  16050 | chain(game/max/avg): 4/7/4.2 | reward(game/avg): 6830/9929 | 1.43 games/s | ETA: 475s
[gpu0] [ 322/1000] samples:  16100 | chain(game/max/avg): 4/7/4.2 | reward(game/avg): 7200/9920 | 1.43 games/s | ETA: 473s
[gpu0] [ 323/1000] samples:  16150 | chain(game/max/avg): 4/7/4.2 | reward(game/avg): 6760/9910 | 1.44 games/s | ETA: 471s
[gpu0] [ 324/1000] samples:  16200 | chain(game/max/avg): 6/7/4.2 | reward(game/avg): 15100/9926 | 1.44 games/s | ETA: 469s
[gpu0] [ 325/1000] samples:  16250 | chain(game/max/avg): 4/7/4.2 | reward(game/avg): 10050/9927 | 1.45 games/s | ETA: 467s
[gpu0] [ 326/1000] samples:  16300 | chain(game/max/avg): 4/7/4.2 | reward(game/avg): 10050/9927 | 1.45 games/s | ETA: 465s
[gpu0] [ 327/1000] samples:  16350 | chain(game/max/avg): 5/7/4.2 | reward(game/avg): 10760/9930 | 1.46 games/s | ETA: 463s
[gpu0] [ 328/1000] samples:  16400 | chain(game/max/avg): 3/7/4.2 | reward(game/avg): 6380/9919 | 1.46 games/s | ETA: 460s
[gpu0] [ 329/1000] samples:  16450 | chain(game/max/avg): 4/7/4.2 | reward(game/avg): 7060/9910 | 1.46 games/s | ETA: 458s
[gpu0] [ 330/1000] samples:  16500 | chain(game/max/avg): 5/7/4.2 | reward(game/avg): 13340/9920 | 1.47 games/s | ETA: 456s
[gpu0] [ 331/1000] samples:  16550 | chain(game/max/avg): 4/7/4.2 | reward(game/avg): 9720/9920 | 1.47 games/s | ETA: 454s
[gpu0] [ 332/1000] samples:  16600 | chain(game/max/avg): 3/7/4.2 | reward(game/avg): 7050/9911 | 1.48 games/s | ETA: 452s
[gpu0] [ 333/1000] samples:  16650 | chain(game/max/avg): 4/7/4.2 | reward(game/avg): 6120/9900 | 1.48 games/s | ETA: 450s
[gpu0] [ 334/1000] samples:  16700 | chain(game/max/avg): 2/7/4.2 | reward(game/avg): 4560/9884 | 1.49 games/s | ETA: 448s
[gpu0] [ 335/1000] samples:  16750 | chain(game/max/avg): 5/7/4.2 | reward(game/avg): 10440/9886 | 1.49 games/s | ETA: 446s
[gpu0] [ 336/1000] samples:  16800 | chain(game/max/avg): 4/7/4.2 | reward(game/avg): 6780/9876 | 1.49 games/s | ETA: 444s
[gpu0] [ 337/1000] samples:  16850 | chain(game/max/avg): 3/7/4.2 | reward(game/avg): 6610/9867 | 1.50 games/s | ETA: 442s
[gpu0] [ 338/1000] samples:  16900 | chain(game/max/avg): 3/7/4.2 | reward(game/avg): 6760/9857 | 1.50 games/s | ETA: 440s
[gpu0] [ 339/1000] samples:  16950 | chain(game/max/avg): 5/7/4.2 | reward(game/avg): 9140/9855 | 1.51 games/s | ETA: 438s
[gpu0] [ 340/1000] samples:  17000 | chain(game/max/avg): 5/7/4.2 | reward(game/avg): 10380/9857 | 1.51 games/s | ETA: 436s
[gpu0] [ 341/1000] samples:  17050 | chain(game/max/avg): 4/7/4.2 | reward(game/avg): 7920/9851 | 1.52 games/s | ETA: 434s
[gpu0] [ 342/1000] samples:  17100 | chain(game/max/avg): 3/7/4.2 | reward(game/avg): 5680/9839 | 1.52 games/s | ETA: 432s
[gpu0] [ 343/1000] samples:  17150 | chain(game/max/avg): 3/7/4.2 | reward(game/avg): 6200/9828 | 1.53 games/s | ETA: 431s
[gpu0] [ 344/1000] samples:  17200 | chain(game/max/avg): 4/7/4.2 | reward(game/avg): 9260/9827 | 1.53 games/s | ETA: 429s
[gpu0] [ 345/1000] samples:  17250 | chain(game/max/avg): 4/7/4.2 | reward(game/avg): 9780/9827 | 1.53 games/s | ETA: 427s
[gpu0] [ 346/1000] samples:  17300 | chain(game/max/avg): 5/7/4.2 | reward(game/avg): 10180/9828 | 1.54 games/s | ETA: 425s
[gpu0] [ 347/1000] samples:  17350 | chain(game/max/avg): 4/7/4.2 | reward(game/avg): 9030/9825 | 1.54 games/s | ETA: 423s
[gpu0] [ 348/1000] samples:  17400 | chain(game/max/avg): 5/7/4.2 | reward(game/avg): 10020/9826 | 1.55 games/s | ETA: 421s
[gpu0] [ 349/1000] samples:  17450 | chain(game/max/avg): 4/7/4.2 | reward(game/avg): 9640/9825 | 1.55 games/s | ETA: 419s
[gpu0] [ 350/1000] samples:  17500 | chain(game/max/avg): 3/7/4.2 | reward(game/avg): 7050/9817 | 1.56 games/s | ETA: 417s
[gpu0] [ 351/1000] samples:  17550 | chain(game/max/avg): 5/7/4.2 | reward(game/avg): 10030/9818 | 1.56 games/s | ETA: 416s
[gpu0] [ 352/1000] samples:  17600 | chain(game/max/avg): 5/7/4.2 | reward(game/avg): 10700/9820 | 1.57 games/s | ETA: 414s
[gpu0] [ 353/1000] samples:  17650 | chain(game/max/avg): 4/7/4.2 | reward(game/avg): 8280/9816 | 1.57 games/s | ETA: 412s
[gpu0] [ 354/1000] samples:  17700 | chain(game/max/avg): 6/7/4.2 | reward(game/avg): 19580/9844 | 1.57 games/s | ETA: 410s
[gpu0] [ 355/1000] samples:  17750 | chain(game/max/avg): 3/7/4.2 | reward(game/avg): 6310/9834 | 1.58 games/s | ETA: 408s
[gpu0] [ 356/1000] samples:  17800 | chain(game/max/avg): 4/7/4.2 | reward(game/avg): 9190/9832 | 1.58 games/s | ETA: 407s
[gpu0] [ 357/1000] samples:  17850 | chain(game/max/avg): 5/7/4.2 | reward(game/avg): 11300/9836 | 1.59 games/s | ETA: 405s
[gpu0] [ 358/1000] samples:  17900 | chain(game/max/avg): 7/7/4.2 | reward(game/avg): 16960/9856 | 1.59 games/s | ETA: 403s
[gpu0] [ 359/1000] samples:  17950 | chain(game/max/avg): 4/7/4.2 | reward(game/avg): 8500/9852 | 1.60 games/s | ETA: 401s
[gpu0] [ 360/1000] samples:  18000 | chain(game/max/avg): 4/7/4.2 | reward(game/avg): 8090/9847 | 1.60 games/s | ETA: 400s
[gpu0] [ 361/1000] samples:  18050 | chain(game/max/avg): 4/7/4.2 | reward(game/avg): 12910/9856 | 1.61 games/s | ETA: 398s
[gpu0] [ 362/1000] samples:  18100 | chain(game/max/avg): 4/7/4.2 | reward(game/avg): 9980/9856 | 1.61 games/s | ETA: 396s
[gpu0] [ 363/1000] samples:  18150 | chain(game/max/avg): 5/7/4.2 | reward(game/avg): 13860/9867 | 1.61 games/s | ETA: 394s
[gpu0] [ 364/1000] samples:  18200 | chain(game/max/avg): 5/7/4.2 | reward(game/avg): 10540/9869 | 1.62 games/s | ETA: 393s
[gpu0] [ 365/1000] samples:  18250 | chain(game/max/avg): 4/7/4.2 | reward(game/avg): 10880/9872 | 1.62 games/s | ETA: 391s
[gpu0] [ 366/1000] samples:  18300 | chain(game/max/avg): 4/7/4.2 | reward(game/avg): 5140/9859 | 1.63 games/s | ETA: 389s
[gpu0] [ 367/1000] samples:  18350 | chain(game/max/avg): 4/7/4.2 | reward(game/avg): 9320/9857 | 1.63 games/s | ETA: 388s
[gpu0] [ 368/1000] samples:  18400 | chain(game/max/avg): 4/7/4.2 | reward(game/avg): 7820/9852 | 1.64 games/s | ETA: 386s
[gpu0] [ 369/1000] samples:  18450 | chain(game/max/avg): 4/7/4.2 | reward(game/avg): 10280/9853 | 1.64 games/s | ETA: 384s
[gpu0] [ 370/1000] samples:  18500 | chain(game/max/avg): 4/7/4.2 | reward(game/avg): 8450/9849 | 1.65 games/s | ETA: 383s
[gpu0] [ 371/1000] samples:  18550 | chain(game/max/avg): 4/7/4.2 | reward(game/avg): 7150/9842 | 1.65 games/s | ETA: 381s
[gpu0] [ 372/1000] samples:  18600 | chain(game/max/avg): 4/7/4.2 | reward(game/avg): 5660/9831 | 1.65 games/s | ETA: 380s
[gpu0] [ 373/1000] samples:  18650 | chain(game/max/avg): 5/7/4.2 | reward(game/avg): 13340/9840 | 1.66 games/s | ETA: 378s
[gpu0] [ 374/1000] samples:  18700 | chain(game/max/avg): 3/7/4.2 | reward(game/avg): 5380/9828 | 1.66 games/s | ETA: 376s
[gpu0] [ 375/1000] samples:  18750 | chain(game/max/avg): 4/7/4.2 | reward(game/avg): 11480/9833 | 1.67 games/s | ETA: 375s
[gpu0] [ 376/1000] samples:  18800 | chain(game/max/avg): 4/7/4.2 | reward(game/avg): 9020/9830 | 1.67 games/s | ETA: 373s
[gpu0] [ 377/1000] samples:  18850 | chain(game/max/avg): 4/7/4.2 | reward(game/avg): 7840/9825 | 1.68 games/s | ETA: 372s
[gpu0] [ 378/1000] samples:  18900 | chain(game/max/avg): 6/7/4.2 | reward(game/avg): 12000/9831 | 1.68 games/s | ETA: 370s
[gpu0] [ 379/1000] samples:  18950 | chain(game/max/avg): 3/7/4.2 | reward(game/avg): 9190/9829 | 1.69 games/s | ETA: 368s
[gpu0] [ 380/1000] samples:  19000 | chain(game/max/avg): 4/7/4.2 | reward(game/avg): 7390/9823 | 1.69 games/s | ETA: 367s
[gpu0] [ 381/1000] samples:  19050 | chain(game/max/avg): 5/7/4.2 | reward(game/avg): 9300/9821 | 1.69 games/s | ETA: 365s
[gpu0] [ 382/1000] samples:  19100 | chain(game/max/avg): 4/7/4.2 | reward(game/avg): 10040/9822 | 1.70 games/s | ETA: 364s
[gpu0] [ 383/1000] samples:  19150 | chain(game/max/avg): 4/7/4.2 | reward(game/avg): 6900/9814 | 1.70 games/s | ETA: 362s
[gpu0] [ 384/1000] samples:  19200 | chain(game/max/avg): 4/7/4.2 | reward(game/avg): 7960/9810 | 1.71 games/s | ETA: 361s
[gpu0] [ 385/1000] samples:  19250 | chain(game/max/avg): 3/7/4.2 | reward(game/avg): 6820/9802 | 1.71 games/s | ETA: 359s
[gpu0] [ 386/1000] samples:  19300 | chain(game/max/avg): 4/7/4.2 | reward(game/avg): 8780/9799 | 1.72 games/s | ETA: 358s
[gpu0] [ 387/1000] samples:  19350 | chain(game/max/avg): 4/7/4.2 | reward(game/avg): 10240/9800 | 1.72 games/s | ETA: 356s
[gpu0] [ 388/1000] samples:  19400 | chain(game/max/avg): 5/7/4.2 | reward(game/avg): 10280/9801 | 1.73 games/s | ETA: 355s
[gpu0] [ 389/1000] samples:  19450 | chain(game/max/avg): 4/7/4.2 | reward(game/avg): 7300/9795 | 1.73 games/s | ETA: 353s
[gpu0] [ 390/1000] samples:  19500 | chain(game/max/avg): 5/7/4.2 | reward(game/avg): 13740/9805 | 1.73 games/s | ETA: 352s
[gpu0] [ 391/1000] samples:  19550 | chain(game/max/avg): 5/7/4.2 | reward(game/avg): 9540/9804 | 1.74 games/s | ETA: 350s
[gpu0] [ 392/1000] samples:  19600 | chain(game/max/avg): 4/7/4.2 | reward(game/avg): 9280/9803 | 1.74 games/s | ETA: 349s
[gpu0] [ 393/1000] samples:  19650 | chain(game/max/avg): 3/7/4.2 | reward(game/avg): 8540/9800 | 1.75 games/s | ETA: 347s
[gpu0] [ 394/1000] samples:  19700 | chain(game/max/avg): 6/7/4.2 | reward(game/avg): 16660/9817 | 1.75 games/s | ETA: 346s
[gpu0] [ 395/1000] samples:  19750 | chain(game/max/avg): 4/7/4.2 | reward(game/avg): 10720/9820 | 1.76 games/s | ETA: 344s
[gpu0] [ 396/1000] samples:  19800 | chain(game/max/avg): 5/7/4.2 | reward(game/avg): 11920/9825 | 1.76 games/s | ETA: 343s
[gpu0] [ 397/1000] samples:  19850 | chain(game/max/avg): 5/7/4.2 | reward(game/avg): 10460/9827 | 1.77 games/s | ETA: 342s
[gpu0] [ 398/1000] samples:  19900 | chain(game/max/avg): 4/7/4.2 | reward(game/avg): 11500/9831 | 1.77 games/s | ETA: 340s
[gpu0] [ 399/1000] samples:  19950 | chain(game/max/avg): 4/7/4.2 | reward(game/avg): 8080/9826 | 1.77 games/s | ETA: 339s
[gpu0] [ 400/1000] samples:  20000 | chain(game/max/avg): 3/7/4.2 | reward(game/avg): 4080/9812 | 1.78 games/s | ETA: 337s
[gpu0] [ 401/1000] samples:  20050 | chain(game/max/avg): 4/7/4.2 | reward(game/avg): 9020/9810 | 1.78 games/s | ETA: 336s
[gpu0] [ 402/1000] samples:  20100 | chain(game/max/avg): 3/7/4.2 | reward(game/avg): 6510/9802 | 1.79 games/s | ETA: 335s
[gpu0] [ 403/1000] samples:  20150 | chain(game/max/avg): 4/7/4.2 | reward(game/avg): 8440/9798 | 1.79 games/s | ETA: 333s
[gpu0] [ 404/1000] samples:  20200 | chain(game/max/avg): 5/7/4.2 | reward(game/avg): 10880/9801 | 1.80 games/s | ETA: 332s
[gpu0] [ 405/1000] samples:  20250 | chain(game/max/avg): 4/7/4.2 | reward(game/avg): 6560/9793 | 1.80 games/s | ETA: 330s
[gpu0] [ 406/1000] samples:  20300 | chain(game/max/avg): 4/7/4.2 | reward(game/avg): 9700/9793 | 1.80 games/s | ETA: 329s
[gpu0] [ 407/1000] samples:  20350 | chain(game/max/avg): 4/7/4.2 | reward(game/avg): 7000/9786 | 1.81 games/s | ETA: 328s
[gpu0] [ 408/1000] samples:  20400 | chain(game/max/avg): 4/7/4.2 | reward(game/avg): 9490/9785 | 1.81 games/s | ETA: 326s
[gpu0] [ 409/1000] samples:  20450 | chain(game/max/avg): 5/7/4.2 | reward(game/avg): 13070/9793 | 1.82 games/s | ETA: 325s
[gpu0] [ 410/1000] samples:  20500 | chain(game/max/avg): 6/7/4.2 | reward(game/avg): 15140/9806 | 1.82 games/s | ETA: 324s
[gpu0] [ 411/1000] samples:  20550 | chain(game/max/avg): 5/7/4.2 | reward(game/avg): 13340/9815 | 1.83 games/s | ETA: 322s
[gpu0] [ 412/1000] samples:  20600 | chain(game/max/avg): 4/7/4.2 | reward(game/avg): 12090/9820 | 1.83 games/s | ETA: 321s
[gpu0] [ 413/1000] samples:  20650 | chain(game/max/avg): 3/7/4.2 | reward(game/avg): 5470/9810 | 1.84 games/s | ETA: 320s
[gpu0] [ 414/1000] samples:  20700 | chain(game/max/avg): 4/7/4.2 | reward(game/avg): 8160/9806 | 1.84 games/s | ETA: 318s
[gpu0] [ 415/1000] samples:  20750 | chain(game/max/avg): 4/7/4.2 | reward(game/avg): 7860/9801 | 1.84 games/s | ETA: 317s
[gpu0] [ 416/1000] samples:  20800 | chain(game/max/avg): 4/7/4.2 | reward(game/avg): 8850/9799 | 1.85 games/s | ETA: 316s
[gpu0] [ 417/1000] samples:  20850 | chain(game/max/avg): 4/7/4.2 | reward(game/avg): 9000/9797 | 1.85 games/s | ETA: 315s
[gpu0] [ 418/1000] samples:  20900 | chain(game/max/avg): 6/7/4.2 | reward(game/avg): 13320/9805 | 1.86 games/s | ETA: 313s
[gpu0] [ 419/1000] samples:  20950 | chain(game/max/avg): 5/7/4.2 | reward(game/avg): 14820/9817 | 1.86 games/s | ETA: 312s
[gpu0] [ 420/1000] samples:  21000 | chain(game/max/avg): 4/7/4.2 | reward(game/avg): 7620/9812 | 1.87 games/s | ETA: 311s
[gpu0] [ 421/1000] samples:  21050 | chain(game/max/avg): 3/7/4.2 | reward(game/avg): 6900/9805 | 1.87 games/s | ETA: 309s
[gpu0] [ 422/1000] samples:  21100 | chain(game/max/avg): 4/7/4.2 | reward(game/avg): 7430/9800 | 1.88 games/s | ETA: 308s
[gpu0] [ 423/1000] samples:  21150 | chain(game/max/avg): 4/7/4.2 | reward(game/avg): 8500/9797 | 1.88 games/s | ETA: 307s
[gpu0] [ 424/1000] samples:  21200 | chain(game/max/avg): 4/7/4.2 | reward(game/avg): 9470/9796 | 1.88 games/s | ETA: 306s
[gpu0] [ 425/1000] samples:  21250 | chain(game/max/avg): 4/7/4.2 | reward(game/avg): 8510/9793 | 1.89 games/s | ETA: 304s
[gpu0] [ 426/1000] samples:  21300 | chain(game/max/avg): 4/7/4.2 | reward(game/avg): 8580/9790 | 1.89 games/s | ETA: 303s
[gpu0] [ 427/1000] samples:  21350 | chain(game/max/avg): 5/7/4.2 | reward(game/avg): 12060/9795 | 1.90 games/s | ETA: 302s
[gpu0] [ 428/1000] samples:  21400 | chain(game/max/avg): 3/7/4.2 | reward(game/avg): 5960/9786 | 1.90 games/s | ETA: 301s
[gpu0] [ 429/1000] samples:  21450 | chain(game/max/avg): 3/7/4.2 | reward(game/avg): 6660/9779 | 1.91 games/s | ETA: 300s
[gpu0] [ 430/1000] samples:  21500 | chain(game/max/avg): 5/7/4.2 | reward(game/avg): 11440/9783 | 1.91 games/s | ETA: 298s
[gpu0] [ 431/1000] samples:  21550 | chain(game/max/avg): 4/7/4.2 | reward(game/avg): 8520/9780 | 1.91 games/s | ETA: 297s
[gpu0] [ 432/1000] samples:  21600 | chain(game/max/avg): 5/7/4.2 | reward(game/avg): 16700/9796 | 1.92 games/s | ETA: 296s
[gpu0] [ 433/1000] samples:  21650 | chain(game/max/avg): 4/7/4.2 | reward(game/avg): 10370/9797 | 1.92 games/s | ETA: 295s
[gpu0] [ 434/1000] samples:  21700 | chain(game/max/avg): 5/7/4.2 | reward(game/avg): 10110/9798 | 1.93 games/s | ETA: 294s
[gpu0] [ 435/1000] samples:  21750 | chain(game/max/avg): 4/7/4.2 | reward(game/avg): 8060/9794 | 1.93 games/s | ETA: 292s
[gpu0] [ 436/1000] samples:  21800 | chain(game/max/avg): 4/7/4.2 | reward(game/avg): 7730/9789 | 1.94 games/s | ETA: 291s
[gpu0] [ 437/1000] samples:  21850 | chain(game/max/avg): 4/7/4.2 | reward(game/avg): 6660/9782 | 1.94 games/s | ETA: 290s
[gpu0] [ 438/1000] samples:  21900 | chain(game/max/avg): 4/7/4.2 | reward(game/avg): 10740/9784 | 1.95 games/s | ETA: 289s
[gpu0] [ 439/1000] samples:  21950 | chain(game/max/avg): 4/7/4.2 | reward(game/avg): 6220/9776 | 1.95 games/s | ETA: 288s
[gpu0] [ 440/1000] samples:  22000 | chain(game/max/avg): 4/7/4.2 | reward(game/avg): 6820/9769 | 1.95 games/s | ETA: 287s
[gpu0] [ 441/1000] samples:  22050 | chain(game/max/avg): 4/7/4.2 | reward(game/avg): 9320/9768 | 1.96 games/s | ETA: 285s
[gpu0] [ 442/1000] samples:  22100 | chain(game/max/avg): 4/7/4.2 | reward(game/avg): 9340/9767 | 1.96 games/s | ETA: 284s
[gpu0] [ 443/1000] samples:  22150 | chain(game/max/avg): 5/7/4.2 | reward(game/avg): 9480/9767 | 1.97 games/s | ETA: 283s
[gpu0] [ 444/1000] samples:  22200 | chain(game/max/avg): 5/7/4.2 | reward(game/avg): 10900/9769 | 1.97 games/s | ETA: 282s
[gpu0] [ 445/1000] samples:  22250 | chain(game/max/avg): 5/7/4.2 | reward(game/avg): 18220/9788 | 1.98 games/s | ETA: 281s
[gpu0] [ 446/1000] samples:  22300 | chain(game/max/avg): 4/7/4.2 | reward(game/avg): 5220/9778 | 1.98 games/s | ETA: 280s
[gpu0] [ 447/1000] samples:  22350 | chain(game/max/avg): 4/7/4.2 | reward(game/avg): 8220/9775 | 1.98 games/s | ETA: 279s
[gpu0] [ 448/1000] samples:  22400 | chain(game/max/avg): 4/7/4.2 | reward(game/avg): 8400/9772 | 1.99 games/s | ETA: 277s
[gpu0] [ 449/1000] samples:  22450 | chain(game/max/avg): 4/7/4.2 | reward(game/avg): 8520/9769 | 1.99 games/s | ETA: 276s
[gpu0] [ 450/1000] samples:  22500 | chain(game/max/avg): 4/7/4.2 | reward(game/avg): 7210/9763 | 2.00 games/s | ETA: 275s
[gpu0] [ 451/1000] samples:  22550 | chain(game/max/avg): 4/7/4.2 | reward(game/avg): 7840/9759 | 2.00 games/s | ETA: 274s
[gpu0] [ 452/1000] samples:  22600 | chain(game/max/avg): 4/7/4.2 | reward(game/avg): 7990/9755 | 2.01 games/s | ETA: 273s
[gpu0] [ 453/1000] samples:  22650 | chain(game/max/avg): 6/7/4.2 | reward(game/avg): 19140/9776 | 2.01 games/s | ETA: 272s
[gpu0] [ 454/1000] samples:  22700 | chain(game/max/avg): 5/7/4.2 | reward(game/avg): 13640/9784 | 2.02 games/s | ETA: 271s
[gpu0] [ 455/1000] samples:  22750 | chain(game/max/avg): 4/7/4.2 | reward(game/avg): 7850/9780 | 2.02 games/s | ETA: 270s
[gpu0] [ 456/1000] samples:  22800 | chain(game/max/avg): 4/7/4.2 | reward(game/avg): 9160/9779 | 2.02 games/s | ETA: 269s
[gpu0] [ 457/1000] samples:  22850 | chain(game/max/avg): 4/7/4.2 | reward(game/avg): 8300/9775 | 2.03 games/s | ETA: 268s
[gpu0] [ 458/1000] samples:  22900 | chain(game/max/avg): 5/7/4.2 | reward(game/avg): 12480/9781 | 2.03 games/s | ETA: 267s
[gpu0] [ 459/1000] samples:  22950 | chain(game/max/avg): 4/7/4.2 | reward(game/avg): 8520/9778 | 2.04 games/s | ETA: 266s
[gpu0] [ 460/1000] samples:  23000 | chain(game/max/avg): 4/7/4.2 | reward(game/avg): 10810/9781 | 2.04 games/s | ETA: 265s
[gpu0] [ 461/1000] samples:  23050 | chain(game/max/avg): 4/7/4.2 | reward(game/avg): 11040/9783 | 2.05 games/s | ETA: 264s
[gpu0] [ 462/1000] samples:  23100 | chain(game/max/avg): 4/7/4.2 | reward(game/avg): 6510/9776 | 2.05 games/s | ETA: 263s
[gpu0] [ 463/1000] samples:  23150 | chain(game/max/avg): 4/7/4.2 | reward(game/avg): 8780/9774 | 2.05 games/s | ETA: 261s
[gpu0] [ 464/1000] samples:  23200 | chain(game/max/avg): 4/7/4.2 | reward(game/avg): 11160/9777 | 2.06 games/s | ETA: 260s
[gpu0] [ 465/1000] samples:  23250 | chain(game/max/avg): 4/7/4.2 | reward(game/avg): 10860/9780 | 2.06 games/s | ETA: 259s
[gpu0] [ 466/1000] samples:  23300 | chain(game/max/avg): 4/7/4.2 | reward(game/avg): 8460/9777 | 2.07 games/s | ETA: 258s
[gpu0] [ 467/1000] samples:  23350 | chain(game/max/avg): 5/7/4.2 | reward(game/avg): 10320/9778 | 2.07 games/s | ETA: 257s
[gpu0] [ 468/1000] samples:  23400 | chain(game/max/avg): 4/7/4.2 | reward(game/avg): 10240/9779 | 2.07 games/s | ETA: 256s
[gpu0] [ 469/1000] samples:  23450 | chain(game/max/avg): 5/7/4.2 | reward(game/avg): 12750/9785 | 2.08 games/s | ETA: 255s
[gpu0] [ 470/1000] samples:  23500 | chain(game/max/avg): 7/7/4.2 | reward(game/avg): 21790/9811 | 2.08 games/s | ETA: 254s
[gpu0] [ 471/1000] samples:  23550 | chain(game/max/avg): 4/7/4.2 | reward(game/avg): 8680/9808 | 2.09 games/s | ETA: 253s
[gpu0] [ 472/1000] samples:  23600 | chain(game/max/avg): 5/7/4.2 | reward(game/avg): 14840/9819 | 2.09 games/s | ETA: 252s
[gpu0] [ 473/1000] samples:  23650 | chain(game/max/avg): 4/7/4.2 | reward(game/avg): 8720/9817 | 2.10 games/s | ETA: 251s
[gpu0] [ 474/1000] samples:  23700 | chain(game/max/avg): 3/7/4.2 | reward(game/avg): 6310/9809 | 2.10 games/s | ETA: 250s
[gpu0] [ 475/1000] samples:  23750 | chain(game/max/avg): 5/7/4.2 | reward(game/avg): 14000/9818 | 2.10 games/s | ETA: 249s
[gpu0] [ 476/1000] samples:  23800 | chain(game/max/avg): 4/7/4.2 | reward(game/avg): 11080/9821 | 2.11 games/s | ETA: 248s
[gpu0] [ 477/1000] samples:  23850 | chain(game/max/avg): 4/7/4.2 | reward(game/avg): 11410/9824 | 2.11 games/s | ETA: 247s
[gpu0] [ 478/1000] samples:  23900 | chain(game/max/avg): 4/7/4.2 | reward(game/avg): 8320/9821 | 2.12 games/s | ETA: 247s
[gpu0] [ 479/1000] samples:  23950 | chain(game/max/avg): 4/7/4.2 | reward(game/avg): 9780/9821 | 2.12 games/s | ETA: 246s
[gpu0] [ 480/1000] samples:  24000 | chain(game/max/avg): 5/7/4.2 | reward(game/avg): 10500/9822 | 2.13 games/s | ETA: 245s
[gpu0] [ 481/1000] samples:  24050 | chain(game/max/avg): 4/7/4.2 | reward(game/avg): 11460/9826 | 2.13 games/s | ETA: 244s
[gpu0] [ 482/1000] samples:  24100 | chain(game/max/avg): 4/7/4.2 | reward(game/avg): 8310/9823 | 2.13 games/s | ETA: 243s
[gpu0] [ 483/1000] samples:  24150 | chain(game/max/avg): 4/7/4.2 | reward(game/avg): 8240/9819 | 2.14 games/s | ETA: 242s
[gpu0] [ 484/1000] samples:  24200 | chain(game/max/avg): 4/7/4.2 | reward(game/avg): 9110/9818 | 2.14 games/s | ETA: 241s
[gpu0] [ 485/1000] samples:  24250 | chain(game/max/avg): 6/7/4.2 | reward(game/avg): 23740/9846 | 2.15 games/s | ETA: 240s
[gpu0] [ 486/1000] samples:  24300 | chain(game/max/avg): 5/7/4.2 | reward(game/avg): 13590/9854 | 2.15 games/s | ETA: 239s
[gpu0] [ 487/1000] samples:  24350 | chain(game/max/avg): 3/7/4.2 | reward(game/avg): 7650/9850 | 2.15 games/s | ETA: 238s
[gpu0] [ 488/1000] samples:  24400 | chain(game/max/avg): 3/7/4.2 | reward(game/avg): 7580/9845 | 2.16 games/s | ETA: 237s
[gpu0] [ 489/1000] samples:  24450 | chain(game/max/avg): 5/7/4.2 | reward(game/avg): 12010/9849 | 2.16 games/s | ETA: 236s
[gpu0] [ 490/1000] samples:  24500 | chain(game/max/avg): 4/7/4.2 | reward(game/avg): 8430/9847 | 2.17 games/s | ETA: 236s
[gpu0] [ 491/1000] samples:  24550 | chain(game/max/avg): 3/7/4.2 | reward(game/avg): 7780/9842 | 2.17 games/s | ETA: 235s
[gpu0] [ 492/1000] samples:  24600 | chain(game/max/avg): 4/7/4.2 | reward(game/avg): 7760/9838 | 2.17 games/s | ETA: 234s
[gpu0] [ 493/1000] samples:  24650 | chain(game/max/avg): 5/7/4.2 | reward(game/avg): 14130/9847 | 2.18 games/s | ETA: 233s
[gpu0] [ 494/1000] samples:  24700 | chain(game/max/avg): 4/7/4.2 | reward(game/avg): 9800/9847 | 2.18 games/s | ETA: 232s
[gpu0] [ 495/1000] samples:  24750 | chain(game/max/avg): 4/7/4.2 | reward(game/avg): 12940/9853 | 2.19 games/s | ETA: 231s
[gpu0] [ 496/1000] samples:  24800 | chain(game/max/avg): 4/7/4.2 | reward(game/avg): 7920/9849 | 2.19 games/s | ETA: 230s
[gpu0] [ 497/1000] samples:  24850 | chain(game/max/avg): 5/7/4.2 | reward(game/avg): 12400/9854 | 2.19 games/s | ETA: 229s
[gpu0] [ 498/1000] samples:  24900 | chain(game/max/avg): 4/7/4.2 | reward(game/avg): 9880/9854 | 2.20 games/s | ETA: 229s
[gpu0] [ 499/1000] samples:  24950 | chain(game/max/avg): 4/7/4.2 | reward(game/avg): 8380/9851 | 2.20 games/s | ETA: 228s
[gpu0] [ 500/1000] samples:  25000 | chain(game/max/avg): 4/7/4.2 | reward(game/avg): 11560/9855 | 2.20 games/s | ETA: 228s
[gpu0] [ 501/1000] samples:  25050 | chain(game/max/avg): 6/7/4.2 | reward(game/avg): 19530/9874 | 1.14 games/s | ETA: 437s
[gpu0] [ 502/1000] samples:  25100 | chain(game/max/avg): 4/7/4.2 | reward(game/avg): 9280/9873 | 1.14 games/s | ETA: 437s
[gpu0] [ 503/1000] samples:  25150 | chain(game/max/avg): 4/7/4.2 | reward(game/avg): 8960/9871 | 1.14 games/s | ETA: 436s
[gpu0] [ 504/1000] samples:  25200 | chain(game/max/avg): 4/7/4.2 | reward(game/avg): 6040/9863 | 1.14 games/s | ETA: 434s
[gpu0] [ 505/1000] samples:  25250 | chain(game/max/avg): 4/7/4.2 | reward(game/avg): 9860/9863 | 1.14 games/s | ETA: 432s
[gpu0] [ 506/1000] samples:  25300 | chain(game/max/avg): 4/7/4.2 | reward(game/avg): 7940/9860 | 1.15 games/s | ETA: 431s
[gpu0] [ 507/1000] samples:  25350 | chain(game/max/avg): 6/7/4.2 | reward(game/avg): 17640/9875 | 1.15 games/s | ETA: 429s
[gpu0] [ 508/1000] samples:  25400 | chain(game/max/avg): 4/7/4.2 | reward(game/avg): 7940/9871 | 1.15 games/s | ETA: 428s
[gpu0] [ 509/1000] samples:  25450 | chain(game/max/avg): 5/7/4.2 | reward(game/avg): 9260/9870 | 1.15 games/s | ETA: 426s
[gpu0] [ 510/1000] samples:  25500 | chain(game/max/avg): 4/7/4.2 | reward(game/avg): 10620/9871 | 1.15 games/s | ETA: 424s
[gpu0] [ 511/1000] samples:  25550 | chain(game/max/avg): 4/7/4.2 | reward(game/avg): 7540/9867 | 1.16 games/s | ETA: 423s
[gpu0] [ 512/1000] samples:  25600 | chain(game/max/avg): 3/7/4.2 | reward(game/avg): 8520/9864 | 1.16 games/s | ETA: 421s
[gpu0] [ 513/1000] samples:  25650 | chain(game/max/avg): 4/7/4.2 | reward(game/avg): 11680/9868 | 1.16 games/s | ETA: 419s
[gpu0] [ 514/1000] samples:  25700 | chain(game/max/avg): 3/7/4.2 | reward(game/avg): 7060/9862 | 1.16 games/s | ETA: 418s
[gpu0] [ 515/1000] samples:  25750 | chain(game/max/avg): 4/7/4.2 | reward(game/avg): 13430/9869 | 1.17 games/s | ETA: 416s
[gpu0] [ 516/1000] samples:  25800 | chain(game/max/avg): 4/7/4.2 | reward(game/avg): 10710/9871 | 1.17 games/s | ETA: 414s
[gpu0] [ 517/1000] samples:  25850 | chain(game/max/avg): 4/7/4.2 | reward(game/avg): 5480/9862 | 1.17 games/s | ETA: 413s
[gpu0] [ 518/1000] samples:  25900 | chain(game/max/avg): 3/7/4.2 | reward(game/avg): 4140/9851 | 1.17 games/s | ETA: 411s
[gpu0] [ 519/1000] samples:  25950 | chain(game/max/avg): 5/7/4.2 | reward(game/avg): 8460/9849 | 1.17 games/s | ETA: 409s
[gpu0] [ 520/1000] samples:  26000 | chain(game/max/avg): 4/7/4.2 | reward(game/avg): 8990/9847 | 1.18 games/s | ETA: 408s
[gpu0] [ 521/1000] samples:  26050 | chain(game/max/avg): 5/7/4.2 | reward(game/avg): 13860/9855 | 1.18 games/s | ETA: 406s
[gpu0] [ 522/1000] samples:  26100 | chain(game/max/avg): 6/7/4.2 | reward(game/avg): 19380/9873 | 1.18 games/s | ETA: 405s
[gpu0] [ 523/1000] samples:  26150 | chain(game/max/avg): 8/8/4.2 | reward(game/avg): 28800/9909 | 1.18 games/s | ETA: 403s
[gpu0] [ 524/1000] samples:  26200 | chain(game/max/avg): 6/8/4.2 | reward(game/avg): 15040/9919 | 1.19 games/s | ETA: 401s
[gpu0] [ 525/1000] samples:  26250 | chain(game/max/avg): 3/8/4.2 | reward(game/avg): 6660/9913 | 1.19 games/s | ETA: 400s
[gpu0] [ 526/1000] samples:  26300 | chain(game/max/avg): 4/8/4.2 | reward(game/avg): 11420/9916 | 1.19 games/s | ETA: 398s
[gpu0] [ 527/1000] samples:  26350 | chain(game/max/avg): 4/8/4.2 | reward(game/avg): 11200/9918 | 1.19 games/s | ETA: 397s
[gpu0] [ 528/1000] samples:  26400 | chain(game/max/avg): 4/8/4.2 | reward(game/avg): 7280/9913 | 1.19 games/s | ETA: 395s
[gpu0] [ 529/1000] samples:  26450 | chain(game/max/avg): 6/8/4.2 | reward(game/avg): 17960/9928 | 1.20 games/s | ETA: 394s
[gpu0] [ 530/1000] samples:  26500 | chain(game/max/avg): 5/8/4.2 | reward(game/avg): 10770/9930 | 1.20 games/s | ETA: 392s
[gpu0] [ 531/1000] samples:  26550 | chain(game/max/avg): 5/8/4.2 | reward(game/avg): 16670/9943 | 1.20 games/s | ETA: 390s
[gpu0] [ 532/1000] samples:  26600 | chain(game/max/avg): 5/8/4.2 | reward(game/avg): 9720/9942 | 1.20 games/s | ETA: 389s
[gpu0] [ 533/1000] samples:  26650 | chain(game/max/avg): 5/8/4.2 | reward(game/avg): 14260/9950 | 1.21 games/s | ETA: 387s
[gpu0] [ 534/1000] samples:  26700 | chain(game/max/avg): 4/8/4.2 | reward(game/avg): 8150/9947 | 1.21 games/s | ETA: 386s
[gpu0] [ 535/1000] samples:  26750 | chain(game/max/avg): 4/8/4.2 | reward(game/avg): 8780/9945 | 1.21 games/s | ETA: 384s
[gpu0] [ 536/1000] samples:  26800 | chain(game/max/avg): 3/8/4.2 | reward(game/avg): 5740/9937 | 1.21 games/s | ETA: 383s
[gpu0] [ 537/1000] samples:  26850 | chain(game/max/avg): 5/8/4.2 | reward(game/avg): 10340/9938 | 1.21 games/s | ETA: 381s
[gpu0] [ 538/1000] samples:  26900 | chain(game/max/avg): 4/8/4.2 | reward(game/avg): 7660/9933 | 1.22 games/s | ETA: 380s
[gpu0] [ 539/1000] samples:  26950 | chain(game/max/avg): 5/8/4.2 | reward(game/avg): 15180/9943 | 1.22 games/s | ETA: 378s
[gpu0] [ 540/1000] samples:  27000 | chain(game/max/avg): 4/8/4.2 | reward(game/avg): 12600/9948 | 1.22 games/s | ETA: 377s
[gpu0] [ 541/1000] samples:  27050 | chain(game/max/avg): 6/8/4.2 | reward(game/avg): 14520/9956 | 1.22 games/s | ETA: 375s
[gpu0] [ 542/1000] samples:  27100 | chain(game/max/avg): 6/8/4.3 | reward(game/avg): 14060/9964 | 1.23 games/s | ETA: 374s
[gpu0] [ 543/1000] samples:  27150 | chain(game/max/avg): 3/8/4.3 | reward(game/avg): 6470/9958 | 1.23 games/s | ETA: 372s
[gpu0] [ 544/1000] samples:  27200 | chain(game/max/avg): 3/8/4.2 | reward(game/avg): 8280/9954 | 1.23 games/s | ETA: 371s
[gpu0] [ 545/1000] samples:  27250 | chain(game/max/avg): 5/8/4.2 | reward(game/avg): 17550/9968 | 1.23 games/s | ETA: 369s
[gpu0] [ 546/1000] samples:  27300 | chain(game/max/avg): 4/8/4.2 | reward(game/avg): 8770/9966 | 1.24 games/s | ETA: 368s
[gpu0] [ 547/1000] samples:  27350 | chain(game/max/avg): 4/8/4.2 | reward(game/avg): 10450/9967 | 1.24 games/s | ETA: 366s
[gpu0] [ 548/1000] samples:  27400 | chain(game/max/avg): 4/8/4.2 | reward(game/avg): 9080/9965 | 1.24 games/s | ETA: 365s
[gpu0] [ 549/1000] samples:  27450 | chain(game/max/avg): 4/8/4.2 | reward(game/avg): 8880/9963 | 1.24 games/s | ETA: 363s
[gpu0] [ 550/1000] samples:  27500 | chain(game/max/avg): 4/8/4.2 | reward(game/avg): 10460/9964 | 1.24 games/s | ETA: 362s
[gpu0] [ 551/1000] samples:  27550 | chain(game/max/avg): 4/8/4.2 | reward(game/avg): 9230/9963 | 1.25 games/s | ETA: 360s
[gpu0] [ 552/1000] samples:  27600 | chain(game/max/avg): 3/8/4.2 | reward(game/avg): 7000/9958 | 1.25 games/s | ETA: 359s
[gpu0] [ 553/1000] samples:  27650 | chain(game/max/avg): 5/8/4.2 | reward(game/avg): 11580/9961 | 1.25 games/s | ETA: 357s
[gpu0] [ 554/1000] samples:  27700 | chain(game/max/avg): 4/8/4.2 | reward(game/avg): 8550/9958 | 1.25 games/s | ETA: 356s
[gpu0] [ 555/1000] samples:  27750 | chain(game/max/avg): 4/8/4.2 | reward(game/avg): 10020/9958 | 1.26 games/s | ETA: 355s
[gpu0] [ 556/1000] samples:  27800 | chain(game/max/avg): 4/8/4.2 | reward(game/avg): 8310/9955 | 1.26 games/s | ETA: 353s
[gpu0] [ 557/1000] samples:  27850 | chain(game/max/avg): 3/8/4.2 | reward(game/avg): 6760/9949 | 1.26 games/s | ETA: 352s
[gpu0] [ 558/1000] samples:  27900 | chain(game/max/avg): 5/8/4.2 | reward(game/avg): 11440/9952 | 1.26 games/s | ETA: 350s
[gpu0] [ 559/1000] samples:  27950 | chain(game/max/avg): 5/8/4.2 | reward(game/avg): 13460/9958 | 1.26 games/s | ETA: 349s
[gpu0] [ 560/1000] samples:  28000 | chain(game/max/avg): 5/8/4.2 | reward(game/avg): 10940/9960 | 1.27 games/s | ETA: 347s
[gpu0] [ 561/1000] samples:  28050 | chain(game/max/avg): 5/8/4.2 | reward(game/avg): 9980/9960 | 1.27 games/s | ETA: 346s
[gpu0] [ 562/1000] samples:  28100 | chain(game/max/avg): 5/8/4.2 | reward(game/avg): 10910/9962 | 1.27 games/s | ETA: 345s
[gpu0] [ 563/1000] samples:  28150 | chain(game/max/avg): 4/8/4.2 | reward(game/avg): 11340/9964 | 1.27 games/s | ETA: 343s
[gpu0] [ 564/1000] samples:  28200 | chain(game/max/avg): 6/8/4.3 | reward(game/avg): 17040/9977 | 1.28 games/s | ETA: 342s
[gpu0] [ 565/1000] samples:  28250 | chain(game/max/avg): 5/8/4.3 | reward(game/avg): 15080/9986 | 1.28 games/s | ETA: 340s
[gpu0] [ 566/1000] samples:  28300 | chain(game/max/avg): 5/8/4.3 | reward(game/avg): 10760/9987 | 1.28 games/s | ETA: 339s
[gpu0] [ 567/1000] samples:  28350 | chain(game/max/avg): 5/8/4.3 | reward(game/avg): 11560/9990 | 1.28 games/s | ETA: 338s
[gpu0] [ 568/1000] samples:  28400 | chain(game/max/avg): 3/8/4.3 | reward(game/avg): 6340/9984 | 1.28 games/s | ETA: 336s
[gpu0] [ 569/1000] samples:  28450 | chain(game/max/avg): 3/8/4.3 | reward(game/avg): 6650/9978 | 1.29 games/s | ETA: 335s
[gpu0] [ 570/1000] samples:  28500 | chain(game/max/avg): 3/8/4.2 | reward(game/avg): 6980/9973 | 1.29 games/s | ETA: 334s
[gpu0] [ 571/1000] samples:  28550 | chain(game/max/avg): 4/8/4.2 | reward(game/avg): 7820/9969 | 1.29 games/s | ETA: 332s
[gpu0] [ 572/1000] samples:  28600 | chain(game/max/avg): 3/8/4.2 | reward(game/avg): 6130/9962 | 1.29 games/s | ETA: 331s
[gpu0] [ 573/1000] samples:  28650 | chain(game/max/avg): 4/8/4.2 | reward(game/avg): 10130/9962 | 1.30 games/s | ETA: 330s
[gpu0] [ 574/1000] samples:  28700 | chain(game/max/avg): 4/8/4.2 | reward(game/avg): 6940/9957 | 1.30 games/s | ETA: 328s
[gpu0] [ 575/1000] samples:  28750 | chain(game/max/avg): 4/8/4.2 | reward(game/avg): 9300/9956 | 1.30 games/s | ETA: 327s
[gpu0] [ 576/1000] samples:  28850 | chain(game/max/avg): 4/8/4.2 | reward(game/avg): 8900/9954 | 1.30 games/s | ETA: 325s
[gpu0] [ 578/1000] samples:  28900 | chain(game/max/avg): 4/8/4.2 | reward(game/avg): 7300/9963 | 1.31 games/s | ETA: 323s
[gpu0] [ 577/1000] samples:  28850 | chain(game/max/avg): 6/8/4.2 | reward(game/avg): 17980/9968 | 1.30 games/s | ETA: 324s
[gpu0] [ 579/1000] samples:  28950 | chain(game/max/avg): 4/8/4.2 | reward(game/avg): 9700/9963 | 1.31 games/s | ETA: 322s
[gpu0] [ 580/1000] samples:  29000 | chain(game/max/avg): 5/8/4.2 | reward(game/avg): 13170/9968 | 1.31 games/s | ETA: 320s
[gpu0] [ 581/1000] samples:  29050 | chain(game/max/avg): 3/8/4.2 | reward(game/avg): 5100/9960 | 1.31 games/s | ETA: 319s
[gpu0] [ 582/1000] samples:  29100 | chain(game/max/avg): 4/8/4.2 | reward(game/avg): 9770/9960 | 1.32 games/s | ETA: 318s
[gpu0] [ 583/1000] samples:  29150 | chain(game/max/avg): 3/8/4.2 | reward(game/avg): 7760/9956 | 1.32 games/s | ETA: 316s
[gpu0] [ 584/1000] samples:  29200 | chain(game/max/avg): 4/8/4.2 | reward(game/avg): 11350/9958 | 1.32 games/s | ETA: 315s
[gpu0] [ 585/1000] samples:  29250 | chain(game/max/avg): 3/8/4.2 | reward(game/avg): 6790/9953 | 1.32 games/s | ETA: 314s
[gpu0] [ 586/1000] samples:  29300 | chain(game/max/avg): 4/8/4.2 | reward(game/avg): 7770/9949 | 1.33 games/s | ETA: 312s
[gpu0] [ 587/1000] samples:  29350 | chain(game/max/avg): 6/8/4.2 | reward(game/avg): 14840/9958 | 1.33 games/s | ETA: 311s
[gpu0] [ 588/1000] samples:  29400 | chain(game/max/avg): 6/8/4.2 | reward(game/avg): 19400/9974 | 1.33 games/s | ETA: 310s
[gpu0] [ 589/1000] samples:  29450 | chain(game/max/avg): 4/8/4.2 | reward(game/avg): 6580/9968 | 1.33 games/s | ETA: 309s
[gpu0] [ 590/1000] samples:  29500 | chain(game/max/avg): 4/8/4.2 | reward(game/avg): 7300/9963 | 1.33 games/s | ETA: 307s
[gpu0] [ 591/1000] samples:  29550 | chain(game/max/avg): 5/8/4.2 | reward(game/avg): 14890/9972 | 1.34 games/s | ETA: 306s
[gpu0] [ 592/1000] samples:  29600 | chain(game/max/avg): 5/8/4.2 | reward(game/avg): 11260/9974 | 1.34 games/s | ETA: 305s
[gpu0] [ 593/1000] samples:  29650 | chain(game/max/avg): 3/8/4.2 | reward(game/avg): 5840/9967 | 1.34 games/s | ETA: 304s
[gpu0] [ 594/1000] samples:  29700 | chain(game/max/avg): 4/8/4.2 | reward(game/avg): 6420/9961 | 1.34 games/s | ETA: 302s
[gpu0] [ 595/1000] samples:  29750 | chain(game/max/avg): 4/8/4.2 | reward(game/avg): 7420/9957 | 1.35 games/s | ETA: 301s
[gpu0] [ 596/1000] samples:  29800 | chain(game/max/avg): 4/8/4.2 | reward(game/avg): 11170/9959 | 1.35 games/s | ETA: 300s
[gpu0] [ 597/1000] samples:  29850 | chain(game/max/avg): 3/8/4.2 | reward(game/avg): 7710/9955 | 1.35 games/s | ETA: 299s
[gpu0] [ 598/1000] samples:  29900 | chain(game/max/avg): 4/8/4.2 | reward(game/avg): 9540/9954 | 1.35 games/s | ETA: 297s
[gpu0] [ 599/1000] samples:  29950 | chain(game/max/avg): 4/8/4.2 | reward(game/avg): 9820/9954 | 1.35 games/s | ETA: 296s
[gpu0] [ 600/1000] samples:  30000 | chain(game/max/avg): 3/8/4.2 | reward(game/avg): 5500/9947 | 1.36 games/s | ETA: 295s
[gpu0] [ 601/1000] samples:  30050 | chain(game/max/avg): 4/8/4.2 | reward(game/avg): 7820/9943 | 1.36 games/s | ETA: 294s
[gpu0] [ 602/1000] samples:  30100 | chain(game/max/avg): 5/8/4.2 | reward(game/avg): 9820/9943 | 1.36 games/s | ETA: 292s
[gpu0] [ 603/1000] samples:  30150 | chain(game/max/avg): 4/8/4.2 | reward(game/avg): 10160/9943 | 1.36 games/s | ETA: 291s
[gpu0] [ 604/1000] samples:  30200 | chain(game/max/avg): 4/8/4.2 | reward(game/avg): 9240/9942 | 1.37 games/s | ETA: 290s
[gpu0] [ 605/1000] samples:  30250 | chain(game/max/avg): 4/8/4.2 | reward(game/avg): 6500/9936 | 1.37 games/s | ETA: 289s
[gpu0] [ 606/1000] samples:  30300 | chain(game/max/avg): 4/8/4.2 | reward(game/avg): 8610/9934 | 1.37 games/s | ETA: 288s
[gpu0] [ 607/1000] samples:  30350 | chain(game/max/avg): 3/8/4.2 | reward(game/avg): 7310/9930 | 1.37 games/s | ETA: 286s
[gpu0] [ 608/1000] samples:  30400 | chain(game/max/avg): 4/8/4.2 | reward(game/avg): 7210/9925 | 1.37 games/s | ETA: 285s
[gpu0] [ 609/1000] samples:  30450 | chain(game/max/avg): 3/8/4.2 | reward(game/avg): 5740/9918 | 1.38 games/s | ETA: 284s
[gpu0] [ 610/1000] samples:  30500 | chain(game/max/avg): 4/8/4.2 | reward(game/avg): 4420/9909 | 1.38 games/s | ETA: 283s
[gpu0] [ 611/1000] samples:  30550 | chain(game/max/avg): 5/8/4.2 | reward(game/avg): 11330/9912 | 1.38 games/s | ETA: 282s
[gpu0] [ 612/1000] samples:  30650 | chain(game/max/avg): 4/8/4.2 | reward(game/avg): 9050/9937 | 1.38 games/s | ETA: 282s
[gpu0] [ 613/1000] samples:  30650 | chain(game/max/avg): 6/8/4.2 | reward(game/avg): 15990/9920 | 1.38 games/s | ETA: 280s
[gpu0] [ 614/1000] samples:  30700 | chain(game/max/avg): 5/8/4.2 | reward(game/avg): 11660/9923 | 1.38 games/s | ETA: 279s
[gpu0] [ 615/1000] samples:  30750 | chain(game/max/avg): 4/8/4.2 | reward(game/avg): 6360/9917 | 1.38 games/s | ETA: 278s
[gpu0] [ 616/1000] samples:  30800 | chain(game/max/avg): 5/8/4.2 | reward(game/avg): 15530/9926 | 1.39 games/s | ETA: 277s
[gpu0] [ 617/1000] samples:  30850 | chain(game/max/avg): 3/8/4.2 | reward(game/avg): 6230/9920 | 1.39 games/s | ETA: 276s
[gpu0] [ 618/1000] samples:  30900 | chain(game/max/avg): 3/8/4.2 | reward(game/avg): 7520/9917 | 1.39 games/s | ETA: 274s
[gpu0] [ 619/1000] samples:  30950 | chain(game/max/avg): 4/8/4.2 | reward(game/avg): 10520/9918 | 1.39 games/s | ETA: 273s
[gpu0] [ 620/1000] samples:  31000 | chain(game/max/avg): 6/8/4.2 | reward(game/avg): 14480/9925 | 1.40 games/s | ETA: 272s
[gpu0] [ 621/1000] samples:  31050 | chain(game/max/avg): 3/8/4.2 | reward(game/avg): 6850/9920 | 1.40 games/s | ETA: 271s
[gpu0] [ 622/1000] samples:  31100 | chain(game/max/avg): 3/8/4.2 | reward(game/avg): 6580/9915 | 1.40 games/s | ETA: 270s
[gpu0] [ 623/1000] samples:  31150 | chain(game/max/avg): 4/8/4.2 | reward(game/avg): 8300/9912 | 1.40 games/s | ETA: 269s
[gpu0] [ 624/1000] samples:  31200 | chain(game/max/avg): 4/8/4.2 | reward(game/avg): 10380/9913 | 1.41 games/s | ETA: 268s
[gpu0] [ 625/1000] samples:  31250 | chain(game/max/avg): 5/8/4.2 | reward(game/avg): 12180/9916 | 1.41 games/s | ETA: 266s
[gpu0] [ 626/1000] samples:  31300 | chain(game/max/avg): 3/8/4.2 | reward(game/avg): 7410/9912 | 1.41 games/s | ETA: 265s
[gpu0] [ 627/1000] samples:  31350 | chain(game/max/avg): 4/8/4.2 | reward(game/avg): 9480/9912 | 1.41 games/s | ETA: 264s
[gpu0] [ 628/1000] samples:  31400 | chain(game/max/avg): 5/8/4.2 | reward(game/avg): 12300/9915 | 1.41 games/s | ETA: 263s
[gpu0] [ 629/1000] samples:  31450 | chain(game/max/avg): 3/8/4.2 | reward(game/avg): 8140/9913 | 1.42 games/s | ETA: 262s
[gpu0] [ 630/1000] samples:  31500 | chain(game/max/avg): 4/8/4.2 | reward(game/avg): 10920/9914 | 1.42 games/s | ETA: 261s
[gpu0] [ 631/1000] samples:  31550 | chain(game/max/avg): 4/8/4.2 | reward(game/avg): 9400/9913 | 1.42 games/s | ETA: 260s
[gpu0] [ 632/1000] samples:  31600 | chain(game/max/avg): 6/8/4.2 | reward(game/avg): 15660/9923 | 1.42 games/s | ETA: 259s
[gpu0] [ 633/1000] samples:  31650 | chain(game/max/avg): 4/8/4.2 | reward(game/avg): 7760/9919 | 1.43 games/s | ETA: 257s
[gpu0] [ 634/1000] samples:  31700 | chain(game/max/avg): 5/8/4.2 | reward(game/avg): 9910/9919 | 1.43 games/s | ETA: 256s
[gpu0] [ 635/1000] samples:  31750 | chain(game/max/avg): 4/8/4.2 | reward(game/avg): 7220/9915 | 1.43 games/s | ETA: 255s
[gpu0] [ 636/1000] samples:  31800 | chain(game/max/avg): 4/8/4.2 | reward(game/avg): 9820/9915 | 1.43 games/s | ETA: 254s
[gpu0] [ 637/1000] samples:  31850 | chain(game/max/avg): 5/8/4.2 | reward(game/avg): 14350/9922 | 1.43 games/s | ETA: 253s
[gpu0] [ 638/1000] samples:  31900 | chain(game/max/avg): 4/8/4.2 | reward(game/avg): 10200/9922 | 1.44 games/s | ETA: 252s
[gpu0] [ 639/1000] samples:  31950 | chain(game/max/avg): 6/8/4.2 | reward(game/avg): 15220/9930 | 1.44 games/s | ETA: 251s
[gpu0] [ 640/1000] samples:  32000 | chain(game/max/avg): 5/8/4.2 | reward(game/avg): 11260/9932 | 1.44 games/s | ETA: 250s
[gpu0] [ 641/1000] samples:  32050 | chain(game/max/avg): 5/8/4.2 | reward(game/avg): 8160/9930 | 1.44 games/s | ETA: 249s
[gpu0] [ 642/1000] samples:  32100 | chain(game/max/avg): 5/8/4.2 | reward(game/avg): 9680/9929 | 1.45 games/s | ETA: 248s
[gpu0] [ 643/1000] samples:  32150 | chain(game/max/avg): 4/8/4.2 | reward(game/avg): 7660/9926 | 1.45 games/s | ETA: 247s
[gpu0] [ 644/1000] samples:  32200 | chain(game/max/avg): 5/8/4.2 | reward(game/avg): 13740/9932 | 1.45 games/s | ETA: 245s
[gpu0] [ 645/1000] samples:  32250 | chain(game/max/avg): 4/8/4.2 | reward(game/avg): 8180/9929 | 1.45 games/s | ETA: 244s
[gpu0] [ 646/1000] samples:  32300 | chain(game/max/avg): 5/8/4.2 | reward(game/avg): 12520/9933 | 1.45 games/s | ETA: 243s
[gpu0] [ 647/1000] samples:  32350 | chain(game/max/avg): 3/8/4.2 | reward(game/avg): 7330/9929 | 1.46 games/s | ETA: 242s
[gpu0] [ 648/1000] samples:  32400 | chain(game/max/avg): 4/8/4.2 | reward(game/avg): 10040/9929 | 1.46 games/s | ETA: 241s
[gpu0] [ 649/1000] samples:  32450 | chain(game/max/avg): 4/8/4.2 | reward(game/avg): 6210/9923 | 1.46 games/s | ETA: 240s
[gpu0] [ 650/1000] samples:  32500 | chain(game/max/avg): 5/8/4.2 | reward(game/avg): 11500/9926 | 1.46 games/s | ETA: 239s
[gpu0] [ 651/1000] samples:  32550 | chain(game/max/avg): 5/8/4.2 | reward(game/avg): 11340/9928 | 1.47 games/s | ETA: 238s
[gpu0] [ 652/1000] samples:  32600 | chain(game/max/avg): 4/8/4.2 | reward(game/avg): 8290/9926 | 1.47 games/s | ETA: 237s
[gpu0] [ 653/1000] samples:  32650 | chain(game/max/avg): 4/8/4.2 | reward(game/avg): 8080/9923 | 1.47 games/s | ETA: 236s
[gpu0] [ 654/1000] samples:  32700 | chain(game/max/avg): 5/8/4.2 | reward(game/avg): 12960/9927 | 1.47 games/s | ETA: 235s
[gpu0] [ 655/1000] samples:  32750 | chain(game/max/avg): 4/8/4.2 | reward(game/avg): 10360/9928 | 1.47 games/s | ETA: 234s
[gpu0] [ 656/1000] samples:  32800 | chain(game/max/avg): 5/8/4.2 | reward(game/avg): 14050/9934 | 1.48 games/s | ETA: 233s
[gpu0] [ 657/1000] samples:  32850 | chain(game/max/avg): 5/8/4.2 | reward(game/avg): 12220/9938 | 1.48 games/s | ETA: 232s
[gpu0] [ 658/1000] samples:  32900 | chain(game/max/avg): 4/8/4.2 | reward(game/avg): 7330/9934 | 1.48 games/s | ETA: 231s
[gpu0] [ 659/1000] samples:  32950 | chain(game/max/avg): 4/8/4.2 | reward(game/avg): 5840/9928 | 1.48 games/s | ETA: 230s
[gpu0] [ 660/1000] samples:  33000 | chain(game/max/avg): 4/8/4.2 | reward(game/avg): 8780/9926 | 1.49 games/s | ETA: 229s
[gpu0] [ 661/1000] samples:  33050 | chain(game/max/avg): 6/8/4.2 | reward(game/avg): 15000/9934 | 1.49 games/s | ETA: 228s
[gpu0] [ 662/1000] samples:  33100 | chain(game/max/avg): 4/8/4.2 | reward(game/avg): 10080/9934 | 1.49 games/s | ETA: 227s
[gpu0] [ 663/1000] samples:  33150 | chain(game/max/avg): 5/8/4.2 | reward(game/avg): 12180/9937 | 1.49 games/s | ETA: 226s
[gpu0] [ 664/1000] samples:  33200 | chain(game/max/avg): 5/8/4.2 | reward(game/avg): 12420/9941 | 1.50 games/s | ETA: 225s
[gpu0] [ 665/1000] samples:  33250 | chain(game/max/avg): 4/8/4.2 | reward(game/avg): 9730/9941 | 1.50 games/s | ETA: 224s
[gpu0] [ 666/1000] samples:  33300 | chain(game/max/avg): 4/8/4.2 | reward(game/avg): 8940/9939 | 1.50 games/s | ETA: 223s
[gpu0] [ 667/1000] samples:  33350 | chain(game/max/avg): 5/8/4.2 | reward(game/avg): 12610/9943 | 1.50 games/s | ETA: 222s
[gpu0] [ 668/1000] samples:  33400 | chain(game/max/avg): 4/8/4.2 | reward(game/avg): 10320/9944 | 1.50 games/s | ETA: 221s
[gpu0] [ 669/1000] samples:  33450 | chain(game/max/avg): 4/8/4.2 | reward(game/avg): 12100/9947 | 1.51 games/s | ETA: 220s
[gpu0] [ 670/1000] samples:  33500 | chain(game/max/avg): 4/8/4.2 | reward(game/avg): 10820/9948 | 1.51 games/s | ETA: 219s
[gpu0] [ 671/1000] samples:  33550 | chain(game/max/avg): 6/8/4.3 | reward(game/avg): 13940/9954 | 1.51 games/s | ETA: 218s
[gpu0] [ 672/1000] samples:  33600 | chain(game/max/avg): 4/8/4.2 | reward(game/avg): 13240/9959 | 1.51 games/s | ETA: 217s
[gpu0] [ 673/1000] samples:  33650 | chain(game/max/avg): 4/8/4.2 | reward(game/avg): 8820/9957 | 1.52 games/s | ETA: 216s
[gpu0] [ 674/1000] samples:  33700 | chain(game/max/avg): 3/8/4.2 | reward(game/avg): 5660/9951 | 1.52 games/s | ETA: 215s
[gpu0] [ 675/1000] samples:  33750 | chain(game/max/avg): 4/8/4.2 | reward(game/avg): 11400/9953 | 1.52 games/s | ETA: 214s
[gpu0] [ 676/1000] samples:  33800 | chain(game/max/avg): 5/8/4.2 | reward(game/avg): 11540/9955 | 1.52 games/s | ETA: 213s
[gpu0] [ 677/1000] samples:  33850 | chain(game/max/avg): 4/8/4.2 | reward(game/avg): 9140/9954 | 1.52 games/s | ETA: 212s
[gpu0] [ 678/1000] samples:  33900 | chain(game/max/avg): 3/8/4.2 | reward(game/avg): 7060/9950 | 1.53 games/s | ETA: 211s
[gpu0] [ 679/1000] samples:  33950 | chain(game/max/avg): 3/8/4.2 | reward(game/avg): 6220/9944 | 1.53 games/s | ETA: 210s
[gpu0] [ 680/1000] samples:  34000 | chain(game/max/avg): 4/8/4.2 | reward(game/avg): 8860/9943 | 1.53 games/s | ETA: 209s
[gpu0] [ 681/1000] samples:  34050 | chain(game/max/avg): 5/8/4.2 | reward(game/avg): 13200/9948 | 1.53 games/s | ETA: 208s
[gpu0] [ 682/1000] samples:  34100 | chain(game/max/avg): 4/8/4.2 | reward(game/avg): 7820/9945 | 1.54 games/s | ETA: 207s
[gpu0] [ 683/1000] samples:  34150 | chain(game/max/avg): 3/8/4.2 | reward(game/avg): 7110/9940 | 1.54 games/s | ETA: 206s
[gpu0] [ 684/1000] samples:  34200 | chain(game/max/avg): 5/8/4.2 | reward(game/avg): 11510/9943 | 1.54 games/s | ETA: 205s
[gpu0] [ 685/1000] samples:  34250 | chain(game/max/avg): 4/8/4.2 | reward(game/avg): 7540/9939 | 1.54 games/s | ETA: 204s
[gpu0] [ 686/1000] samples:  34300 | chain(game/max/avg): 5/8/4.2 | reward(game/avg): 10960/9941 | 1.54 games/s | ETA: 203s
[gpu0] [ 687/1000] samples:  34350 | chain(game/max/avg): 5/8/4.2 | reward(game/avg): 16170/9950 | 1.55 games/s | ETA: 202s
[gpu0] [ 688/1000] samples:  34400 | chain(game/max/avg): 3/8/4.2 | reward(game/avg): 7760/9947 | 1.55 games/s | ETA: 201s
[gpu0] [ 690/1000] samples:  34500 | chain(game/max/avg): 4/8/4.2 | reward(game/avg): 8050/9947 | 1.55 games/s | ETA: 200s
[gpu0] [ 689/1000] samples:  34450 | chain(game/max/avg): 5/8/4.2 | reward(game/avg): 12410/9950 | 1.55 games/s | ETA: 200s
[gpu0] [ 691/1000] samples:  34550 | chain(game/max/avg): 6/8/4.2 | reward(game/avg): 17080/9958 | 1.56 games/s | ETA: 199s
[gpu0] [ 692/1000] samples:  34600 | chain(game/max/avg): 3/8/4.2 | reward(game/avg): 8600/9956 | 1.56 games/s | ETA: 198s
[gpu0] [ 693/1000] samples:  34650 | chain(game/max/avg): 3/8/4.2 | reward(game/avg): 5080/9949 | 1.56 games/s | ETA: 197s
[gpu0] [ 694/1000] samples:  34700 | chain(game/max/avg): 4/8/4.2 | reward(game/avg): 9730/9948 | 1.56 games/s | ETA: 196s
[gpu0] [ 695/1000] samples:  34750 | chain(game/max/avg): 5/8/4.2 | reward(game/avg): 9340/9947 | 1.56 games/s | ETA: 195s
[gpu0] [ 696/1000] samples:  34800 | chain(game/max/avg): 4/8/4.2 | reward(game/avg): 9120/9946 | 1.57 games/s | ETA: 194s
[gpu0] [ 697/1000] samples:  34850 | chain(game/max/avg): 5/8/4.2 | reward(game/avg): 10550/9947 | 1.57 games/s | ETA: 193s
[gpu0] [ 698/1000] samples:  34900 | chain(game/max/avg): 3/8/4.2 | reward(game/avg): 6560/9942 | 1.57 games/s | ETA: 192s
[gpu0] [ 699/1000] samples:  34950 | chain(game/max/avg): 3/8/4.2 | reward(game/avg): 7020/9938 | 1.57 games/s | ETA: 191s
[gpu0] [ 700/1000] samples:  35000 | chain(game/max/avg): 5/8/4.2 | reward(game/avg): 14360/9944 | 1.58 games/s | ETA: 190s
[gpu0] [ 701/1000] samples:  35050 | chain(game/max/avg): 4/8/4.2 | reward(game/avg): 6720/9940 | 1.58 games/s | ETA: 189s
[gpu0] [ 702/1000] samples:  35100 | chain(game/max/avg): 3/8/4.2 | reward(game/avg): 5270/9933 | 1.58 games/s | ETA: 189s
[gpu0] [ 703/1000] samples:  35150 | chain(game/max/avg): 4/8/4.2 | reward(game/avg): 5410/9927 | 1.58 games/s | ETA: 188s
[gpu0] [ 704/1000] samples:  35200 | chain(game/max/avg): 4/8/4.2 | reward(game/avg): 9080/9926 | 1.59 games/s | ETA: 187s
[gpu0] [ 705/1000] samples:  35250 | chain(game/max/avg): 5/8/4.2 | reward(game/avg): 9540/9925 | 1.59 games/s | ETA: 186s
[gpu0] [ 706/1000] samples:  35300 | chain(game/max/avg): 4/8/4.2 | reward(game/avg): 6740/9920 | 1.59 games/s | ETA: 185s
[gpu0] [ 707/1000] samples:  35350 | chain(game/max/avg): 3/8/4.2 | reward(game/avg): 8560/9919 | 1.59 games/s | ETA: 184s
[gpu0] [ 708/1000] samples:  35400 | chain(game/max/avg): 4/8/4.2 | reward(game/avg): 5070/9912 | 1.59 games/s | ETA: 183s
[gpu0] [ 709/1000] samples:  35450 | chain(game/max/avg): 4/8/4.2 | reward(game/avg): 12130/9915 | 1.60 games/s | ETA: 182s
[gpu0] [ 710/1000] samples:  35500 | chain(game/max/avg): 5/8/4.2 | reward(game/avg): 12360/9918 | 1.60 games/s | ETA: 181s
[gpu0] [ 711/1000] samples:  35550 | chain(game/max/avg): 4/8/4.2 | reward(game/avg): 12300/9922 | 1.60 games/s | ETA: 181s
[gpu0] [ 712/1000] samples:  35600 | chain(game/max/avg): 5/8/4.2 | reward(game/avg): 13790/9927 | 1.60 games/s | ETA: 180s
[gpu0] [ 713/1000] samples:  35650 | chain(game/max/avg): 5/8/4.2 | reward(game/avg): 11820/9930 | 1.61 games/s | ETA: 179s
[gpu0] [ 714/1000] samples:  35700 | chain(game/max/avg): 5/8/4.2 | reward(game/avg): 9380/9929 | 1.61 games/s | ETA: 178s
[gpu0] [ 715/1000] samples:  35750 | chain(game/max/avg): 4/8/4.2 | reward(game/avg): 9950/9929 | 1.61 games/s | ETA: 177s
[gpu0] [ 716/1000] samples:  35800 | chain(game/max/avg): 4/8/4.2 | reward(game/avg): 8440/9927 | 1.61 games/s | ETA: 176s
[gpu0] [ 717/1000] samples:  35850 | chain(game/max/avg): 5/8/4.2 | reward(game/avg): 12190/9930 | 1.61 games/s | ETA: 175s
[gpu0] [ 718/1000] samples:  35900 | chain(game/max/avg): 4/8/4.2 | reward(game/avg): 8900/9929 | 1.62 games/s | ETA: 174s
[gpu0] [ 719/1000] samples:  35950 | chain(game/max/avg): 3/8/4.2 | reward(game/avg): 7080/9925 | 1.62 games/s | ETA: 174s
[gpu0] [ 720/1000] samples:  36000 | chain(game/max/avg): 4/8/4.2 | reward(game/avg): 8390/9923 | 1.62 games/s | ETA: 173s
[gpu0] [ 721/1000] samples:  36050 | chain(game/max/avg): 4/8/4.2 | reward(game/avg): 9320/9922 | 1.62 games/s | ETA: 172s
[gpu0] [ 722/1000] samples:  36100 | chain(game/max/avg): 4/8/4.2 | reward(game/avg): 9960/9922 | 1.63 games/s | ETA: 171s
[gpu0] [ 723/1000] samples:  36150 | chain(game/max/avg): 4/8/4.2 | reward(game/avg): 8360/9920 | 1.63 games/s | ETA: 170s
[gpu0] [ 724/1000] samples:  36200 | chain(game/max/avg): 3/8/4.2 | reward(game/avg): 7800/9917 | 1.63 games/s | ETA: 169s
[gpu0] [ 725/1000] samples:  36250 | chain(game/max/avg): 3/8/4.2 | reward(game/avg): 6260/9912 | 1.63 games/s | ETA: 168s
[gpu0] [ 726/1000] samples:  36300 | chain(game/max/avg): 4/8/4.2 | reward(game/avg): 8060/9909 | 1.63 games/s | ETA: 168s
[gpu0] [ 727/1000] samples:  36350 | chain(game/max/avg): 4/8/4.2 | reward(game/avg): 8600/9907 | 1.64 games/s | ETA: 167s
[gpu0] [ 728/1000] samples:  36400 | chain(game/max/avg): 4/8/4.2 | reward(game/avg): 5380/9901 | 1.64 games/s | ETA: 166s
[gpu0] [ 729/1000] samples:  36450 | chain(game/max/avg): 6/8/4.2 | reward(game/avg): 17280/9911 | 1.64 games/s | ETA: 165s
[gpu0] [ 730/1000] samples:  36500 | chain(game/max/avg): 3/8/4.2 | reward(game/avg): 6260/9906 | 1.64 games/s | ETA: 164s
[gpu0] [ 731/1000] samples:  36550 | chain(game/max/avg): 5/8/4.2 | reward(game/avg): 10560/9907 | 1.65 games/s | ETA: 163s
[gpu0] [ 732/1000] samples:  36600 | chain(game/max/avg): 4/8/4.2 | reward(game/avg): 9060/9906 | 1.65 games/s | ETA: 163s
[gpu0] [ 733/1000] samples:  36650 | chain(game/max/avg): 6/8/4.2 | reward(game/avg): 16770/9915 | 1.65 games/s | ETA: 162s
[gpu0] [ 734/1000] samples:  36700 | chain(game/max/avg): 4/8/4.2 | reward(game/avg): 10220/9916 | 1.65 games/s | ETA: 161s
[gpu0] [ 735/1000] samples:  36750 | chain(game/max/avg): 5/8/4.2 | reward(game/avg): 11040/9917 | 1.65 games/s | ETA: 160s
[gpu0] [ 736/1000] samples:  36800 | chain(game/max/avg): 4/8/4.2 | reward(game/avg): 7680/9914 | 1.66 games/s | ETA: 159s
[gpu0] [ 737/1000] samples:  36850 | chain(game/max/avg): 4/8/4.2 | reward(game/avg): 6280/9909 | 1.66 games/s | ETA: 159s
[gpu0] [ 739/1000] samples:  36950 | chain(game/max/avg): 5/8/4.2 | reward(game/avg): 11700/9911 | 1.66 games/s | ETA: 157s
[gpu0] [ 738/1000] samples:  36950 | chain(game/max/avg): 4/8/4.2 | reward(game/avg): 9620/9925 | 1.66 games/s | ETA: 158s
[gpu0] [ 740/1000] samples:  37000 | chain(game/max/avg): 3/8/4.2 | reward(game/avg): 6320/9906 | 1.66 games/s | ETA: 157s
[gpu0] [ 741/1000] samples:  37050 | chain(game/max/avg): 7/8/4.2 | reward(game/avg): 21640/9922 | 1.66 games/s | ETA: 156s
[gpu0] [ 742/1000] samples:  37100 | chain(game/max/avg): 6/8/4.2 | reward(game/avg): 16100/9931 | 1.67 games/s | ETA: 155s
[gpu0] [ 743/1000] samples:  37150 | chain(game/max/avg): 4/8/4.2 | reward(game/avg): 8800/9929 | 1.67 games/s | ETA: 154s
[gpu0] [ 744/1000] samples:  37200 | chain(game/max/avg): 5/8/4.2 | reward(game/avg): 10050/9929 | 1.67 games/s | ETA: 153s
[gpu0] [ 745/1000] samples:  37250 | chain(game/max/avg): 3/8/4.2 | reward(game/avg): 5400/9923 | 1.67 games/s | ETA: 152s
[gpu0] [ 746/1000] samples:  37300 | chain(game/max/avg): 4/8/4.2 | reward(game/avg): 9280/9922 | 1.67 games/s | ETA: 152s
[gpu0] [ 747/1000] samples:  37350 | chain(game/max/avg): 5/8/4.2 | reward(game/avg): 14300/9928 | 1.68 games/s | ETA: 151s
[gpu0] [ 748/1000] samples:  37400 | chain(game/max/avg): 4/8/4.2 | reward(game/avg): 8300/9926 | 1.68 games/s | ETA: 150s
[gpu0] [ 749/1000] samples:  37450 | chain(game/max/avg): 4/8/4.2 | reward(game/avg): 9420/9925 | 1.68 games/s | ETA: 149s
[gpu0] [ 750/1000] samples:  37500 | chain(game/max/avg): 3/8/4.2 | reward(game/avg): 8200/9923 | 1.68 games/s | ETA: 149s
[gpu0] [ 751/1000] samples:  37550 | chain(game/max/avg): 4/8/4.2 | reward(game/avg): 8360/9921 | 1.69 games/s | ETA: 148s
[gpu0] [ 752/1000] samples:  37600 | chain(game/max/avg): 4/8/4.2 | reward(game/avg): 6450/9916 | 1.69 games/s | ETA: 147s
[gpu0] [ 753/1000] samples:  37650 | chain(game/max/avg): 4/8/4.2 | reward(game/avg): 7390/9913 | 1.69 games/s | ETA: 146s
[gpu0] [ 754/1000] samples:  37700 | chain(game/max/avg): 4/8/4.2 | reward(game/avg): 10470/9914 | 1.69 games/s | ETA: 145s
[gpu0] [ 756/1000] samples:  37800 | chain(game/max/avg): 4/8/4.2 | reward(game/avg): 7090/9913 | 1.70 games/s | ETA: 144s
[gpu0] [ 755/1000] samples:  37750 | chain(game/max/avg): 5/8/4.2 | reward(game/avg): 11940/9916 | 1.69 games/s | ETA: 145s
[gpu0] [ 757/1000] samples:  37850 | chain(game/max/avg): 4/8/4.2 | reward(game/avg): 10240/9913 | 1.70 games/s | ETA: 143s
[gpu0] [ 758/1000] samples:  37900 | chain(game/max/avg): 4/8/4.2 | reward(game/avg): 7170/9909 | 1.70 games/s | ETA: 142s
[gpu0] [ 759/1000] samples:  37950 | chain(game/max/avg): 4/8/4.2 | reward(game/avg): 7880/9907 | 1.70 games/s | ETA: 141s
[gpu0] [ 760/1000] samples:  38000 | chain(game/max/avg): 3/8/4.2 | reward(game/avg): 7620/9904 | 1.71 games/s | ETA: 141s
[gpu0] [ 761/1000] samples:  38050 | chain(game/max/avg): 3/8/4.2 | reward(game/avg): 7370/9900 | 1.71 games/s | ETA: 140s
[gpu0] [ 762/1000] samples:  38100 | chain(game/max/avg): 4/8/4.2 | reward(game/avg): 9160/9899 | 1.71 games/s | ETA: 139s
[gpu0] [ 763/1000] samples:  38150 | chain(game/max/avg): 4/8/4.2 | reward(game/avg): 11680/9902 | 1.71 games/s | ETA: 138s
[gpu0] [ 764/1000] samples:  38200 | chain(game/max/avg): 4/8/4.2 | reward(game/avg): 11200/9903 | 1.71 games/s | ETA: 138s
[gpu0] [ 765/1000] samples:  38250 | chain(game/max/avg): 4/8/4.2 | reward(game/avg): 10470/9904 | 1.72 games/s | ETA: 137s
[gpu0] [ 766/1000] samples:  38300 | chain(game/max/avg): 4/8/4.2 | reward(game/avg): 10360/9905 | 1.72 games/s | ETA: 136s
[gpu0] [ 767/1000] samples:  38350 | chain(game/max/avg): 4/8/4.2 | reward(game/avg): 7500/9902 | 1.72 games/s | ETA: 135s
[gpu0] [ 768/1000] samples:  38400 | chain(game/max/avg): 6/8/4.2 | reward(game/avg): 15140/9909 | 1.72 games/s | ETA: 135s
[gpu0] [ 770/1000] samples:  38500 | chain(game/max/avg): 4/8/4.2 | reward(game/avg): 9420/9905 | 1.73 games/s | ETA: 133s
[gpu0] [ 769/1000] samples:  38450 | chain(game/max/avg): 5/8/4.2 | reward(game/avg): 7560/9905 | 1.73 games/s | ETA: 134s
[gpu0] [ 771/1000] samples:  38550 | chain(game/max/avg): 4/8/4.2 | reward(game/avg): 7780/9902 | 1.73 games/s | ETA: 132s
[gpu0] [ 772/1000] samples:  38600 | chain(game/max/avg): 3/8/4.2 | reward(game/avg): 7160/9899 | 1.73 games/s | ETA: 132s
[gpu0] [ 773/1000] samples:  38650 | chain(game/max/avg): 3/8/4.2 | reward(game/avg): 5160/9892 | 1.73 games/s | ETA: 131s
[gpu0] [ 774/1000] samples:  38700 | chain(game/max/avg): 3/8/4.2 | reward(game/avg): 6950/9889 | 1.74 games/s | ETA: 130s
[gpu0] [ 775/1000] samples:  38750 | chain(game/max/avg): 4/8/4.2 | reward(game/avg): 10060/9889 | 1.74 games/s | ETA: 129s
[gpu0] [ 777/1000] samples:  38850 | chain(game/max/avg): 4/8/4.2 | reward(game/avg): 6900/9889 | 1.74 games/s | ETA: 128s
[gpu0] [ 776/1000] samples:  38800 | chain(game/max/avg): 5/8/4.2 | reward(game/avg): 12760/9893 | 1.74 games/s | ETA: 129s
[gpu0] [ 778/1000] samples:  38900 | chain(game/max/avg): 4/8/4.2 | reward(game/avg): 11640/9891 | 1.75 games/s | ETA: 127s
[gpu0] [ 779/1000] samples:  38950 | chain(game/max/avg): 6/8/4.2 | reward(game/avg): 19340/9903 | 1.75 games/s | ETA: 126s
[gpu0] [ 780/1000] samples:  39000 | chain(game/max/avg): 4/8/4.2 | reward(game/avg): 7500/9900 | 1.75 games/s | ETA: 126s
[gpu0] [ 781/1000] samples:  39050 | chain(game/max/avg): 3/8/4.2 | reward(game/avg): 8380/9898 | 1.75 games/s | ETA: 125s
[gpu0] [ 783/1000] samples:  39150 | chain(game/max/avg): 3/8/4.2 | reward(game/avg): 8100/9894 | 1.76 games/s | ETA: 123s
[gpu0] [ 782/1000] samples:  39100 | chain(game/max/avg): 4/8/4.2 | reward(game/avg): 8580/9896 | 1.76 games/s | ETA: 124s
[gpu0] [ 784/1000] samples:  39200 | chain(game/max/avg): 4/8/4.2 | reward(game/avg): 8000/9892 | 1.76 games/s | ETA: 123s
[gpu0] [ 785/1000] samples:  39250 | chain(game/max/avg): 4/8/4.2 | reward(game/avg): 12060/9894 | 1.76 games/s | ETA: 122s
[gpu0] [ 786/1000] samples:  39300 | chain(game/max/avg): 5/8/4.2 | reward(game/avg): 11460/9896 | 1.76 games/s | ETA: 121s
[gpu0] [ 787/1000] samples:  39350 | chain(game/max/avg): 4/8/4.2 | reward(game/avg): 8330/9894 | 1.77 games/s | ETA: 121s
[gpu0] [ 788/1000] samples:  39400 | chain(game/max/avg): 6/8/4.2 | reward(game/avg): 19420/9906 | 1.77 games/s | ETA: 120s
[gpu0] [ 789/1000] samples:  39450 | chain(game/max/avg): 4/8/4.2 | reward(game/avg): 6800/9903 | 1.77 games/s | ETA: 119s
[gpu0] [ 790/1000] samples:  39500 | chain(game/max/avg): 4/8/4.2 | reward(game/avg): 11420/9904 | 1.77 games/s | ETA: 118s
[gpu0] [ 791/1000] samples:  39550 | chain(game/max/avg): 5/8/4.2 | reward(game/avg): 10720/9905 | 1.78 games/s | ETA: 118s
[gpu0] [ 792/1000] samples:  39600 | chain(game/max/avg): 5/8/4.2 | reward(game/avg): 9740/9905 | 1.78 games/s | ETA: 117s
[gpu0] [ 793/1000] samples:  39650 | chain(game/max/avg): 3/8/4.2 | reward(game/avg): 5870/9900 | 1.78 games/s | ETA: 116s
[gpu0] [ 794/1000] samples:  39700 | chain(game/max/avg): 5/8/4.2 | reward(game/avg): 10820/9901 | 1.78 games/s | ETA: 116s
[gpu0] [ 795/1000] samples:  39750 | chain(game/max/avg): 4/8/4.2 | reward(game/avg): 8360/9899 | 1.78 games/s | ETA: 115s
[gpu0] [ 796/1000] samples:  39800 | chain(game/max/avg): 5/8/4.2 | reward(game/avg): 13700/9904 | 1.79 games/s | ETA: 114s
[gpu0] [ 797/1000] samples:  39850 | chain(game/max/avg): 5/8/4.2 | reward(game/avg): 9560/9904 | 1.79 games/s | ETA: 113s
[gpu0] [ 798/1000] samples:  39900 | chain(game/max/avg): 4/8/4.2 | reward(game/avg): 9130/9903 | 1.79 games/s | ETA: 113s
[gpu0] [ 799/1000] samples:  39950 | chain(game/max/avg): 5/8/4.2 | reward(game/avg): 8460/9901 | 1.79 games/s | ETA: 112s
[gpu0] [ 800/1000] samples:  40000 | chain(game/max/avg): 4/8/4.2 | reward(game/avg): 8140/9899 | 1.80 games/s | ETA: 111s
[gpu0] [ 801/1000] samples:  40050 | chain(game/max/avg): 4/8/4.2 | reward(game/avg): 8180/9897 | 1.80 games/s | ETA: 111s
[gpu0] [ 802/1000] samples:  40100 | chain(game/max/avg): 5/8/4.2 | reward(game/avg): 10200/9897 | 1.80 games/s | ETA: 110s
[gpu0] [ 803/1000] samples:  40150 | chain(game/max/avg): 5/8/4.2 | reward(game/avg): 12690/9900 | 1.80 games/s | ETA: 109s
[gpu0] [ 804/1000] samples:  40200 | chain(game/max/avg): 4/8/4.2 | reward(game/avg): 8580/9899 | 1.80 games/s | ETA: 109s
[gpu0] [ 805/1000] samples:  40250 | chain(game/max/avg): 4/8/4.2 | reward(game/avg): 7680/9896 | 1.81 games/s | ETA: 108s
[gpu0] [ 807/1000] samples:  40350 | chain(game/max/avg): 3/8/4.2 | reward(game/avg): 3820/9888 | 1.81 games/s | ETA: 107s
[gpu0] [ 806/1000] samples:  40300 | chain(game/max/avg): 4/8/4.2 | reward(game/avg): 9730/9896 | 1.81 games/s | ETA: 107s
[gpu0] [ 808/1000] samples:  40400 | chain(game/max/avg): 4/8/4.2 | reward(game/avg): 8000/9886 | 1.81 games/s | ETA: 106s
[gpu0] [ 809/1000] samples:  40450 | chain(game/max/avg): 3/8/4.2 | reward(game/avg): 5860/9881 | 1.81 games/s | ETA: 105s
[gpu0] [ 811/1000] samples:  40550 | chain(game/max/avg): 3/8/4.2 | reward(game/avg): 6630/9878 | 1.82 games/s | ETA: 104s
[gpu0] [ 810/1000] samples:  40500 | chain(game/max/avg): 5/8/4.2 | reward(game/avg): 10610/9882 | 1.81 games/s | ETA: 105s
[gpu0] [ 812/1000] samples:  40600 | chain(game/max/avg): 4/8/4.2 | reward(game/avg): 8020/9876 | 1.82 games/s | ETA: 103s
[gpu0] [ 813/1000] samples:  40650 | chain(game/max/avg): 5/8/4.2 | reward(game/avg): 9100/9875 | 1.82 games/s | ETA: 103s
[gpu0] [ 814/1000] samples:  40700 | chain(game/max/avg): 6/8/4.2 | reward(game/avg): 12000/9877 | 1.82 games/s | ETA: 102s
[gpu0] [ 815/1000] samples:  40750 | chain(game/max/avg): 3/8/4.2 | reward(game/avg): 5860/9872 | 1.82 games/s | ETA: 101s
[gpu0] [ 816/1000] samples:  40800 | chain(game/max/avg): 3/8/4.2 | reward(game/avg): 7530/9869 | 1.83 games/s | ETA: 101s
[gpu0] [ 817/1000] samples:  40850 | chain(game/max/avg): 4/8/4.2 | reward(game/avg): 7880/9867 | 1.83 games/s | ETA: 100s
[gpu0] [ 818/1000] samples:  40900 | chain(game/max/avg): 4/8/4.2 | reward(game/avg): 7480/9864 | 1.83 games/s | ETA: 99s
[gpu0] [ 819/1000] samples:  40950 | chain(game/max/avg): 4/8/4.2 | reward(game/avg): 6320/9860 | 1.83 games/s | ETA: 99s
[gpu0] [ 820/1000] samples:  41000 | chain(game/max/avg): 5/8/4.2 | reward(game/avg): 10100/9860 | 1.83 games/s | ETA: 98s
[gpu0] [ 821/1000] samples:  41050 | chain(game/max/avg): 4/8/4.2 | reward(game/avg): 9980/9860 | 1.84 games/s | ETA: 97s
[gpu0] [ 822/1000] samples:  41100 | chain(game/max/avg): 4/8/4.2 | reward(game/avg): 11020/9862 | 1.84 games/s | ETA: 97s
[gpu0] [ 823/1000] samples:  41150 | chain(game/max/avg): 5/8/4.2 | reward(game/avg): 12040/9864 | 1.84 games/s | ETA: 96s
[gpu0] [ 824/1000] samples:  41200 | chain(game/max/avg): 4/8/4.2 | reward(game/avg): 9420/9864 | 1.84 games/s | ETA: 96s
[gpu0] [ 825/1000] samples:  41250 | chain(game/max/avg): 4/8/4.2 | reward(game/avg): 6980/9860 | 1.84 games/s | ETA: 95s
[gpu0] [ 826/1000] samples:  41300 | chain(game/max/avg): 4/8/4.2 | reward(game/avg): 8660/9859 | 1.85 games/s | ETA: 94s
[gpu0] [ 828/1000] samples:  41400 | chain(game/max/avg): 5/8/4.2 | reward(game/avg): 11580/9863 | 1.85 games/s | ETA: 93s
[gpu0] [ 827/1000] samples:  41350 | chain(game/max/avg): 4/8/4.2 | reward(game/avg): 11190/9860 | 1.85 games/s | ETA: 94s
[gpu0] [ 829/1000] samples:  41450 | chain(game/max/avg): 4/8/4.2 | reward(game/avg): 7860/9860 | 1.85 games/s | ETA: 92s
[gpu0] [ 830/1000] samples:  41500 | chain(game/max/avg): 4/8/4.2 | reward(game/avg): 6620/9856 | 1.85 games/s | ETA: 92s
[gpu0] [ 831/1000] samples:  41550 | chain(game/max/avg): 5/8/4.2 | reward(game/avg): 12280/9859 | 1.86 games/s | ETA: 91s
[gpu0] [ 832/1000] samples:  41600 | chain(game/max/avg): 4/8/4.2 | reward(game/avg): 5600/9854 | 1.86 games/s | ETA: 90s
[gpu0] [ 833/1000] samples:  41650 | chain(game/max/avg): 5/8/4.2 | reward(game/avg): 13100/9858 | 1.86 games/s | ETA: 90s
[gpu0] [ 834/1000] samples:  41700 | chain(game/max/avg): 4/8/4.2 | reward(game/avg): 7860/9855 | 1.86 games/s | ETA: 89s
[gpu0] [ 835/1000] samples:  41750 | chain(game/max/avg): 5/8/4.2 | reward(game/avg): 10840/9857 | 1.87 games/s | ETA: 88s
[gpu0] [ 836/1000] samples:  41800 | chain(game/max/avg): 4/8/4.2 | reward(game/avg): 7700/9854 | 1.87 games/s | ETA: 88s
[gpu0] [ 837/1000] samples:  41850 | chain(game/max/avg): 5/8/4.2 | reward(game/avg): 8960/9853 | 1.87 games/s | ETA: 87s
[gpu0] [ 838/1000] samples:  41900 | chain(game/max/avg): 4/8/4.2 | reward(game/avg): 8600/9852 | 1.87 games/s | ETA: 87s
[gpu0] [ 839/1000] samples:  41950 | chain(game/max/avg): 4/8/4.2 | reward(game/avg): 7560/9849 | 1.87 games/s | ETA: 86s
[gpu0] [ 840/1000] samples:  42000 | chain(game/max/avg): 6/8/4.2 | reward(game/avg): 18820/9859 | 1.88 games/s | ETA: 85s
[gpu0] [ 841/1000] samples:  42050 | chain(game/max/avg): 4/8/4.2 | reward(game/avg): 8940/9858 | 1.88 games/s | ETA: 85s
[gpu0] [ 842/1000] samples:  42100 | chain(game/max/avg): 4/8/4.2 | reward(game/avg): 10540/9859 | 1.88 games/s | ETA: 84s
[gpu0] [ 843/1000] samples:  42150 | chain(game/max/avg): 4/8/4.2 | reward(game/avg): 6940/9856 | 1.88 games/s | ETA: 83s
[gpu0] [ 844/1000] samples:  42200 | chain(game/max/avg): 4/8/4.2 | reward(game/avg): 10570/9857 | 1.89 games/s | ETA: 83s
[gpu0] [ 845/1000] samples:  42250 | chain(game/max/avg): 4/8/4.2 | reward(game/avg): 10160/9857 | 1.89 games/s | ETA: 82s
[gpu0] [ 846/1000] samples:  42300 | chain(game/max/avg): 4/8/4.2 | reward(game/avg): 6440/9853 | 1.89 games/s | ETA: 81s
[gpu0] [ 847/1000] samples:  42350 | chain(game/max/avg): 4/8/4.2 | reward(game/avg): 8600/9851 | 1.89 games/s | ETA: 81s
[gpu0] [ 848/1000] samples:  42400 | chain(game/max/avg): 5/8/4.2 | reward(game/avg): 13040/9855 | 1.89 games/s | ETA: 80s
[gpu0] [ 849/1000] samples:  42450 | chain(game/max/avg): 5/8/4.2 | reward(game/avg): 15020/9861 | 1.90 games/s | ETA: 80s
[gpu0] [ 850/1000] samples:  42500 | chain(game/max/avg): 4/8/4.2 | reward(game/avg): 10210/9862 | 1.90 games/s | ETA: 79s
[gpu0] [ 851/1000] samples:  42550 | chain(game/max/avg): 6/8/4.2 | reward(game/avg): 14000/9867 | 1.90 games/s | ETA: 78s
[gpu0] [ 852/1000] samples:  42600 | chain(game/max/avg): 5/8/4.2 | reward(game/avg): 10640/9867 | 1.90 games/s | ETA: 78s
[gpu0] [ 853/1000] samples:  42650 | chain(game/max/avg): 5/8/4.2 | reward(game/avg): 14160/9872 | 1.91 games/s | ETA: 77s
[gpu0] [ 854/1000] samples:  42700 | chain(game/max/avg): 4/8/4.2 | reward(game/avg): 7000/9869 | 1.91 games/s | ETA: 77s
[gpu0] [ 855/1000] samples:  42750 | chain(game/max/avg): 4/8/4.2 | reward(game/avg): 8760/9868 | 1.91 games/s | ETA: 76s
[gpu0] [ 856/1000] samples:  42800 | chain(game/max/avg): 3/8/4.2 | reward(game/avg): 7450/9865 | 1.91 games/s | ETA: 75s
[gpu0] [ 857/1000] samples:  42850 | chain(game/max/avg): 4/8/4.2 | reward(game/avg): 7290/9862 | 1.91 games/s | ETA: 75s
[gpu0] [ 858/1000] samples:  42900 | chain(game/max/avg): 4/8/4.2 | reward(game/avg): 10220/9862 | 1.92 games/s | ETA: 74s
[gpu0] [ 859/1000] samples:  42950 | chain(game/max/avg): 6/8/4.2 | reward(game/avg): 13700/9867 | 1.92 games/s | ETA: 73s
[gpu0] [ 860/1000] samples:  43000 | chain(game/max/avg): 4/8/4.2 | reward(game/avg): 7260/9864 | 1.92 games/s | ETA: 73s
[gpu0] [ 861/1000] samples:  43050 | chain(game/max/avg): 4/8/4.2 | reward(game/avg): 8320/9862 | 1.92 games/s | ETA: 72s
[gpu0] [ 862/1000] samples:  43100 | chain(game/max/avg): 5/8/4.2 | reward(game/avg): 10820/9863 | 1.93 games/s | ETA: 72s
[gpu0] [ 863/1000] samples:  43150 | chain(game/max/avg): 5/8/4.2 | reward(game/avg): 11510/9865 | 1.93 games/s | ETA: 71s
[gpu0] [ 864/1000] samples:  43200 | chain(game/max/avg): 5/8/4.2 | reward(game/avg): 12780/9868 | 1.93 games/s | ETA: 70s
[gpu0] [ 865/1000] samples:  43250 | chain(game/max/avg): 5/8/4.2 | reward(game/avg): 13630/9873 | 1.93 games/s | ETA: 70s
[gpu0] [ 866/1000] samples:  43300 | chain(game/max/avg): 5/8/4.2 | reward(game/avg): 13010/9876 | 1.93 games/s | ETA: 69s
[gpu0] [ 867/1000] samples:  43350 | chain(game/max/avg): 5/8/4.2 | reward(game/avg): 9190/9876 | 1.94 games/s | ETA: 69s
[gpu0] [ 868/1000] samples:  43400 | chain(game/max/avg): 3/8/4.2 | reward(game/avg): 5900/9871 | 1.94 games/s | ETA: 68s
[gpu0] [ 869/1000] samples:  43450 | chain(game/max/avg): 3/8/4.2 | reward(game/avg): 4720/9865 | 1.94 games/s | ETA: 67s
[gpu0] [ 870/1000] samples:  43500 | chain(game/max/avg): 5/8/4.2 | reward(game/avg): 14870/9871 | 1.94 games/s | ETA: 67s
[gpu0] [ 871/1000] samples:  43550 | chain(game/max/avg): 5/8/4.2 | reward(game/avg): 11220/9872 | 1.95 games/s | ETA: 66s
[gpu0] [ 872/1000] samples:  43600 | chain(game/max/avg): 4/8/4.2 | reward(game/avg): 9360/9872 | 1.95 games/s | ETA: 66s
[gpu0] [ 873/1000] samples:  43650 | chain(game/max/avg): 4/8/4.2 | reward(game/avg): 6490/9868 | 1.95 games/s | ETA: 65s
[gpu0] [ 874/1000] samples:  43700 | chain(game/max/avg): 5/8/4.2 | reward(game/avg): 16530/9876 | 1.95 games/s | ETA: 65s
[gpu0] [ 875/1000] samples:  43750 | chain(game/max/avg): 4/8/4.2 | reward(game/avg): 6500/9872 | 1.95 games/s | ETA: 64s
[gpu0] [ 876/1000] samples:  43800 | chain(game/max/avg): 4/8/4.2 | reward(game/avg): 10950/9873 | 1.96 games/s | ETA: 63s
[gpu0] [ 877/1000] samples:  43850 | chain(game/max/avg): 4/8/4.2 | reward(game/avg): 8770/9872 | 1.96 games/s | ETA: 63s
[gpu0] [ 878/1000] samples:  43900 | chain(game/max/avg): 4/8/4.2 | reward(game/avg): 9780/9872 | 1.96 games/s | ETA: 62s
[gpu0] [ 879/1000] samples:  43950 | chain(game/max/avg): 4/8/4.2 | reward(game/avg): 14270/9877 | 1.96 games/s | ETA: 62s
[gpu0] [ 880/1000] samples:  44000 | chain(game/max/avg): 4/8/4.2 | reward(game/avg): 10730/9878 | 1.97 games/s | ETA: 61s
[gpu0] [ 881/1000] samples:  44050 | chain(game/max/avg): 4/8/4.2 | reward(game/avg): 7940/9875 | 1.97 games/s | ETA: 60s
[gpu0] [ 882/1000] samples:  44100 | chain(game/max/avg): 5/8/4.2 | reward(game/avg): 12520/9878 | 1.97 games/s | ETA: 60s
[gpu0] [ 883/1000] samples:  44150 | chain(game/max/avg): 3/8/4.2 | reward(game/avg): 5880/9874 | 1.97 games/s | ETA: 59s
[gpu0] [ 884/1000] samples:  44200 | chain(game/max/avg): 3/8/4.2 | reward(game/avg): 4130/9867 | 1.97 games/s | ETA: 59s
[gpu0] [ 885/1000] samples:  44250 | chain(game/max/avg): 5/8/4.2 | reward(game/avg): 6940/9864 | 1.98 games/s | ETA: 58s
[gpu0] [ 886/1000] samples:  44300 | chain(game/max/avg): 4/8/4.2 | reward(game/avg): 8460/9862 | 1.98 games/s | ETA: 58s
[gpu0] [ 887/1000] samples:  44350 | chain(game/max/avg): 6/8/4.2 | reward(game/avg): 11440/9864 | 1.98 games/s | ETA: 57s
[gpu0] [ 888/1000] samples:  44400 | chain(game/max/avg): 4/8/4.2 | reward(game/avg): 8740/9863 | 1.98 games/s | ETA: 57s
[gpu0] [ 889/1000] samples:  44450 | chain(game/max/avg): 5/8/4.2 | reward(game/avg): 17200/9871 | 1.98 games/s | ETA: 56s
[gpu0] [ 890/1000] samples:  44500 | chain(game/max/avg): 4/8/4.2 | reward(game/avg): 6340/9867 | 1.98 games/s | ETA: 55s
[gpu0] [ 891/1000] samples:  44550 | chain(game/max/avg): 4/8/4.2 | reward(game/avg): 10570/9868 | 1.99 games/s | ETA: 55s
[gpu0] [ 892/1000] samples:  44600 | chain(game/max/avg): 4/8/4.2 | reward(game/avg): 10420/9869 | 1.99 games/s | ETA: 54s
[gpu0] [ 893/1000] samples:  44650 | chain(game/max/avg): 4/8/4.2 | reward(game/avg): 9740/9868 | 1.99 games/s | ETA: 54s
[gpu0] [ 894/1000] samples:  44700 | chain(game/max/avg): 3/8/4.2 | reward(game/avg): 6040/9864 | 1.99 games/s | ETA: 53s
[gpu0] [ 895/1000] samples:  44750 | chain(game/max/avg): 5/8/4.2 | reward(game/avg): 12260/9867 | 1.99 games/s | ETA: 53s
[gpu0] [ 896/1000] samples:  44800 | chain(game/max/avg): 5/8/4.2 | reward(game/avg): 11580/9869 | 2.00 games/s | ETA: 52s
[gpu0] [ 897/1000] samples:  44850 | chain(game/max/avg): 4/8/4.2 | reward(game/avg): 6900/9865 | 2.00 games/s | ETA: 52s
[gpu0] [ 898/1000] samples:  44900 | chain(game/max/avg): 5/8/4.2 | reward(game/avg): 13110/9869 | 2.00 games/s | ETA: 51s
[gpu0] [ 899/1000] samples:  44950 | chain(game/max/avg): 5/8/4.2 | reward(game/avg): 12380/9872 | 2.00 games/s | ETA: 50s
[gpu0] [ 900/1000] samples:  45000 | chain(game/max/avg): 6/8/4.2 | reward(game/avg): 16410/9879 | 2.01 games/s | ETA: 50s
[gpu0] [ 901/1000] samples:  45050 | chain(game/max/avg): 3/8/4.2 | reward(game/avg): 5000/9874 | 2.01 games/s | ETA: 49s
[gpu0] [ 902/1000] samples:  45100 | chain(game/max/avg): 5/8/4.2 | reward(game/avg): 13420/9878 | 2.01 games/s | ETA: 49s
[gpu0] [ 903/1000] samples:  45150 | chain(game/max/avg): 4/8/4.2 | reward(game/avg): 8070/9876 | 2.01 games/s | ETA: 48s
[gpu0] [ 904/1000] samples:  45200 | chain(game/max/avg): 5/8/4.2 | reward(game/avg): 11040/9877 | 2.01 games/s | ETA: 48s
[gpu0] [ 905/1000] samples:  45250 | chain(game/max/avg): 4/8/4.2 | reward(game/avg): 8900/9876 | 2.02 games/s | ETA: 47s
[gpu0] [ 906/1000] samples:  45300 | chain(game/max/avg): 4/8/4.2 | reward(game/avg): 8300/9874 | 2.02 games/s | ETA: 47s
[gpu0] [ 907/1000] samples:  45350 | chain(game/max/avg): 5/8/4.2 | reward(game/avg): 12040/9877 | 2.02 games/s | ETA: 46s
[gpu0] [ 908/1000] samples:  45400 | chain(game/max/avg): 5/8/4.2 | reward(game/avg): 10800/9878 | 2.02 games/s | ETA: 45s
[gpu0] [ 909/1000] samples:  45450 | chain(game/max/avg): 4/8/4.2 | reward(game/avg): 10620/9878 | 2.03 games/s | ETA: 45s
[gpu0] [ 910/1000] samples:  45500 | chain(game/max/avg): 3/8/4.2 | reward(game/avg): 5150/9873 | 2.03 games/s | ETA: 44s
[gpu0] [ 911/1000] samples:  45550 | chain(game/max/avg): 4/8/4.2 | reward(game/avg): 9760/9873 | 2.03 games/s | ETA: 44s
[gpu0] [ 912/1000] samples:  45600 | chain(game/max/avg): 5/8/4.2 | reward(game/avg): 13900/9877 | 2.03 games/s | ETA: 43s
[gpu0] [ 913/1000] samples:  45650 | chain(game/max/avg): 3/8/4.2 | reward(game/avg): 4720/9872 | 2.03 games/s | ETA: 43s
[gpu0] [ 914/1000] samples:  45700 | chain(game/max/avg): 5/8/4.2 | reward(game/avg): 10780/9873 | 2.04 games/s | ETA: 42s
[gpu0] [ 915/1000] samples:  45750 | chain(game/max/avg): 4/8/4.2 | reward(game/avg): 10180/9873 | 2.04 games/s | ETA: 42s
[gpu0] [ 916/1000] samples:  45800 | chain(game/max/avg): 4/8/4.2 | reward(game/avg): 8160/9871 | 2.04 games/s | ETA: 41s
[gpu0] [ 917/1000] samples:  45850 | chain(game/max/avg): 5/8/4.2 | reward(game/avg): 13340/9875 | 2.04 games/s | ETA: 41s
[gpu0] [ 918/1000] samples:  45900 | chain(game/max/avg): 5/8/4.2 | reward(game/avg): 13730/9879 | 2.04 games/s | ETA: 40s
[gpu0] [ 919/1000] samples:  45950 | chain(game/max/avg): 4/8/4.2 | reward(game/avg): 8120/9877 | 2.05 games/s | ETA: 40s
[gpu0] [ 920/1000] samples:  46000 | chain(game/max/avg): 5/8/4.2 | reward(game/avg): 14340/9882 | 2.05 games/s | ETA: 39s
[gpu0] [ 921/1000] samples:  46050 | chain(game/max/avg): 5/8/4.2 | reward(game/avg): 11370/9884 | 2.05 games/s | ETA: 39s
[gpu0] [ 922/1000] samples:  46100 | chain(game/max/avg): 5/8/4.2 | reward(game/avg): 11890/9886 | 2.05 games/s | ETA: 38s
[gpu0] [ 923/1000] samples:  46150 | chain(game/max/avg): 3/8/4.2 | reward(game/avg): 7870/9884 | 2.06 games/s | ETA: 37s
[gpu0] [ 924/1000] samples:  46200 | chain(game/max/avg): 4/8/4.2 | reward(game/avg): 9960/9884 | 2.06 games/s | ETA: 37s
[gpu0] [ 925/1000] samples:  46250 | chain(game/max/avg): 4/8/4.2 | reward(game/avg): 8420/9882 | 2.06 games/s | ETA: 36s
[gpu0] [ 926/1000] samples:  46300 | chain(game/max/avg): 5/8/4.2 | reward(game/avg): 11980/9885 | 2.06 games/s | ETA: 36s
[gpu0] [ 927/1000] samples:  46350 | chain(game/max/avg): 5/8/4.2 | reward(game/avg): 9990/9885 | 2.06 games/s | ETA: 35s
[gpu0] [ 928/1000] samples:  46400 | chain(game/max/avg): 4/8/4.2 | reward(game/avg): 11560/9886 | 2.07 games/s | ETA: 35s
[gpu0] [ 929/1000] samples:  46450 | chain(game/max/avg): 4/8/4.2 | reward(game/avg): 9260/9886 | 2.07 games/s | ETA: 34s
[gpu0] [ 930/1000] samples:  46500 | chain(game/max/avg): 3/8/4.2 | reward(game/avg): 8570/9884 | 2.07 games/s | ETA: 34s
[gpu0] [ 931/1000] samples:  46550 | chain(game/max/avg): 5/8/4.2 | reward(game/avg): 13100/9888 | 2.07 games/s | ETA: 33s
[gpu0] [ 932/1000] samples:  46600 | chain(game/max/avg): 4/8/4.2 | reward(game/avg): 9250/9887 | 2.07 games/s | ETA: 33s
[gpu0] [ 933/1000] samples:  46650 | chain(game/max/avg): 5/8/4.2 | reward(game/avg): 15560/9893 | 2.07 games/s | ETA: 32s
[gpu0] [ 934/1000] samples:  46700 | chain(game/max/avg): 6/8/4.2 | reward(game/avg): 30990/9916 | 2.08 games/s | ETA: 32s
[gpu0] [ 935/1000] samples:  46750 | chain(game/max/avg): 4/8/4.2 | reward(game/avg): 8220/9914 | 2.08 games/s | ETA: 31s
[gpu0] [ 936/1000] samples:  46800 | chain(game/max/avg): 5/8/4.2 | reward(game/avg): 10240/9914 | 2.08 games/s | ETA: 31s
[gpu0] [ 937/1000] samples:  46850 | chain(game/max/avg): 5/8/4.3 | reward(game/avg): 13580/9918 | 2.08 games/s | ETA: 30s
[gpu0] [ 938/1000] samples:  46900 | chain(game/max/avg): 6/8/4.3 | reward(game/avg): 18360/9927 | 2.09 games/s | ETA: 30s
[gpu0] [ 939/1000] samples:  46950 | chain(game/max/avg): 6/8/4.3 | reward(game/avg): 16370/9934 | 2.09 games/s | ETA: 29s
[gpu0] [ 940/1000] samples:  47000 | chain(game/max/avg): 4/8/4.3 | reward(game/avg): 6200/9930 | 2.09 games/s | ETA: 29s
[gpu0] [ 941/1000] samples:  47050 | chain(game/max/avg): 4/8/4.3 | reward(game/avg): 12860/9933 | 2.09 games/s | ETA: 28s
[gpu0] [ 942/1000] samples:  47100 | chain(game/max/avg): 4/8/4.3 | reward(game/avg): 7680/9931 | 2.09 games/s | ETA: 28s
[gpu0] [ 943/1000] samples:  47150 | chain(game/max/avg): 4/8/4.3 | reward(game/avg): 7980/9929 | 2.10 games/s | ETA: 27s
[gpu0] [ 944/1000] samples:  47200 | chain(game/max/avg): 4/8/4.3 | reward(game/avg): 7720/9926 | 2.10 games/s | ETA: 27s
[gpu0] [ 945/1000] samples:  47250 | chain(game/max/avg): 4/8/4.3 | reward(game/avg): 8340/9925 | 2.10 games/s | ETA: 26s
[gpu0] [ 946/1000] samples:  47300 | chain(game/max/avg): 3/8/4.3 | reward(game/avg): 7040/9922 | 2.10 games/s | ETA: 26s
[gpu0] [ 947/1000] samples:  47350 | chain(game/max/avg): 3/8/4.3 | reward(game/avg): 4400/9916 | 2.11 games/s | ETA: 25s
[gpu0] [ 948/1000] samples:  47400 | chain(game/max/avg): 4/8/4.2 | reward(game/avg): 9740/9916 | 2.11 games/s | ETA: 25s
[gpu0] [ 949/1000] samples:  47450 | chain(game/max/avg): 7/8/4.3 | reward(game/avg): 21470/9928 | 2.11 games/s | ETA: 24s
[gpu0] [ 950/1000] samples:  47500 | chain(game/max/avg): 4/8/4.3 | reward(game/avg): 9720/9928 | 2.11 games/s | ETA: 24s
[gpu0] [ 951/1000] samples:  47550 | chain(game/max/avg): 4/8/4.3 | reward(game/avg): 9600/9927 | 2.11 games/s | ETA: 23s
[gpu0] [ 952/1000] samples:  47600 | chain(game/max/avg): 6/8/4.3 | reward(game/avg): 16420/9934 | 2.11 games/s | ETA: 23s
[gpu0] [ 953/1000] samples:  47650 | chain(game/max/avg): 5/8/4.3 | reward(game/avg): 8190/9932 | 2.11 games/s | ETA: 22s
[gpu0] [ 954/1000] samples:  47700 | chain(game/max/avg): 5/8/4.3 | reward(game/avg): 13960/9937 | 2.12 games/s | ETA: 22s
[gpu0] [ 955/1000] samples:  47750 | chain(game/max/avg): 4/8/4.3 | reward(game/avg): 7820/9934 | 2.12 games/s | ETA: 21s
[gpu0] [ 956/1000] samples:  47850 | chain(game/max/avg): 4/8/4.3 | reward(game/avg): 9800/9944 | 2.12 games/s | ETA: 21s
[gpu0] [ 957/1000] samples:  47850 | chain(game/max/avg): 4/8/4.3 | reward(game/avg): 9180/9933 | 2.12 games/s | ETA: 20s
[gpu0] [ 958/1000] samples:  47900 | chain(game/max/avg): 4/8/4.3 | reward(game/avg): 9700/9933 | 2.13 games/s | ETA: 20s
[gpu0] [ 959/1000] samples:  47950 | chain(game/max/avg): 5/8/4.3 | reward(game/avg): 8880/9932 | 2.13 games/s | ETA: 19s
[gpu0] [ 960/1000] samples:  48000 | chain(game/max/avg): 4/8/4.3 | reward(game/avg): 7540/9930 | 2.13 games/s | ETA: 19s
[gpu0] [ 961/1000] samples:  48050 | chain(game/max/avg): 4/8/4.3 | reward(game/avg): 7240/9927 | 2.13 games/s | ETA: 18s
[gpu0] [ 962/1000] samples:  48100 | chain(game/max/avg): 5/8/4.3 | reward(game/avg): 9760/9927 | 2.13 games/s | ETA: 18s
[gpu0] [ 963/1000] samples:  48150 | chain(game/max/avg): 6/8/4.3 | reward(game/avg): 18660/9936 | 2.14 games/s | ETA: 17s
[gpu0] [ 964/1000] samples:  48200 | chain(game/max/avg): 5/8/4.3 | reward(game/avg): 10120/9936 | 2.14 games/s | ETA: 17s
[gpu0] [ 965/1000] samples:  48250 | chain(game/max/avg): 5/8/4.3 | reward(game/avg): 14240/9940 | 2.14 games/s | ETA: 16s
[gpu0] [ 966/1000] samples:  48300 | chain(game/max/avg): 5/8/4.3 | reward(game/avg): 12240/9943 | 2.14 games/s | ETA: 16s
[gpu0] [ 967/1000] samples:  48350 | chain(game/max/avg): 4/8/4.3 | reward(game/avg): 8800/9942 | 2.14 games/s | ETA: 15s
[gpu0] [ 968/1000] samples:  48400 | chain(game/max/avg): 4/8/4.3 | reward(game/avg): 7370/9939 | 2.15 games/s | ETA: 15s
[gpu0] [ 969/1000] samples:  48450 | chain(game/max/avg): 4/8/4.3 | reward(game/avg): 6940/9936 | 2.15 games/s | ETA: 14s
[gpu0] [ 970/1000] samples:  48500 | chain(game/max/avg): 6/8/4.3 | reward(game/avg): 16940/9943 | 2.15 games/s | ETA: 14s
[gpu0] [ 971/1000] samples:  48550 | chain(game/max/avg): 5/8/4.3 | reward(game/avg): 14650/9948 | 2.15 games/s | ETA: 13s
[gpu0] [ 972/1000] samples:  48600 | chain(game/max/avg): 4/8/4.3 | reward(game/avg): 8560/9946 | 2.15 games/s | ETA: 13s
[gpu0] [ 973/1000] samples:  48650 | chain(game/max/avg): 4/8/4.3 | reward(game/avg): 9120/9946 | 2.16 games/s | ETA: 13s
[gpu0] [ 974/1000] samples:  48700 | chain(game/max/avg): 4/8/4.3 | reward(game/avg): 8720/9944 | 2.16 games/s | ETA: 12s
[gpu0] [ 975/1000] samples:  48750 | chain(game/max/avg): 4/8/4.3 | reward(game/avg): 8830/9943 | 2.16 games/s | ETA: 12s
[gpu0] [ 976/1000] samples:  48800 | chain(game/max/avg): 4/8/4.3 | reward(game/avg): 6580/9940 | 2.16 games/s | ETA: 11s
[gpu0] [ 977/1000] samples:  48850 | chain(game/max/avg): 5/8/4.3 | reward(game/avg): 11140/9941 | 2.16 games/s | ETA: 11s
[gpu0] [ 978/1000] samples:  48900 | chain(game/max/avg): 3/8/4.3 | reward(game/avg): 5360/9936 | 2.17 games/s | ETA: 10s
[gpu0] [ 979/1000] samples:  48950 | chain(game/max/avg): 5/8/4.3 | reward(game/avg): 11160/9938 | 2.17 games/s | ETA: 10s
[gpu0] [ 980/1000] samples:  49000 | chain(game/max/avg): 7/8/4.3 | reward(game/avg): 21220/9949 | 2.17 games/s | ETA: 9s
[gpu0] [ 981/1000] samples:  49050 | chain(game/max/avg): 5/8/4.3 | reward(game/avg): 9120/9948 | 2.17 games/s | ETA: 9s
[gpu0] [ 982/1000] samples:  49100 | chain(game/max/avg): 3/8/4.3 | reward(game/avg): 6880/9945 | 2.17 games/s | ETA: 8s
[gpu0] [ 983/1000] samples:  49150 | chain(game/max/avg): 5/8/4.3 | reward(game/avg): 14100/9949 | 2.18 games/s | ETA: 8s
[gpu0] [ 984/1000] samples:  49200 | chain(game/max/avg): 4/8/4.3 | reward(game/avg): 8880/9948 | 2.18 games/s | ETA: 7s
[gpu0] [ 985/1000] samples:  49250 | chain(game/max/avg): 5/8/4.3 | reward(game/avg): 10320/9949 | 2.18 games/s | ETA: 7s
[gpu0] [ 986/1000] samples:  49300 | chain(game/max/avg): 3/8/4.3 | reward(game/avg): 7490/9946 | 2.18 games/s | ETA: 6s
[gpu0] [ 987/1000] samples:  49350 | chain(game/max/avg): 3/8/4.3 | reward(game/avg): 5540/9942 | 2.18 games/s | ETA: 6s
[gpu0] [ 988/1000] samples:  49400 | chain(game/max/avg): 4/8/4.3 | reward(game/avg): 8840/9941 | 2.19 games/s | ETA: 5s
[gpu0] [ 989/1000] samples:  49450 | chain(game/max/avg): 4/8/4.3 | reward(game/avg): 8560/9939 | 2.19 games/s | ETA: 5s
[gpu0] [ 990/1000] samples:  49500 | chain(game/max/avg): 5/8/4.3 | reward(game/avg): 14100/9943 | 2.19 games/s | ETA: 5s
[gpu0] [ 991/1000] samples:  49550 | chain(game/max/avg): 3/8/4.3 | reward(game/avg): 7520/9941 | 2.19 games/s | ETA: 4s
[gpu0] [ 992/1000] samples:  49600 | chain(game/max/avg): 3/8/4.3 | reward(game/avg): 8600/9940 | 2.20 games/s | ETA: 4s
[gpu0] [ 993/1000] samples:  49650 | chain(game/max/avg): 3/8/4.3 | reward(game/avg): 8010/9938 | 2.20 games/s | ETA: 3s
[gpu0] [ 994/1000] samples:  49700 | chain(game/max/avg): 4/8/4.3 | reward(game/avg): 7890/9936 | 2.20 games/s | ETA: 3s
[gpu0] [ 995/1000] samples:  49750 | chain(game/max/avg): 5/8/4.3 | reward(game/avg): 11000/9937 | 2.20 games/s | ETA: 2s
[gpu0] [ 996/1000] samples:  49800 | chain(game/max/avg): 4/8/4.3 | reward(game/avg): 10120/9937 | 2.20 games/s | ETA: 2s
[gpu0] [ 997/1000] samples:  49850 | chain(game/max/avg): 5/8/4.3 | reward(game/avg): 16530/9943 | 2.21 games/s | ETA: 1s
[gpu0] [ 998/1000] samples:  49900 | chain(game/max/avg): 3/8/4.3 | reward(game/avg): 6850/9940 | 2.21 games/s | ETA: 1s
[gpu0] [ 999/1000] samples:  49950 | chain(game/max/avg): 3/8/4.3 | reward(game/avg): 7900/9938 | 2.21 games/s | ETA: 0s
[gpu0] [1000/1000] samples:  50000 | chain(game/max/avg): 3/8/4.3 | reward(game/avg): 6920/9935 | 2.21 games/s | ETA: 0s
[gpu0] Self-play complete: 1000 games, 50000 samples, max chain: 8
[gpu0] Saved to runs/rtx5090-3/data/alphazero_iter_7_gpu0.bin
[2026-04-06 00:13:47] Train start (AlphaZero mode, replay buffer, global_step=6000)
    Finished `release` profile [optimized] target(s) in 0.31s
     Running `target/release/train --alphazero --data-dir runs/rtx5090-3/data --global-step 6000 --model-path runs/rtx5090-3/artifacts/puyo_model --artifacts-dir runs/rtx5090-3/artifacts --batch-size 2048 --accum-steps 1 --cols 6 --rows 14 --num-colors 4 --residual-channels 128 --num-blocks 6 --policy-conv-channels 2 --value-conv-channels 1 --value-hidden 64 --film-hidden 128 --lr-stages '0:0.2,100000:0.02,300000:0.002,500000:0.0002'`
Backend: CUDA (GPU)
Game config: cols=6, rows=14, num_colors=4
Net config: residual_channels=128, num_blocks=6
Mode: AlphaZero (Policy CE + Value MSE)
Loading AlphaZero datasets from runs/rtx5090-3/data...
Found 7 data files
  Loaded 50000 samples from runs/rtx5090-3/data/alphazero_iter_1_gpu0.bin
  Loaded 49982 samples from runs/rtx5090-3/data/alphazero_iter_2_gpu0.bin
  Loaded 50000 samples from runs/rtx5090-3/data/alphazero_iter_3_gpu0.bin
  Loaded 50000 samples from runs/rtx5090-3/data/alphazero_iter_4_gpu0.bin
  Loaded 50000 samples from runs/rtx5090-3/data/alphazero_iter_5_gpu0.bin
  Loaded 50000 samples from runs/rtx5090-3/data/alphazero_iter_6_gpu0.bin
  Loaded 50000 samples from runs/rtx5090-3/data/alphazero_iter_7_gpu0.bin
Loaded 349982 total samples
Train: 349982 samples (color augmented on-the-fly, no val split)
Loaded existing model from runs/rtx5090-3/artifacts/puyo_model
AlphaZero training: 1000 steps, global_step=6000, LR 2e-1 (end ~2e-1), batch_size=2048, accum_steps=1, effective_batch=2048
  step 50/1000 p_loss=2.6848 v_loss=2.3726 lr=0.200000  step 100/1000 p_loss=2.6867 v_loss=2.3565 lr=0.200000  step 150/1000 p_loss=2.6867 v_loss=2.3511 lr=0.200000  step 200/1000 p_loss=2.6858 v_loss=2.3564 lr=0.200000  step 250/1000 p_loss=2.6855 v_loss=2.3560 lr=0.200000  step 300/1000 p_loss=2.6848 v_loss=2.3580 lr=0.200000  step 350/1000 p_loss=2.6838 v_loss=2.3560 lr=0.200000  step 400/1000 p_loss=2.6830 v_loss=2.3609 lr=0.200000  step 450/1000 p_loss=2.6825 v_loss=2.3592 lr=0.200000  step 500/1000 p_loss=2.6815 v_loss=2.3586 lr=0.200000  step 550/1000 p_loss=2.6811 v_loss=2.3599 lr=0.200000  step 600/1000 p_loss=2.6805 v_loss=2.3607 lr=0.200000  step 650/1000 p_loss=2.6795 v_loss=2.3616 lr=0.200000  step 700/1000 p_loss=2.6789 v_loss=2.3600 lr=0.200000  step 750/1000 p_loss=2.6781 v_loss=2.3609 lr=0.200000  step 800/1000 p_loss=2.6775 v_loss=2.3617 lr=0.200000  step 850/1000 p_loss=2.6768 v_loss=2.3606 lr=0.200000  step 900/1000 p_loss=2.6761 v_loss=2.3606 lr=0.200000  step 950/1000 p_loss=2.6753 v_loss=2.3619 lr=0.200000  step 1000/1000 p_loss=2.6746 v_loss=2.3629 lr=0.200000
Model metadata saved to runs/rtx5090-3/artifacts/puyo_model.config.json
AlphaZero training complete. final train_loss(p=2.674627, v=2.362916) global_step=7000
