[2026-04-07 13:21:02] --- Iteration 201 (sims=512, global_step=200000) ---
[2026-04-07 13:21:02] Self-play start (m=24, c_visit=50.0, num_gpus=1, games_per_gpu=1000, total=1000)
[gpu0]     Finished `release` profile [optimized] target(s) in 0.30s
[gpu0]      Running `target/release/self-play --games 1000 --simulations 512 --c-puct-init 1.5 --c-puct-base 19652.0 --m 24 --c-visit 50.0 --gamma 0.95 --min-chain 0 --threads 512 --batch-size 2048 --num-leaves 1 --model-path runs/rtx5090-3/artifacts/puyo_model --cols 6 --rows 14 --num-colors 4 --residual-channels 128 --num-blocks 6 --policy-conv-channels 2 --value-conv-channels 1 --value-hidden 64 --film-hidden 128 --output runs/rtx5090-3/data/alphazero_iter_201_gpu0.bin`
[gpu0] games=1000, simulations=512, c_puct_init=1.5, c_puct_base=19652, m=24, c_visit=50, gamma=0.95, num_leaves=1, min_chain=0
[gpu0] Game config: cols=6, rows=14, num_colors=4, residual_channels=128, num_blocks=6, policy_conv_ch=2, value_conv_ch=1, value_hidden=64, film_hidden=128
[gpu0] Backend: Cuda (GPU) — Gumbel MCTS self-play (batched)
[gpu0] Loaded existing model from runs/rtx5090-3/artifacts/puyo_model
[gpu0] Using 512 game threads, max_batch_size=2048
[gpu0] [   1/1000] samples:     50 | chain(game/max/avg): 6/6/6.0 | reward(game/avg): 12660/12660 | 0.00 games/s | ETA: 214912s
[gpu0] [   2/1000] samples:    100 | chain(game/max/avg): 3/6/4.5 | reward(game/avg): 2800/7730 | 0.01 games/s | ETA: 108144s
[gpu0] [   3/1000] samples:    150 | chain(game/max/avg): 6/6/5.0 | reward(game/avg): 20640/12033 | 0.01 games/s | ETA: 72764s
[gpu0] [   4/1000] samples:    200 | chain(game/max/avg): 6/6/5.2 | reward(game/avg): 12860/12240 | 0.02 games/s | ETA: 54876s
[gpu0] [   5/1000] samples:    250 | chain(game/max/avg): 5/6/5.2 | reward(game/avg): 18370/13466 | 0.02 games/s | ETA: 44009s
[gpu0] [   6/1000] samples:    300 | chain(game/max/avg): 8/8/5.7 | reward(game/avg): 38340/17612 | 0.03 games/s | ETA: 36640s
[gpu0] [   7/1000] samples:    350 | chain(game/max/avg): 6/8/5.7 | reward(game/avg): 20080/17964 | 0.03 games/s | ETA: 31463s
[gpu0] [   8/1000] samples:    400 | chain(game/max/avg): 5/8/5.6 | reward(game/avg): 14610/17545 | 0.04 games/s | ETA: 27540s
[gpu0] [   9/1000] samples:    450 | chain(game/max/avg): 5/8/5.6 | reward(game/avg): 17280/17516 | 0.04 games/s | ETA: 24486s
[gpu0] [  10/1000] samples:    500 | chain(game/max/avg): 7/8/5.7 | reward(game/avg): 19920/17756 | 0.04 games/s | ETA: 22018s
[gpu0] [  11/1000] samples:    550 | chain(game/max/avg): 6/8/5.7 | reward(game/avg): 20500/18005 | 0.05 games/s | ETA: 19997s
[gpu0] [  12/1000] samples:    600 | chain(game/max/avg): 6/8/5.8 | reward(game/avg): 20830/18241 | 0.05 games/s | ETA: 18318s
[gpu0] [  13/1000] samples:    650 | chain(game/max/avg): 6/8/5.8 | reward(game/avg): 29060/19073 | 0.06 games/s | ETA: 16894s
[gpu0] [  14/1000] samples:    700 | chain(game/max/avg): 9/9/6.0 | reward(game/avg): 47180/21081 | 0.06 games/s | ETA: 15676s
[gpu0] [  15/1000] samples:    750 | chain(game/max/avg): 6/9/6.0 | reward(game/avg): 22670/21187 | 0.07 games/s | ETA: 14616s
[gpu0] [  16/1000] samples:    800 | chain(game/max/avg): 5/9/5.9 | reward(game/avg): 8320/20382 | 0.07 games/s | ETA: 13692s
[gpu0] [  17/1000] samples:    850 | chain(game/max/avg): 5/9/5.9 | reward(game/avg): 13690/19989 | 0.08 games/s | ETA: 12875s
[gpu0] [  18/1000] samples:    900 | chain(game/max/avg): 6/9/5.9 | reward(game/avg): 34000/20767 | 0.08 games/s | ETA: 12152s
[gpu0] [  19/1000] samples:    950 | chain(game/max/avg): 6/9/5.9 | reward(game/avg): 17600/20601 | 0.09 games/s | ETA: 11502s
[gpu0] [  20/1000] samples:   1000 | chain(game/max/avg): 8/9/6.0 | reward(game/avg): 28000/20970 | 0.09 games/s | ETA: 10917s
[gpu0] [  21/1000] samples:   1050 | chain(game/max/avg): 8/9/6.1 | reward(game/avg): 43240/22031 | 0.09 games/s | ETA: 10387s
[gpu0] [  22/1000] samples:   1100 | chain(game/max/avg): 8/9/6.2 | reward(game/avg): 30400/22411 | 0.10 games/s | ETA: 9911s
[gpu0] [  23/1000] samples:   1150 | chain(game/max/avg): 6/9/6.2 | reward(game/avg): 18980/22262 | 0.10 games/s | ETA: 9473s
[gpu0] [  24/1000] samples:   1200 | chain(game/max/avg): 6/9/6.2 | reward(game/avg): 30710/22614 | 0.11 games/s | ETA: 9071s
[gpu0] [  25/1000] samples:   1250 | chain(game/max/avg): 5/9/6.1 | reward(game/avg): 15200/22318 | 0.11 games/s | ETA: 8703s
[gpu0] [  26/1000] samples:   1300 | chain(game/max/avg): 7/9/6.2 | reward(game/avg): 25420/22437 | 0.12 games/s | ETA: 8360s
[gpu0] [  27/1000] samples:   1350 | chain(game/max/avg): 6/9/6.1 | reward(game/avg): 17300/22247 | 0.12 games/s | ETA: 8044s
[gpu0] [  28/1000] samples:   1400 | chain(game/max/avg): 6/9/6.1 | reward(game/avg): 27410/22431 | 0.13 games/s | ETA: 7749s
[gpu0] [  29/1000] samples:   1450 | chain(game/max/avg): 9/9/6.2 | reward(game/avg): 40660/23060 | 0.13 games/s | ETA: 7475s
[gpu0] [  30/1000] samples:   1500 | chain(game/max/avg): 4/9/6.2 | reward(game/avg): 15170/22797 | 0.13 games/s | ETA: 7218s
[gpu0] [  31/1000] samples:   1550 | chain(game/max/avg): 5/9/6.1 | reward(game/avg): 11820/22443 | 0.14 games/s | ETA: 6978s
[gpu0] [  32/1000] samples:   1600 | chain(game/max/avg): 7/9/6.2 | reward(game/avg): 33160/22778 | 0.14 games/s | ETA: 6754s
[gpu0] [  33/1000] samples:   1650 | chain(game/max/avg): 4/9/6.1 | reward(game/avg): 5560/22256 | 0.15 games/s | ETA: 6543s
[gpu0] [  34/1000] samples:   1700 | chain(game/max/avg): 6/9/6.1 | reward(game/avg): 16360/22082 | 0.15 games/s | ETA: 6345s
[gpu0] [  35/1000] samples:   1750 | chain(game/max/avg): 7/9/6.1 | reward(game/avg): 30460/22322 | 0.16 games/s | ETA: 6158s
[gpu0] [  36/1000] samples:   1800 | chain(game/max/avg): 8/9/6.2 | reward(game/avg): 35590/22690 | 0.16 games/s | ETA: 5981s
[gpu0] [  37/1000] samples:   1850 | chain(game/max/avg): 4/9/6.1 | reward(game/avg): 7330/22275 | 0.17 games/s | ETA: 5813s
[gpu0] [  38/1000] samples:   1900 | chain(game/max/avg): 7/9/6.1 | reward(game/avg): 24300/22328 | 0.17 games/s | ETA: 5654s
[gpu0] [  39/1000] samples:   1950 | chain(game/max/avg): 5/9/6.1 | reward(game/avg): 10060/22014 | 0.17 games/s | ETA: 5504s
[gpu0] [  40/1000] samples:   2000 | chain(game/max/avg): 5/9/6.1 | reward(game/avg): 10640/21730 | 0.18 games/s | ETA: 5361s
[gpu0] [  41/1000] samples:   2050 | chain(game/max/avg): 7/9/6.1 | reward(game/avg): 30870/21952 | 0.18 games/s | ETA: 5225s
[gpu0] [  42/1000] samples:   2100 | chain(game/max/avg): 5/9/6.1 | reward(game/avg): 18600/21873 | 0.19 games/s | ETA: 5095s
[gpu0] [  43/1000] samples:   2150 | chain(game/max/avg): 5/9/6.0 | reward(game/avg): 19690/21822 | 0.19 games/s | ETA: 4972s
[gpu0] [  44/1000] samples:   2200 | chain(game/max/avg): 4/9/6.0 | reward(game/avg): 7480/21496 | 0.20 games/s | ETA: 4854s
[gpu0] [  45/1000] samples:   2250 | chain(game/max/avg): 8/9/6.0 | reward(game/avg): 31820/21725 | 0.20 games/s | ETA: 4742s
[gpu0] [  46/1000] samples:   2300 | chain(game/max/avg): 5/9/6.0 | reward(game/avg): 15740/21595 | 0.21 games/s | ETA: 4634s
[gpu0] [  47/1000] samples:   2350 | chain(game/max/avg): 5/9/6.0 | reward(game/avg): 14560/21446 | 0.21 games/s | ETA: 4531s
[gpu0] [  48/1000] samples:   2400 | chain(game/max/avg): 3/9/5.9 | reward(game/avg): 2300/21047 | 0.21 games/s | ETA: 4432s
[gpu0] [  49/1000] samples:   2450 | chain(game/max/avg): 6/9/5.9 | reward(game/avg): 19730/21020 | 0.22 games/s | ETA: 4337s
[gpu0] [  50/1000] samples:   2500 | chain(game/max/avg): 7/9/6.0 | reward(game/avg): 31890/21237 | 0.22 games/s | ETA: 4246s
[gpu0] [  51/1000] samples:   2550 | chain(game/max/avg): 6/9/6.0 | reward(game/avg): 15100/21117 | 0.23 games/s | ETA: 4159s
[gpu0] [  52/1000] samples:   2600 | chain(game/max/avg): 6/9/6.0 | reward(game/avg): 20720/21109 | 0.23 games/s | ETA: 4075s
[gpu0] [  53/1000] samples:   2650 | chain(game/max/avg): 6/9/6.0 | reward(game/avg): 29030/21259 | 0.24 games/s | ETA: 3994s
[gpu0] [  54/1000] samples:   2700 | chain(game/max/avg): 5/9/5.9 | reward(game/avg): 15480/21152 | 0.24 games/s | ETA: 3916s
[gpu0] [  55/1000] samples:   2750 | chain(game/max/avg): 5/9/5.9 | reward(game/avg): 13520/21013 | 0.25 games/s | ETA: 3841s
[gpu0] [  56/1000] samples:   2800 | chain(game/max/avg): 6/9/5.9 | reward(game/avg): 22220/21034 | 0.25 games/s | ETA: 3768s
[gpu0] [  57/1000] samples:   2850 | chain(game/max/avg): 7/9/5.9 | reward(game/avg): 26300/21127 | 0.25 games/s | ETA: 3698s
[gpu0] [  58/1000] samples:   2900 | chain(game/max/avg): 7/9/6.0 | reward(game/avg): 21340/21131 | 0.26 games/s | ETA: 3631s
[gpu0] [  59/1000] samples:   2950 | chain(game/max/avg): 5/9/5.9 | reward(game/avg): 16780/21057 | 0.26 games/s | ETA: 3566s
[gpu0] [  60/1000] samples:   3000 | chain(game/max/avg): 4/9/5.9 | reward(game/avg): 5570/20799 | 0.27 games/s | ETA: 3503s
[gpu0] [  61/1000] samples:   3050 | chain(game/max/avg): 6/9/5.9 | reward(game/avg): 17880/20751 | 0.27 games/s | ETA: 3442s
[gpu0] [  62/1000] samples:   3100 | chain(game/max/avg): 8/9/6.0 | reward(game/avg): 31810/20929 | 0.28 games/s | ETA: 3383s
[gpu0] [  63/1000] samples:   3150 | chain(game/max/avg): 8/9/6.0 | reward(game/avg): 49340/21380 | 0.28 games/s | ETA: 3326s
[gpu0] [  64/1000] samples:   3200 | chain(game/max/avg): 6/9/6.0 | reward(game/avg): 19120/21345 | 0.29 games/s | ETA: 3271s
[gpu0] [  65/1000] samples:   3250 | chain(game/max/avg): 6/9/6.0 | reward(game/avg): 12800/21213 | 0.29 games/s | ETA: 3217s
[gpu0] [  66/1000] samples:   3300 | chain(game/max/avg): 7/9/6.0 | reward(game/avg): 20510/21203 | 0.30 games/s | ETA: 3165s
[gpu0] [  67/1000] samples:   3350 | chain(game/max/avg): 5/9/6.0 | reward(game/avg): 9130/21023 | 0.30 games/s | ETA: 3115s
[gpu0] [  68/1000] samples:   3400 | chain(game/max/avg): 5/9/6.0 | reward(game/avg): 13240/20908 | 0.30 games/s | ETA: 3066s
[gpu0] [  69/1000] samples:   3450 | chain(game/max/avg): 6/9/6.0 | reward(game/avg): 14300/20812 | 0.31 games/s | ETA: 3018s
[gpu0] [  70/1000] samples:   3500 | chain(game/max/avg): 6/9/6.0 | reward(game/avg): 30470/20950 | 0.31 games/s | ETA: 2972s
[gpu0] [  71/1000] samples:   3550 | chain(game/max/avg): 7/9/6.0 | reward(game/avg): 26210/21024 | 0.32 games/s | ETA: 2927s
[gpu0] [  72/1000] samples:   3600 | chain(game/max/avg): 7/9/6.0 | reward(game/avg): 32150/21179 | 0.32 games/s | ETA: 2884s
[gpu0] [  73/1000] samples:   3650 | chain(game/max/avg): 6/9/6.0 | reward(game/avg): 21150/21178 | 0.33 games/s | ETA: 2841s
[gpu0] [  74/1000] samples:   3700 | chain(game/max/avg): 5/9/6.0 | reward(game/avg): 12060/21055 | 0.33 games/s | ETA: 2800s
[gpu0] [  75/1000] samples:   3750 | chain(game/max/avg): 7/9/6.0 | reward(game/avg): 27630/21143 | 0.34 games/s | ETA: 2759s
[gpu0] [  76/1000] samples:   3800 | chain(game/max/avg): 6/9/6.0 | reward(game/avg): 13300/21040 | 0.34 games/s | ETA: 2720s
[gpu0] [  77/1000] samples:   3850 | chain(game/max/avg): 4/9/6.0 | reward(game/avg): 7510/20864 | 0.34 games/s | ETA: 2682s
[gpu0] [  78/1000] samples:   3900 | chain(game/max/avg): 8/9/6.0 | reward(game/avg): 38390/21089 | 0.35 games/s | ETA: 2645s
[gpu0] [  79/1000] samples:   3950 | chain(game/max/avg): 6/9/6.0 | reward(game/avg): 20040/21075 | 0.35 games/s | ETA: 2609s
[gpu0] [  80/1000] samples:   4000 | chain(game/max/avg): 4/9/6.0 | reward(game/avg): 6000/20887 | 0.36 games/s | ETA: 2573s
[gpu0] [  81/1000] samples:   4050 | chain(game/max/avg): 7/9/6.0 | reward(game/avg): 25880/20949 | 0.36 games/s | ETA: 2539s
[gpu0] [  82/1000] samples:   4100 | chain(game/max/avg): 8/9/6.0 | reward(game/avg): 27140/21024 | 0.37 games/s | ETA: 2505s
[gpu0] [  83/1000] samples:   4150 | chain(game/max/avg): 6/9/6.0 | reward(game/avg): 18650/20996 | 0.37 games/s | ETA: 2472s
[gpu0] [  84/1000] samples:   4200 | chain(game/max/avg): 8/9/6.0 | reward(game/avg): 35980/21174 | 0.38 games/s | ETA: 2440s
[gpu0] [  85/1000] samples:   4250 | chain(game/max/avg): 6/9/6.0 | reward(game/avg): 15280/21105 | 0.38 games/s | ETA: 2409s
[gpu0] [  86/1000] samples:   4300 | chain(game/max/avg): 6/9/6.0 | reward(game/avg): 18990/21080 | 0.38 games/s | ETA: 2379s
[gpu0] [  87/1000] samples:   4350 | chain(game/max/avg): 6/9/6.0 | reward(game/avg): 27340/21152 | 0.39 games/s | ETA: 2349s
[gpu0] [  88/1000] samples:   4400 | chain(game/max/avg): 6/9/6.0 | reward(game/avg): 16480/21099 | 0.39 games/s | ETA: 2319s
[gpu0] [  89/1000] samples:   4450 | chain(game/max/avg): 5/9/6.0 | reward(game/avg): 12170/20999 | 0.40 games/s | ETA: 2291s
[gpu0] [  90/1000] samples:   4500 | chain(game/max/avg): 7/9/6.0 | reward(game/avg): 25990/21054 | 0.40 games/s | ETA: 2263s
[gpu0] [  91/1000] samples:   4550 | chain(game/max/avg): 5/9/6.0 | reward(game/avg): 17760/21018 | 0.41 games/s | ETA: 2236s
[gpu0] [  92/1000] samples:   4600 | chain(game/max/avg): 5/9/6.0 | reward(game/avg): 17010/20974 | 0.41 games/s | ETA: 2209s
[gpu0] [  93/1000] samples:   4650 | chain(game/max/avg): 5/9/6.0 | reward(game/avg): 16530/20926 | 0.42 games/s | ETA: 2183s
[gpu0] [  94/1000] samples:   4700 | chain(game/max/avg): 8/9/6.0 | reward(game/avg): 34480/21071 | 0.42 games/s | ETA: 2157s
[gpu0] [  95/1000] samples:   4750 | chain(game/max/avg): 6/9/6.0 | reward(game/avg): 26500/21128 | 0.42 games/s | ETA: 2132s
[gpu0] [  96/1000] samples:   4800 | chain(game/max/avg): 7/9/6.0 | reward(game/avg): 19160/21107 | 0.43 games/s | ETA: 2108s
[gpu0] [  97/1000] samples:   4850 | chain(game/max/avg): 5/9/6.0 | reward(game/avg): 11280/21006 | 0.43 games/s | ETA: 2084s
[gpu0] [  98/1000] samples:   4900 | chain(game/max/avg): 7/9/6.0 | reward(game/avg): 24000/21037 | 0.44 games/s | ETA: 2060s
[gpu0] [  99/1000] samples:   4950 | chain(game/max/avg): 4/9/6.0 | reward(game/avg): 8410/20909 | 0.44 games/s | ETA: 2037s
[gpu0] [ 100/1000] samples:   5000 | chain(game/max/avg): 5/9/6.0 | reward(game/avg): 13060/20830 | 0.45 games/s | ETA: 2015s
[gpu0] [ 101/1000] samples:   5050 | chain(game/max/avg): 5/9/6.0 | reward(game/avg): 10800/20731 | 0.45 games/s | ETA: 1993s
[gpu0] [ 102/1000] samples:   5100 | chain(game/max/avg): 5/9/6.0 | reward(game/avg): 9880/20625 | 0.46 games/s | ETA: 1971s
[gpu0] [ 103/1000] samples:   5150 | chain(game/max/avg): 6/9/6.0 | reward(game/avg): 21290/20631 | 0.46 games/s | ETA: 1950s
[gpu0] [ 104/1000] samples:   5200 | chain(game/max/avg): 6/9/6.0 | reward(game/avg): 15740/20584 | 0.46 games/s | ETA: 1929s
[gpu0] [ 105/1000] samples:   5250 | chain(game/max/avg): 5/9/6.0 | reward(game/avg): 13060/20513 | 0.47 games/s | ETA: 1908s
[gpu0] [ 106/1000] samples:   5300 | chain(game/max/avg): 6/9/6.0 | reward(game/avg): 25560/20560 | 0.47 games/s | ETA: 1888s
[gpu0] [ 107/1000] samples:   5350 | chain(game/max/avg): 6/9/6.0 | reward(game/avg): 17540/20532 | 0.48 games/s | ETA: 1868s
[gpu0] [ 108/1000] samples:   5400 | chain(game/max/avg): 4/9/6.0 | reward(game/avg): 9260/20428 | 0.48 games/s | ETA: 1849s
[gpu0] [ 109/1000] samples:   5450 | chain(game/max/avg): 4/9/5.9 | reward(game/avg): 6590/20301 | 0.49 games/s | ETA: 1830s
[gpu0] [ 110/1000] samples:   5500 | chain(game/max/avg): 5/9/5.9 | reward(game/avg): 13880/20242 | 0.49 games/s | ETA: 1811s
[gpu0] [ 111/1000] samples:   5550 | chain(game/max/avg): 7/9/5.9 | reward(game/avg): 24990/20285 | 0.50 games/s | ETA: 1793s
[gpu0] [ 112/1000] samples:   5600 | chain(game/max/avg): 6/9/5.9 | reward(game/avg): 16780/20254 | 0.50 games/s | ETA: 1775s
[gpu0] [ 113/1000] samples:   5650 | chain(game/max/avg): 6/9/5.9 | reward(game/avg): 21760/20267 | 0.50 games/s | ETA: 1757s
[gpu0] [ 114/1000] samples:   5700 | chain(game/max/avg): 5/9/5.9 | reward(game/avg): 8480/20164 | 0.51 games/s | ETA: 1740s
[gpu0] [ 115/1000] samples:   5750 | chain(game/max/avg): 5/9/5.9 | reward(game/avg): 17260/20138 | 0.51 games/s | ETA: 1723s
[gpu0] [ 116/1000] samples:   5800 | chain(game/max/avg): 5/9/5.9 | reward(game/avg): 15210/20096 | 0.52 games/s | ETA: 1706s
[gpu0] [ 117/1000] samples:   5850 | chain(game/max/avg): 6/9/5.9 | reward(game/avg): 18800/20085 | 0.52 games/s | ETA: 1690s
[gpu0] [ 118/1000] samples:   5900 | chain(game/max/avg): 7/9/5.9 | reward(game/avg): 38840/20244 | 0.53 games/s | ETA: 1673s
[gpu0] [ 119/1000] samples:   5950 | chain(game/max/avg): 5/9/5.9 | reward(game/avg): 18300/20227 | 0.53 games/s | ETA: 1658s
[gpu0] [ 120/1000] samples:   6000 | chain(game/max/avg): 6/9/5.9 | reward(game/avg): 21960/20242 | 0.54 games/s | ETA: 1642s
[gpu0] [ 121/1000] samples:   6050 | chain(game/max/avg): 5/9/5.9 | reward(game/avg): 15230/20200 | 0.54 games/s | ETA: 1626s
[gpu0] [ 122/1000] samples:   6100 | chain(game/max/avg): 5/9/5.9 | reward(game/avg): 14690/20155 | 0.54 games/s | ETA: 1611s
[gpu0] [ 123/1000] samples:   6150 | chain(game/max/avg): 6/9/5.9 | reward(game/avg): 27060/20211 | 0.55 games/s | ETA: 1596s
[gpu0] [ 124/1000] samples:   6200 | chain(game/max/avg): 6/9/5.9 | reward(game/avg): 14060/20162 | 0.55 games/s | ETA: 1582s
[gpu0] [ 125/1000] samples:   6250 | chain(game/max/avg): 5/9/5.9 | reward(game/avg): 8360/20067 | 0.56 games/s | ETA: 1567s
[gpu0] [ 126/1000] samples:   6300 | chain(game/max/avg): 4/9/5.9 | reward(game/avg): 11140/19997 | 0.56 games/s | ETA: 1553s
[gpu0] [ 127/1000] samples:   6350 | chain(game/max/avg): 4/9/5.9 | reward(game/avg): 9180/19911 | 0.57 games/s | ETA: 1539s
[gpu0] [ 128/1000] samples:   6400 | chain(game/max/avg): 5/9/5.9 | reward(game/avg): 12740/19855 | 0.57 games/s | ETA: 1525s
[gpu0] [ 129/1000] samples:   6450 | chain(game/max/avg): 6/9/5.9 | reward(game/avg): 12920/19802 | 0.58 games/s | ETA: 1512s
[gpu0] [ 130/1000] samples:   6500 | chain(game/max/avg): 6/9/5.9 | reward(game/avg): 22580/19823 | 0.58 games/s | ETA: 1499s
[gpu0] [ 131/1000] samples:   6550 | chain(game/max/avg): 5/9/5.9 | reward(game/avg): 16290/19796 | 0.59 games/s | ETA: 1485s
[gpu0] [ 132/1000] samples:   6600 | chain(game/max/avg): 4/9/5.8 | reward(game/avg): 12020/19737 | 0.59 games/s | ETA: 1472s
[gpu0] [ 133/1000] samples:   6650 | chain(game/max/avg): 6/9/5.8 | reward(game/avg): 25820/19783 | 0.59 games/s | ETA: 1460s
[gpu0] [ 134/1000] samples:   6700 | chain(game/max/avg): 5/9/5.8 | reward(game/avg): 21270/19794 | 0.60 games/s | ETA: 1447s
[gpu0] [ 135/1000] samples:   6750 | chain(game/max/avg): 6/9/5.8 | reward(game/avg): 22910/19817 | 0.60 games/s | ETA: 1435s
[gpu0] [ 136/1000] samples:   6800 | chain(game/max/avg): 5/9/5.8 | reward(game/avg): 16700/19794 | 0.61 games/s | ETA: 1423s
[gpu0] [ 137/1000] samples:   6850 | chain(game/max/avg): 6/9/5.8 | reward(game/avg): 13040/19745 | 0.61 games/s | ETA: 1411s
[gpu0] [ 138/1000] samples:   6900 | chain(game/max/avg): 5/9/5.8 | reward(game/avg): 13280/19698 | 0.62 games/s | ETA: 1399s
[gpu0] [ 139/1000] samples:   6950 | chain(game/max/avg): 4/9/5.8 | reward(game/avg): 11840/19641 | 0.62 games/s | ETA: 1387s
[gpu0] [ 140/1000] samples:   7000 | chain(game/max/avg): 6/9/5.8 | reward(game/avg): 29750/19714 | 0.63 games/s | ETA: 1376s
[gpu0] [ 141/1000] samples:   7050 | chain(game/max/avg): 5/9/5.8 | reward(game/avg): 11920/19658 | 0.63 games/s | ETA: 1364s
[gpu0] [ 142/1000] samples:   7100 | chain(game/max/avg): 5/9/5.8 | reward(game/avg): 13140/19612 | 0.63 games/s | ETA: 1353s
[gpu0] [ 143/1000] samples:   7150 | chain(game/max/avg): 6/9/5.8 | reward(game/avg): 21440/19625 | 0.64 games/s | ETA: 1342s
[gpu0] [ 144/1000] samples:   7200 | chain(game/max/avg): 6/9/5.8 | reward(game/avg): 14980/19593 | 0.64 games/s | ETA: 1331s
[gpu0] [ 145/1000] samples:   7250 | chain(game/max/avg): 4/9/5.8 | reward(game/avg): 12420/19544 | 0.65 games/s | ETA: 1320s
[gpu0] [ 146/1000] samples:   7300 | chain(game/max/avg): 6/9/5.8 | reward(game/avg): 16310/19521 | 0.65 games/s | ETA: 1310s
[gpu0] [ 147/1000] samples:   7350 | chain(game/max/avg): 6/9/5.8 | reward(game/avg): 19210/19519 | 0.66 games/s | ETA: 1299s
[gpu0] [ 151/1000] samples:   7550 | chain(game/max/avg): 10/10/5.8 | reward(game/avg): 48520/19682 | 0.67 games/s | ETA: 1259s
[gpu0] [ 149/1000] samples:   7450 | chain(game/max/avg): 5/9/5.8 | reward(game/avg): 9460/19486 | 0.67 games/s | ETA: 1279s
[gpu0] [ 150/1000] samples:   7500 | chain(game/max/avg): 5/9/5.8 | reward(game/avg): 20080/19490 | 0.67 games/s | ETA: 1269s
[gpu0] [ 148/1000] samples:   7400 | chain(game/max/avg): 6/9/5.8 | reward(game/avg): 24560/19553 | 0.66 games/s | ETA: 1289s
[gpu0] [ 152/1000] samples:   7600 | chain(game/max/avg): 4/10/5.8 | reward(game/avg): 12180/19632 | 0.68 games/s | ETA: 1249s
[gpu0] [ 153/1000] samples:   7650 | chain(game/max/avg): 5/10/5.8 | reward(game/avg): 10860/19575 | 0.68 games/s | ETA: 1240s
[gpu0] [ 154/1000] samples:   7700 | chain(game/max/avg): 6/10/5.8 | reward(game/avg): 17420/19561 | 0.69 games/s | ETA: 1230s
[gpu0] [ 155/1000] samples:   7750 | chain(game/max/avg): 5/10/5.8 | reward(game/avg): 14320/19527 | 0.69 games/s | ETA: 1221s
[gpu0] [ 156/1000] samples:   7800 | chain(game/max/avg): 3/10/5.8 | reward(game/avg): 8800/19459 | 0.70 games/s | ETA: 1212s
[gpu0] [ 157/1000] samples:   7850 | chain(game/max/avg): 6/10/5.8 | reward(game/avg): 20790/19467 | 0.70 games/s | ETA: 1202s
[gpu0] [ 158/1000] samples:   7900 | chain(game/max/avg): 4/10/5.8 | reward(game/avg): 8370/19397 | 0.71 games/s | ETA: 1193s
[gpu0] [ 159/1000] samples:   7950 | chain(game/max/avg): 5/10/5.8 | reward(game/avg): 11800/19349 | 0.71 games/s | ETA: 1185s
[gpu0] [ 160/1000] samples:   8000 | chain(game/max/avg): 5/10/5.8 | reward(game/avg): 17480/19337 | 0.71 games/s | ETA: 1176s
[gpu0] [ 161/1000] samples:   8050 | chain(game/max/avg): 7/10/5.8 | reward(game/avg): 38280/19455 | 0.72 games/s | ETA: 1167s
[gpu0] [ 162/1000] samples:   8100 | chain(game/max/avg): 5/10/5.8 | reward(game/avg): 17720/19444 | 0.72 games/s | ETA: 1158s
[gpu0] [ 163/1000] samples:   8150 | chain(game/max/avg): 5/10/5.8 | reward(game/avg): 10580/19390 | 0.73 games/s | ETA: 1150s
[gpu0] [ 164/1000] samples:   8200 | chain(game/max/avg): 5/10/5.8 | reward(game/avg): 14520/19360 | 0.73 games/s | ETA: 1142s
[gpu0] [ 165/1000] samples:   8250 | chain(game/max/avg): 5/10/5.7 | reward(game/avg): 16910/19345 | 0.74 games/s | ETA: 1133s
[gpu0] [ 166/1000] samples:   8300 | chain(game/max/avg): 6/10/5.7 | reward(game/avg): 19740/19348 | 0.74 games/s | ETA: 1125s
[gpu0] [ 167/1000] samples:   8350 | chain(game/max/avg): 4/10/5.7 | reward(game/avg): 10350/19294 | 0.75 games/s | ETA: 1117s
[gpu0] [ 168/1000] samples:   8400 | chain(game/max/avg): 4/10/5.7 | reward(game/avg): 5700/19213 | 0.75 games/s | ETA: 1109s
[gpu0] [ 169/1000] samples:   8450 | chain(game/max/avg): 5/10/5.7 | reward(game/avg): 15270/19190 | 0.75 games/s | ETA: 1101s
[gpu0] [ 170/1000] samples:   8500 | chain(game/max/avg): 5/10/5.7 | reward(game/avg): 10900/19141 | 0.76 games/s | ETA: 1093s
[gpu0] [ 171/1000] samples:   8550 | chain(game/max/avg): 6/10/5.7 | reward(game/avg): 14920/19116 | 0.76 games/s | ETA: 1086s
[gpu0] [ 172/1000] samples:   8600 | chain(game/max/avg): 5/10/5.7 | reward(game/avg): 9680/19061 | 0.77 games/s | ETA: 1078s
[gpu0] [ 173/1000] samples:   8650 | chain(game/max/avg): 4/10/5.7 | reward(game/avg): 6580/18989 | 0.77 games/s | ETA: 1071s
[gpu0] [ 174/1000] samples:   8700 | chain(game/max/avg): 6/10/5.7 | reward(game/avg): 17540/18981 | 0.78 games/s | ETA: 1063s
[gpu0] [ 175/1000] samples:   8750 | chain(game/max/avg): 6/10/5.7 | reward(game/avg): 14860/18957 | 0.78 games/s | ETA: 1056s
[gpu0] [ 176/1000] samples:   8800 | chain(game/max/avg): 5/10/5.7 | reward(game/avg): 14850/18934 | 0.79 games/s | ETA: 1049s
[gpu0] [ 177/1000] samples:   8850 | chain(game/max/avg): 6/10/5.7 | reward(game/avg): 15980/18917 | 0.79 games/s | ETA: 1041s
[gpu0] [ 178/1000] samples:   8900 | chain(game/max/avg): 5/10/5.7 | reward(game/avg): 15500/18898 | 0.79 games/s | ETA: 1034s
[gpu0] [ 179/1000] samples:   8950 | chain(game/max/avg): 5/10/5.7 | reward(game/avg): 21730/18914 | 0.80 games/s | ETA: 1027s
[gpu0] [ 180/1000] samples:   9000 | chain(game/max/avg): 6/10/5.7 | reward(game/avg): 14660/18890 | 0.80 games/s | ETA: 1020s
[gpu0] [ 181/1000] samples:   9050 | chain(game/max/avg): 5/10/5.7 | reward(game/avg): 13180/18859 | 0.81 games/s | ETA: 1013s
[gpu0] [ 182/1000] samples:   9100 | chain(game/max/avg): 5/10/5.7 | reward(game/avg): 17930/18854 | 0.81 games/s | ETA: 1007s
[gpu0] [ 183/1000] samples:   9150 | chain(game/max/avg): 5/10/5.7 | reward(game/avg): 16380/18840 | 0.82 games/s | ETA: 1000s
[gpu0] [ 184/1000] samples:   9200 | chain(game/max/avg): 6/10/5.7 | reward(game/avg): 18000/18835 | 0.82 games/s | ETA: 993s
[gpu0] [ 185/1000] samples:   9250 | chain(game/max/avg): 5/10/5.7 | reward(game/avg): 15040/18815 | 0.83 games/s | ETA: 987s
[gpu0] [ 186/1000] samples:   9300 | chain(game/max/avg): 6/10/5.7 | reward(game/avg): 23820/18842 | 0.83 games/s | ETA: 980s
[gpu0] [ 187/1000] samples:   9350 | chain(game/max/avg): 4/10/5.7 | reward(game/avg): 7900/18783 | 0.83 games/s | ETA: 974s
[gpu0] [ 188/1000] samples:   9400 | chain(game/max/avg): 4/10/5.7 | reward(game/avg): 5970/18715 | 0.84 games/s | ETA: 967s
[gpu0] [ 189/1000] samples:   9450 | chain(game/max/avg): 7/10/5.7 | reward(game/avg): 19060/18717 | 0.84 games/s | ETA: 961s
[gpu0] [ 190/1000] samples:   9500 | chain(game/max/avg): 6/10/5.7 | reward(game/avg): 20840/18728 | 0.85 games/s | ETA: 955s
[gpu0] [ 191/1000] samples:   9550 | chain(game/max/avg): 4/10/5.7 | reward(game/avg): 7220/18668 | 0.85 games/s | ETA: 949s
[gpu0] [ 192/1000] samples:   9600 | chain(game/max/avg): 6/10/5.7 | reward(game/avg): 22300/18687 | 0.86 games/s | ETA: 943s
[gpu0] [ 193/1000] samples:   9650 | chain(game/max/avg): 5/10/5.7 | reward(game/avg): 14420/18665 | 0.86 games/s | ETA: 937s
[gpu0] [ 194/1000] samples:   9700 | chain(game/max/avg): 8/10/5.7 | reward(game/avg): 23760/18691 | 0.87 games/s | ETA: 931s
[gpu0] [ 195/1000] samples:   9750 | chain(game/max/avg): 7/10/5.7 | reward(game/avg): 24480/18721 | 0.87 games/s | ETA: 925s
[gpu0] [ 196/1000] samples:   9800 | chain(game/max/avg): 5/10/5.7 | reward(game/avg): 10020/18676 | 0.88 games/s | ETA: 919s
[gpu0] [ 197/1000] samples:   9850 | chain(game/max/avg): 5/10/5.7 | reward(game/avg): 14320/18654 | 0.88 games/s | ETA: 913s
[gpu0] [ 198/1000] samples:   9900 | chain(game/max/avg): 5/10/5.7 | reward(game/avg): 11020/18616 | 0.88 games/s | ETA: 907s
[gpu0] [ 199/1000] samples:   9950 | chain(game/max/avg): 6/10/5.7 | reward(game/avg): 20870/18627 | 0.89 games/s | ETA: 902s
[gpu0] [ 200/1000] samples:  10000 | chain(game/max/avg): 5/10/5.7 | reward(game/avg): 12520/18596 | 0.89 games/s | ETA: 896s
[gpu0] [ 201/1000] samples:  10050 | chain(game/max/avg): 6/10/5.7 | reward(game/avg): 20770/18607 | 0.90 games/s | ETA: 890s
[gpu0] [ 202/1000] samples:  10100 | chain(game/max/avg): 6/10/5.7 | reward(game/avg): 26530/18646 | 0.90 games/s | ETA: 885s
[gpu0] [ 203/1000] samples:  10150 | chain(game/max/avg): 5/10/5.7 | reward(game/avg): 11080/18609 | 0.91 games/s | ETA: 879s
[gpu0] [ 204/1000] samples:  10200 | chain(game/max/avg): 4/10/5.7 | reward(game/avg): 6240/18549 | 0.91 games/s | ETA: 874s
[gpu0] [ 205/1000] samples:  10250 | chain(game/max/avg): 5/10/5.7 | reward(game/avg): 18100/18546 | 0.92 games/s | ETA: 869s
[gpu0] [ 206/1000] samples:  10300 | chain(game/max/avg): 5/10/5.7 | reward(game/avg): 14320/18526 | 0.92 games/s | ETA: 863s
[gpu0] [ 207/1000] samples:  10350 | chain(game/max/avg): 4/10/5.7 | reward(game/avg): 9100/18480 | 0.92 games/s | ETA: 858s
[gpu0] [ 208/1000] samples:  10400 | chain(game/max/avg): 5/10/5.6 | reward(game/avg): 13370/18456 | 0.93 games/s | ETA: 853s
[gpu0] [ 209/1000] samples:  10450 | chain(game/max/avg): 3/10/5.6 | reward(game/avg): 4120/18387 | 0.93 games/s | ETA: 848s
[gpu0] [ 210/1000] samples:  10500 | chain(game/max/avg): 5/10/5.6 | reward(game/avg): 9840/18346 | 0.94 games/s | ETA: 843s
[gpu0] [ 211/1000] samples:  10550 | chain(game/max/avg): 5/10/5.6 | reward(game/avg): 16860/18339 | 0.94 games/s | ETA: 838s
[gpu0] [ 212/1000] samples:  10600 | chain(game/max/avg): 5/10/5.6 | reward(game/avg): 15260/18325 | 0.95 games/s | ETA: 833s
[gpu0] [ 213/1000] samples:  10650 | chain(game/max/avg): 4/10/5.6 | reward(game/avg): 9140/18282 | 0.95 games/s | ETA: 828s
[gpu0] [ 214/1000] samples:  10700 | chain(game/max/avg): 4/10/5.6 | reward(game/avg): 9640/18241 | 0.96 games/s | ETA: 823s
[gpu0] [ 215/1000] samples:  10750 | chain(game/max/avg): 5/10/5.6 | reward(game/avg): 13820/18221 | 0.96 games/s | ETA: 818s
[gpu0] [ 216/1000] samples:  10800 | chain(game/max/avg): 4/10/5.6 | reward(game/avg): 7400/18171 | 0.96 games/s | ETA: 813s
[gpu0] [ 217/1000] samples:  10850 | chain(game/max/avg): 5/10/5.6 | reward(game/avg): 15000/18156 | 0.97 games/s | ETA: 808s
[gpu0] [ 218/1000] samples:  10900 | chain(game/max/avg): 6/10/5.6 | reward(game/avg): 17230/18152 | 0.97 games/s | ETA: 804s
[gpu0] [ 219/1000] samples:  10950 | chain(game/max/avg): 5/10/5.6 | reward(game/avg): 11660/18122 | 0.98 games/s | ETA: 799s
[gpu0] [ 220/1000] samples:  11000 | chain(game/max/avg): 6/10/5.6 | reward(game/avg): 19590/18129 | 0.98 games/s | ETA: 794s
[gpu0] [ 221/1000] samples:  11050 | chain(game/max/avg): 5/10/5.6 | reward(game/avg): 17450/18126 | 0.99 games/s | ETA: 790s
[gpu0] [ 222/1000] samples:  11100 | chain(game/max/avg): 5/10/5.6 | reward(game/avg): 16170/18117 | 0.99 games/s | ETA: 785s
[gpu0] [ 223/1000] samples:  11150 | chain(game/max/avg): 5/10/5.6 | reward(game/avg): 9680/18079 | 1.00 games/s | ETA: 781s
[gpu0] [ 224/1000] samples:  11200 | chain(game/max/avg): 4/10/5.6 | reward(game/avg): 10880/18047 | 1.00 games/s | ETA: 776s
[gpu0] [ 225/1000] samples:  11250 | chain(game/max/avg): 5/10/5.6 | reward(game/avg): 20520/18058 | 1.00 games/s | ETA: 772s
[gpu0] [ 226/1000] samples:  11300 | chain(game/max/avg): 4/10/5.6 | reward(game/avg): 9510/18020 | 1.01 games/s | ETA: 767s
[gpu0] [ 227/1000] samples:  11350 | chain(game/max/avg): 5/10/5.6 | reward(game/avg): 12430/17996 | 1.01 games/s | ETA: 763s
[gpu0] [ 228/1000] samples:  11400 | chain(game/max/avg): 7/10/5.6 | reward(game/avg): 28720/18043 | 1.02 games/s | ETA: 759s
[gpu0] [ 229/1000] samples:  11450 | chain(game/max/avg): 7/10/5.6 | reward(game/avg): 28120/18087 | 1.02 games/s | ETA: 754s
[gpu0] [ 230/1000] samples:  11500 | chain(game/max/avg): 5/10/5.6 | reward(game/avg): 10020/18052 | 1.03 games/s | ETA: 750s
[gpu0] [ 231/1000] samples:  11550 | chain(game/max/avg): 6/10/5.6 | reward(game/avg): 19520/18058 | 1.03 games/s | ETA: 746s
[gpu0] [ 232/1000] samples:  11600 | chain(game/max/avg): 4/10/5.6 | reward(game/avg): 9760/18022 | 1.04 games/s | ETA: 742s
[gpu0] [ 233/1000] samples:  11650 | chain(game/max/avg): 4/10/5.6 | reward(game/avg): 11400/17994 | 1.04 games/s | ETA: 737s
[gpu0] [ 234/1000] samples:  11700 | chain(game/max/avg): 6/10/5.6 | reward(game/avg): 17460/17991 | 1.04 games/s | ETA: 733s
[gpu0] [ 235/1000] samples:  11750 | chain(game/max/avg): 4/10/5.6 | reward(game/avg): 12660/17969 | 1.05 games/s | ETA: 729s
[gpu0] [ 236/1000] samples:  11800 | chain(game/max/avg): 4/10/5.6 | reward(game/avg): 11700/17942 | 1.05 games/s | ETA: 725s
[gpu0] [ 237/1000] samples:  11850 | chain(game/max/avg): 7/10/5.6 | reward(game/avg): 28810/17988 | 1.06 games/s | ETA: 721s
[gpu0] [ 238/1000] samples:  11900 | chain(game/max/avg): 5/10/5.6 | reward(game/avg): 11900/17962 | 1.06 games/s | ETA: 717s
[gpu0] [ 239/1000] samples:  11950 | chain(game/max/avg): 5/10/5.6 | reward(game/avg): 15100/17951 | 1.07 games/s | ETA: 713s
[gpu0] [ 240/1000] samples:  12000 | chain(game/max/avg): 5/10/5.6 | reward(game/avg): 10310/17919 | 1.07 games/s | ETA: 709s
[gpu0] [ 241/1000] samples:  12050 | chain(game/max/avg): 5/10/5.6 | reward(game/avg): 12310/17895 | 1.08 games/s | ETA: 706s
[gpu0] [ 242/1000] samples:  12100 | chain(game/max/avg): 7/10/5.6 | reward(game/avg): 20580/17906 | 1.08 games/s | ETA: 702s
[gpu0] [ 243/1000] samples:  12150 | chain(game/max/avg): 5/10/5.6 | reward(game/avg): 16390/17900 | 1.08 games/s | ETA: 698s
[gpu0] [ 244/1000] samples:  12200 | chain(game/max/avg): 7/10/5.6 | reward(game/avg): 20330/17910 | 1.09 games/s | ETA: 694s
[gpu0] [ 245/1000] samples:  12250 | chain(game/max/avg): 6/10/5.6 | reward(game/avg): 16470/17904 | 1.09 games/s | ETA: 690s
[gpu0] [ 246/1000] samples:  12300 | chain(game/max/avg): 5/10/5.6 | reward(game/avg): 9240/17869 | 1.10 games/s | ETA: 687s
[gpu0] [ 247/1000] samples:  12350 | chain(game/max/avg): 4/10/5.6 | reward(game/avg): 9940/17837 | 1.10 games/s | ETA: 683s
[gpu0] [ 248/1000] samples:  12400 | chain(game/max/avg): 7/10/5.6 | reward(game/avg): 28300/17879 | 1.11 games/s | ETA: 679s
[gpu0] [ 249/1000] samples:  12450 | chain(game/max/avg): 6/10/5.6 | reward(game/avg): 22490/17898 | 1.11 games/s | ETA: 676s
[gpu0] [ 250/1000] samples:  12500 | chain(game/max/avg): 5/10/5.6 | reward(game/avg): 16900/17894 | 1.12 games/s | ETA: 672s
[gpu0] [ 251/1000] samples:  12550 | chain(game/max/avg): 6/10/5.6 | reward(game/avg): 16100/17887 | 1.12 games/s | ETA: 669s
[gpu0] [ 252/1000] samples:  12600 | chain(game/max/avg): 6/10/5.6 | reward(game/avg): 30420/17936 | 1.12 games/s | ETA: 665s
[gpu0] [ 253/1000] samples:  12650 | chain(game/max/avg): 6/10/5.6 | reward(game/avg): 20160/17945 | 1.13 games/s | ETA: 661s
[gpu0] [ 254/1000] samples:  12700 | chain(game/max/avg): 8/10/5.6 | reward(game/avg): 31760/17999 | 1.13 games/s | ETA: 658s
[gpu0] [ 255/1000] samples:  12750 | chain(game/max/avg): 6/10/5.6 | reward(game/avg): 23170/18020 | 1.14 games/s | ETA: 655s
[gpu0] [ 256/1000] samples:  12800 | chain(game/max/avg): 7/10/5.6 | reward(game/avg): 24720/18046 | 1.14 games/s | ETA: 651s
[gpu0] [ 257/1000] samples:  12850 | chain(game/max/avg): 7/10/5.6 | reward(game/avg): 24210/18070 | 1.15 games/s | ETA: 648s
[gpu0] [ 258/1000] samples:  12900 | chain(game/max/avg): 4/10/5.6 | reward(game/avg): 7430/18029 | 1.15 games/s | ETA: 644s
[gpu0] [ 259/1000] samples:  12950 | chain(game/max/avg): 5/10/5.6 | reward(game/avg): 15680/18020 | 1.16 games/s | ETA: 641s
[gpu0] [ 260/1000] samples:  13000 | chain(game/max/avg): 5/10/5.6 | reward(game/avg): 8940/17985 | 1.16 games/s | ETA: 638s
[gpu0] [ 261/1000] samples:  13050 | chain(game/max/avg): 5/10/5.6 | reward(game/avg): 7820/17946 | 1.16 games/s | ETA: 634s
[gpu0] [ 262/1000] samples:  13100 | chain(game/max/avg): 6/10/5.6 | reward(game/avg): 24520/17971 | 1.17 games/s | ETA: 631s
[gpu0] [ 263/1000] samples:  13150 | chain(game/max/avg): 4/10/5.6 | reward(game/avg): 7540/17931 | 1.17 games/s | ETA: 628s
[gpu0] [ 264/1000] samples:  13200 | chain(game/max/avg): 8/10/5.6 | reward(game/avg): 23320/17952 | 1.18 games/s | ETA: 625s
[gpu0] [ 265/1000] samples:  13250 | chain(game/max/avg): 5/10/5.6 | reward(game/avg): 10580/17924 | 1.18 games/s | ETA: 621s
[gpu0] [ 266/1000] samples:  13300 | chain(game/max/avg): 7/10/5.6 | reward(game/avg): 19160/17928 | 1.19 games/s | ETA: 618s
[gpu0] [ 267/1000] samples:  13350 | chain(game/max/avg): 7/10/5.6 | reward(game/avg): 22790/17947 | 1.19 games/s | ETA: 615s
[gpu0] [ 268/1000] samples:  13400 | chain(game/max/avg): 5/10/5.6 | reward(game/avg): 10400/17918 | 1.20 games/s | ETA: 612s
[gpu0] [ 269/1000] samples:  13450 | chain(game/max/avg): 6/10/5.6 | reward(game/avg): 17590/17917 | 1.20 games/s | ETA: 609s
[gpu0] [ 270/1000] samples:  13500 | chain(game/max/avg): 4/10/5.6 | reward(game/avg): 7920/17880 | 1.21 games/s | ETA: 606s
[gpu0] [ 271/1000] samples:  13550 | chain(game/max/avg): 5/10/5.6 | reward(game/avg): 10740/17854 | 1.21 games/s | ETA: 603s
[gpu0] [ 272/1000] samples:  13600 | chain(game/max/avg): 4/10/5.6 | reward(game/avg): 5360/17808 | 1.21 games/s | ETA: 600s
[gpu0] [ 273/1000] samples:  13650 | chain(game/max/avg): 5/10/5.6 | reward(game/avg): 6840/17768 | 1.22 games/s | ETA: 597s
[gpu0] [ 274/1000] samples:  13700 | chain(game/max/avg): 6/10/5.6 | reward(game/avg): 19720/17775 | 1.22 games/s | ETA: 594s
[gpu0] [ 275/1000] samples:  13750 | chain(game/max/avg): 5/10/5.6 | reward(game/avg): 14380/17763 | 1.23 games/s | ETA: 591s
[gpu0] [ 276/1000] samples:  13800 | chain(game/max/avg): 6/10/5.6 | reward(game/avg): 14780/17752 | 1.23 games/s | ETA: 588s
[gpu0] [ 277/1000] samples:  13850 | chain(game/max/avg): 8/10/5.6 | reward(game/avg): 27420/17787 | 1.24 games/s | ETA: 585s
[gpu0] [ 278/1000] samples:  13900 | chain(game/max/avg): 5/10/5.6 | reward(game/avg): 12300/17767 | 1.24 games/s | ETA: 582s
[gpu0] [ 279/1000] samples:  13950 | chain(game/max/avg): 5/10/5.6 | reward(game/avg): 14560/17755 | 1.25 games/s | ETA: 579s
[gpu0] [ 280/1000] samples:  14000 | chain(game/max/avg): 3/10/5.6 | reward(game/avg): 7800/17720 | 1.25 games/s | ETA: 576s
[gpu0] [ 281/1000] samples:  14050 | chain(game/max/avg): 5/10/5.6 | reward(game/avg): 10460/17694 | 1.25 games/s | ETA: 573s
[gpu0] [ 282/1000] samples:  14100 | chain(game/max/avg): 4/10/5.6 | reward(game/avg): 8640/17662 | 1.26 games/s | ETA: 570s
[gpu0] [ 283/1000] samples:  14150 | chain(game/max/avg): 5/10/5.6 | reward(game/avg): 13120/17646 | 1.26 games/s | ETA: 568s
[gpu0] [ 284/1000] samples:  14200 | chain(game/max/avg): 6/10/5.6 | reward(game/avg): 21730/17660 | 1.27 games/s | ETA: 565s
[gpu0] [ 285/1000] samples:  14250 | chain(game/max/avg): 4/10/5.6 | reward(game/avg): 8960/17630 | 1.27 games/s | ETA: 562s
[gpu0] [ 286/1000] samples:  14300 | chain(game/max/avg): 5/10/5.6 | reward(game/avg): 15160/17621 | 1.28 games/s | ETA: 559s
[gpu0] [ 287/1000] samples:  14350 | chain(game/max/avg): 3/10/5.5 | reward(game/avg): 5220/17578 | 1.28 games/s | ETA: 557s
[gpu0] [ 288/1000] samples:  14400 | chain(game/max/avg): 5/10/5.5 | reward(game/avg): 11590/17557 | 1.29 games/s | ETA: 554s
[gpu0] [ 289/1000] samples:  14450 | chain(game/max/avg): 4/10/5.5 | reward(game/avg): 8340/17525 | 1.29 games/s | ETA: 551s
[gpu0] [ 290/1000] samples:  14500 | chain(game/max/avg): 5/10/5.5 | reward(game/avg): 13360/17511 | 1.29 games/s | ETA: 549s
[gpu0] [ 291/1000] samples:  14550 | chain(game/max/avg): 5/10/5.5 | reward(game/avg): 11520/17490 | 1.30 games/s | ETA: 546s
[gpu0] [ 292/1000] samples:  14600 | chain(game/max/avg): 7/10/5.5 | reward(game/avg): 23820/17512 | 1.30 games/s | ETA: 543s
[gpu0] [ 293/1000] samples:  14650 | chain(game/max/avg): 7/10/5.5 | reward(game/avg): 17660/17512 | 1.31 games/s | ETA: 541s
[gpu0] [ 294/1000] samples:  14700 | chain(game/max/avg): 4/10/5.5 | reward(game/avg): 10140/17487 | 1.31 games/s | ETA: 538s
[gpu0] [ 295/1000] samples:  14750 | chain(game/max/avg): 5/10/5.5 | reward(game/avg): 16360/17484 | 1.32 games/s | ETA: 536s
[gpu0] [ 296/1000] samples:  14800 | chain(game/max/avg): 6/10/5.5 | reward(game/avg): 22960/17502 | 1.32 games/s | ETA: 533s
[gpu0] [ 297/1000] samples:  14850 | chain(game/max/avg): 5/10/5.5 | reward(game/avg): 14580/17492 | 1.33 games/s | ETA: 530s
[gpu0] [ 298/1000] samples:  14900 | chain(game/max/avg): 6/10/5.5 | reward(game/avg): 25110/17518 | 1.33 games/s | ETA: 528s
[gpu0] [ 299/1000] samples:  14950 | chain(game/max/avg): 6/10/5.5 | reward(game/avg): 18960/17523 | 1.33 games/s | ETA: 525s
[gpu0] [ 300/1000] samples:  15000 | chain(game/max/avg): 5/10/5.5 | reward(game/avg): 21330/17535 | 1.34 games/s | ETA: 523s
[gpu0] [ 301/1000] samples:  15050 | chain(game/max/avg): 5/10/5.5 | reward(game/avg): 16990/17533 | 1.34 games/s | ETA: 520s
[gpu0] [ 302/1000] samples:  15100 | chain(game/max/avg): 6/10/5.5 | reward(game/avg): 17500/17533 | 1.35 games/s | ETA: 518s
[gpu0] [ 303/1000] samples:  15150 | chain(game/max/avg): 5/10/5.5 | reward(game/avg): 13750/17521 | 1.35 games/s | ETA: 515s
[gpu0] [ 304/1000] samples:  15200 | chain(game/max/avg): 5/10/5.5 | reward(game/avg): 8380/17491 | 1.36 games/s | ETA: 513s
[gpu0] [ 305/1000] samples:  15250 | chain(game/max/avg): 5/10/5.5 | reward(game/avg): 11760/17472 | 1.36 games/s | ETA: 511s
[gpu0] [ 306/1000] samples:  15300 | chain(game/max/avg): 5/10/5.5 | reward(game/avg): 10280/17448 | 1.37 games/s | ETA: 508s
[gpu0] [ 307/1000] samples:  15350 | chain(game/max/avg): 5/10/5.5 | reward(game/avg): 14420/17439 | 1.37 games/s | ETA: 506s
[gpu0] [ 308/1000] samples:  15400 | chain(game/max/avg): 5/10/5.5 | reward(game/avg): 14500/17429 | 1.37 games/s | ETA: 503s
[gpu0] [ 309/1000] samples:  15450 | chain(game/max/avg): 5/10/5.5 | reward(game/avg): 11120/17409 | 1.38 games/s | ETA: 501s
[gpu0] [ 310/1000] samples:  15500 | chain(game/max/avg): 6/10/5.5 | reward(game/avg): 14560/17399 | 1.38 games/s | ETA: 499s
[gpu0] [ 311/1000] samples:  15600 | chain(game/max/avg): 5/10/5.5 | reward(game/avg): 11500/17449 | 1.39 games/s | ETA: 496s
[gpu0] [ 312/1000] samples:  15600 | chain(game/max/avg): 7/10/5.5 | reward(game/avg): 21420/17393 | 1.39 games/s | ETA: 494s
[gpu0] [ 313/1000] samples:  15650 | chain(game/max/avg): 4/10/5.5 | reward(game/avg): 6240/17358 | 1.40 games/s | ETA: 492s
[gpu0] [ 314/1000] samples:  15700 | chain(game/max/avg): 5/10/5.5 | reward(game/avg): 14060/17347 | 1.40 games/s | ETA: 490s
[gpu0] [ 316/1000] samples:  15800 | chain(game/max/avg): 4/10/5.5 | reward(game/avg): 7420/17293 | 1.41 games/s | ETA: 485s
[gpu0] [ 315/1000] samples:  15750 | chain(game/max/avg): 4/10/5.5 | reward(game/avg): 10260/17325 | 1.41 games/s | ETA: 487s
[gpu0] [ 317/1000] samples:  15850 | chain(game/max/avg): 4/10/5.5 | reward(game/avg): 14100/17283 | 1.41 games/s | ETA: 483s
[gpu0] [ 318/1000] samples:  15900 | chain(game/max/avg): 7/10/5.5 | reward(game/avg): 27420/17315 | 1.42 games/s | ETA: 481s
[gpu0] [ 319/1000] samples:  15950 | chain(game/max/avg): 5/10/5.5 | reward(game/avg): 11320/17296 | 1.42 games/s | ETA: 478s
[gpu0] [ 320/1000] samples:  16000 | chain(game/max/avg): 5/10/5.5 | reward(game/avg): 14820/17289 | 1.43 games/s | ETA: 476s
[gpu0] [ 321/1000] samples:  16050 | chain(game/max/avg): 5/10/5.5 | reward(game/avg): 15100/17282 | 1.43 games/s | ETA: 474s
[gpu0] [ 322/1000] samples:  16100 | chain(game/max/avg): 6/10/5.5 | reward(game/avg): 19580/17289 | 1.44 games/s | ETA: 472s
[gpu0] [ 323/1000] samples:  16150 | chain(game/max/avg): 4/10/5.5 | reward(game/avg): 9000/17263 | 1.44 games/s | ETA: 470s
[gpu0] [ 324/1000] samples:  16200 | chain(game/max/avg): 5/10/5.5 | reward(game/avg): 10460/17242 | 1.45 games/s | ETA: 468s
[gpu0] [ 325/1000] samples:  16250 | chain(game/max/avg): 4/10/5.5 | reward(game/avg): 8940/17217 | 1.45 games/s | ETA: 465s
[gpu0] [ 326/1000] samples:  16300 | chain(game/max/avg): 5/10/5.5 | reward(game/avg): 9360/17193 | 1.45 games/s | ETA: 463s
[gpu0] [ 327/1000] samples:  16350 | chain(game/max/avg): 6/10/5.5 | reward(game/avg): 18720/17197 | 1.46 games/s | ETA: 461s
[gpu0] [ 328/1000] samples:  16400 | chain(game/max/avg): 5/10/5.5 | reward(game/avg): 15510/17192 | 1.46 games/s | ETA: 459s
[gpu0] [ 329/1000] samples:  16450 | chain(game/max/avg): 3/10/5.5 | reward(game/avg): 3280/17150 | 1.47 games/s | ETA: 457s
[gpu0] [ 330/1000] samples:  16500 | chain(game/max/avg): 3/10/5.5 | reward(game/avg): 3940/17110 | 1.47 games/s | ETA: 455s
[gpu0] [ 331/1000] samples:  16550 | chain(game/max/avg): 7/10/5.5 | reward(game/avg): 23940/17131 | 1.48 games/s | ETA: 453s
[gpu0] [ 332/1000] samples:  16600 | chain(game/max/avg): 5/10/5.5 | reward(game/avg): 9620/17108 | 1.48 games/s | ETA: 451s
[gpu0] [ 333/1000] samples:  16650 | chain(game/max/avg): 5/10/5.5 | reward(game/avg): 15820/17104 | 1.49 games/s | ETA: 449s
[gpu0] [ 334/1000] samples:  16700 | chain(game/max/avg): 7/10/5.5 | reward(game/avg): 29210/17140 | 1.49 games/s | ETA: 447s
[gpu0] [ 335/1000] samples:  16750 | chain(game/max/avg): 6/10/5.5 | reward(game/avg): 17750/17142 | 1.49 games/s | ETA: 445s
[gpu0] [ 336/1000] samples:  16800 | chain(game/max/avg): 5/10/5.5 | reward(game/avg): 12750/17129 | 1.50 games/s | ETA: 443s
[gpu0] [ 337/1000] samples:  16850 | chain(game/max/avg): 5/10/5.5 | reward(game/avg): 12920/17117 | 1.50 games/s | ETA: 441s
[gpu0] [ 338/1000] samples:  16900 | chain(game/max/avg): 7/10/5.5 | reward(game/avg): 24160/17137 | 1.51 games/s | ETA: 439s
[gpu0] [ 339/1000] samples:  16950 | chain(game/max/avg): 4/10/5.5 | reward(game/avg): 6880/17107 | 1.51 games/s | ETA: 437s
[gpu0] [ 340/1000] samples:  17000 | chain(game/max/avg): 5/10/5.5 | reward(game/avg): 13080/17095 | 1.52 games/s | ETA: 435s
[gpu0] [ 341/1000] samples:  17050 | chain(game/max/avg): 7/10/5.5 | reward(game/avg): 24300/17116 | 1.52 games/s | ETA: 433s
[gpu0] [ 342/1000] samples:  17100 | chain(game/max/avg): 5/10/5.5 | reward(game/avg): 12640/17103 | 1.53 games/s | ETA: 431s
[gpu0] [ 343/1000] samples:  17150 | chain(game/max/avg): 5/10/5.5 | reward(game/avg): 16050/17100 | 1.53 games/s | ETA: 429s
[gpu0] [ 344/1000] samples:  17200 | chain(game/max/avg): 6/10/5.5 | reward(game/avg): 11580/17084 | 1.53 games/s | ETA: 427s
[gpu0] [ 345/1000] samples:  17250 | chain(game/max/avg): 4/10/5.5 | reward(game/avg): 11100/17067 | 1.54 games/s | ETA: 426s
[gpu0] [ 346/1000] samples:  17300 | chain(game/max/avg): 7/10/5.5 | reward(game/avg): 34760/17118 | 1.54 games/s | ETA: 424s
[gpu0] [ 347/1000] samples:  17350 | chain(game/max/avg): 5/10/5.5 | reward(game/avg): 11330/17101 | 1.55 games/s | ETA: 422s
[gpu0] [ 348/1000] samples:  17400 | chain(game/max/avg): 6/10/5.5 | reward(game/avg): 18040/17104 | 1.55 games/s | ETA: 420s
[gpu0] [ 349/1000] samples:  17450 | chain(game/max/avg): 6/10/5.5 | reward(game/avg): 16860/17103 | 1.56 games/s | ETA: 418s
[gpu0] [ 350/1000] samples:  17500 | chain(game/max/avg): 5/10/5.5 | reward(game/avg): 12500/17090 | 1.56 games/s | ETA: 416s
[gpu0] [ 352/1000] samples:  17600 | chain(game/max/avg): 4/10/5.5 | reward(game/avg): 10960/17077 | 1.57 games/s | ETA: 413s
[gpu0] [ 351/1000] samples:  17600 | chain(game/max/avg): 6/10/5.5 | reward(game/avg): 18680/17126 | 1.57 games/s | ETA: 414s
[gpu0] [ 353/1000] samples:  17650 | chain(game/max/avg): 7/10/5.5 | reward(game/avg): 25710/17102 | 1.57 games/s | ETA: 411s
[gpu0] [ 354/1000] samples:  17700 | chain(game/max/avg): 5/10/5.5 | reward(game/avg): 14720/17095 | 1.58 games/s | ETA: 409s
[gpu0] [ 355/1000] samples:  17750 | chain(game/max/avg): 6/10/5.5 | reward(game/avg): 18660/17099 | 1.58 games/s | ETA: 407s
[gpu0] [ 356/1000] samples:  17800 | chain(game/max/avg): 6/10/5.5 | reward(game/avg): 14330/17092 | 1.59 games/s | ETA: 406s
[gpu0] [ 357/1000] samples:  17850 | chain(game/max/avg): 5/10/5.5 | reward(game/avg): 11160/17075 | 1.59 games/s | ETA: 404s
[gpu0] [ 358/1000] samples:  17900 | chain(game/max/avg): 5/10/5.5 | reward(game/avg): 11090/17058 | 1.60 games/s | ETA: 402s
[gpu0] [ 359/1000] samples:  17950 | chain(game/max/avg): 7/10/5.5 | reward(game/avg): 17400/17059 | 1.60 games/s | ETA: 400s
[gpu0] [ 360/1000] samples:  18000 | chain(game/max/avg): 7/10/5.5 | reward(game/avg): 20220/17068 | 1.61 games/s | ETA: 399s
[gpu0] [ 361/1000] samples:  18050 | chain(game/max/avg): 6/10/5.5 | reward(game/avg): 18930/17073 | 1.61 games/s | ETA: 397s
[gpu0] [ 362/1000] samples:  18100 | chain(game/max/avg): 5/10/5.5 | reward(game/avg): 13370/17063 | 1.61 games/s | ETA: 395s
[gpu0] [ 363/1000] samples:  18150 | chain(game/max/avg): 6/10/5.5 | reward(game/avg): 21340/17075 | 1.62 games/s | ETA: 393s
[gpu0] [ 364/1000] samples:  18200 | chain(game/max/avg): 5/10/5.5 | reward(game/avg): 12360/17062 | 1.62 games/s | ETA: 392s
[gpu0] [ 365/1000] samples:  18250 | chain(game/max/avg): 5/10/5.5 | reward(game/avg): 16480/17060 | 1.63 games/s | ETA: 390s
[gpu0] [ 366/1000] samples:  18300 | chain(game/max/avg): 7/10/5.5 | reward(game/avg): 29290/17094 | 1.63 games/s | ETA: 388s
[gpu0] [ 367/1000] samples:  18350 | chain(game/max/avg): 6/10/5.5 | reward(game/avg): 12100/17080 | 1.64 games/s | ETA: 387s
[gpu0] [ 368/1000] samples:  18400 | chain(game/max/avg): 4/10/5.5 | reward(game/avg): 8020/17055 | 1.64 games/s | ETA: 385s
[gpu0] [ 369/1000] samples:  18450 | chain(game/max/avg): 6/10/5.5 | reward(game/avg): 17050/17055 | 1.65 games/s | ETA: 383s
[gpu0] [ 370/1000] samples:  18500 | chain(game/max/avg): 7/10/5.5 | reward(game/avg): 25780/17079 | 1.65 games/s | ETA: 382s
[gpu0] [ 371/1000] samples:  18550 | chain(game/max/avg): 7/10/5.5 | reward(game/avg): 23710/17097 | 1.65 games/s | ETA: 380s
[gpu0] [ 372/1000] samples:  18600 | chain(game/max/avg): 4/10/5.5 | reward(game/avg): 5940/17067 | 1.66 games/s | ETA: 379s
[gpu0] [ 373/1000] samples:  18650 | chain(game/max/avg): 5/10/5.5 | reward(game/avg): 11470/17052 | 1.66 games/s | ETA: 377s
[gpu0] [ 374/1000] samples:  18700 | chain(game/max/avg): 5/10/5.5 | reward(game/avg): 16750/17051 | 1.67 games/s | ETA: 375s
[gpu0] [ 375/1000] samples:  18750 | chain(game/max/avg): 6/10/5.5 | reward(game/avg): 14780/17045 | 1.67 games/s | ETA: 374s
[gpu0] [ 376/1000] samples:  18800 | chain(game/max/avg): 4/10/5.5 | reward(game/avg): 7750/17020 | 1.68 games/s | ETA: 372s
[gpu0] [ 377/1000] samples:  18850 | chain(game/max/avg): 4/10/5.5 | reward(game/avg): 7060/16994 | 1.68 games/s | ETA: 371s
[gpu0] [ 378/1000] samples:  18900 | chain(game/max/avg): 3/10/5.5 | reward(game/avg): 3900/16959 | 1.69 games/s | ETA: 369s
[gpu0] [ 379/1000] samples:  18950 | chain(game/max/avg): 4/10/5.5 | reward(game/avg): 10060/16941 | 1.69 games/s | ETA: 367s
[gpu0] [ 380/1000] samples:  19000 | chain(game/max/avg): 5/10/5.5 | reward(game/avg): 8960/16920 | 1.69 games/s | ETA: 366s
[gpu0] [ 381/1000] samples:  19050 | chain(game/max/avg): 7/10/5.5 | reward(game/avg): 17470/16921 | 1.70 games/s | ETA: 364s
[gpu0] [ 382/1000] samples:  19100 | chain(game/max/avg): 6/10/5.5 | reward(game/avg): 18830/16926 | 1.70 games/s | ETA: 363s
[gpu0] [ 383/1000] samples:  19150 | chain(game/max/avg): 6/10/5.5 | reward(game/avg): 15800/16924 | 1.71 games/s | ETA: 361s
[gpu0] [ 384/1000] samples:  19200 | chain(game/max/avg): 6/10/5.5 | reward(game/avg): 23810/16941 | 1.71 games/s | ETA: 360s
[gpu0] [ 385/1000] samples:  19250 | chain(game/max/avg): 8/10/5.5 | reward(game/avg): 32460/16982 | 1.72 games/s | ETA: 358s
[gpu0] [ 386/1000] samples:  19300 | chain(game/max/avg): 3/10/5.5 | reward(game/avg): 3620/16947 | 1.72 games/s | ETA: 357s
[gpu0] [ 387/1000] samples:  19350 | chain(game/max/avg): 7/10/5.5 | reward(game/avg): 21610/16959 | 1.73 games/s | ETA: 355s
[gpu0] [ 388/1000] samples:  19400 | chain(game/max/avg): 6/10/5.5 | reward(game/avg): 18600/16963 | 1.73 games/s | ETA: 354s
[gpu0] [ 389/1000] samples:  19450 | chain(game/max/avg): 4/10/5.5 | reward(game/avg): 5240/16933 | 1.73 games/s | ETA: 352s
[gpu0] [ 390/1000] samples:  19500 | chain(game/max/avg): 5/10/5.5 | reward(game/avg): 15740/16930 | 1.74 games/s | ETA: 351s
[gpu0] [ 391/1000] samples:  19550 | chain(game/max/avg): 5/10/5.5 | reward(game/avg): 13470/16921 | 1.74 games/s | ETA: 349s
[gpu0] [ 392/1000] samples:  19600 | chain(game/max/avg): 4/10/5.5 | reward(game/avg): 6240/16894 | 1.75 games/s | ETA: 348s
[gpu0] [ 393/1000] samples:  19650 | chain(game/max/avg): 4/10/5.5 | reward(game/avg): 7600/16870 | 1.75 games/s | ETA: 347s
[gpu0] [ 394/1000] samples:  19700 | chain(game/max/avg): 6/10/5.5 | reward(game/avg): 21700/16883 | 1.76 games/s | ETA: 345s
[gpu0] [ 395/1000] samples:  19750 | chain(game/max/avg): 5/10/5.5 | reward(game/avg): 12450/16872 | 1.76 games/s | ETA: 344s
[gpu0] [ 396/1000] samples:  19800 | chain(game/max/avg): 5/10/5.5 | reward(game/avg): 17600/16873 | 1.77 games/s | ETA: 342s
[gpu0] [ 397/1000] samples:  19850 | chain(game/max/avg): 5/10/5.5 | reward(game/avg): 14130/16866 | 1.77 games/s | ETA: 341s
[gpu0] [ 398/1000] samples:  19900 | chain(game/max/avg): 5/10/5.5 | reward(game/avg): 15650/16863 | 1.77 games/s | ETA: 339s
[gpu0] [ 399/1000] samples:  19950 | chain(game/max/avg): 4/10/5.5 | reward(game/avg): 4780/16833 | 1.78 games/s | ETA: 338s
[gpu0] [ 400/1000] samples:  20000 | chain(game/max/avg): 5/10/5.5 | reward(game/avg): 12680/16823 | 1.78 games/s | ETA: 337s
[gpu0] [ 401/1000] samples:  20050 | chain(game/max/avg): 7/10/5.5 | reward(game/avg): 19330/16829 | 1.79 games/s | ETA: 335s
[gpu0] [ 402/1000] samples:  20100 | chain(game/max/avg): 5/10/5.5 | reward(game/avg): 16040/16827 | 1.79 games/s | ETA: 334s
[gpu0] [ 403/1000] samples:  20150 | chain(game/max/avg): 5/10/5.5 | reward(game/avg): 15220/16823 | 1.80 games/s | ETA: 332s
[gpu0] [ 404/1000] samples:  20200 | chain(game/max/avg): 6/10/5.5 | reward(game/avg): 23050/16838 | 1.80 games/s | ETA: 331s
[gpu0] [ 405/1000] samples:  20250 | chain(game/max/avg): 6/10/5.5 | reward(game/avg): 19320/16845 | 1.80 games/s | ETA: 330s
[gpu0] [ 406/1000] samples:  20300 | chain(game/max/avg): 7/10/5.5 | reward(game/avg): 27820/16872 | 1.81 games/s | ETA: 328s
[gpu0] [ 407/1000] samples:  20350 | chain(game/max/avg): 9/10/5.5 | reward(game/avg): 32810/16911 | 1.81 games/s | ETA: 327s
[gpu0] [ 408/1000] samples:  20400 | chain(game/max/avg): 5/10/5.5 | reward(game/avg): 15450/16907 | 1.82 games/s | ETA: 326s
[gpu0] [ 409/1000] samples:  20450 | chain(game/max/avg): 5/10/5.5 | reward(game/avg): 17010/16907 | 1.82 games/s | ETA: 324s
[gpu0] [ 410/1000] samples:  20500 | chain(game/max/avg): 5/10/5.5 | reward(game/avg): 10440/16892 | 1.83 games/s | ETA: 323s
[gpu0] [ 411/1000] samples:  20550 | chain(game/max/avg): 6/10/5.5 | reward(game/avg): 17160/16892 | 1.83 games/s | ETA: 322s
[gpu0] [ 412/1000] samples:  20600 | chain(game/max/avg): 6/10/5.5 | reward(game/avg): 18180/16895 | 1.84 games/s | ETA: 320s
[gpu0] [ 413/1000] samples:  20650 | chain(game/max/avg): 7/10/5.5 | reward(game/avg): 28410/16923 | 1.84 games/s | ETA: 319s
[gpu0] [ 414/1000] samples:  20700 | chain(game/max/avg): 5/10/5.5 | reward(game/avg): 9580/16906 | 1.84 games/s | ETA: 318s
[gpu0] [ 415/1000] samples:  20750 | chain(game/max/avg): 5/10/5.5 | reward(game/avg): 13760/16898 | 1.85 games/s | ETA: 316s
[gpu0] [ 416/1000] samples:  20800 | chain(game/max/avg): 5/10/5.5 | reward(game/avg): 15860/16896 | 1.85 games/s | ETA: 315s
[gpu0] [ 417/1000] samples:  20850 | chain(game/max/avg): 6/10/5.5 | reward(game/avg): 22620/16909 | 1.86 games/s | ETA: 314s
[gpu0] [ 418/1000] samples:  20900 | chain(game/max/avg): 4/10/5.5 | reward(game/avg): 11820/16897 | 1.86 games/s | ETA: 313s
[gpu0] [ 419/1000] samples:  20950 | chain(game/max/avg): 5/10/5.5 | reward(game/avg): 13660/16889 | 1.87 games/s | ETA: 311s
[gpu0] [ 420/1000] samples:  21000 | chain(game/max/avg): 6/10/5.5 | reward(game/avg): 14740/16884 | 1.87 games/s | ETA: 310s
[gpu0] [ 421/1000] samples:  21050 | chain(game/max/avg): 6/10/5.5 | reward(game/avg): 26280/16907 | 1.88 games/s | ETA: 309s
[gpu0] [ 422/1000] samples:  21100 | chain(game/max/avg): 4/10/5.5 | reward(game/avg): 12420/16896 | 1.88 games/s | ETA: 307s
[gpu0] [ 423/1000] samples:  21150 | chain(game/max/avg): 5/10/5.5 | reward(game/avg): 11070/16882 | 1.88 games/s | ETA: 306s
[gpu0] [ 424/1000] samples:  21200 | chain(game/max/avg): 5/10/5.5 | reward(game/avg): 13320/16874 | 1.89 games/s | ETA: 305s
[gpu0] [ 425/1000] samples:  21250 | chain(game/max/avg): 8/10/5.5 | reward(game/avg): 36200/16919 | 1.89 games/s | ETA: 304s
[gpu0] [ 426/1000] samples:  21300 | chain(game/max/avg): 4/10/5.5 | reward(game/avg): 4900/16891 | 1.90 games/s | ETA: 303s
[gpu0] [ 427/1000] samples:  21350 | chain(game/max/avg): 5/10/5.5 | reward(game/avg): 17120/16892 | 1.90 games/s | ETA: 301s
[gpu0] [ 428/1000] samples:  21400 | chain(game/max/avg): 5/10/5.5 | reward(game/avg): 18300/16895 | 1.91 games/s | ETA: 300s
[gpu0] [ 429/1000] samples:  21450 | chain(game/max/avg): 6/10/5.5 | reward(game/avg): 28840/16923 | 1.91 games/s | ETA: 299s
[gpu0] [ 430/1000] samples:  21500 | chain(game/max/avg): 5/10/5.5 | reward(game/avg): 14340/16917 | 1.92 games/s | ETA: 298s
[gpu0] [ 431/1000] samples:  21550 | chain(game/max/avg): 4/10/5.5 | reward(game/avg): 10160/16901 | 1.92 games/s | ETA: 296s
[gpu0] [ 432/1000] samples:  21600 | chain(game/max/avg): 6/10/5.5 | reward(game/avg): 20360/16909 | 1.92 games/s | ETA: 295s
[gpu0] [ 433/1000] samples:  21650 | chain(game/max/avg): 4/10/5.5 | reward(game/avg): 10350/16894 | 1.93 games/s | ETA: 294s
[gpu0] [ 434/1000] samples:  21700 | chain(game/max/avg): 6/10/5.5 | reward(game/avg): 12410/16884 | 1.93 games/s | ETA: 293s
[gpu0] [ 435/1000] samples:  21750 | chain(game/max/avg): 8/10/5.5 | reward(game/avg): 29800/16913 | 1.94 games/s | ETA: 292s
[gpu0] [ 436/1000] samples:  21800 | chain(game/max/avg): 5/10/5.5 | reward(game/avg): 11060/16900 | 1.94 games/s | ETA: 290s
[gpu0] [ 437/1000] samples:  21850 | chain(game/max/avg): 5/10/5.5 | reward(game/avg): 8400/16880 | 1.95 games/s | ETA: 289s
[gpu0] [ 438/1000] samples:  21900 | chain(game/max/avg): 5/10/5.5 | reward(game/avg): 14440/16875 | 1.95 games/s | ETA: 288s
[gpu0] [ 439/1000] samples:  21950 | chain(game/max/avg): 5/10/5.5 | reward(game/avg): 17610/16876 | 1.95 games/s | ETA: 287s
[gpu0] [ 440/1000] samples:  22000 | chain(game/max/avg): 7/10/5.5 | reward(game/avg): 20640/16885 | 1.96 games/s | ETA: 286s
[gpu0] [ 441/1000] samples:  22050 | chain(game/max/avg): 5/10/5.5 | reward(game/avg): 16500/16884 | 1.96 games/s | ETA: 285s
[gpu0] [ 442/1000] samples:  22100 | chain(game/max/avg): 6/10/5.5 | reward(game/avg): 20720/16893 | 1.97 games/s | ETA: 284s
[gpu0] [ 443/1000] samples:  22150 | chain(game/max/avg): 5/10/5.5 | reward(game/avg): 16850/16893 | 1.97 games/s | ETA: 282s
[gpu0] [ 444/1000] samples:  22200 | chain(game/max/avg): 5/10/5.5 | reward(game/avg): 17340/16894 | 1.98 games/s | ETA: 281s
[gpu0] [ 445/1000] samples:  22250 | chain(game/max/avg): 5/10/5.5 | reward(game/avg): 20620/16902 | 1.98 games/s | ETA: 280s
[gpu0] [ 446/1000] samples:  22300 | chain(game/max/avg): 7/10/5.5 | reward(game/avg): 22280/16914 | 1.99 games/s | ETA: 279s
[gpu0] [ 447/1000] samples:  22350 | chain(game/max/avg): 5/10/5.5 | reward(game/avg): 13400/16906 | 1.99 games/s | ETA: 278s
[gpu0] [ 448/1000] samples:  22400 | chain(game/max/avg): 4/10/5.5 | reward(game/avg): 7820/16886 | 1.99 games/s | ETA: 277s
[gpu0] [ 449/1000] samples:  22450 | chain(game/max/avg): 7/10/5.5 | reward(game/avg): 20880/16895 | 2.00 games/s | ETA: 276s
[gpu0] [ 450/1000] samples:  22500 | chain(game/max/avg): 4/10/5.5 | reward(game/avg): 8600/16876 | 2.00 games/s | ETA: 275s
[gpu0] [ 451/1000] samples:  22550 | chain(game/max/avg): 7/10/5.5 | reward(game/avg): 20520/16885 | 2.01 games/s | ETA: 274s
[gpu0] [ 452/1000] samples:  22600 | chain(game/max/avg): 5/10/5.5 | reward(game/avg): 17860/16887 | 2.01 games/s | ETA: 272s
[gpu0] [ 453/1000] samples:  22650 | chain(game/max/avg): 8/10/5.5 | reward(game/avg): 34780/16926 | 2.02 games/s | ETA: 271s
[gpu0] [ 454/1000] samples:  22700 | chain(game/max/avg): 7/10/5.5 | reward(game/avg): 20060/16933 | 2.02 games/s | ETA: 270s
[gpu0] [ 455/1000] samples:  22750 | chain(game/max/avg): 5/10/5.5 | reward(game/avg): 21290/16943 | 2.02 games/s | ETA: 269s
[gpu0] [ 456/1000] samples:  22800 | chain(game/max/avg): 5/10/5.5 | reward(game/avg): 19720/16949 | 2.03 games/s | ETA: 268s
[gpu0] [ 457/1000] samples:  22850 | chain(game/max/avg): 5/10/5.5 | reward(game/avg): 21940/16960 | 2.03 games/s | ETA: 267s
[gpu0] [ 458/1000] samples:  22900 | chain(game/max/avg): 4/10/5.5 | reward(game/avg): 10740/16946 | 2.04 games/s | ETA: 266s
[gpu0] [ 459/1000] samples:  22950 | chain(game/max/avg): 5/10/5.5 | reward(game/avg): 10920/16933 | 2.04 games/s | ETA: 265s
[gpu0] [ 460/1000] samples:  23000 | chain(game/max/avg): 5/10/5.5 | reward(game/avg): 13770/16926 | 2.05 games/s | ETA: 264s
[gpu0] [ 461/1000] samples:  23050 | chain(game/max/avg): 5/10/5.5 | reward(game/avg): 14860/16922 | 2.05 games/s | ETA: 263s
[gpu0] [ 462/1000] samples:  23100 | chain(game/max/avg): 5/10/5.5 | reward(game/avg): 13900/16915 | 2.06 games/s | ETA: 262s
[gpu0] [ 463/1000] samples:  23150 | chain(game/max/avg): 5/10/5.5 | reward(game/avg): 17320/16916 | 2.06 games/s | ETA: 261s
[gpu0] [ 464/1000] samples:  23200 | chain(game/max/avg): 7/10/5.5 | reward(game/avg): 23120/16929 | 2.06 games/s | ETA: 260s
[gpu0] [ 465/1000] samples:  23250 | chain(game/max/avg): 6/10/5.5 | reward(game/avg): 21410/16939 | 2.07 games/s | ETA: 259s
[gpu0] [ 466/1000] samples:  23300 | chain(game/max/avg): 5/10/5.5 | reward(game/avg): 11360/16927 | 2.07 games/s | ETA: 258s
[gpu0] [ 467/1000] samples:  23350 | chain(game/max/avg): 6/10/5.5 | reward(game/avg): 22940/16940 | 2.08 games/s | ETA: 257s
[gpu0] [ 468/1000] samples:  23400 | chain(game/max/avg): 5/10/5.5 | reward(game/avg): 13330/16932 | 2.08 games/s | ETA: 256s
[gpu0] [ 469/1000] samples:  23450 | chain(game/max/avg): 6/10/5.5 | reward(game/avg): 18080/16935 | 2.09 games/s | ETA: 255s
[gpu0] [ 470/1000] samples:  23500 | chain(game/max/avg): 5/10/5.5 | reward(game/avg): 9200/16918 | 2.09 games/s | ETA: 254s
[gpu0] [ 471/1000] samples:  23550 | chain(game/max/avg): 6/10/5.5 | reward(game/avg): 20490/16926 | 2.09 games/s | ETA: 253s
[gpu0] [ 472/1000] samples:  23600 | chain(game/max/avg): 6/10/5.5 | reward(game/avg): 16930/16926 | 2.10 games/s | ETA: 252s
[gpu0] [ 473/1000] samples:  23650 | chain(game/max/avg): 7/10/5.5 | reward(game/avg): 23320/16939 | 2.10 games/s | ETA: 251s
[gpu0] [ 474/1000] samples:  23700 | chain(game/max/avg): 5/10/5.5 | reward(game/avg): 21590/16949 | 2.11 games/s | ETA: 250s
[gpu0] [ 475/1000] samples:  23750 | chain(game/max/avg): 5/10/5.5 | reward(game/avg): 15900/16947 | 2.11 games/s | ETA: 249s
[gpu0] [ 476/1000] samples:  23800 | chain(game/max/avg): 7/10/5.5 | reward(game/avg): 36770/16988 | 2.12 games/s | ETA: 248s
[gpu0] [ 477/1000] samples:  23850 | chain(game/max/avg): 7/10/5.5 | reward(game/avg): 29020/17014 | 2.12 games/s | ETA: 247s
[gpu0] [ 478/1000] samples:  23900 | chain(game/max/avg): 6/10/5.5 | reward(game/avg): 16800/17013 | 2.12 games/s | ETA: 246s
[gpu0] [ 479/1000] samples:  23950 | chain(game/max/avg): 4/10/5.5 | reward(game/avg): 7680/16994 | 2.13 games/s | ETA: 245s
[gpu0] [ 480/1000] samples:  24000 | chain(game/max/avg): 5/10/5.5 | reward(game/avg): 15720/16991 | 2.13 games/s | ETA: 244s
[gpu0] [ 481/1000] samples:  24050 | chain(game/max/avg): 6/10/5.5 | reward(game/avg): 25760/17009 | 2.14 games/s | ETA: 243s
[gpu0] [ 482/1000] samples:  24100 | chain(game/max/avg): 6/10/5.5 | reward(game/avg): 23120/17022 | 2.14 games/s | ETA: 242s
[gpu0] [ 483/1000] samples:  24150 | chain(game/max/avg): 2/10/5.5 | reward(game/avg): 2500/16992 | 2.15 games/s | ETA: 241s
[gpu0] [ 484/1000] samples:  24200 | chain(game/max/avg): 5/10/5.5 | reward(game/avg): 13650/16985 | 2.15 games/s | ETA: 240s
[gpu0] [ 485/1000] samples:  24250 | chain(game/max/avg): 4/10/5.5 | reward(game/avg): 8890/16968 | 2.15 games/s | ETA: 239s
[gpu0] [ 486/1000] samples:  24300 | chain(game/max/avg): 5/10/5.5 | reward(game/avg): 11220/16957 | 2.16 games/s | ETA: 238s
[gpu0] [ 487/1000] samples:  24350 | chain(game/max/avg): 5/10/5.5 | reward(game/avg): 15900/16954 | 2.16 games/s | ETA: 237s
[gpu0] [ 488/1000] samples:  24400 | chain(game/max/avg): 4/10/5.5 | reward(game/avg): 9110/16938 | 2.17 games/s | ETA: 236s
[gpu0] [ 489/1000] samples:  24450 | chain(game/max/avg): 5/10/5.5 | reward(game/avg): 15180/16935 | 2.17 games/s | ETA: 236s
[gpu0] [ 490/1000] samples:  24500 | chain(game/max/avg): 6/10/5.5 | reward(game/avg): 29930/16961 | 2.17 games/s | ETA: 235s
[gpu0] [ 491/1000] samples:  24550 | chain(game/max/avg): 4/10/5.5 | reward(game/avg): 5900/16939 | 2.18 games/s | ETA: 234s
[gpu0] [ 492/1000] samples:  24600 | chain(game/max/avg): 6/10/5.5 | reward(game/avg): 26810/16959 | 2.18 games/s | ETA: 233s
[gpu0] [ 493/1000] samples:  24650 | chain(game/max/avg): 3/10/5.5 | reward(game/avg): 4820/16934 | 2.19 games/s | ETA: 232s
[gpu0] [ 494/1000] samples:  24700 | chain(game/max/avg): 5/10/5.5 | reward(game/avg): 16020/16932 | 2.19 games/s | ETA: 231s
[gpu0] [ 495/1000] samples:  24750 | chain(game/max/avg): 6/10/5.5 | reward(game/avg): 20030/16939 | 2.19 games/s | ETA: 230s
[gpu0] [ 496/1000] samples:  24800 | chain(game/max/avg): 7/10/5.5 | reward(game/avg): 22880/16951 | 2.20 games/s | ETA: 229s
[gpu0] [ 497/1000] samples:  24850 | chain(game/max/avg): 6/10/5.5 | reward(game/avg): 21580/16960 | 2.20 games/s | ETA: 228s
[gpu0] [ 498/1000] samples:  24900 | chain(game/max/avg): 5/10/5.5 | reward(game/avg): 15480/16957 | 2.21 games/s | ETA: 228s
[gpu0] [ 499/1000] samples:  24950 | chain(game/max/avg): 5/10/5.5 | reward(game/avg): 18850/16961 | 2.21 games/s | ETA: 227s
[gpu0] [ 500/1000] samples:  25000 | chain(game/max/avg): 6/10/5.5 | reward(game/avg): 21880/16970 | 2.21 games/s | ETA: 226s
[gpu0] [ 501/1000] samples:  25050 | chain(game/max/avg): 6/10/5.5 | reward(game/avg): 21180/16979 | 1.16 games/s | ETA: 431s
[gpu0] [ 502/1000] samples:  25100 | chain(game/max/avg): 6/10/5.5 | reward(game/avg): 14390/16974 | 1.16 games/s | ETA: 431s
[gpu0] [ 503/1000] samples:  25150 | chain(game/max/avg): 9/10/5.5 | reward(game/avg): 35360/17010 | 1.15 games/s | ETA: 431s
[gpu0] [ 504/1000] samples:  25200 | chain(game/max/avg): 5/10/5.5 | reward(game/avg): 10600/16998 | 1.15 games/s | ETA: 430s
[gpu0] [ 505/1000] samples:  25250 | chain(game/max/avg): 7/10/5.5 | reward(game/avg): 27900/17019 | 1.16 games/s | ETA: 429s
[gpu0] [ 506/1000] samples:  25300 | chain(game/max/avg): 4/10/5.5 | reward(game/avg): 6440/16998 | 1.16 games/s | ETA: 427s
[gpu0] [ 507/1000] samples:  25350 | chain(game/max/avg): 6/10/5.5 | reward(game/avg): 13080/16991 | 1.16 games/s | ETA: 426s
[gpu0] [ 508/1000] samples:  25400 | chain(game/max/avg): 8/10/5.5 | reward(game/avg): 30680/17017 | 1.16 games/s | ETA: 424s
[gpu0] [ 509/1000] samples:  25450 | chain(game/max/avg): 6/10/5.5 | reward(game/avg): 20800/17025 | 1.16 games/s | ETA: 422s
[gpu0] [ 510/1000] samples:  25500 | chain(game/max/avg): 5/10/5.5 | reward(game/avg): 21860/17034 | 1.16 games/s | ETA: 421s
[gpu0] [ 511/1000] samples:  25550 | chain(game/max/avg): 6/10/5.5 | reward(game/avg): 23290/17047 | 1.17 games/s | ETA: 419s
[gpu0] [ 512/1000] samples:  25600 | chain(game/max/avg): 7/10/5.5 | reward(game/avg): 30080/17072 | 1.17 games/s | ETA: 418s
[gpu0] [ 513/1000] samples:  25650 | chain(game/max/avg): 6/10/5.5 | reward(game/avg): 19680/17077 | 1.17 games/s | ETA: 416s
[gpu0] [ 514/1000] samples:  25700 | chain(game/max/avg): 4/10/5.5 | reward(game/avg): 7400/17058 | 1.17 games/s | ETA: 415s
[gpu0] [ 515/1000] samples:  25750 | chain(game/max/avg): 5/10/5.5 | reward(game/avg): 15720/17056 | 1.17 games/s | ETA: 413s
[gpu0] [ 516/1000] samples:  25800 | chain(game/max/avg): 6/10/5.5 | reward(game/avg): 22670/17067 | 1.17 games/s | ETA: 412s
[gpu0] [ 517/1000] samples:  25850 | chain(game/max/avg): 8/10/5.5 | reward(game/avg): 30900/17093 | 1.18 games/s | ETA: 410s
[gpu0] [ 518/1000] samples:  25900 | chain(game/max/avg): 6/10/5.5 | reward(game/avg): 16280/17092 | 1.18 games/s | ETA: 409s
[gpu0] [ 519/1000] samples:  25950 | chain(game/max/avg): 7/10/5.5 | reward(game/avg): 34090/17125 | 1.18 games/s | ETA: 407s
[gpu0] [ 520/1000] samples:  26000 | chain(game/max/avg): 6/10/5.5 | reward(game/avg): 22450/17135 | 1.18 games/s | ETA: 405s
[gpu0] [ 521/1000] samples:  26050 | chain(game/max/avg): 6/10/5.5 | reward(game/avg): 23790/17148 | 1.19 games/s | ETA: 404s
[gpu0] [ 522/1000] samples:  26100 | chain(game/max/avg): 6/10/5.5 | reward(game/avg): 22960/17159 | 1.19 games/s | ETA: 402s
[gpu0] [ 523/1000] samples:  26150 | chain(game/max/avg): 7/10/5.5 | reward(game/avg): 26400/17176 | 1.19 games/s | ETA: 401s
[gpu0] [ 524/1000] samples:  26200 | chain(game/max/avg): 5/10/5.5 | reward(game/avg): 14860/17172 | 1.19 games/s | ETA: 399s
[gpu0] [ 525/1000] samples:  26250 | chain(game/max/avg): 6/10/5.5 | reward(game/avg): 22530/17182 | 1.19 games/s | ETA: 398s
[gpu0] [ 526/1000] samples:  26300 | chain(game/max/avg): 6/10/5.5 | reward(game/avg): 17960/17184 | 1.20 games/s | ETA: 396s
[gpu0] [ 527/1000] samples:  26350 | chain(game/max/avg): 6/10/5.5 | reward(game/avg): 12930/17176 | 1.20 games/s | ETA: 395s
[gpu0] [ 528/1000] samples:  26400 | chain(game/max/avg): 6/10/5.5 | reward(game/avg): 17730/17177 | 1.20 games/s | ETA: 393s
[gpu0] [ 529/1000] samples:  26450 | chain(game/max/avg): 7/10/5.5 | reward(game/avg): 21720/17185 | 1.20 games/s | ETA: 391s
[gpu0] [ 530/1000] samples:  26500 | chain(game/max/avg): 6/10/5.5 | reward(game/avg): 15900/17183 | 1.21 games/s | ETA: 390s
[gpu0] [ 531/1000] samples:  26550 | chain(game/max/avg): 5/10/5.5 | reward(game/avg): 14610/17178 | 1.21 games/s | ETA: 388s
[gpu0] [ 532/1000] samples:  26600 | chain(game/max/avg): 4/10/5.5 | reward(game/avg): 7920/17161 | 1.21 games/s | ETA: 387s
[gpu0] [ 533/1000] samples:  26650 | chain(game/max/avg): 6/10/5.5 | reward(game/avg): 11220/17149 | 1.21 games/s | ETA: 385s
[gpu0] [ 534/1000] samples:  26700 | chain(game/max/avg): 6/10/5.5 | reward(game/avg): 21180/17157 | 1.21 games/s | ETA: 384s
[gpu0] [ 535/1000] samples:  26750 | chain(game/max/avg): 4/10/5.5 | reward(game/avg): 6800/17138 | 1.22 games/s | ETA: 382s
[gpu0] [ 536/1000] samples:  26800 | chain(game/max/avg): 7/10/5.5 | reward(game/avg): 24560/17151 | 1.22 games/s | ETA: 381s
[gpu0] [ 537/1000] samples:  26850 | chain(game/max/avg): 9/10/5.5 | reward(game/avg): 53540/17219 | 1.22 games/s | ETA: 379s
[gpu0] [ 538/1000] samples:  26900 | chain(game/max/avg): 6/10/5.5 | reward(game/avg): 15120/17215 | 1.22 games/s | ETA: 378s
[gpu0] [ 539/1000] samples:  26950 | chain(game/max/avg): 8/10/5.5 | reward(game/avg): 34200/17247 | 1.23 games/s | ETA: 376s
[gpu0] [ 540/1000] samples:  27000 | chain(game/max/avg): 6/10/5.5 | reward(game/avg): 22850/17257 | 1.23 games/s | ETA: 375s
[gpu0] [ 541/1000] samples:  27050 | chain(game/max/avg): 6/10/5.5 | reward(game/avg): 13100/17250 | 1.23 games/s | ETA: 373s
[gpu0] [ 542/1000] samples:  27100 | chain(game/max/avg): 5/10/5.5 | reward(game/avg): 10430/17237 | 1.23 games/s | ETA: 372s
[gpu0] [ 543/1000] samples:  27150 | chain(game/max/avg): 4/10/5.5 | reward(game/avg): 6240/17217 | 1.23 games/s | ETA: 370s
[gpu0] [ 544/1000] samples:  27200 | chain(game/max/avg): 7/10/5.5 | reward(game/avg): 30800/17242 | 1.24 games/s | ETA: 369s
[gpu0] [ 545/1000] samples:  27250 | chain(game/max/avg): 6/10/5.5 | reward(game/avg): 25070/17256 | 1.24 games/s | ETA: 367s
[gpu0] [ 546/1000] samples:  27300 | chain(game/max/avg): 5/10/5.5 | reward(game/avg): 10560/17244 | 1.24 games/s | ETA: 366s
[gpu0] [ 547/1000] samples:  27350 | chain(game/max/avg): 6/10/5.5 | reward(game/avg): 22420/17253 | 1.24 games/s | ETA: 365s
[gpu0] [ 548/1000] samples:  27400 | chain(game/max/avg): 7/10/5.5 | reward(game/avg): 36400/17288 | 1.24 games/s | ETA: 363s
[gpu0] [ 549/1000] samples:  27450 | chain(game/max/avg): 6/10/5.5 | reward(game/avg): 13240/17281 | 1.24 games/s | ETA: 363s
[gpu0] [ 550/1000] samples:  27500 | chain(game/max/avg): 6/10/5.5 | reward(game/avg): 17340/17281 | 1.25 games/s | ETA: 361s
[gpu0] [ 551/1000] samples:  27550 | chain(game/max/avg): 5/10/5.5 | reward(game/avg): 15360/17277 | 1.25 games/s | ETA: 360s
[gpu0] [ 552/1000] samples:  27600 | chain(game/max/avg): 6/10/5.5 | reward(game/avg): 23560/17289 | 1.25 games/s | ETA: 359s
[gpu0] [ 553/1000] samples:  27650 | chain(game/max/avg): 5/10/5.5 | reward(game/avg): 12840/17281 | 1.25 games/s | ETA: 357s
[gpu0] [ 554/1000] samples:  27700 | chain(game/max/avg): 5/10/5.5 | reward(game/avg): 16360/17279 | 1.25 games/s | ETA: 356s
[gpu0] [ 555/1000] samples:  27750 | chain(game/max/avg): 5/10/5.5 | reward(game/avg): 10340/17267 | 1.26 games/s | ETA: 354s
[gpu0] [ 556/1000] samples:  27800 | chain(game/max/avg): 6/10/5.5 | reward(game/avg): 14170/17261 | 1.26 games/s | ETA: 353s
[gpu0] [ 557/1000] samples:  27850 | chain(game/max/avg): 8/10/5.5 | reward(game/avg): 26620/17278 | 1.26 games/s | ETA: 351s
[gpu0] [ 558/1000] samples:  27900 | chain(game/max/avg): 5/10/5.5 | reward(game/avg): 10520/17266 | 1.26 games/s | ETA: 350s
[gpu0] [ 559/1000] samples:  27950 | chain(game/max/avg): 6/10/5.5 | reward(game/avg): 22580/17275 | 1.26 games/s | ETA: 349s
[gpu0] [ 560/1000] samples:  28000 | chain(game/max/avg): 5/10/5.5 | reward(game/avg): 16180/17273 | 1.27 games/s | ETA: 347s
[gpu0] [ 561/1000] samples:  28050 | chain(game/max/avg): 4/10/5.5 | reward(game/avg): 12120/17264 | 1.27 games/s | ETA: 346s
[gpu0] [ 562/1000] samples:  28100 | chain(game/max/avg): 4/10/5.5 | reward(game/avg): 9400/17250 | 1.27 games/s | ETA: 344s
[gpu0] [ 563/1000] samples:  28150 | chain(game/max/avg): 4/10/5.5 | reward(game/avg): 8420/17234 | 1.27 games/s | ETA: 343s
[gpu0] [ 564/1000] samples:  28200 | chain(game/max/avg): 5/10/5.5 | reward(game/avg): 11780/17225 | 1.28 games/s | ETA: 342s
[gpu0] [ 565/1000] samples:  28250 | chain(game/max/avg): 5/10/5.5 | reward(game/avg): 10620/17213 | 1.28 games/s | ETA: 340s
[gpu0] [ 566/1000] samples:  28300 | chain(game/max/avg): 5/10/5.5 | reward(game/avg): 10500/17201 | 1.28 games/s | ETA: 339s
[gpu0] [ 567/1000] samples:  28350 | chain(game/max/avg): 6/10/5.5 | reward(game/avg): 13760/17195 | 1.28 games/s | ETA: 338s
[gpu0] [ 568/1000] samples:  28400 | chain(game/max/avg): 6/10/5.5 | reward(game/avg): 25600/17210 | 1.28 games/s | ETA: 336s
[gpu0] [ 569/1000] samples:  28450 | chain(game/max/avg): 6/10/5.5 | reward(game/avg): 15250/17206 | 1.29 games/s | ETA: 335s
[gpu0] [ 570/1000] samples:  28500 | chain(game/max/avg): 4/10/5.5 | reward(game/avg): 13250/17199 | 1.29 games/s | ETA: 333s
[gpu0] [ 571/1000] samples:  28550 | chain(game/max/avg): 5/10/5.5 | reward(game/avg): 15770/17197 | 1.29 games/s | ETA: 332s
[gpu0] [ 572/1000] samples:  28600 | chain(game/max/avg): 4/10/5.5 | reward(game/avg): 14720/17193 | 1.29 games/s | ETA: 331s
[gpu0] [ 573/1000] samples:  28650 | chain(game/max/avg): 6/10/5.5 | reward(game/avg): 12580/17185 | 1.30 games/s | ETA: 329s
[gpu0] [ 574/1000] samples:  28700 | chain(game/max/avg): 7/10/5.5 | reward(game/avg): 24300/17197 | 1.30 games/s | ETA: 328s
[gpu0] [ 575/1000] samples:  28750 | chain(game/max/avg): 6/10/5.5 | reward(game/avg): 26570/17213 | 1.30 games/s | ETA: 327s
[gpu0] [ 576/1000] samples:  28800 | chain(game/max/avg): 6/10/5.5 | reward(game/avg): 25010/17227 | 1.30 games/s | ETA: 325s
[gpu0] [ 577/1000] samples:  28850 | chain(game/max/avg): 4/10/5.5 | reward(game/avg): 11260/17216 | 1.31 games/s | ETA: 324s
[gpu0] [ 578/1000] samples:  28900 | chain(game/max/avg): 7/10/5.5 | reward(game/avg): 27580/17234 | 1.31 games/s | ETA: 323s
[gpu0] [ 579/1000] samples:  28950 | chain(game/max/avg): 6/10/5.5 | reward(game/avg): 18840/17237 | 1.31 games/s | ETA: 321s
[gpu0] [ 580/1000] samples:  29000 | chain(game/max/avg): 6/10/5.5 | reward(game/avg): 20730/17243 | 1.31 games/s | ETA: 320s
[gpu0] [ 581/1000] samples:  29050 | chain(game/max/avg): 7/10/5.5 | reward(game/avg): 31070/17267 | 1.31 games/s | ETA: 319s
[gpu0] [ 582/1000] samples:  29100 | chain(game/max/avg): 6/10/5.5 | reward(game/avg): 22480/17276 | 1.32 games/s | ETA: 318s
[gpu0] [ 583/1000] samples:  29150 | chain(game/max/avg): 7/10/5.5 | reward(game/avg): 25080/17289 | 1.32 games/s | ETA: 316s
[gpu0] [ 584/1000] samples:  29200 | chain(game/max/avg): 6/10/5.5 | reward(game/avg): 21900/17297 | 1.32 games/s | ETA: 315s
[gpu0] [ 585/1000] samples:  29250 | chain(game/max/avg): 6/10/5.5 | reward(game/avg): 17700/17298 | 1.32 games/s | ETA: 314s
[gpu0] [ 586/1000] samples:  29300 | chain(game/max/avg): 6/10/5.5 | reward(game/avg): 18940/17301 | 1.33 games/s | ETA: 312s
[gpu0] [ 587/1000] samples:  29350 | chain(game/max/avg): 6/10/5.5 | reward(game/avg): 21360/17308 | 1.33 games/s | ETA: 311s
[gpu0] [ 588/1000] samples:  29400 | chain(game/max/avg): 6/10/5.5 | reward(game/avg): 16530/17306 | 1.33 games/s | ETA: 310s
[gpu0] [ 589/1000] samples:  29450 | chain(game/max/avg): 5/10/5.5 | reward(game/avg): 13270/17299 | 1.33 games/s | ETA: 309s
[gpu0] [ 590/1000] samples:  29500 | chain(game/max/avg): 5/10/5.5 | reward(game/avg): 19020/17302 | 1.33 games/s | ETA: 307s
[gpu0] [ 591/1000] samples:  29550 | chain(game/max/avg): 5/10/5.5 | reward(game/avg): 8580/17288 | 1.34 games/s | ETA: 306s
[gpu0] [ 592/1000] samples:  29600 | chain(game/max/avg): 6/10/5.5 | reward(game/avg): 18080/17289 | 1.34 games/s | ETA: 305s
[gpu0] [ 593/1000] samples:  29650 | chain(game/max/avg): 4/10/5.5 | reward(game/avg): 10720/17278 | 1.34 games/s | ETA: 304s
[gpu0] [ 594/1000] samples:  29700 | chain(game/max/avg): 7/10/5.5 | reward(game/avg): 23230/17288 | 1.34 games/s | ETA: 302s
[gpu0] [ 595/1000] samples:  29750 | chain(game/max/avg): 8/10/5.5 | reward(game/avg): 39970/17326 | 1.35 games/s | ETA: 301s
[gpu0] [ 596/1000] samples:  29800 | chain(game/max/avg): 6/10/5.5 | reward(game/avg): 26470/17341 | 1.35 games/s | ETA: 300s
[gpu0] [ 597/1000] samples:  29850 | chain(game/max/avg): 6/10/5.5 | reward(game/avg): 11620/17332 | 1.35 games/s | ETA: 299s
[gpu0] [ 598/1000] samples:  29900 | chain(game/max/avg): 5/10/5.5 | reward(game/avg): 13490/17325 | 1.35 games/s | ETA: 297s
[gpu0] [ 599/1000] samples:  29950 | chain(game/max/avg): 5/10/5.5 | reward(game/avg): 8640/17311 | 1.35 games/s | ETA: 296s
[gpu0] [ 600/1000] samples:  30000 | chain(game/max/avg): 7/10/5.5 | reward(game/avg): 24990/17324 | 1.36 games/s | ETA: 295s
[gpu0] [ 601/1000] samples:  30050 | chain(game/max/avg): 4/10/5.5 | reward(game/avg): 13470/17317 | 1.36 games/s | ETA: 294s
[gpu0] [ 602/1000] samples:  30100 | chain(game/max/avg): 6/10/5.5 | reward(game/avg): 15660/17315 | 1.36 games/s | ETA: 292s
[gpu0] [ 603/1000] samples:  30150 | chain(game/max/avg): 3/10/5.5 | reward(game/avg): 6700/17297 | 1.36 games/s | ETA: 291s
[gpu0] [ 604/1000] samples:  30200 | chain(game/max/avg): 6/10/5.5 | reward(game/avg): 16330/17295 | 1.37 games/s | ETA: 290s
[gpu0] [ 605/1000] samples:  30250 | chain(game/max/avg): 7/10/5.5 | reward(game/avg): 33060/17321 | 1.37 games/s | ETA: 289s
[gpu0] [ 606/1000] samples:  30300 | chain(game/max/avg): 5/10/5.5 | reward(game/avg): 14900/17317 | 1.37 games/s | ETA: 288s
[gpu0] [ 607/1000] samples:  30350 | chain(game/max/avg): 5/10/5.5 | reward(game/avg): 13500/17311 | 1.37 games/s | ETA: 286s
[gpu0] [ 608/1000] samples:  30400 | chain(game/max/avg): 5/10/5.5 | reward(game/avg): 15130/17308 | 1.37 games/s | ETA: 285s
[gpu0] [ 609/1000] samples:  30450 | chain(game/max/avg): 6/10/5.5 | reward(game/avg): 23260/17317 | 1.38 games/s | ETA: 284s
[gpu0] [ 610/1000] samples:  30500 | chain(game/max/avg): 4/10/5.5 | reward(game/avg): 10630/17306 | 1.38 games/s | ETA: 283s
[gpu0] [ 611/1000] samples:  30550 | chain(game/max/avg): 6/10/5.5 | reward(game/avg): 22510/17315 | 1.38 games/s | ETA: 282s
[gpu0] [ 612/1000] samples:  30600 | chain(game/max/avg): 6/10/5.5 | reward(game/avg): 17650/17315 | 1.38 games/s | ETA: 280s
[gpu0] [ 613/1000] samples:  30650 | chain(game/max/avg): 7/10/5.5 | reward(game/avg): 27640/17332 | 1.39 games/s | ETA: 279s
[gpu0] [ 614/1000] samples:  30700 | chain(game/max/avg): 5/10/5.5 | reward(game/avg): 11560/17323 | 1.39 games/s | ETA: 278s
[gpu0] [ 615/1000] samples:  30750 | chain(game/max/avg): 7/10/5.5 | reward(game/avg): 30170/17344 | 1.39 games/s | ETA: 277s
[gpu0] [ 616/1000] samples:  30800 | chain(game/max/avg): 5/10/5.5 | reward(game/avg): 17000/17343 | 1.39 games/s | ETA: 276s
[gpu0] [ 617/1000] samples:  30850 | chain(game/max/avg): 6/10/5.5 | reward(game/avg): 12740/17336 | 1.39 games/s | ETA: 275s
[gpu0] [ 618/1000] samples:  30900 | chain(game/max/avg): 7/10/5.5 | reward(game/avg): 28220/17353 | 1.40 games/s | ETA: 273s
[gpu0] [ 619/1000] samples:  30950 | chain(game/max/avg): 7/10/5.5 | reward(game/avg): 24830/17365 | 1.40 games/s | ETA: 272s
[gpu0] [ 620/1000] samples:  31000 | chain(game/max/avg): 5/10/5.5 | reward(game/avg): 13680/17359 | 1.40 games/s | ETA: 271s
[gpu0] [ 621/1000] samples:  31050 | chain(game/max/avg): 4/10/5.5 | reward(game/avg): 10360/17348 | 1.40 games/s | ETA: 270s
[gpu0] [ 622/1000] samples:  31100 | chain(game/max/avg): 5/10/5.5 | reward(game/avg): 12620/17341 | 1.41 games/s | ETA: 269s
[gpu0] [ 623/1000] samples:  31150 | chain(game/max/avg): 4/10/5.5 | reward(game/avg): 4760/17320 | 1.41 games/s | ETA: 268s
[gpu0] [ 624/1000] samples:  31200 | chain(game/max/avg): 5/10/5.5 | reward(game/avg): 14730/17316 | 1.41 games/s | ETA: 267s
[gpu0] [ 625/1000] samples:  31250 | chain(game/max/avg): 5/10/5.5 | reward(game/avg): 14510/17312 | 1.41 games/s | ETA: 265s
[gpu0] [ 626/1000] samples:  31300 | chain(game/max/avg): 6/10/5.5 | reward(game/avg): 20120/17316 | 1.42 games/s | ETA: 264s
[gpu0] [ 627/1000] samples:  31350 | chain(game/max/avg): 5/10/5.5 | reward(game/avg): 24880/17328 | 1.42 games/s | ETA: 263s
[gpu0] [ 628/1000] samples:  31400 | chain(game/max/avg): 5/10/5.5 | reward(game/avg): 14420/17324 | 1.42 games/s | ETA: 262s
[gpu0] [ 629/1000] samples:  31450 | chain(game/max/avg): 5/10/5.5 | reward(game/avg): 15160/17320 | 1.42 games/s | ETA: 261s
[gpu0] [ 630/1000] samples:  31500 | chain(game/max/avg): 5/10/5.5 | reward(game/avg): 10600/17310 | 1.42 games/s | ETA: 260s
[gpu0] [ 631/1000] samples:  31550 | chain(game/max/avg): 7/10/5.5 | reward(game/avg): 21580/17316 | 1.43 games/s | ETA: 259s
[gpu0] [ 632/1000] samples:  31600 | chain(game/max/avg): 5/10/5.5 | reward(game/avg): 9080/17303 | 1.43 games/s | ETA: 258s
[gpu0] [ 633/1000] samples:  31650 | chain(game/max/avg): 5/10/5.5 | reward(game/avg): 14450/17299 | 1.43 games/s | ETA: 257s
[gpu0] [ 634/1000] samples:  31700 | chain(game/max/avg): 5/10/5.5 | reward(game/avg): 12300/17291 | 1.43 games/s | ETA: 255s
[gpu0] [ 635/1000] samples:  31750 | chain(game/max/avg): 7/10/5.5 | reward(game/avg): 24440/17302 | 1.44 games/s | ETA: 254s
[gpu0] [ 636/1000] samples:  31800 | chain(game/max/avg): 5/10/5.5 | reward(game/avg): 10010/17291 | 1.44 games/s | ETA: 253s
[gpu0] [ 637/1000] samples:  31850 | chain(game/max/avg): 6/10/5.5 | reward(game/avg): 22790/17299 | 1.44 games/s | ETA: 252s
[gpu0] [ 638/1000] samples:  31900 | chain(game/max/avg): 5/10/5.5 | reward(game/avg): 11570/17290 | 1.44 games/s | ETA: 251s
[gpu0] [ 639/1000] samples:  31950 | chain(game/max/avg): 6/10/5.5 | reward(game/avg): 24320/17301 | 1.44 games/s | ETA: 250s
[gpu0] [ 640/1000] samples:  32000 | chain(game/max/avg): 5/10/5.5 | reward(game/avg): 18240/17303 | 1.45 games/s | ETA: 249s
[gpu0] [ 641/1000] samples:  32050 | chain(game/max/avg): 5/10/5.5 | reward(game/avg): 14390/17298 | 1.45 games/s | ETA: 248s
[gpu0] [ 642/1000] samples:  32100 | chain(game/max/avg): 7/10/5.5 | reward(game/avg): 23430/17308 | 1.45 games/s | ETA: 247s
[gpu0] [ 643/1000] samples:  32150 | chain(game/max/avg): 6/10/5.5 | reward(game/avg): 17110/17307 | 1.45 games/s | ETA: 246s
[gpu0] [ 644/1000] samples:  32200 | chain(game/max/avg): 6/10/5.5 | reward(game/avg): 23080/17316 | 1.46 games/s | ETA: 245s
[gpu0] [ 645/1000] samples:  32250 | chain(game/max/avg): 7/10/5.5 | reward(game/avg): 28430/17334 | 1.46 games/s | ETA: 244s
[gpu0] [ 646/1000] samples:  32300 | chain(game/max/avg): 5/10/5.5 | reward(game/avg): 16060/17332 | 1.46 games/s | ETA: 242s
[gpu0] [ 647/1000] samples:  32350 | chain(game/max/avg): 5/10/5.5 | reward(game/avg): 15660/17329 | 1.46 games/s | ETA: 241s
[gpu0] [ 648/1000] samples:  32400 | chain(game/max/avg): 5/10/5.5 | reward(game/avg): 10550/17319 | 1.46 games/s | ETA: 240s
[gpu0] [ 649/1000] samples:  32450 | chain(game/max/avg): 5/10/5.5 | reward(game/avg): 16600/17318 | 1.47 games/s | ETA: 239s
[gpu0] [ 650/1000] samples:  32500 | chain(game/max/avg): 6/10/5.5 | reward(game/avg): 19360/17321 | 1.47 games/s | ETA: 238s
[gpu0] [ 651/1000] samples:  32550 | chain(game/max/avg): 4/10/5.5 | reward(game/avg): 10590/17310 | 1.47 games/s | ETA: 237s
[gpu0] [ 652/1000] samples:  32600 | chain(game/max/avg): 8/10/5.5 | reward(game/avg): 30720/17331 | 1.47 games/s | ETA: 236s
[gpu0] [ 653/1000] samples:  32650 | chain(game/max/avg): 5/10/5.5 | reward(game/avg): 11060/17321 | 1.48 games/s | ETA: 235s
[gpu0] [ 654/1000] samples:  32700 | chain(game/max/avg): 6/10/5.5 | reward(game/avg): 17580/17322 | 1.48 games/s | ETA: 234s
[gpu0] [ 655/1000] samples:  32750 | chain(game/max/avg): 5/10/5.5 | reward(game/avg): 12150/17314 | 1.48 games/s | ETA: 233s
[gpu0] [ 656/1000] samples:  32800 | chain(game/max/avg): 5/10/5.5 | reward(game/avg): 13060/17307 | 1.48 games/s | ETA: 232s
[gpu0] [ 657/1000] samples:  32850 | chain(game/max/avg): 6/10/5.5 | reward(game/avg): 15810/17305 | 1.48 games/s | ETA: 231s
[gpu0] [ 658/1000] samples:  32900 | chain(game/max/avg): 5/10/5.5 | reward(game/avg): 13680/17300 | 1.49 games/s | ETA: 230s
[gpu0] [ 659/1000] samples:  32950 | chain(game/max/avg): 6/10/5.5 | reward(game/avg): 18320/17301 | 1.49 games/s | ETA: 229s
[gpu0] [ 660/1000] samples:  33000 | chain(game/max/avg): 6/10/5.5 | reward(game/avg): 16040/17299 | 1.49 games/s | ETA: 228s
[gpu0] [ 661/1000] samples:  33050 | chain(game/max/avg): 5/10/5.5 | reward(game/avg): 16050/17297 | 1.49 games/s | ETA: 227s
[gpu0] [ 662/1000] samples:  33100 | chain(game/max/avg): 6/10/5.5 | reward(game/avg): 18620/17299 | 1.50 games/s | ETA: 226s
[gpu0] [ 663/1000] samples:  33150 | chain(game/max/avg): 6/10/5.5 | reward(game/avg): 16380/17298 | 1.50 games/s | ETA: 225s
[gpu0] [ 664/1000] samples:  33200 | chain(game/max/avg): 5/10/5.5 | reward(game/avg): 8980/17285 | 1.50 games/s | ETA: 224s
[gpu0] [ 665/1000] samples:  33250 | chain(game/max/avg): 5/10/5.5 | reward(game/avg): 16120/17284 | 1.50 games/s | ETA: 223s
[gpu0] [ 666/1000] samples:  33300 | chain(game/max/avg): 7/10/5.5 | reward(game/avg): 20710/17289 | 1.50 games/s | ETA: 222s
[gpu0] [ 667/1000] samples:  33350 | chain(game/max/avg): 6/10/5.5 | reward(game/avg): 13780/17284 | 1.51 games/s | ETA: 221s
[gpu0] [ 668/1000] samples:  33400 | chain(game/max/avg): 5/10/5.5 | reward(game/avg): 15940/17282 | 1.51 games/s | ETA: 220s
[gpu0] [ 669/1000] samples:  33450 | chain(game/max/avg): 4/10/5.5 | reward(game/avg): 9420/17270 | 1.51 games/s | ETA: 219s
[gpu0] [ 670/1000] samples:  33500 | chain(game/max/avg): 4/10/5.5 | reward(game/avg): 11040/17260 | 1.51 games/s | ETA: 218s
[gpu0] [ 671/1000] samples:  33550 | chain(game/max/avg): 5/10/5.5 | reward(game/avg): 16590/17259 | 1.52 games/s | ETA: 217s
[gpu0] [ 672/1000] samples:  33600 | chain(game/max/avg): 4/10/5.5 | reward(game/avg): 10800/17250 | 1.52 games/s | ETA: 216s
[gpu0] [ 673/1000] samples:  33650 | chain(game/max/avg): 5/10/5.5 | reward(game/avg): 14740/17246 | 1.52 games/s | ETA: 215s
[gpu0] [ 674/1000] samples:  33700 | chain(game/max/avg): 5/10/5.5 | reward(game/avg): 13170/17240 | 1.52 games/s | ETA: 214s
[gpu0] [ 675/1000] samples:  33750 | chain(game/max/avg): 6/10/5.5 | reward(game/avg): 18800/17242 | 1.53 games/s | ETA: 213s
[gpu0] [ 676/1000] samples:  33800 | chain(game/max/avg): 6/10/5.5 | reward(game/avg): 20160/17247 | 1.53 games/s | ETA: 212s
[gpu0] [ 677/1000] samples:  33850 | chain(game/max/avg): 4/10/5.5 | reward(game/avg): 10050/17236 | 1.53 games/s | ETA: 211s
[gpu0] [ 678/1000] samples:  33900 | chain(game/max/avg): 7/10/5.5 | reward(game/avg): 31390/17257 | 1.53 games/s | ETA: 210s
[gpu0] [ 679/1000] samples:  33950 | chain(game/max/avg): 6/10/5.5 | reward(game/avg): 16290/17256 | 1.53 games/s | ETA: 209s
[gpu0] [ 680/1000] samples:  34000 | chain(game/max/avg): 7/10/5.5 | reward(game/avg): 29200/17273 | 1.54 games/s | ETA: 208s
[gpu0] [ 681/1000] samples:  34050 | chain(game/max/avg): 5/10/5.5 | reward(game/avg): 12520/17266 | 1.54 games/s | ETA: 207s
[gpu0] [ 682/1000] samples:  34100 | chain(game/max/avg): 5/10/5.5 | reward(game/avg): 8060/17253 | 1.54 games/s | ETA: 206s
[gpu0] [ 683/1000] samples:  34150 | chain(game/max/avg): 5/10/5.5 | reward(game/avg): 14140/17248 | 1.54 games/s | ETA: 205s
[gpu0] [ 684/1000] samples:  34200 | chain(game/max/avg): 5/10/5.5 | reward(game/avg): 13380/17242 | 1.55 games/s | ETA: 204s
[gpu0] [ 685/1000] samples:  34250 | chain(game/max/avg): 7/10/5.5 | reward(game/avg): 29530/17260 | 1.55 games/s | ETA: 204s
[gpu0] [ 686/1000] samples:  34300 | chain(game/max/avg): 6/10/5.5 | reward(game/avg): 19190/17263 | 1.55 games/s | ETA: 203s
[gpu0] [ 687/1000] samples:  34350 | chain(game/max/avg): 4/10/5.5 | reward(game/avg): 10280/17253 | 1.55 games/s | ETA: 202s
[gpu0] [ 688/1000] samples:  34400 | chain(game/max/avg): 6/10/5.5 | reward(game/avg): 23040/17261 | 1.55 games/s | ETA: 201s
[gpu0] [ 689/1000] samples:  34450 | chain(game/max/avg): 5/10/5.5 | reward(game/avg): 15760/17259 | 1.56 games/s | ETA: 200s
[gpu0] [ 690/1000] samples:  34500 | chain(game/max/avg): 5/10/5.5 | reward(game/avg): 16290/17258 | 1.56 games/s | ETA: 199s
[gpu0] [ 691/1000] samples:  34550 | chain(game/max/avg): 4/10/5.5 | reward(game/avg): 7740/17244 | 1.56 games/s | ETA: 198s
[gpu0] [ 692/1000] samples:  34600 | chain(game/max/avg): 6/10/5.5 | reward(game/avg): 22000/17251 | 1.56 games/s | ETA: 197s
[gpu0] [ 693/1000] samples:  34650 | chain(game/max/avg): 5/10/5.5 | reward(game/avg): 10280/17241 | 1.57 games/s | ETA: 196s
[gpu0] [ 694/1000] samples:  34700 | chain(game/max/avg): 5/10/5.5 | reward(game/avg): 13480/17235 | 1.57 games/s | ETA: 195s
[gpu0] [ 695/1000] samples:  34750 | chain(game/max/avg): 5/10/5.5 | reward(game/avg): 10680/17226 | 1.57 games/s | ETA: 194s
[gpu0] [ 696/1000] samples:  34800 | chain(game/max/avg): 10/10/5.5 | reward(game/avg): 42300/17262 | 1.57 games/s | ETA: 193s
[gpu0] [ 697/1000] samples:  34850 | chain(game/max/avg): 4/10/5.5 | reward(game/avg): 12960/17256 | 1.57 games/s | ETA: 192s
[gpu0] [ 698/1000] samples:  34900 | chain(game/max/avg): 7/10/5.5 | reward(game/avg): 33210/17279 | 1.58 games/s | ETA: 191s
[gpu0] [ 699/1000] samples:  34950 | chain(game/max/avg): 7/10/5.5 | reward(game/avg): 18940/17281 | 1.58 games/s | ETA: 191s
[gpu0] [ 700/1000] samples:  35000 | chain(game/max/avg): 6/10/5.5 | reward(game/avg): 24220/17291 | 1.58 games/s | ETA: 190s
[gpu0] [ 701/1000] samples:  35050 | chain(game/max/avg): 7/10/5.5 | reward(game/avg): 26380/17304 | 1.58 games/s | ETA: 189s
[gpu0] [ 702/1000] samples:  35100 | chain(game/max/avg): 4/10/5.5 | reward(game/avg): 8320/17291 | 1.59 games/s | ETA: 188s
[gpu0] [ 703/1000] samples:  35150 | chain(game/max/avg): 7/10/5.5 | reward(game/avg): 30520/17310 | 1.59 games/s | ETA: 187s
[gpu0] [ 704/1000] samples:  35200 | chain(game/max/avg): 5/10/5.5 | reward(game/avg): 13660/17305 | 1.59 games/s | ETA: 186s
[gpu0] [ 705/1000] samples:  35250 | chain(game/max/avg): 7/10/5.5 | reward(game/avg): 22740/17313 | 1.59 games/s | ETA: 185s
[gpu0] [ 706/1000] samples:  35300 | chain(game/max/avg): 5/10/5.5 | reward(game/avg): 8360/17300 | 1.60 games/s | ETA: 184s
[gpu0] [ 707/1000] samples:  35350 | chain(game/max/avg): 6/10/5.5 | reward(game/avg): 24540/17310 | 1.60 games/s | ETA: 183s
[gpu0] [ 708/1000] samples:  35400 | chain(game/max/avg): 3/10/5.5 | reward(game/avg): 9750/17299 | 1.60 games/s | ETA: 183s
[gpu0] [ 709/1000] samples:  35450 | chain(game/max/avg): 7/10/5.5 | reward(game/avg): 25920/17312 | 1.60 games/s | ETA: 182s
[gpu0] [ 710/1000] samples:  35500 | chain(game/max/avg): 5/10/5.5 | reward(game/avg): 20180/17316 | 1.60 games/s | ETA: 181s
[gpu0] [ 711/1000] samples:  35550 | chain(game/max/avg): 6/10/5.5 | reward(game/avg): 23050/17324 | 1.61 games/s | ETA: 180s
[gpu0] [ 712/1000] samples:  35600 | chain(game/max/avg): 5/10/5.5 | reward(game/avg): 9850/17313 | 1.61 games/s | ETA: 179s
[gpu0] [ 713/1000] samples:  35650 | chain(game/max/avg): 4/10/5.5 | reward(game/avg): 10880/17304 | 1.61 games/s | ETA: 178s
[gpu0] [ 714/1000] samples:  35700 | chain(game/max/avg): 5/10/5.5 | reward(game/avg): 12940/17298 | 1.61 games/s | ETA: 177s
[gpu0] [ 715/1000] samples:  35750 | chain(game/max/avg): 5/10/5.5 | reward(game/avg): 10680/17289 | 1.62 games/s | ETA: 176s
[gpu0] [ 716/1000] samples:  35800 | chain(game/max/avg): 5/10/5.5 | reward(game/avg): 14950/17286 | 1.62 games/s | ETA: 176s
[gpu0] [ 717/1000] samples:  35850 | chain(game/max/avg): 7/10/5.5 | reward(game/avg): 18890/17288 | 1.62 games/s | ETA: 175s
[gpu0] [ 718/1000] samples:  35900 | chain(game/max/avg): 5/10/5.5 | reward(game/avg): 14240/17283 | 1.62 games/s | ETA: 174s
[gpu0] [ 719/1000] samples:  35950 | chain(game/max/avg): 5/10/5.5 | reward(game/avg): 14280/17279 | 1.62 games/s | ETA: 173s
[gpu0] [ 720/1000] samples:  36000 | chain(game/max/avg): 4/10/5.5 | reward(game/avg): 15020/17276 | 1.63 games/s | ETA: 172s
[gpu0] [ 722/1000] samples:  36100 | chain(game/max/avg): 5/10/5.5 | reward(game/avg): 11940/17279 | 1.63 games/s | ETA: 170s
[gpu0] [ 723/1000] samples:  36150 | chain(game/max/avg): 5/10/5.5 | reward(game/avg): 12580/17273 | 1.63 games/s | ETA: 170s
[gpu0] [ 721/1000] samples:  36100 | chain(game/max/avg): 7/10/5.5 | reward(game/avg): 24730/17303 | 1.63 games/s | ETA: 171s
[gpu0] [ 724/1000] samples:  36200 | chain(game/max/avg): 5/10/5.5 | reward(game/avg): 12580/17266 | 1.64 games/s | ETA: 169s
[gpu0] [ 725/1000] samples:  36250 | chain(game/max/avg): 7/10/5.5 | reward(game/avg): 26050/17278 | 1.64 games/s | ETA: 168s
[gpu0] [ 726/1000] samples:  36300 | chain(game/max/avg): 7/10/5.5 | reward(game/avg): 21800/17284 | 1.64 games/s | ETA: 167s
[gpu0] [ 727/1000] samples:  36350 | chain(game/max/avg): 4/10/5.5 | reward(game/avg): 11400/17276 | 1.64 games/s | ETA: 166s
[gpu0] [ 728/1000] samples:  36400 | chain(game/max/avg): 5/10/5.5 | reward(game/avg): 18200/17278 | 1.64 games/s | ETA: 165s
[gpu0] [ 729/1000] samples:  36450 | chain(game/max/avg): 7/10/5.5 | reward(game/avg): 21660/17284 | 1.65 games/s | ETA: 165s
[gpu0] [ 730/1000] samples:  36500 | chain(game/max/avg): 5/10/5.5 | reward(game/avg): 17600/17284 | 1.65 games/s | ETA: 164s
[gpu0] [ 731/1000] samples:  36550 | chain(game/max/avg): 6/10/5.5 | reward(game/avg): 19800/17288 | 1.65 games/s | ETA: 163s
[gpu0] [ 732/1000] samples:  36600 | chain(game/max/avg): 4/10/5.5 | reward(game/avg): 7300/17274 | 1.65 games/s | ETA: 162s
[gpu0] [ 734/1000] samples:  36700 | chain(game/max/avg): 7/10/5.5 | reward(game/avg): 29540/17293 | 1.66 games/s | ETA: 160s
[gpu0] [ 733/1000] samples:  36650 | chain(game/max/avg): 6/10/5.5 | reward(game/avg): 19090/17276 | 1.66 games/s | ETA: 161s
[gpu0] [ 735/1000] samples:  36750 | chain(game/max/avg): 6/10/5.5 | reward(game/avg): 19280/17296 | 1.66 games/s | ETA: 160s
[gpu0] [ 736/1000] samples:  36800 | chain(game/max/avg): 4/10/5.5 | reward(game/avg): 10660/17287 | 1.66 games/s | ETA: 159s
[gpu0] [ 737/1000] samples:  36850 | chain(game/max/avg): 6/10/5.5 | reward(game/avg): 22860/17294 | 1.66 games/s | ETA: 158s
[gpu0] [ 738/1000] samples:  36900 | chain(game/max/avg): 5/10/5.5 | reward(game/avg): 15440/17292 | 1.67 games/s | ETA: 157s
[gpu0] [ 739/1000] samples:  36950 | chain(game/max/avg): 7/10/5.5 | reward(game/avg): 17800/17293 | 1.67 games/s | ETA: 156s
[gpu0] [ 740/1000] samples:  37000 | chain(game/max/avg): 5/10/5.5 | reward(game/avg): 10380/17283 | 1.67 games/s | ETA: 156s
[gpu0] [ 741/1000] samples:  37050 | chain(game/max/avg): 5/10/5.5 | reward(game/avg): 14570/17280 | 1.67 games/s | ETA: 155s
[gpu0] [ 742/1000] samples:  37100 | chain(game/max/avg): 5/10/5.5 | reward(game/avg): 8800/17268 | 1.68 games/s | ETA: 154s
[gpu0] [ 743/1000] samples:  37150 | chain(game/max/avg): 4/10/5.5 | reward(game/avg): 6040/17253 | 1.68 games/s | ETA: 153s
[gpu0] [ 744/1000] samples:  37200 | chain(game/max/avg): 5/10/5.5 | reward(game/avg): 12580/17247 | 1.68 games/s | ETA: 152s
[gpu0] [ 745/1000] samples:  37250 | chain(game/max/avg): 4/10/5.5 | reward(game/avg): 8490/17235 | 1.68 games/s | ETA: 152s
[gpu0] [ 746/1000] samples:  37300 | chain(game/max/avg): 6/10/5.5 | reward(game/avg): 20520/17239 | 1.69 games/s | ETA: 151s
[gpu0] [ 747/1000] samples:  37350 | chain(game/max/avg): 6/10/5.5 | reward(game/avg): 18740/17241 | 1.69 games/s | ETA: 150s
[gpu0] [ 748/1000] samples:  37400 | chain(game/max/avg): 7/10/5.5 | reward(game/avg): 21820/17247 | 1.69 games/s | ETA: 149s
[gpu0] [ 750/1000] samples:  37500 | chain(game/max/avg): 6/10/5.5 | reward(game/avg): 15700/17234 | 1.69 games/s | ETA: 148s
[gpu0] [ 751/1000] samples:  37550 | chain(game/max/avg): 5/10/5.5 | reward(game/avg): 10580/17225 | 1.70 games/s | ETA: 147s
[gpu0] [ 749/1000] samples:  37450 | chain(game/max/avg): 5/10/5.5 | reward(game/avg): 8750/17236 | 1.69 games/s | ETA: 148s
[gpu0] [ 752/1000] samples:  37600 | chain(game/max/avg): 6/10/5.5 | reward(game/avg): 15320/17223 | 1.70 games/s | ETA: 146s
[gpu0] [ 753/1000] samples:  37650 | chain(game/max/avg): 6/10/5.5 | reward(game/avg): 27720/17237 | 1.70 games/s | ETA: 145s
[gpu0] [ 754/1000] samples:  37700 | chain(game/max/avg): 5/10/5.5 | reward(game/avg): 10460/17228 | 1.70 games/s | ETA: 144s
[gpu0] [ 756/1000] samples:  37800 | chain(game/max/avg): 4/10/5.5 | reward(game/avg): 7680/17210 | 1.71 games/s | ETA: 143s
[gpu0] [ 755/1000] samples:  37750 | chain(game/max/avg): 5/10/5.5 | reward(game/avg): 13580/17223 | 1.71 games/s | ETA: 144s
[gpu0] [ 757/1000] samples:  37850 | chain(game/max/avg): 4/10/5.5 | reward(game/avg): 5900/17195 | 1.71 games/s | ETA: 142s
[gpu0] [ 758/1000] samples:  37900 | chain(game/max/avg): 5/10/5.5 | reward(game/avg): 13070/17190 | 1.71 games/s | ETA: 141s
[gpu0] [ 759/1000] samples:  37950 | chain(game/max/avg): 7/10/5.5 | reward(game/avg): 35030/17213 | 1.71 games/s | ETA: 141s
[gpu0] [ 760/1000] samples:  38000 | chain(game/max/avg): 6/10/5.5 | reward(game/avg): 24620/17223 | 1.72 games/s | ETA: 140s
[gpu0] [ 761/1000] samples:  38050 | chain(game/max/avg): 6/10/5.5 | reward(game/avg): 17210/17223 | 1.72 games/s | ETA: 139s
[gpu0] [ 762/1000] samples:  38100 | chain(game/max/avg): 5/10/5.5 | reward(game/avg): 15240/17220 | 1.72 games/s | ETA: 138s
[gpu0] [ 763/1000] samples:  38150 | chain(game/max/avg): 6/10/5.5 | reward(game/avg): 20140/17224 | 1.72 games/s | ETA: 137s
[gpu0] [ 764/1000] samples:  38200 | chain(game/max/avg): 4/10/5.5 | reward(game/avg): 9390/17214 | 1.73 games/s | ETA: 137s
[gpu0] [ 765/1000] samples:  38250 | chain(game/max/avg): 4/10/5.5 | reward(game/avg): 9340/17204 | 1.73 games/s | ETA: 136s
[gpu0] [ 766/1000] samples:  38300 | chain(game/max/avg): 5/10/5.5 | reward(game/avg): 14060/17200 | 1.73 games/s | ETA: 135s
[gpu0] [ 767/1000] samples:  38350 | chain(game/max/avg): 6/10/5.5 | reward(game/avg): 22300/17206 | 1.73 games/s | ETA: 134s
[gpu0] [ 772/1000] samples:  38600 | chain(game/max/avg): 5/10/5.5 | reward(game/avg): 20980/17194 | 1.74 games/s | ETA: 131s
[gpu0] [ 768/1000] samples:  38400 | chain(game/max/avg): 7/10/5.5 | reward(game/avg): 18530/17208 | 1.73 games/s | ETA: 134s
[gpu0] [ 769/1000] samples:  38450 | chain(game/max/avg): 4/10/5.5 | reward(game/avg): 10020/17199 | 1.74 games/s | ETA: 133s
[gpu0] [ 770/1000] samples:  38500 | chain(game/max/avg): 5/10/5.5 | reward(game/avg): 11020/17191 | 1.74 games/s | ETA: 132s
[gpu0] [ 771/1000] samples:  38550 | chain(game/max/avg): 5/10/5.5 | reward(game/avg): 16320/17189 | 1.74 games/s | ETA: 131s
[gpu0] [ 773/1000] samples:  38650 | chain(game/max/avg): 4/10/5.5 | reward(game/avg): 9740/17185 | 1.75 games/s | ETA: 130s
[gpu0] [ 774/1000] samples:  38700 | chain(game/max/avg): 6/10/5.5 | reward(game/avg): 15000/17182 | 1.75 games/s | ETA: 129s
[gpu0] [ 775/1000] samples:  38750 | chain(game/max/avg): 5/10/5.5 | reward(game/avg): 13060/17177 | 1.75 games/s | ETA: 129s
[gpu0] [ 776/1000] samples:  38800 | chain(game/max/avg): 5/10/5.5 | reward(game/avg): 16040/17175 | 1.75 games/s | ETA: 128s
[gpu0] [ 777/1000] samples:  38850 | chain(game/max/avg): 7/10/5.5 | reward(game/avg): 32430/17195 | 1.76 games/s | ETA: 127s
[gpu0] [ 778/1000] samples:  38900 | chain(game/max/avg): 4/10/5.5 | reward(game/avg): 8320/17183 | 1.76 games/s | ETA: 126s
[gpu0] [ 779/1000] samples:  38950 | chain(game/max/avg): 5/10/5.5 | reward(game/avg): 13770/17179 | 1.76 games/s | ETA: 126s
[gpu0] [ 780/1000] samples:  39000 | chain(game/max/avg): 6/10/5.5 | reward(game/avg): 17240/17179 | 1.76 games/s | ETA: 125s
[gpu0] [ 781/1000] samples:  39050 | chain(game/max/avg): 3/10/5.5 | reward(game/avg): 5540/17164 | 1.76 games/s | ETA: 124s
[gpu0] [ 782/1000] samples:  39100 | chain(game/max/avg): 5/10/5.5 | reward(game/avg): 9060/17154 | 1.77 games/s | ETA: 123s
[gpu0] [ 783/1000] samples:  39150 | chain(game/max/avg): 5/10/5.5 | reward(game/avg): 11230/17146 | 1.77 games/s | ETA: 123s
[gpu0] [ 784/1000] samples:  39200 | chain(game/max/avg): 9/10/5.5 | reward(game/avg): 40800/17176 | 1.77 games/s | ETA: 122s
[gpu0] [ 785/1000] samples:  39250 | chain(game/max/avg): 8/10/5.5 | reward(game/avg): 32100/17195 | 1.77 games/s | ETA: 121s
[gpu0] [ 786/1000] samples:  39300 | chain(game/max/avg): 5/10/5.5 | reward(game/avg): 14260/17192 | 1.78 games/s | ETA: 121s
[gpu0] [ 787/1000] samples:  39350 | chain(game/max/avg): 6/10/5.5 | reward(game/avg): 14500/17188 | 1.78 games/s | ETA: 120s
[gpu0] [ 788/1000] samples:  39400 | chain(game/max/avg): 4/10/5.5 | reward(game/avg): 8290/17177 | 1.78 games/s | ETA: 119s
[gpu0] [ 789/1000] samples:  39450 | chain(game/max/avg): 4/10/5.5 | reward(game/avg): 4560/17161 | 1.78 games/s | ETA: 118s
[gpu0] [ 790/1000] samples:  39500 | chain(game/max/avg): 6/10/5.5 | reward(game/avg): 14940/17158 | 1.78 games/s | ETA: 118s
[gpu0] [ 791/1000] samples:  39550 | chain(game/max/avg): 6/10/5.5 | reward(game/avg): 18540/17160 | 1.79 games/s | ETA: 117s
[gpu0] [ 792/1000] samples:  39600 | chain(game/max/avg): 7/10/5.5 | reward(game/avg): 25680/17171 | 1.79 games/s | ETA: 116s
[gpu0] [ 793/1000] samples:  39650 | chain(game/max/avg): 4/10/5.5 | reward(game/avg): 11010/17163 | 1.79 games/s | ETA: 116s
[gpu0] [ 797/1000] samples:  39850 | chain(game/max/avg): 4/10/5.5 | reward(game/avg): 8070/17159 | 1.80 games/s | ETA: 113s
[gpu0] [ 795/1000] samples:  39750 | chain(game/max/avg): 5/10/5.5 | reward(game/avg): 10720/17168 | 1.80 games/s | ETA: 114s
[gpu0] [ 796/1000] samples:  39800 | chain(game/max/avg): 6/10/5.5 | reward(game/avg): 18780/17170 | 1.80 games/s | ETA: 113s
[gpu0] [ 798/1000] samples:  39900 | chain(game/max/avg): 5/10/5.5 | reward(game/avg): 16630/17158 | 1.80 games/s | ETA: 112s
[gpu0] [ 794/1000] samples:  39700 | chain(game/max/avg): 7/10/5.5 | reward(game/avg): 27640/17176 | 1.79 games/s | ETA: 115s
[gpu0] [ 799/1000] samples:  39950 | chain(game/max/avg): 7/10/5.5 | reward(game/avg): 27260/17171 | 1.80 games/s | ETA: 111s
[gpu0] [ 800/1000] samples:  40000 | chain(game/max/avg): 5/10/5.5 | reward(game/avg): 19010/17173 | 1.81 games/s | ETA: 111s
[gpu0] [ 801/1000] samples:  40050 | chain(game/max/avg): 4/10/5.5 | reward(game/avg): 2900/17155 | 1.81 games/s | ETA: 110s
[gpu0] [ 806/1000] samples:  40300 | chain(game/max/avg): 8/10/5.5 | reward(game/avg): 29800/17138 | 1.82 games/s | ETA: 107s
[gpu0] [ 802/1000] samples:  40100 | chain(game/max/avg): 4/10/5.5 | reward(game/avg): 4460/17139 | 1.81 games/s | ETA: 109s
[gpu0] [ 803/1000] samples:  40150 | chain(game/max/avg): 4/10/5.5 | reward(game/avg): 9330/17129 | 1.81 games/s | ETA: 109s
[gpu0] [ 804/1000] samples:  40200 | chain(game/max/avg): 5/10/5.5 | reward(game/avg): 11240/17122 | 1.82 games/s | ETA: 108s
[gpu0] [ 805/1000] samples:  40250 | chain(game/max/avg): 5/10/5.5 | reward(game/avg): 17560/17123 | 1.82 games/s | ETA: 107s
[gpu0] [ 807/1000] samples:  40350 | chain(game/max/avg): 6/10/5.5 | reward(game/avg): 16510/17138 | 1.82 games/s | ETA: 106s
[gpu0] [ 808/1000] samples:  40400 | chain(game/max/avg): 5/10/5.5 | reward(game/avg): 18030/17139 | 1.82 games/s | ETA: 105s
[gpu0] [ 809/1000] samples:  40450 | chain(game/max/avg): 5/10/5.5 | reward(game/avg): 14440/17135 | 1.83 games/s | ETA: 105s
[gpu0] [ 810/1000] samples:  40500 | chain(game/max/avg): 4/10/5.5 | reward(game/avg): 5220/17121 | 1.83 games/s | ETA: 104s
[gpu0] [ 811/1000] samples:  40550 | chain(game/max/avg): 5/10/5.5 | reward(game/avg): 17420/17121 | 1.83 games/s | ETA: 103s
[gpu0] [ 812/1000] samples:  40600 | chain(game/max/avg): 7/10/5.5 | reward(game/avg): 22960/17128 | 1.83 games/s | ETA: 103s
[gpu0] [ 813/1000] samples:  40650 | chain(game/max/avg): 4/10/5.5 | reward(game/avg): 6380/17115 | 1.83 games/s | ETA: 102s
[gpu0] [ 814/1000] samples:  40700 | chain(game/max/avg): 7/10/5.5 | reward(game/avg): 16000/17114 | 1.83 games/s | ETA: 101s
[gpu0] [ 815/1000] samples:  40750 | chain(game/max/avg): 5/10/5.5 | reward(game/avg): 15250/17111 | 1.84 games/s | ETA: 101s
[gpu0] [ 816/1000] samples:  40800 | chain(game/max/avg): 5/10/5.5 | reward(game/avg): 12540/17106 | 1.84 games/s | ETA: 100s
[gpu0] [ 817/1000] samples:  40850 | chain(game/max/avg): 4/10/5.5 | reward(game/avg): 6490/17093 | 1.84 games/s | ETA: 100s
[gpu0] [ 818/1000] samples:  40900 | chain(game/max/avg): 5/10/5.5 | reward(game/avg): 17240/17093 | 1.84 games/s | ETA: 99s
[gpu0] [ 819/1000] samples:  40950 | chain(game/max/avg): 7/10/5.5 | reward(game/avg): 27040/17105 | 1.84 games/s | ETA: 98s
[gpu0] [ 820/1000] samples:  41000 | chain(game/max/avg): 4/10/5.5 | reward(game/avg): 7480/17093 | 1.84 games/s | ETA: 98s
[gpu0] [ 821/1000] samples:  41050 | chain(game/max/avg): 5/10/5.5 | reward(game/avg): 13540/17089 | 1.85 games/s | ETA: 97s
[gpu0] [ 822/1000] samples:  41100 | chain(game/max/avg): 6/10/5.5 | reward(game/avg): 24320/17098 | 1.85 games/s | ETA: 96s
[gpu0] [ 823/1000] samples:  41150 | chain(game/max/avg): 5/10/5.5 | reward(game/avg): 13820/17094 | 1.85 games/s | ETA: 96s
[gpu0] [ 824/1000] samples:  41200 | chain(game/max/avg): 6/10/5.5 | reward(game/avg): 18920/17096 | 1.85 games/s | ETA: 95s
[gpu0] [ 825/1000] samples:  41250 | chain(game/max/avg): 7/10/5.5 | reward(game/avg): 24700/17105 | 1.86 games/s | ETA: 94s
[gpu0] [ 826/1000] samples:  41350 | chain(game/max/avg): 5/10/5.5 | reward(game/avg): 9700/17119 | 1.86 games/s | ETA: 94s
[gpu0] [ 827/1000] samples:  41350 | chain(game/max/avg): 5/10/5.5 | reward(game/avg): 18660/17098 | 1.86 games/s | ETA: 93s
[gpu0] [ 828/1000] samples:  41400 | chain(game/max/avg): 5/10/5.5 | reward(game/avg): 14220/17095 | 1.86 games/s | ETA: 92s
[gpu0] [ 829/1000] samples:  41450 | chain(game/max/avg): 5/10/5.5 | reward(game/avg): 17520/17095 | 1.86 games/s | ETA: 92s
[gpu0] [ 830/1000] samples:  41500 | chain(game/max/avg): 5/10/5.5 | reward(game/avg): 14360/17092 | 1.87 games/s | ETA: 91s
[gpu0] [ 831/1000] samples:  41550 | chain(game/max/avg): 5/10/5.5 | reward(game/avg): 11250/17085 | 1.87 games/s | ETA: 90s
[gpu0] [ 832/1000] samples:  41600 | chain(game/max/avg): 5/10/5.5 | reward(game/avg): 11700/17078 | 1.87 games/s | ETA: 90s
[gpu0] [ 833/1000] samples:  41650 | chain(game/max/avg): 6/10/5.5 | reward(game/avg): 22360/17085 | 1.87 games/s | ETA: 89s
[gpu0] [ 834/1000] samples:  41700 | chain(game/max/avg): 5/10/5.5 | reward(game/avg): 11060/17078 | 1.88 games/s | ETA: 89s
[gpu0] [ 835/1000] samples:  41750 | chain(game/max/avg): 6/10/5.5 | reward(game/avg): 15240/17075 | 1.88 games/s | ETA: 88s
[gpu0] [ 837/1000] samples:  41850 | chain(game/max/avg): 5/10/5.5 | reward(game/avg): 13820/17064 | 1.88 games/s | ETA: 87s
[gpu0] [ 838/1000] samples:  41900 | chain(game/max/avg): 6/10/5.5 | reward(game/avg): 21090/17069 | 1.88 games/s | ETA: 86s
[gpu0] [ 836/1000] samples:  41800 | chain(game/max/avg): 5/10/5.5 | reward(game/avg): 11050/17068 | 1.88 games/s | ETA: 87s
[gpu0] [ 839/1000] samples:  41950 | chain(game/max/avg): 6/10/5.5 | reward(game/avg): 19440/17072 | 1.89 games/s | ETA: 85s
[gpu0] [ 840/1000] samples:  42000 | chain(game/max/avg): 9/10/5.5 | reward(game/avg): 48680/17110 | 1.89 games/s | ETA: 85s
[gpu0] [ 841/1000] samples:  42050 | chain(game/max/avg): 6/10/5.5 | reward(game/avg): 13170/17105 | 1.89 games/s | ETA: 84s
[gpu0] [ 842/1000] samples:  42100 | chain(game/max/avg): 4/10/5.5 | reward(game/avg): 8870/17095 | 1.89 games/s | ETA: 83s
[gpu0] [ 843/1000] samples:  42150 | chain(game/max/avg): 5/10/5.5 | reward(game/avg): 11420/17088 | 1.90 games/s | ETA: 83s
[gpu0] [ 844/1000] samples:  42200 | chain(game/max/avg): 6/10/5.5 | reward(game/avg): 20290/17092 | 1.90 games/s | ETA: 82s
[gpu0] [ 845/1000] samples:  42250 | chain(game/max/avg): 5/10/5.5 | reward(game/avg): 17630/17093 | 1.90 games/s | ETA: 82s
[gpu0] [ 846/1000] samples:  42300 | chain(game/max/avg): 6/10/5.5 | reward(game/avg): 15650/17091 | 1.90 games/s | ETA: 81s
[gpu0] [ 847/1000] samples:  42350 | chain(game/max/avg): 7/10/5.5 | reward(game/avg): 26470/17102 | 1.90 games/s | ETA: 80s
[gpu0] [ 848/1000] samples:  42400 | chain(game/max/avg): 7/10/5.5 | reward(game/avg): 24160/17110 | 1.91 games/s | ETA: 80s
[gpu0] [ 849/1000] samples:  42450 | chain(game/max/avg): 5/10/5.5 | reward(game/avg): 16980/17110 | 1.91 games/s | ETA: 79s
[gpu0] [ 850/1000] samples:  42500 | chain(game/max/avg): 5/10/5.5 | reward(game/avg): 12620/17105 | 1.91 games/s | ETA: 78s
[gpu0] [ 851/1000] samples:  42550 | chain(game/max/avg): 5/10/5.5 | reward(game/avg): 17220/17105 | 1.91 games/s | ETA: 78s
[gpu0] [ 852/1000] samples:  42600 | chain(game/max/avg): 5/10/5.5 | reward(game/avg): 15690/17104 | 1.92 games/s | ETA: 77s
[gpu0] [ 853/1000] samples:  42650 | chain(game/max/avg): 9/10/5.5 | reward(game/avg): 31930/17121 | 1.92 games/s | ETA: 77s
[gpu0] [ 854/1000] samples:  42700 | chain(game/max/avg): 5/10/5.5 | reward(game/avg): 14740/17118 | 1.92 games/s | ETA: 76s
[gpu0] [ 855/1000] samples:  42750 | chain(game/max/avg): 6/10/5.5 | reward(game/avg): 14920/17116 | 1.92 games/s | ETA: 75s
[gpu0] [ 856/1000] samples:  42800 | chain(game/max/avg): 7/10/5.5 | reward(game/avg): 26020/17126 | 1.92 games/s | ETA: 75s
[gpu0] [ 857/1000] samples:  42850 | chain(game/max/avg): 4/10/5.5 | reward(game/avg): 6060/17113 | 1.93 games/s | ETA: 74s
[gpu0] [ 858/1000] samples:  42900 | chain(game/max/avg): 6/10/5.5 | reward(game/avg): 19910/17116 | 1.93 games/s | ETA: 74s
[gpu0] [ 859/1000] samples:  42950 | chain(game/max/avg): 6/10/5.5 | reward(game/avg): 15570/17114 | 1.93 games/s | ETA: 73s
[gpu0] [ 860/1000] samples:  43000 | chain(game/max/avg): 6/10/5.5 | reward(game/avg): 15380/17112 | 1.93 games/s | ETA: 72s
[gpu0] [ 861/1000] samples:  43050 | chain(game/max/avg): 5/10/5.5 | reward(game/avg): 15830/17111 | 1.94 games/s | ETA: 72s
[gpu0] [ 862/1000] samples:  43100 | chain(game/max/avg): 6/10/5.5 | reward(game/avg): 19640/17114 | 1.94 games/s | ETA: 71s
[gpu0] [ 863/1000] samples:  43150 | chain(game/max/avg): 6/10/5.5 | reward(game/avg): 13290/17109 | 1.94 games/s | ETA: 71s
[gpu0] [ 864/1000] samples:  43200 | chain(game/max/avg): 6/10/5.5 | reward(game/avg): 23770/17117 | 1.94 games/s | ETA: 70s
[gpu0] [ 865/1000] samples:  43250 | chain(game/max/avg): 6/10/5.5 | reward(game/avg): 15200/17115 | 1.95 games/s | ETA: 69s
[gpu0] [ 866/1000] samples:  43300 | chain(game/max/avg): 5/10/5.5 | reward(game/avg): 12420/17110 | 1.95 games/s | ETA: 69s
[gpu0] [ 867/1000] samples:  43350 | chain(game/max/avg): 5/10/5.5 | reward(game/avg): 18680/17111 | 1.95 games/s | ETA: 68s
[gpu0] [ 868/1000] samples:  43400 | chain(game/max/avg): 6/10/5.5 | reward(game/avg): 12340/17106 | 1.95 games/s | ETA: 68s
[gpu0] [ 870/1000] samples:  43500 | chain(game/max/avg): 6/10/5.5 | reward(game/avg): 15170/17108 | 1.96 games/s | ETA: 66s
[gpu0] [ 869/1000] samples:  43450 | chain(game/max/avg): 7/10/5.5 | reward(game/avg): 21140/17111 | 1.95 games/s | ETA: 67s
[gpu0] [ 871/1000] samples:  43550 | chain(game/max/avg): 5/10/5.5 | reward(game/avg): 13900/17105 | 1.96 games/s | ETA: 66s
[gpu0] [ 872/1000] samples:  43600 | chain(game/max/avg): 5/10/5.5 | reward(game/avg): 13550/17101 | 1.96 games/s | ETA: 65s
[gpu0] [ 873/1000] samples:  43650 | chain(game/max/avg): 5/10/5.5 | reward(game/avg): 10880/17093 | 1.96 games/s | ETA: 65s
[gpu0] [ 874/1000] samples:  43700 | chain(game/max/avg): 6/10/5.5 | reward(game/avg): 23160/17100 | 1.97 games/s | ETA: 64s
[gpu0] [ 875/1000] samples:  43750 | chain(game/max/avg): 6/10/5.5 | reward(game/avg): 23460/17108 | 1.96 games/s | ETA: 64s
[gpu0] [ 876/1000] samples:  43800 | chain(game/max/avg): 5/10/5.5 | reward(game/avg): 17660/17108 | 1.97 games/s | ETA: 63s
[gpu0] [ 877/1000] samples:  43850 | chain(game/max/avg): 5/10/5.5 | reward(game/avg): 19590/17111 | 1.97 games/s | ETA: 63s
[gpu0] [ 878/1000] samples:  43900 | chain(game/max/avg): 5/10/5.5 | reward(game/avg): 13780/17107 | 1.97 games/s | ETA: 62s
[gpu0] [ 879/1000] samples:  43950 | chain(game/max/avg): 6/10/5.5 | reward(game/avg): 21680/17112 | 1.97 games/s | ETA: 61s
[gpu0] [ 880/1000] samples:  44000 | chain(game/max/avg): 6/10/5.5 | reward(game/avg): 16940/17112 | 1.97 games/s | ETA: 61s
[gpu0] [ 882/1000] samples:  44100 | chain(game/max/avg): 6/10/5.5 | reward(game/avg): 16680/17109 | 1.98 games/s | ETA: 60s
[gpu0] [ 881/1000] samples:  44050 | chain(game/max/avg): 5/10/5.5 | reward(game/avg): 14440/17109 | 1.98 games/s | ETA: 60s
[gpu0] [ 883/1000] samples:  44150 | chain(game/max/avg): 8/10/5.5 | reward(game/avg): 30640/17124 | 1.98 games/s | ETA: 59s
[gpu0] [ 884/1000] samples:  44200 | chain(game/max/avg): 4/10/5.5 | reward(game/avg): 9460/17115 | 1.98 games/s | ETA: 58s
[gpu0] [ 885/1000] samples:  44250 | chain(game/max/avg): 7/10/5.5 | reward(game/avg): 32940/17133 | 1.99 games/s | ETA: 58s
[gpu0] [ 886/1000] samples:  44300 | chain(game/max/avg): 3/10/5.5 | reward(game/avg): 7760/17123 | 1.99 games/s | ETA: 57s
[gpu0] [ 887/1000] samples:  44350 | chain(game/max/avg): 6/10/5.5 | reward(game/avg): 19860/17126 | 1.99 games/s | ETA: 57s
[gpu0] [ 888/1000] samples:  44400 | chain(game/max/avg): 7/10/5.5 | reward(game/avg): 19000/17128 | 1.99 games/s | ETA: 56s
[gpu0] [ 889/1000] samples:  44450 | chain(game/max/avg): 7/10/5.5 | reward(game/avg): 20350/17132 | 1.99 games/s | ETA: 56s
[gpu0] [ 890/1000] samples:  44500 | chain(game/max/avg): 7/10/5.5 | reward(game/avg): 18250/17133 | 2.00 games/s | ETA: 55s
[gpu0] [ 891/1000] samples:  44550 | chain(game/max/avg): 4/10/5.5 | reward(game/avg): 5340/17120 | 2.00 games/s | ETA: 55s
[gpu0] [ 892/1000] samples:  44600 | chain(game/max/avg): 6/10/5.5 | reward(game/avg): 17800/17120 | 2.00 games/s | ETA: 54s
[gpu0] [ 893/1000] samples:  44650 | chain(game/max/avg): 5/10/5.5 | reward(game/avg): 14860/17118 | 2.00 games/s | ETA: 53s
[gpu0] [ 894/1000] samples:  44700 | chain(game/max/avg): 6/10/5.5 | reward(game/avg): 22220/17123 | 2.01 games/s | ETA: 53s
[gpu0] [ 895/1000] samples:  44750 | chain(game/max/avg): 6/10/5.5 | reward(game/avg): 15260/17121 | 2.01 games/s | ETA: 52s
[gpu0] [ 896/1000] samples:  44800 | chain(game/max/avg): 5/10/5.5 | reward(game/avg): 10290/17114 | 2.01 games/s | ETA: 52s
[gpu0] [ 897/1000] samples:  44850 | chain(game/max/avg): 5/10/5.5 | reward(game/avg): 11720/17108 | 2.01 games/s | ETA: 51s
[gpu0] [ 898/1000] samples:  44900 | chain(game/max/avg): 5/10/5.5 | reward(game/avg): 15040/17105 | 2.01 games/s | ETA: 51s
[gpu0] [ 899/1000] samples:  44950 | chain(game/max/avg): 5/10/5.5 | reward(game/avg): 16380/17105 | 2.02 games/s | ETA: 50s
[gpu0] [ 900/1000] samples:  45000 | chain(game/max/avg): 5/10/5.5 | reward(game/avg): 11880/17099 | 2.02 games/s | ETA: 50s
[gpu0] [ 901/1000] samples:  45050 | chain(game/max/avg): 5/10/5.5 | reward(game/avg): 13880/17095 | 2.02 games/s | ETA: 49s
[gpu0] [ 902/1000] samples:  45100 | chain(game/max/avg): 6/10/5.5 | reward(game/avg): 14060/17092 | 2.02 games/s | ETA: 48s
[gpu0] [ 903/1000] samples:  45150 | chain(game/max/avg): 6/10/5.5 | reward(game/avg): 18160/17093 | 2.03 games/s | ETA: 48s
[gpu0] [ 904/1000] samples:  45200 | chain(game/max/avg): 5/10/5.5 | reward(game/avg): 12980/17089 | 2.03 games/s | ETA: 47s
[gpu0] [ 905/1000] samples:  45250 | chain(game/max/avg): 7/10/5.5 | reward(game/avg): 21080/17093 | 2.03 games/s | ETA: 47s
[gpu0] [ 906/1000] samples:  45300 | chain(game/max/avg): 4/10/5.5 | reward(game/avg): 8840/17084 | 2.03 games/s | ETA: 46s
[gpu0] [ 907/1000] samples:  45350 | chain(game/max/avg): 5/10/5.5 | reward(game/avg): 11800/17078 | 2.03 games/s | ETA: 46s
[gpu0] [ 908/1000] samples:  45400 | chain(game/max/avg): 6/10/5.5 | reward(game/avg): 17340/17078 | 2.04 games/s | ETA: 45s
[gpu0] [ 909/1000] samples:  45450 | chain(game/max/avg): 5/10/5.5 | reward(game/avg): 12990/17074 | 2.04 games/s | ETA: 45s
[gpu0] [ 910/1000] samples:  45500 | chain(game/max/avg): 5/10/5.5 | reward(game/avg): 9850/17066 | 2.04 games/s | ETA: 44s
[gpu0] [ 911/1000] samples:  45550 | chain(game/max/avg): 5/10/5.5 | reward(game/avg): 18540/17067 | 2.04 games/s | ETA: 44s
[gpu0] [ 912/1000] samples:  45600 | chain(game/max/avg): 5/10/5.5 | reward(game/avg): 13590/17064 | 2.05 games/s | ETA: 43s
[gpu0] [ 913/1000] samples:  45650 | chain(game/max/avg): 6/10/5.5 | reward(game/avg): 19840/17067 | 2.05 games/s | ETA: 42s
[gpu0] [ 914/1000] samples:  45700 | chain(game/max/avg): 5/10/5.5 | reward(game/avg): 18860/17069 | 2.05 games/s | ETA: 42s
[gpu0] [ 915/1000] samples:  45750 | chain(game/max/avg): 6/10/5.5 | reward(game/avg): 13260/17065 | 2.05 games/s | ETA: 41s
[gpu0] [ 916/1000] samples:  45800 | chain(game/max/avg): 5/10/5.5 | reward(game/avg): 10540/17057 | 2.05 games/s | ETA: 41s
[gpu0] [ 917/1000] samples:  45850 | chain(game/max/avg): 6/10/5.5 | reward(game/avg): 15580/17056 | 2.06 games/s | ETA: 40s
[gpu0] [ 918/1000] samples:  45900 | chain(game/max/avg): 5/10/5.5 | reward(game/avg): 12020/17050 | 2.06 games/s | ETA: 40s
[gpu0] [ 919/1000] samples:  45950 | chain(game/max/avg): 5/10/5.5 | reward(game/avg): 11960/17045 | 2.06 games/s | ETA: 39s
[gpu0] [ 920/1000] samples:  46000 | chain(game/max/avg): 5/10/5.5 | reward(game/avg): 10010/17037 | 2.06 games/s | ETA: 39s
[gpu0] [ 921/1000] samples:  46050 | chain(game/max/avg): 7/10/5.5 | reward(game/avg): 22940/17044 | 2.07 games/s | ETA: 38s
[gpu0] [ 923/1000] samples:  46150 | chain(game/max/avg): 4/10/5.5 | reward(game/avg): 6880/17021 | 2.07 games/s | ETA: 37s
[gpu0] [ 922/1000] samples:  46100 | chain(game/max/avg): 4/10/5.5 | reward(game/avg): 5960/17032 | 2.07 games/s | ETA: 38s
[gpu0] [ 924/1000] samples:  46200 | chain(game/max/avg): 3/10/5.5 | reward(game/avg): 5230/17008 | 2.07 games/s | ETA: 37s
[gpu0] [ 925/1000] samples:  46250 | chain(game/max/avg): 4/10/5.5 | reward(game/avg): 7830/16998 | 2.07 games/s | ETA: 36s
[gpu0] [ 926/1000] samples:  46300 | chain(game/max/avg): 6/10/5.5 | reward(game/avg): 17260/16998 | 2.08 games/s | ETA: 36s
[gpu0] [ 927/1000] samples:  46350 | chain(game/max/avg): 5/10/5.5 | reward(game/avg): 10670/16991 | 2.08 games/s | ETA: 35s
[gpu0] [ 928/1000] samples:  46400 | chain(game/max/avg): 6/10/5.5 | reward(game/avg): 24520/16999 | 2.08 games/s | ETA: 35s
[gpu0] [ 929/1000] samples:  46450 | chain(game/max/avg): 7/10/5.5 | reward(game/avg): 18580/17001 | 2.08 games/s | ETA: 34s
[gpu0] [ 930/1000] samples:  46500 | chain(game/max/avg): 6/10/5.5 | reward(game/avg): 16420/17000 | 2.08 games/s | ETA: 34s
[gpu0] [ 931/1000] samples:  46550 | chain(game/max/avg): 4/10/5.5 | reward(game/avg): 7600/16990 | 2.09 games/s | ETA: 33s
[gpu0] [ 932/1000] samples:  46600 | chain(game/max/avg): 8/10/5.5 | reward(game/avg): 36490/17011 | 2.09 games/s | ETA: 33s
[gpu0] [ 933/1000] samples:  46650 | chain(game/max/avg): 7/10/5.5 | reward(game/avg): 22800/17018 | 2.09 games/s | ETA: 32s
[gpu0] [ 934/1000] samples:  46700 | chain(game/max/avg): 5/10/5.5 | reward(game/avg): 22140/17023 | 2.09 games/s | ETA: 32s
[gpu0] [ 935/1000] samples:  46750 | chain(game/max/avg): 7/10/5.5 | reward(game/avg): 28260/17035 | 2.09 games/s | ETA: 31s
[gpu0] [ 936/1000] samples:  46800 | chain(game/max/avg): 6/10/5.5 | reward(game/avg): 14900/17033 | 2.10 games/s | ETA: 31s
[gpu0] [ 937/1000] samples:  46850 | chain(game/max/avg): 5/10/5.5 | reward(game/avg): 16040/17032 | 2.10 games/s | ETA: 30s
[gpu0] [ 938/1000] samples:  46900 | chain(game/max/avg): 6/10/5.5 | reward(game/avg): 20030/17035 | 2.10 games/s | ETA: 30s
[gpu0] [ 939/1000] samples:  46950 | chain(game/max/avg): 5/10/5.5 | reward(game/avg): 11580/17029 | 2.10 games/s | ETA: 29s
[gpu0] [ 940/1000] samples:  47000 | chain(game/max/avg): 6/10/5.5 | reward(game/avg): 22400/17035 | 2.10 games/s | ETA: 29s
[gpu0] [ 941/1000] samples:  47050 | chain(game/max/avg): 4/10/5.5 | reward(game/avg): 13010/17030 | 2.10 games/s | ETA: 28s
[gpu0] [ 942/1000] samples:  47100 | chain(game/max/avg): 4/10/5.5 | reward(game/avg): 12100/17025 | 2.11 games/s | ETA: 28s
[gpu0] [ 943/1000] samples:  47150 | chain(game/max/avg): 4/10/5.5 | reward(game/avg): 7180/17015 | 2.11 games/s | ETA: 27s
[gpu0] [ 944/1000] samples:  47200 | chain(game/max/avg): 6/10/5.5 | reward(game/avg): 19320/17017 | 2.11 games/s | ETA: 27s
[gpu0] [ 945/1000] samples:  47250 | chain(game/max/avg): 5/10/5.5 | reward(game/avg): 19040/17019 | 2.11 games/s | ETA: 26s
[gpu0] [ 946/1000] samples:  47300 | chain(game/max/avg): 5/10/5.5 | reward(game/avg): 12510/17015 | 2.11 games/s | ETA: 26s
[gpu0] [ 947/1000] samples:  47350 | chain(game/max/avg): 4/10/5.5 | reward(game/avg): 8440/17006 | 2.12 games/s | ETA: 25s
[gpu0] [ 948/1000] samples:  47400 | chain(game/max/avg): 8/10/5.5 | reward(game/avg): 44240/17034 | 2.12 games/s | ETA: 25s
[gpu0] [ 949/1000] samples:  47450 | chain(game/max/avg): 4/10/5.5 | reward(game/avg): 10380/17027 | 2.12 games/s | ETA: 24s
[gpu0] [ 950/1000] samples:  47500 | chain(game/max/avg): 6/10/5.5 | reward(game/avg): 21830/17032 | 2.12 games/s | ETA: 24s
[gpu0] [ 951/1000] samples:  47550 | chain(game/max/avg): 6/10/5.5 | reward(game/avg): 17720/17033 | 2.12 games/s | ETA: 23s
[gpu0] [ 952/1000] samples:  47600 | chain(game/max/avg): 7/10/5.5 | reward(game/avg): 21680/17038 | 2.13 games/s | ETA: 23s
[gpu0] [ 953/1000] samples:  47650 | chain(game/max/avg): 4/10/5.5 | reward(game/avg): 8980/17029 | 2.13 games/s | ETA: 22s
[gpu0] [ 954/1000] samples:  47700 | chain(game/max/avg): 7/10/5.5 | reward(game/avg): 31200/17044 | 2.13 games/s | ETA: 22s
[gpu0] [ 955/1000] samples:  47750 | chain(game/max/avg): 6/10/5.5 | reward(game/avg): 15530/17043 | 2.13 games/s | ETA: 21s
[gpu0] [ 956/1000] samples:  47800 | chain(game/max/avg): 6/10/5.5 | reward(game/avg): 17760/17044 | 2.14 games/s | ETA: 21s
[gpu0] [ 957/1000] samples:  47850 | chain(game/max/avg): 5/10/5.5 | reward(game/avg): 15610/17042 | 2.14 games/s | ETA: 20s
[gpu0] [ 958/1000] samples:  47900 | chain(game/max/avg): 7/10/5.5 | reward(game/avg): 33890/17060 | 2.14 games/s | ETA: 20s
[gpu0] [ 959/1000] samples:  47950 | chain(game/max/avg): 6/10/5.5 | reward(game/avg): 14140/17057 | 2.14 games/s | ETA: 19s
[gpu0] [ 960/1000] samples:  48000 | chain(game/max/avg): 7/10/5.5 | reward(game/avg): 20100/17060 | 2.14 games/s | ETA: 19s
[gpu0] [ 961/1000] samples:  48050 | chain(game/max/avg): 7/10/5.5 | reward(game/avg): 21620/17064 | 2.15 games/s | ETA: 18s
[gpu0] [ 962/1000] samples:  48100 | chain(game/max/avg): 6/10/5.5 | reward(game/avg): 21220/17069 | 2.15 games/s | ETA: 18s
[gpu0] [ 963/1000] samples:  48150 | chain(game/max/avg): 5/10/5.5 | reward(game/avg): 13510/17065 | 2.15 games/s | ETA: 17s
[gpu0] [ 964/1000] samples:  48200 | chain(game/max/avg): 5/10/5.5 | reward(game/avg): 8800/17057 | 2.15 games/s | ETA: 17s
[gpu0] [ 965/1000] samples:  48250 | chain(game/max/avg): 6/10/5.5 | reward(game/avg): 15980/17055 | 2.15 games/s | ETA: 16s
[gpu0] [ 966/1000] samples:  48300 | chain(game/max/avg): 5/10/5.5 | reward(game/avg): 13660/17052 | 2.16 games/s | ETA: 16s
[gpu0] [ 967/1000] samples:  48350 | chain(game/max/avg): 6/10/5.5 | reward(game/avg): 16700/17052 | 2.16 games/s | ETA: 15s
[gpu0] [ 968/1000] samples:  48400 | chain(game/max/avg): 6/10/5.5 | reward(game/avg): 16940/17051 | 2.16 games/s | ETA: 15s
[gpu0] [ 969/1000] samples:  48450 | chain(game/max/avg): 6/10/5.5 | reward(game/avg): 17940/17052 | 2.16 games/s | ETA: 14s
[gpu0] [ 970/1000] samples:  48500 | chain(game/max/avg): 6/10/5.5 | reward(game/avg): 13400/17049 | 2.16 games/s | ETA: 14s
[gpu0] [ 971/1000] samples:  48550 | chain(game/max/avg): 5/10/5.5 | reward(game/avg): 10780/17042 | 2.17 games/s | ETA: 13s
[gpu0] [ 972/1000] samples:  48600 | chain(game/max/avg): 4/10/5.5 | reward(game/avg): 10020/17035 | 2.17 games/s | ETA: 13s
[gpu0] [ 973/1000] samples:  48650 | chain(game/max/avg): 7/10/5.5 | reward(game/avg): 32240/17051 | 2.17 games/s | ETA: 12s
[gpu0] [ 974/1000] samples:  48700 | chain(game/max/avg): 7/10/5.5 | reward(game/avg): 29260/17063 | 2.17 games/s | ETA: 12s
[gpu0] [ 975/1000] samples:  48750 | chain(game/max/avg): 4/10/5.5 | reward(game/avg): 11910/17058 | 2.18 games/s | ETA: 11s
[gpu0] [ 976/1000] samples:  48800 | chain(game/max/avg): 4/10/5.5 | reward(game/avg): 4910/17045 | 2.18 games/s | ETA: 11s
[gpu0] [ 977/1000] samples:  48850 | chain(game/max/avg): 5/10/5.5 | reward(game/avg): 11320/17039 | 2.18 games/s | ETA: 11s
[gpu0] [ 978/1000] samples:  48900 | chain(game/max/avg): 4/10/5.5 | reward(game/avg): 8010/17030 | 2.18 games/s | ETA: 10s
[gpu0] [ 979/1000] samples:  48950 | chain(game/max/avg): 5/10/5.5 | reward(game/avg): 19250/17032 | 2.18 games/s | ETA: 10s
[gpu0] [ 980/1000] samples:  49000 | chain(game/max/avg): 7/10/5.5 | reward(game/avg): 24840/17040 | 2.19 games/s | ETA: 9s
[gpu0] [ 981/1000] samples:  49050 | chain(game/max/avg): 5/10/5.5 | reward(game/avg): 9480/17033 | 2.19 games/s | ETA: 9s
[gpu0] [ 982/1000] samples:  49100 | chain(game/max/avg): 4/10/5.5 | reward(game/avg): 12200/17028 | 2.19 games/s | ETA: 8s
[gpu0] [ 983/1000] samples:  49150 | chain(game/max/avg): 6/10/5.5 | reward(game/avg): 19790/17031 | 2.19 games/s | ETA: 8s
[gpu0] [ 984/1000] samples:  49200 | chain(game/max/avg): 4/10/5.5 | reward(game/avg): 7610/17021 | 2.19 games/s | ETA: 7s
[gpu0] [ 985/1000] samples:  49250 | chain(game/max/avg): 6/10/5.5 | reward(game/avg): 27270/17031 | 2.20 games/s | ETA: 7s
[gpu0] [ 986/1000] samples:  49300 | chain(game/max/avg): 5/10/5.5 | reward(game/avg): 15790/17030 | 2.20 games/s | ETA: 6s
[gpu0] [ 987/1000] samples:  49350 | chain(game/max/avg): 6/10/5.5 | reward(game/avg): 27110/17040 | 2.20 games/s | ETA: 6s
[gpu0] [ 988/1000] samples:  49400 | chain(game/max/avg): 6/10/5.5 | reward(game/avg): 21260/17045 | 2.20 games/s | ETA: 5s
[gpu0] [ 989/1000] samples:  49450 | chain(game/max/avg): 6/10/5.5 | reward(game/avg): 26230/17054 | 2.20 games/s | ETA: 5s
[gpu0] [ 990/1000] samples:  49500 | chain(game/max/avg): 6/10/5.5 | reward(game/avg): 28930/17066 | 2.21 games/s | ETA: 5s
[gpu0] [ 991/1000] samples:  49550 | chain(game/max/avg): 8/10/5.5 | reward(game/avg): 29340/17078 | 2.21 games/s | ETA: 4s
[gpu0] [ 992/1000] samples:  49600 | chain(game/max/avg): 6/10/5.5 | reward(game/avg): 15610/17077 | 2.21 games/s | ETA: 4s
[gpu0] [ 993/1000] samples:  49650 | chain(game/max/avg): 4/10/5.5 | reward(game/avg): 11090/17071 | 2.21 games/s | ETA: 3s
[gpu0] [ 994/1000] samples:  49700 | chain(game/max/avg): 6/10/5.5 | reward(game/avg): 18670/17072 | 2.21 games/s | ETA: 3s
[gpu0] [ 995/1000] samples:  49750 | chain(game/max/avg): 6/10/5.5 | reward(game/avg): 15600/17071 | 2.21 games/s | ETA: 2s
[gpu0] [ 996/1000] samples:  49800 | chain(game/max/avg): 5/10/5.5 | reward(game/avg): 13180/17067 | 2.22 games/s | ETA: 2s
[gpu0] [ 997/1000] samples:  49850 | chain(game/max/avg): 7/10/5.5 | reward(game/avg): 24660/17075 | 2.22 games/s | ETA: 1s
[gpu0] [ 998/1000] samples:  49900 | chain(game/max/avg): 6/10/5.5 | reward(game/avg): 24600/17082 | 2.22 games/s | ETA: 1s
[gpu0] [ 999/1000] samples:  49950 | chain(game/max/avg): 5/10/5.5 | reward(game/avg): 15810/17081 | 2.22 games/s | ETA: 0s
[gpu0] [1000/1000] samples:  50000 | chain(game/max/avg): 5/10/5.5 | reward(game/avg): 10280/17074 | 2.22 games/s | ETA: 0s
[gpu0] Self-play complete: 1000 games, 50000 samples, max chain: 10
[gpu0] Saved to runs/rtx5090-3/data/alphazero_iter_201_gpu0.bin
[2026-04-07 13:28:33] Removing old data: runs/rtx5090-3/data/alphazero_iter_171_gpu*.bin
[2026-04-07 13:28:35] Train start (AlphaZero mode, replay buffer, global_step=200000)
    Finished `release` profile [optimized] target(s) in 0.31s
     Running `target/release/train --alphazero --data-dir runs/rtx5090-3/data --global-step 200000 --model-path runs/rtx5090-3/artifacts/puyo_model --artifacts-dir runs/rtx5090-3/artifacts --batch-size 2048 --accum-steps 1 --cols 6 --rows 14 --num-colors 4 --residual-channels 128 --num-blocks 6 --policy-conv-channels 2 --value-conv-channels 1 --value-hidden 64 --film-hidden 128 --lr-stages '0:0.002,300000:0.0002'`
Backend: CUDA (GPU)
Game config: cols=6, rows=14, num_colors=4
Net config: residual_channels=128, num_blocks=6
Mode: AlphaZero (Policy CE + Value MSE)
Loading AlphaZero datasets from runs/rtx5090-3/data...
Found 30 data files
  Loaded 50000 samples from runs/rtx5090-3/data/alphazero_iter_172_gpu0.bin
  Loaded 50000 samples from runs/rtx5090-3/data/alphazero_iter_173_gpu0.bin
  Loaded 50000 samples from runs/rtx5090-3/data/alphazero_iter_174_gpu0.bin
  Loaded 50000 samples from runs/rtx5090-3/data/alphazero_iter_175_gpu0.bin
  Loaded 50000 samples from runs/rtx5090-3/data/alphazero_iter_176_gpu0.bin
  Loaded 50000 samples from runs/rtx5090-3/data/alphazero_iter_177_gpu0.bin
  Loaded 50000 samples from runs/rtx5090-3/data/alphazero_iter_178_gpu0.bin
  Loaded 50000 samples from runs/rtx5090-3/data/alphazero_iter_179_gpu0.bin
  Loaded 50000 samples from runs/rtx5090-3/data/alphazero_iter_180_gpu0.bin
  Loaded 50000 samples from runs/rtx5090-3/data/alphazero_iter_181_gpu0.bin
  Loaded 50000 samples from runs/rtx5090-3/data/alphazero_iter_182_gpu0.bin
  Loaded 50000 samples from runs/rtx5090-3/data/alphazero_iter_183_gpu0.bin
  Loaded 50000 samples from runs/rtx5090-3/data/alphazero_iter_184_gpu0.bin
  Loaded 50000 samples from runs/rtx5090-3/data/alphazero_iter_185_gpu0.bin
  Loaded 50000 samples from runs/rtx5090-3/data/alphazero_iter_186_gpu0.bin
  Loaded 50000 samples from runs/rtx5090-3/data/alphazero_iter_187_gpu0.bin
  Loaded 50000 samples from runs/rtx5090-3/data/alphazero_iter_188_gpu0.bin
  Loaded 50000 samples from runs/rtx5090-3/data/alphazero_iter_189_gpu0.bin
  Loaded 49979 samples from runs/rtx5090-3/data/alphazero_iter_190_gpu0.bin
  Loaded 50000 samples from runs/rtx5090-3/data/alphazero_iter_191_gpu0.bin
  Loaded 50000 samples from runs/rtx5090-3/data/alphazero_iter_192_gpu0.bin
  Loaded 50000 samples from runs/rtx5090-3/data/alphazero_iter_193_gpu0.bin
  Loaded 50000 samples from runs/rtx5090-3/data/alphazero_iter_194_gpu0.bin
  Loaded 50000 samples from runs/rtx5090-3/data/alphazero_iter_195_gpu0.bin
  Loaded 50000 samples from runs/rtx5090-3/data/alphazero_iter_196_gpu0.bin
  Loaded 50000 samples from runs/rtx5090-3/data/alphazero_iter_197_gpu0.bin
  Loaded 50000 samples from runs/rtx5090-3/data/alphazero_iter_198_gpu0.bin
  Loaded 50000 samples from runs/rtx5090-3/data/alphazero_iter_199_gpu0.bin
  Loaded 50000 samples from runs/rtx5090-3/data/alphazero_iter_200_gpu0.bin
  Loaded 50000 samples from runs/rtx5090-3/data/alphazero_iter_201_gpu0.bin
Loaded 1499979 total samples
Train: 1499979 samples (color augmented on-the-fly, no val split)
Loaded existing model from runs/rtx5090-3/artifacts/puyo_model
AlphaZero training: 1000 steps, global_step=200000, LR 2e-3 (end ~2e-3), batch_size=2048, accum_steps=1, effective_batch=2048
  step 50/1000 p_loss=2.2119 v_loss=2.5359 lr=0.002000  step 100/1000 p_loss=2.2129 v_loss=2.5288 lr=0.002000  step 150/1000 p_loss=2.2100 v_loss=2.5256 lr=0.002000  step 200/1000 p_loss=2.2079 v_loss=2.5333 lr=0.002000  step 250/1000 p_loss=2.2055 v_loss=2.5318 lr=0.002000  step 300/1000 p_loss=2.2043 v_loss=2.5322 lr=0.002000  step 350/1000 p_loss=2.2024 v_loss=2.5375 lr=0.002000  step 400/1000 p_loss=2.2011 v_loss=2.5401 lr=0.002000  step 450/1000 p_loss=2.2005 v_loss=2.5385 lr=0.002000  step 500/1000 p_loss=2.1999 v_loss=2.5383 lr=0.002000  step 550/1000 p_loss=2.1985 v_loss=2.5386 lr=0.002000  step 600/1000 p_loss=2.1970 v_loss=2.5394 lr=0.002000  step 650/1000 p_loss=2.1963 v_loss=2.5391 lr=0.002000  step 700/1000 p_loss=2.1954 v_loss=2.5382 lr=0.002000  step 750/1000 p_loss=2.1945 v_loss=2.5365 lr=0.002000  step 800/1000 p_loss=2.1937 v_loss=2.5369 lr=0.002000  step 850/1000 p_loss=2.1930 v_loss=2.5381 lr=0.002000  step 900/1000 p_loss=2.1927 v_loss=2.5375 lr=0.002000  step 950/1000 p_loss=2.1921 v_loss=2.5373 lr=0.002000  step 1000/1000 p_loss=2.1916 v_loss=2.5376 lr=0.002000
Model metadata saved to runs/rtx5090-3/artifacts/puyo_model.config.json
AlphaZero training complete. final train_loss(p=2.191619, v=2.537559) global_step=201000
