[2026-04-06 17:58:46] --- Iteration 101 (sims=512, global_step=100000) ---
[2026-04-06 17:58:46] Self-play start (m=24, c_visit=50.0, num_gpus=1, games_per_gpu=1000, total=1000)
[gpu0]     Finished `release` profile [optimized] target(s) in 0.30s
[gpu0]      Running `target/release/self-play --games 1000 --simulations 512 --c-puct-init 1.5 --c-puct-base 19652.0 --m 24 --c-visit 50.0 --gamma 0.95 --min-chain 0 --threads 512 --batch-size 2048 --num-leaves 1 --model-path runs/rtx5090-3/artifacts/puyo_model --cols 6 --rows 14 --num-colors 4 --residual-channels 128 --num-blocks 6 --policy-conv-channels 2 --value-conv-channels 1 --value-hidden 64 --film-hidden 128 --output runs/rtx5090-3/data/alphazero_iter_101_gpu0.bin`
[gpu0] games=1000, simulations=512, c_puct_init=1.5, c_puct_base=19652, m=24, c_visit=50, gamma=0.95, num_leaves=1, min_chain=0
[gpu0] Game config: cols=6, rows=14, num_colors=4, residual_channels=128, num_blocks=6, policy_conv_ch=2, value_conv_ch=1, value_hidden=64, film_hidden=128
[gpu0] Backend: Cuda (GPU) — Gumbel MCTS self-play (batched)
[gpu0] Loaded existing model from runs/rtx5090-3/artifacts/puyo_model
[gpu0] Using 512 game threads, max_batch_size=2048
[gpu0] [   1/1000] samples:     50 | chain(game/max/avg): 8/8/8.0 | reward(game/avg): 37500/37500 | 0.00 games/s | ETA: 220505s
[gpu0] [   2/1000] samples:    100 | chain(game/max/avg): 7/8/7.5 | reward(game/avg): 23490/30495 | 0.01 games/s | ETA: 111158s
[gpu0] [   3/1000] samples:    150 | chain(game/max/avg): 6/8/7.0 | reward(game/avg): 23010/28000 | 0.01 games/s | ETA: 74097s
[gpu0] [   4/1000] samples:    200 | chain(game/max/avg): 5/8/6.5 | reward(game/avg): 14570/24642 | 0.02 games/s | ETA: 55565s
[gpu0] [   5/1000] samples:    250 | chain(game/max/avg): 6/8/6.4 | reward(game/avg): 14580/22630 | 0.02 games/s | ETA: 44440s
[gpu0] [   6/1000] samples:    300 | chain(game/max/avg): 7/8/6.5 | reward(game/avg): 27140/23382 | 0.03 games/s | ETA: 37034s
[gpu0] [   7/1000] samples:    350 | chain(game/max/avg): 5/8/6.3 | reward(game/avg): 12390/21811 | 0.03 games/s | ETA: 31727s
[gpu0] [   8/1000] samples:    400 | chain(game/max/avg): 7/8/6.4 | reward(game/avg): 29480/22770 | 0.04 games/s | ETA: 27734s
[gpu0] [   9/1000] samples:    450 | chain(game/max/avg): 6/8/6.3 | reward(game/avg): 22080/22693 | 0.04 games/s | ETA: 24629s
[gpu0] [  10/1000] samples:    500 | chain(game/max/avg): 6/8/6.3 | reward(game/avg): 28910/23315 | 0.04 games/s | ETA: 22145s
[gpu0] [  11/1000] samples:    550 | chain(game/max/avg): 5/8/6.2 | reward(game/avg): 17680/22803 | 0.05 games/s | ETA: 20122s
[gpu0] [  12/1000] samples:    600 | chain(game/max/avg): 6/8/6.2 | reward(game/avg): 14610/22120 | 0.05 games/s | ETA: 18442s
[gpu0] [  13/1000] samples:    650 | chain(game/max/avg): 7/8/6.2 | reward(game/avg): 25480/22378 | 0.06 games/s | ETA: 17008s
[gpu0] [  14/1000] samples:    700 | chain(game/max/avg): 7/8/6.3 | reward(game/avg): 32380/23093 | 0.06 games/s | ETA: 15779s
[gpu0] [  15/1000] samples:    750 | chain(game/max/avg): 7/8/6.3 | reward(game/avg): 34500/23853 | 0.07 games/s | ETA: 14721s
[gpu0] [  16/1000] samples:    800 | chain(game/max/avg): 7/8/6.4 | reward(game/avg): 22760/23785 | 0.07 games/s | ETA: 13789s
[gpu0] [  17/1000] samples:    850 | chain(game/max/avg): 7/8/6.4 | reward(game/avg): 29780/24138 | 0.08 games/s | ETA: 12975s
[gpu0] [  18/1000] samples:    900 | chain(game/max/avg): 7/8/6.4 | reward(game/avg): 25760/24228 | 0.08 games/s | ETA: 12248s
[gpu0] [  19/1000] samples:    950 | chain(game/max/avg): 6/8/6.4 | reward(game/avg): 20740/24044 | 0.08 games/s | ETA: 11592s
[gpu0] [  20/1000] samples:   1000 | chain(game/max/avg): 9/9/6.5 | reward(game/avg): 48070/25246 | 0.09 games/s | ETA: 11003s
[gpu0] [  21/1000] samples:   1050 | chain(game/max/avg): 8/9/6.6 | reward(game/avg): 30390/25490 | 0.09 games/s | ETA: 10469s
[gpu0] [  22/1000] samples:   1100 | chain(game/max/avg): 6/9/6.6 | reward(game/avg): 16800/25095 | 0.10 games/s | ETA: 9983s
[gpu0] [  23/1000] samples:   1150 | chain(game/max/avg): 6/9/6.6 | reward(game/avg): 21270/24929 | 0.10 games/s | ETA: 9541s
[gpu0] [  24/1000] samples:   1200 | chain(game/max/avg): 8/9/6.6 | reward(game/avg): 37110/25437 | 0.11 games/s | ETA: 9135s
[gpu0] [  25/1000] samples:   1250 | chain(game/max/avg): 6/9/6.6 | reward(game/avg): 15540/25041 | 0.11 games/s | ETA: 8762s
[gpu0] [  26/1000] samples:   1300 | chain(game/max/avg): 5/9/6.5 | reward(game/avg): 15540/24675 | 0.12 games/s | ETA: 8416s
[gpu0] [  27/1000] samples:   1350 | chain(game/max/avg): 6/9/6.5 | reward(game/avg): 25940/24722 | 0.12 games/s | ETA: 8097s
[gpu0] [  28/1000] samples:   1400 | chain(game/max/avg): 6/9/6.5 | reward(game/avg): 20880/24585 | 0.12 games/s | ETA: 7800s
[gpu0] [  29/1000] samples:   1450 | chain(game/max/avg): 7/9/6.5 | reward(game/avg): 24600/24586 | 0.13 games/s | ETA: 7524s
[gpu0] [  30/1000] samples:   1500 | chain(game/max/avg): 7/9/6.5 | reward(game/avg): 20920/24463 | 0.13 games/s | ETA: 7267s
[gpu0] [  31/1000] samples:   1550 | chain(game/max/avg): 6/9/6.5 | reward(game/avg): 21090/24355 | 0.14 games/s | ETA: 7025s
[gpu0] [  32/1000] samples:   1600 | chain(game/max/avg): 6/9/6.5 | reward(game/avg): 21590/24268 | 0.14 games/s | ETA: 6800s
[gpu0] [  33/1000] samples:   1650 | chain(game/max/avg): 6/9/6.5 | reward(game/avg): 23860/24256 | 0.15 games/s | ETA: 6587s
[gpu0] [  34/1000] samples:   1700 | chain(game/max/avg): 7/9/6.5 | reward(game/avg): 24880/24274 | 0.15 games/s | ETA: 6388s
[gpu0] [  35/1000] samples:   1750 | chain(game/max/avg): 6/9/6.5 | reward(game/avg): 17380/24077 | 0.16 games/s | ETA: 6199s
[gpu0] [  36/1000] samples:   1800 | chain(game/max/avg): 5/9/6.4 | reward(game/avg): 13980/23797 | 0.16 games/s | ETA: 6023s
[gpu0] [  37/1000] samples:   1850 | chain(game/max/avg): 7/9/6.5 | reward(game/avg): 30300/23972 | 0.16 games/s | ETA: 5855s
[gpu0] [  38/1000] samples:   1900 | chain(game/max/avg): 6/9/6.4 | reward(game/avg): 23180/23952 | 0.17 games/s | ETA: 5695s
[gpu0] [  39/1000] samples:   1950 | chain(game/max/avg): 6/9/6.4 | reward(game/avg): 24820/23974 | 0.17 games/s | ETA: 5543s
[gpu0] [  40/1000] samples:   2000 | chain(game/max/avg): 6/9/6.4 | reward(game/avg): 15160/23754 | 0.18 games/s | ETA: 5399s
[gpu0] [  41/1000] samples:   2050 | chain(game/max/avg): 5/9/6.4 | reward(game/avg): 19200/23642 | 0.18 games/s | ETA: 5262s
[gpu0] [  42/1000] samples:   2100 | chain(game/max/avg): 5/9/6.4 | reward(game/avg): 19710/23549 | 0.19 games/s | ETA: 5132s
[gpu0] [  43/1000] samples:   2150 | chain(game/max/avg): 7/9/6.4 | reward(game/avg): 22720/23530 | 0.19 games/s | ETA: 5007s
[gpu0] [  44/1000] samples:   2200 | chain(game/max/avg): 5/9/6.3 | reward(game/avg): 19360/23435 | 0.20 games/s | ETA: 4888s
[gpu0] [  45/1000] samples:   2250 | chain(game/max/avg): 5/9/6.3 | reward(game/avg): 14140/23228 | 0.20 games/s | ETA: 4775s
[gpu0] [  46/1000] samples:   2300 | chain(game/max/avg): 6/9/6.3 | reward(game/avg): 20120/23161 | 0.20 games/s | ETA: 4666s
[gpu0] [  47/1000] samples:   2350 | chain(game/max/avg): 6/9/6.3 | reward(game/avg): 20840/23111 | 0.21 games/s | ETA: 4562s
[gpu0] [  48/1000] samples:   2400 | chain(game/max/avg): 5/9/6.3 | reward(game/avg): 10690/22852 | 0.21 games/s | ETA: 4463s
[gpu0] [  49/1000] samples:   2450 | chain(game/max/avg): 5/9/6.2 | reward(game/avg): 14360/22679 | 0.22 games/s | ETA: 4367s
[gpu0] [  50/1000] samples:   2500 | chain(game/max/avg): 6/9/6.2 | reward(game/avg): 17060/22567 | 0.22 games/s | ETA: 4276s
[gpu0] [  51/1000] samples:   2550 | chain(game/max/avg): 8/9/6.3 | reward(game/avg): 37200/22854 | 0.23 games/s | ETA: 4188s
[gpu0] [  52/1000] samples:   2600 | chain(game/max/avg): 6/9/6.3 | reward(game/avg): 16360/22729 | 0.23 games/s | ETA: 4103s
[gpu0] [  53/1000] samples:   2650 | chain(game/max/avg): 6/9/6.3 | reward(game/avg): 16560/22612 | 0.24 games/s | ETA: 4021s
[gpu0] [  54/1000] samples:   2700 | chain(game/max/avg): 6/9/6.3 | reward(game/avg): 18760/22541 | 0.24 games/s | ETA: 3943s
[gpu0] [  55/1000] samples:   2750 | chain(game/max/avg): 6/9/6.3 | reward(game/avg): 21040/22514 | 0.24 games/s | ETA: 3867s
[gpu0] [  56/1000] samples:   2800 | chain(game/max/avg): 5/9/6.2 | reward(game/avg): 13660/22356 | 0.25 games/s | ETA: 3794s
[gpu0] [  57/1000] samples:   2850 | chain(game/max/avg): 6/9/6.2 | reward(game/avg): 18320/22285 | 0.25 games/s | ETA: 3723s
[gpu0] [  58/1000] samples:   2900 | chain(game/max/avg): 6/9/6.2 | reward(game/avg): 24200/22318 | 0.26 games/s | ETA: 3655s
[gpu0] [  59/1000] samples:   2950 | chain(game/max/avg): 6/9/6.2 | reward(game/avg): 19200/22265 | 0.26 games/s | ETA: 3590s
[gpu0] [  60/1000] samples:   3000 | chain(game/max/avg): 5/9/6.2 | reward(game/avg): 11780/22090 | 0.27 games/s | ETA: 3526s
[gpu0] [  61/1000] samples:   3050 | chain(game/max/avg): 6/9/6.2 | reward(game/avg): 19120/22042 | 0.27 games/s | ETA: 3465s
[gpu0] [  62/1000] samples:   3100 | chain(game/max/avg): 6/9/6.2 | reward(game/avg): 16520/21953 | 0.28 games/s | ETA: 3405s
[gpu0] [  63/1000] samples:   3150 | chain(game/max/avg): 6/9/6.2 | reward(game/avg): 16440/21865 | 0.28 games/s | ETA: 3348s
[gpu0] [  64/1000] samples:   3200 | chain(game/max/avg): 5/9/6.2 | reward(game/avg): 13400/21733 | 0.28 games/s | ETA: 3292s
[gpu0] [  65/1000] samples:   3250 | chain(game/max/avg): 4/9/6.1 | reward(game/avg): 14040/21614 | 0.29 games/s | ETA: 3238s
[gpu0] [  66/1000] samples:   3300 | chain(game/max/avg): 5/9/6.1 | reward(game/avg): 13820/21496 | 0.29 games/s | ETA: 3185s
[gpu0] [  67/1000] samples:   3350 | chain(game/max/avg): 6/9/6.1 | reward(game/avg): 25720/21559 | 0.30 games/s | ETA: 3135s
[gpu0] [  68/1000] samples:   3400 | chain(game/max/avg): 5/9/6.1 | reward(game/avg): 9290/21379 | 0.30 games/s | ETA: 3085s
[gpu0] [  69/1000] samples:   3450 | chain(game/max/avg): 4/9/6.1 | reward(game/avg): 10610/21223 | 0.31 games/s | ETA: 3037s
[gpu0] [  70/1000] samples:   3500 | chain(game/max/avg): 4/9/6.0 | reward(game/avg): 11090/21078 | 0.31 games/s | ETA: 2991s
[gpu0] [  71/1000] samples:   3550 | chain(game/max/avg): 5/9/6.0 | reward(game/avg): 19550/21057 | 0.32 games/s | ETA: 2945s
[gpu0] [  72/1000] samples:   3600 | chain(game/max/avg): 4/9/6.0 | reward(game/avg): 11780/20928 | 0.32 games/s | ETA: 2901s
[gpu0] [  73/1000] samples:   3650 | chain(game/max/avg): 5/9/6.0 | reward(game/avg): 12820/20817 | 0.32 games/s | ETA: 2859s
[gpu0] [  74/1000] samples:   3700 | chain(game/max/avg): 5/9/6.0 | reward(game/avg): 13860/20723 | 0.33 games/s | ETA: 2817s
[gpu0] [  75/1000] samples:   3750 | chain(game/max/avg): 5/9/6.0 | reward(game/avg): 12760/20617 | 0.33 games/s | ETA: 2776s
[gpu0] [  76/1000] samples:   3800 | chain(game/max/avg): 5/9/5.9 | reward(game/avg): 12510/20510 | 0.34 games/s | ETA: 2737s
[gpu0] [  78/1000] samples:   3900 | chain(game/max/avg): 5/9/5.9 | reward(game/avg): 14030/20384 | 0.35 games/s | ETA: 2661s
[gpu0] [  77/1000] samples:   3850 | chain(game/max/avg): 5/9/5.9 | reward(game/avg): 17200/20467 | 0.34 games/s | ETA: 2698s
[gpu0] [  79/1000] samples:   3950 | chain(game/max/avg): 6/9/5.9 | reward(game/avg): 26050/20456 | 0.35 games/s | ETA: 2624s
[gpu0] [  80/1000] samples:   4000 | chain(game/max/avg): 5/9/5.9 | reward(game/avg): 9630/20321 | 0.36 games/s | ETA: 2589s
[gpu0] [  81/1000] samples:   4050 | chain(game/max/avg): 6/9/5.9 | reward(game/avg): 20180/20319 | 0.36 games/s | ETA: 2554s
[gpu0] [  82/1000] samples:   4100 | chain(game/max/avg): 7/9/5.9 | reward(game/avg): 25090/20377 | 0.36 games/s | ETA: 2520s
[gpu0] [  83/1000] samples:   4150 | chain(game/max/avg): 5/9/5.9 | reward(game/avg): 18360/20353 | 0.37 games/s | ETA: 2487s
[gpu0] [  84/1000] samples:   4200 | chain(game/max/avg): 5/9/5.9 | reward(game/avg): 13260/20268 | 0.37 games/s | ETA: 2455s
[gpu0] [  85/1000] samples:   4250 | chain(game/max/avg): 6/9/5.9 | reward(game/avg): 25920/20335 | 0.38 games/s | ETA: 2423s
[gpu0] [  86/1000] samples:   4300 | chain(game/max/avg): 4/9/5.9 | reward(game/avg): 11100/20228 | 0.38 games/s | ETA: 2393s
[gpu0] [  87/1000] samples:   4350 | chain(game/max/avg): 8/9/5.9 | reward(game/avg): 46510/20530 | 0.39 games/s | ETA: 2363s
[gpu0] [  88/1000] samples:   4400 | chain(game/max/avg): 5/9/5.9 | reward(game/avg): 14500/20461 | 0.39 games/s | ETA: 2333s
[gpu0] [  89/1000] samples:   4450 | chain(game/max/avg): 5/9/5.9 | reward(game/avg): 17890/20432 | 0.40 games/s | ETA: 2304s
[gpu0] [  90/1000] samples:   4500 | chain(game/max/avg): 6/9/5.9 | reward(game/avg): 22780/20458 | 0.40 games/s | ETA: 2276s
[gpu0] [  91/1000] samples:   4550 | chain(game/max/avg): 6/9/5.9 | reward(game/avg): 13160/20378 | 0.40 games/s | ETA: 2249s
[gpu0] [  92/1000] samples:   4600 | chain(game/max/avg): 6/9/5.9 | reward(game/avg): 19620/20370 | 0.41 games/s | ETA: 2222s
[gpu0] [  93/1000] samples:   4650 | chain(game/max/avg): 4/9/5.9 | reward(game/avg): 11940/20279 | 0.41 games/s | ETA: 2196s
[gpu0] [  94/1000] samples:   4700 | chain(game/max/avg): 4/9/5.9 | reward(game/avg): 6380/20131 | 0.42 games/s | ETA: 2170s
[gpu0] [  95/1000] samples:   4750 | chain(game/max/avg): 5/9/5.8 | reward(game/avg): 25730/20190 | 0.42 games/s | ETA: 2145s
[gpu0] [  96/1000] samples:   4800 | chain(game/max/avg): 7/9/5.9 | reward(game/avg): 31260/20306 | 0.43 games/s | ETA: 2120s
[gpu0] [  97/1000] samples:   4850 | chain(game/max/avg): 5/9/5.8 | reward(game/avg): 10070/20200 | 0.43 games/s | ETA: 2096s
[gpu0] [  98/1000] samples:   4900 | chain(game/max/avg): 5/9/5.8 | reward(game/avg): 18040/20178 | 0.44 games/s | ETA: 2072s
[gpu0] [  99/1000] samples:   4950 | chain(game/max/avg): 7/9/5.8 | reward(game/avg): 30540/20283 | 0.44 games/s | ETA: 2049s
[gpu0] [ 100/1000] samples:   5000 | chain(game/max/avg): 4/9/5.8 | reward(game/avg): 12430/20204 | 0.44 games/s | ETA: 2026s
[gpu0] [ 101/1000] samples:   5050 | chain(game/max/avg): 5/9/5.8 | reward(game/avg): 10640/20110 | 0.45 games/s | ETA: 2004s
[gpu0] [ 102/1000] samples:   5100 | chain(game/max/avg): 5/9/5.8 | reward(game/avg): 14320/20053 | 0.45 games/s | ETA: 1982s
[gpu0] [ 103/1000] samples:   5150 | chain(game/max/avg): 5/9/5.8 | reward(game/avg): 16980/20023 | 0.46 games/s | ETA: 1961s
[gpu0] [ 104/1000] samples:   5200 | chain(game/max/avg): 4/9/5.8 | reward(game/avg): 9220/19919 | 0.46 games/s | ETA: 1940s
[gpu0] [ 105/1000] samples:   5250 | chain(game/max/avg): 6/9/5.8 | reward(game/avg): 21460/19934 | 0.47 games/s | ETA: 1919s
[gpu0] [ 106/1000] samples:   5300 | chain(game/max/avg): 5/9/5.8 | reward(game/avg): 19960/19934 | 0.47 games/s | ETA: 1899s
[gpu0] [ 107/1000] samples:   5350 | chain(game/max/avg): 5/9/5.8 | reward(game/avg): 22060/19954 | 0.48 games/s | ETA: 1879s
[gpu0] [ 108/1000] samples:   5400 | chain(game/max/avg): 5/9/5.8 | reward(game/avg): 11180/19873 | 0.48 games/s | ETA: 1860s
[gpu0] [ 109/1000] samples:   5450 | chain(game/max/avg): 5/9/5.8 | reward(game/avg): 12100/19801 | 0.48 games/s | ETA: 1840s
[gpu0] [ 110/1000] samples:   5500 | chain(game/max/avg): 5/9/5.8 | reward(game/avg): 17270/19778 | 0.49 games/s | ETA: 1822s
[gpu0] [ 111/1000] samples:   5550 | chain(game/max/avg): 7/9/5.8 | reward(game/avg): 26120/19835 | 0.49 games/s | ETA: 1803s
[gpu0] [ 112/1000] samples:   5600 | chain(game/max/avg): 4/9/5.8 | reward(game/avg): 11370/19760 | 0.50 games/s | ETA: 1785s
[gpu0] [ 113/1000] samples:   5650 | chain(game/max/avg): 5/9/5.7 | reward(game/avg): 18870/19752 | 0.50 games/s | ETA: 1767s
[gpu0] [ 114/1000] samples:   5700 | chain(game/max/avg): 6/9/5.7 | reward(game/avg): 17320/19731 | 0.51 games/s | ETA: 1750s
[gpu0] [ 115/1000] samples:   5750 | chain(game/max/avg): 4/9/5.7 | reward(game/avg): 10720/19652 | 0.51 games/s | ETA: 1733s
[gpu0] [ 116/1000] samples:   5800 | chain(game/max/avg): 6/9/5.7 | reward(game/avg): 20980/19664 | 0.52 games/s | ETA: 1716s
[gpu0] [ 117/1000] samples:   5850 | chain(game/max/avg): 7/9/5.7 | reward(game/avg): 32230/19771 | 0.52 games/s | ETA: 1699s
[gpu0] [ 118/1000] samples:   5900 | chain(game/max/avg): 4/9/5.7 | reward(game/avg): 7920/19671 | 0.52 games/s | ETA: 1683s
[gpu0] [ 119/1000] samples:   5950 | chain(game/max/avg): 7/9/5.7 | reward(game/avg): 24080/19708 | 0.53 games/s | ETA: 1667s
[gpu0] [ 120/1000] samples:   6000 | chain(game/max/avg): 6/9/5.7 | reward(game/avg): 17120/19686 | 0.53 games/s | ETA: 1651s
[gpu0] [ 121/1000] samples:   6050 | chain(game/max/avg): 7/9/5.8 | reward(game/avg): 26960/19746 | 0.54 games/s | ETA: 1636s
[gpu0] [ 122/1000] samples:   6100 | chain(game/max/avg): 5/9/5.7 | reward(game/avg): 13040/19691 | 0.54 games/s | ETA: 1620s
[gpu0] [ 123/1000] samples:   6150 | chain(game/max/avg): 7/9/5.8 | reward(game/avg): 21780/19708 | 0.55 games/s | ETA: 1605s
[gpu0] [ 124/1000] samples:   6200 | chain(game/max/avg): 5/9/5.8 | reward(game/avg): 13190/19656 | 0.55 games/s | ETA: 1591s
[gpu0] [ 125/1000] samples:   6250 | chain(game/max/avg): 5/9/5.7 | reward(game/avg): 15080/19619 | 0.56 games/s | ETA: 1576s
[gpu0] [ 126/1000] samples:   6300 | chain(game/max/avg): 5/9/5.7 | reward(game/avg): 15700/19588 | 0.56 games/s | ETA: 1562s
[gpu0] [ 127/1000] samples:   6350 | chain(game/max/avg): 5/9/5.7 | reward(game/avg): 16230/19562 | 0.56 games/s | ETA: 1548s
[gpu0] [ 128/1000] samples:   6400 | chain(game/max/avg): 6/9/5.7 | reward(game/avg): 23120/19589 | 0.57 games/s | ETA: 1534s
[gpu0] [ 129/1000] samples:   6450 | chain(game/max/avg): 6/9/5.7 | reward(game/avg): 27260/19649 | 0.57 games/s | ETA: 1520s
[gpu0] [ 130/1000] samples:   6500 | chain(game/max/avg): 6/9/5.7 | reward(game/avg): 20050/19652 | 0.58 games/s | ETA: 1507s
[gpu0] [ 131/1000] samples:   6550 | chain(game/max/avg): 7/9/5.7 | reward(game/avg): 30560/19735 | 0.58 games/s | ETA: 1494s
[gpu0] [ 132/1000] samples:   6600 | chain(game/max/avg): 6/9/5.8 | reward(game/avg): 18060/19722 | 0.59 games/s | ETA: 1481s
[gpu0] [ 133/1000] samples:   6650 | chain(game/max/avg): 6/9/5.8 | reward(game/avg): 16720/19700 | 0.59 games/s | ETA: 1468s
[gpu0] [ 134/1000] samples:   6700 | chain(game/max/avg): 5/9/5.7 | reward(game/avg): 19530/19699 | 0.60 games/s | ETA: 1455s
[gpu0] [ 135/1000] samples:   6750 | chain(game/max/avg): 5/9/5.7 | reward(game/avg): 17010/19679 | 0.60 games/s | ETA: 1443s
[gpu0] [ 136/1000] samples:   6800 | chain(game/max/avg): 5/9/5.7 | reward(game/avg): 12620/19627 | 0.60 games/s | ETA: 1431s
[gpu0] [ 137/1000] samples:   6850 | chain(game/max/avg): 5/9/5.7 | reward(game/avg): 19510/19626 | 0.61 games/s | ETA: 1418s
[gpu0] [ 138/1000] samples:   6900 | chain(game/max/avg): 5/9/5.7 | reward(game/avg): 16580/19604 | 0.61 games/s | ETA: 1407s
[gpu0] [ 139/1000] samples:   6950 | chain(game/max/avg): 5/9/5.7 | reward(game/avg): 18380/19595 | 0.62 games/s | ETA: 1395s
[gpu0] [ 140/1000] samples:   7000 | chain(game/max/avg): 6/9/5.7 | reward(game/avg): 20940/19605 | 0.62 games/s | ETA: 1383s
[gpu0] [ 141/1000] samples:   7050 | chain(game/max/avg): 5/9/5.7 | reward(game/avg): 10900/19543 | 0.63 games/s | ETA: 1372s
[gpu0] [ 142/1000] samples:   7100 | chain(game/max/avg): 5/9/5.7 | reward(game/avg): 15920/19517 | 0.63 games/s | ETA: 1361s
[gpu0] [ 143/1000] samples:   7150 | chain(game/max/avg): 6/9/5.7 | reward(game/avg): 18980/19514 | 0.64 games/s | ETA: 1349s
[gpu0] [ 144/1000] samples:   7200 | chain(game/max/avg): 4/9/5.7 | reward(game/avg): 14660/19480 | 0.64 games/s | ETA: 1339s
[gpu0] [ 145/1000] samples:   7250 | chain(game/max/avg): 6/9/5.7 | reward(game/avg): 19990/19484 | 0.64 games/s | ETA: 1328s
[gpu0] [ 146/1000] samples:   7300 | chain(game/max/avg): 5/9/5.7 | reward(game/avg): 13310/19441 | 0.65 games/s | ETA: 1317s
[gpu0] [ 147/1000] samples:   7400 | chain(game/max/avg): 5/9/5.7 | reward(game/avg): 13820/19465 | 0.65 games/s | ETA: 1307s
[gpu0] [ 148/1000] samples:   7400 | chain(game/max/avg): 5/9/5.7 | reward(game/avg): 9140/19334 | 0.66 games/s | ETA: 1296s
[gpu0] [ 149/1000] samples:   7450 | chain(game/max/avg): 5/9/5.7 | reward(game/avg): 14060/19298 | 0.66 games/s | ETA: 1286s
[gpu0] [ 150/1000] samples:   7500 | chain(game/max/avg): 5/9/5.7 | reward(game/avg): 17480/19286 | 0.67 games/s | ETA: 1276s
[gpu0] [ 151/1000] samples:   7550 | chain(game/max/avg): 5/9/5.7 | reward(game/avg): 18260/19279 | 0.67 games/s | ETA: 1266s
[gpu0] [ 152/1000] samples:   7600 | chain(game/max/avg): 5/9/5.7 | reward(game/avg): 15320/19253 | 0.68 games/s | ETA: 1256s
[gpu0] [ 153/1000] samples:   7650 | chain(game/max/avg): 6/9/5.7 | reward(game/avg): 22860/19277 | 0.68 games/s | ETA: 1247s
[gpu0] [ 154/1000] samples:   7700 | chain(game/max/avg): 4/9/5.7 | reward(game/avg): 7860/19203 | 0.68 games/s | ETA: 1237s
[gpu0] [ 155/1000] samples:   7750 | chain(game/max/avg): 7/9/5.7 | reward(game/avg): 22200/19222 | 0.69 games/s | ETA: 1228s
[gpu0] [ 156/1000] samples:   7800 | chain(game/max/avg): 6/9/5.7 | reward(game/avg): 22480/19243 | 0.69 games/s | ETA: 1218s
[gpu0] [ 157/1000] samples:   7850 | chain(game/max/avg): 5/9/5.7 | reward(game/avg): 9980/19184 | 0.70 games/s | ETA: 1209s
[gpu0] [ 158/1000] samples:   7900 | chain(game/max/avg): 5/9/5.7 | reward(game/avg): 11540/19136 | 0.70 games/s | ETA: 1200s
[gpu0] [ 159/1000] samples:   7950 | chain(game/max/avg): 6/9/5.7 | reward(game/avg): 21850/19153 | 0.71 games/s | ETA: 1191s
[gpu0] [ 160/1000] samples:   8000 | chain(game/max/avg): 7/9/5.7 | reward(game/avg): 21340/19166 | 0.71 games/s | ETA: 1182s
[gpu0] [ 161/1000] samples:   8050 | chain(game/max/avg): 8/9/5.7 | reward(game/avg): 32740/19251 | 0.71 games/s | ETA: 1174s
[gpu0] [ 162/1000] samples:   8100 | chain(game/max/avg): 6/9/5.7 | reward(game/avg): 25680/19290 | 0.72 games/s | ETA: 1165s
[gpu0] [ 163/1000] samples:   8150 | chain(game/max/avg): 4/9/5.7 | reward(game/avg): 7940/19221 | 0.72 games/s | ETA: 1156s
[gpu0] [ 164/1000] samples:   8200 | chain(game/max/avg): 5/9/5.7 | reward(game/avg): 15030/19195 | 0.73 games/s | ETA: 1148s
[gpu0] [ 165/1000] samples:   8250 | chain(game/max/avg): 5/9/5.7 | reward(game/avg): 17280/19184 | 0.73 games/s | ETA: 1140s
[gpu0] [ 166/1000] samples:   8300 | chain(game/max/avg): 5/9/5.7 | reward(game/avg): 18160/19177 | 0.74 games/s | ETA: 1131s
[gpu0] [ 167/1000] samples:   8350 | chain(game/max/avg): 5/9/5.7 | reward(game/avg): 19370/19179 | 0.74 games/s | ETA: 1123s
[gpu0] [ 168/1000] samples:   8400 | chain(game/max/avg): 4/9/5.7 | reward(game/avg): 12270/19137 | 0.75 games/s | ETA: 1115s
[gpu0] [ 169/1000] samples:   8450 | chain(game/max/avg): 5/9/5.7 | reward(game/avg): 19200/19138 | 0.75 games/s | ETA: 1107s
[gpu0] [ 170/1000] samples:   8500 | chain(game/max/avg): 6/9/5.7 | reward(game/avg): 25200/19173 | 0.75 games/s | ETA: 1099s
[gpu0] [ 171/1000] samples:   8550 | chain(game/max/avg): 6/9/5.7 | reward(game/avg): 18710/19171 | 0.76 games/s | ETA: 1092s
[gpu0] [ 173/1000] samples:   8650 | chain(game/max/avg): 5/9/5.6 | reward(game/avg): 19120/19119 | 0.77 games/s | ETA: 1077s
[gpu0] [ 172/1000] samples:   8600 | chain(game/max/avg): 5/9/5.7 | reward(game/avg): 10220/19119 | 0.76 games/s | ETA: 1084s
[gpu0] [ 174/1000] samples:   8700 | chain(game/max/avg): 5/9/5.6 | reward(game/avg): 13980/19089 | 0.77 games/s | ETA: 1069s
[gpu0] [ 175/1000] samples:   8750 | chain(game/max/avg): 4/9/5.6 | reward(game/avg): 8780/19030 | 0.78 games/s | ETA: 1062s
[gpu0] [ 176/1000] samples:   8800 | chain(game/max/avg): 4/9/5.6 | reward(game/avg): 7020/18962 | 0.78 games/s | ETA: 1054s
[gpu0] [ 177/1000] samples:   8850 | chain(game/max/avg): 4/9/5.6 | reward(game/avg): 7480/18897 | 0.79 games/s | ETA: 1047s
[gpu0] [ 178/1000] samples:   8900 | chain(game/max/avg): 5/9/5.6 | reward(game/avg): 16240/18882 | 0.79 games/s | ETA: 1040s
[gpu0] [ 179/1000] samples:   8950 | chain(game/max/avg): 6/9/5.6 | reward(game/avg): 24060/18911 | 0.79 games/s | ETA: 1033s
[gpu0] [ 180/1000] samples:   9000 | chain(game/max/avg): 5/9/5.6 | reward(game/avg): 10900/18867 | 0.80 games/s | ETA: 1026s
[gpu0] [ 181/1000] samples:   9050 | chain(game/max/avg): 4/9/5.6 | reward(game/avg): 9940/18817 | 0.80 games/s | ETA: 1019s
[gpu0] [ 182/1000] samples:   9100 | chain(game/max/avg): 8/9/5.6 | reward(game/avg): 33030/18895 | 0.81 games/s | ETA: 1012s
[gpu0] [ 183/1000] samples:   9150 | chain(game/max/avg): 7/9/5.6 | reward(game/avg): 25620/18932 | 0.81 games/s | ETA: 1005s
[gpu0] [ 184/1000] samples:   9200 | chain(game/max/avg): 5/9/5.6 | reward(game/avg): 12140/18895 | 0.82 games/s | ETA: 999s
[gpu0] [ 185/1000] samples:   9250 | chain(game/max/avg): 6/9/5.6 | reward(game/avg): 21960/18912 | 0.82 games/s | ETA: 992s
[gpu0] [ 186/1000] samples:   9300 | chain(game/max/avg): 4/9/5.6 | reward(game/avg): 10010/18864 | 0.83 games/s | ETA: 986s
[gpu0] [ 187/1000] samples:   9350 | chain(game/max/avg): 4/9/5.6 | reward(game/avg): 8880/18811 | 0.83 games/s | ETA: 979s
[gpu0] [ 188/1000] samples:   9400 | chain(game/max/avg): 5/9/5.6 | reward(game/avg): 12480/18777 | 0.83 games/s | ETA: 973s
[gpu0] [ 189/1000] samples:   9450 | chain(game/max/avg): 6/9/5.6 | reward(game/avg): 23380/18801 | 0.84 games/s | ETA: 966s
[gpu0] [ 190/1000] samples:   9500 | chain(game/max/avg): 5/9/5.6 | reward(game/avg): 9540/18752 | 0.84 games/s | ETA: 960s
[gpu0] [ 191/1000] samples:   9550 | chain(game/max/avg): 5/9/5.6 | reward(game/avg): 15060/18733 | 0.85 games/s | ETA: 954s
[gpu0] [ 192/1000] samples:   9600 | chain(game/max/avg): 6/9/5.6 | reward(game/avg): 19020/18735 | 0.85 games/s | ETA: 948s
[gpu0] [ 193/1000] samples:   9650 | chain(game/max/avg): 5/9/5.6 | reward(game/avg): 13540/18708 | 0.86 games/s | ETA: 942s
[gpu0] [ 194/1000] samples:   9700 | chain(game/max/avg): 4/9/5.6 | reward(game/avg): 9860/18662 | 0.86 games/s | ETA: 936s
[gpu0] [ 195/1000] samples:   9750 | chain(game/max/avg): 4/9/5.6 | reward(game/avg): 9920/18617 | 0.87 games/s | ETA: 930s
[gpu0] [ 196/1000] samples:   9800 | chain(game/max/avg): 7/9/5.6 | reward(game/avg): 26300/18656 | 0.87 games/s | ETA: 924s
[gpu0] [ 197/1000] samples:   9850 | chain(game/max/avg): 5/9/5.6 | reward(game/avg): 16880/18647 | 0.87 games/s | ETA: 918s
[gpu0] [ 198/1000] samples:   9900 | chain(game/max/avg): 6/9/5.6 | reward(game/avg): 22260/18666 | 0.88 games/s | ETA: 912s
[gpu0] [ 199/1000] samples:   9950 | chain(game/max/avg): 6/9/5.6 | reward(game/avg): 14810/18646 | 0.88 games/s | ETA: 907s
[gpu0] [ 200/1000] samples:  10000 | chain(game/max/avg): 7/9/5.6 | reward(game/avg): 28320/18695 | 0.89 games/s | ETA: 901s
[gpu0] [ 201/1000] samples:  10050 | chain(game/max/avg): 7/9/5.6 | reward(game/avg): 30360/18753 | 0.89 games/s | ETA: 895s
[gpu0] [ 202/1000] samples:  10100 | chain(game/max/avg): 4/9/5.6 | reward(game/avg): 9220/18706 | 0.90 games/s | ETA: 890s
[gpu0] [ 203/1000] samples:  10150 | chain(game/max/avg): 5/9/5.6 | reward(game/avg): 14030/18683 | 0.90 games/s | ETA: 884s
[gpu0] [ 204/1000] samples:  10200 | chain(game/max/avg): 6/9/5.6 | reward(game/avg): 17550/18677 | 0.91 games/s | ETA: 879s
[gpu0] [ 205/1000] samples:  10250 | chain(game/max/avg): 6/9/5.6 | reward(game/avg): 21140/18689 | 0.91 games/s | ETA: 873s
[gpu0] [ 206/1000] samples:  10300 | chain(game/max/avg): 4/9/5.6 | reward(game/avg): 5860/18627 | 0.91 games/s | ETA: 868s
[gpu0] [ 207/1000] samples:  10350 | chain(game/max/avg): 4/9/5.6 | reward(game/avg): 10320/18587 | 0.92 games/s | ETA: 863s
[gpu0] [ 208/1000] samples:  10400 | chain(game/max/avg): 6/9/5.6 | reward(game/avg): 17540/18582 | 0.92 games/s | ETA: 858s
[gpu0] [ 209/1000] samples:  10450 | chain(game/max/avg): 5/9/5.6 | reward(game/avg): 12820/18554 | 0.93 games/s | ETA: 852s
[gpu0] [ 210/1000] samples:  10500 | chain(game/max/avg): 6/9/5.6 | reward(game/avg): 22120/18571 | 0.93 games/s | ETA: 847s
[gpu0] [ 211/1000] samples:  10550 | chain(game/max/avg): 7/9/5.6 | reward(game/avg): 26070/18606 | 0.94 games/s | ETA: 842s
[gpu0] [ 212/1000] samples:  10600 | chain(game/max/avg): 8/9/5.6 | reward(game/avg): 34620/18682 | 0.94 games/s | ETA: 837s
[gpu0] [ 213/1000] samples:  10650 | chain(game/max/avg): 6/9/5.6 | reward(game/avg): 13080/18656 | 0.95 games/s | ETA: 832s
[gpu0] [ 214/1000] samples:  10700 | chain(game/max/avg): 6/9/5.6 | reward(game/avg): 19480/18660 | 0.95 games/s | ETA: 827s
[gpu0] [ 215/1000] samples:  10750 | chain(game/max/avg): 4/9/5.6 | reward(game/avg): 8800/18614 | 0.95 games/s | ETA: 822s
[gpu0] [ 216/1000] samples:  10800 | chain(game/max/avg): 5/9/5.6 | reward(game/avg): 13510/18590 | 0.96 games/s | ETA: 818s
[gpu0] [ 217/1000] samples:  10850 | chain(game/max/avg): 5/9/5.6 | reward(game/avg): 14460/18571 | 0.96 games/s | ETA: 813s
[gpu0] [ 218/1000] samples:  10900 | chain(game/max/avg): 6/9/5.6 | reward(game/avg): 15400/18557 | 0.97 games/s | ETA: 808s
[gpu0] [ 219/1000] samples:  10950 | chain(game/max/avg): 8/9/5.6 | reward(game/avg): 24860/18585 | 0.97 games/s | ETA: 803s
[gpu0] [ 220/1000] samples:  11000 | chain(game/max/avg): 4/9/5.6 | reward(game/avg): 9380/18543 | 0.98 games/s | ETA: 799s
[gpu0] [ 221/1000] samples:  11050 | chain(game/max/avg): 4/9/5.6 | reward(game/avg): 9820/18504 | 0.98 games/s | ETA: 794s
[gpu0] [ 222/1000] samples:  11100 | chain(game/max/avg): 6/9/5.6 | reward(game/avg): 17560/18500 | 0.99 games/s | ETA: 789s
[gpu0] [ 223/1000] samples:  11150 | chain(game/max/avg): 5/9/5.6 | reward(game/avg): 8800/18456 | 0.99 games/s | ETA: 785s
[gpu0] [ 224/1000] samples:  11200 | chain(game/max/avg): 5/9/5.6 | reward(game/avg): 16060/18446 | 0.99 games/s | ETA: 780s
[gpu0] [ 225/1000] samples:  11250 | chain(game/max/avg): 6/9/5.6 | reward(game/avg): 21920/18461 | 1.00 games/s | ETA: 776s
[gpu0] [ 226/1000] samples:  11300 | chain(game/max/avg): 5/9/5.6 | reward(game/avg): 12060/18433 | 1.00 games/s | ETA: 771s
[gpu0] [ 227/1000] samples:  11350 | chain(game/max/avg): 5/9/5.6 | reward(game/avg): 15280/18419 | 1.01 games/s | ETA: 767s
[gpu0] [ 228/1000] samples:  11400 | chain(game/max/avg): 5/9/5.6 | reward(game/avg): 9680/18380 | 1.01 games/s | ETA: 763s
[gpu0] [ 229/1000] samples:  11450 | chain(game/max/avg): 6/9/5.6 | reward(game/avg): 16970/18374 | 1.02 games/s | ETA: 758s
[gpu0] [ 230/1000] samples:  11500 | chain(game/max/avg): 5/9/5.6 | reward(game/avg): 19950/18381 | 1.02 games/s | ETA: 754s
[gpu0] [ 231/1000] samples:  11550 | chain(game/max/avg): 5/9/5.6 | reward(game/avg): 12960/18358 | 1.03 games/s | ETA: 750s
[gpu0] [ 232/1000] samples:  11600 | chain(game/max/avg): 5/9/5.6 | reward(game/avg): 14280/18340 | 1.03 games/s | ETA: 746s
[gpu0] [ 233/1000] samples:  11650 | chain(game/max/avg): 5/9/5.6 | reward(game/avg): 14940/18325 | 1.03 games/s | ETA: 742s
[gpu0] [ 234/1000] samples:  11700 | chain(game/max/avg): 7/9/5.6 | reward(game/avg): 22600/18344 | 1.04 games/s | ETA: 737s
[gpu0] [ 235/1000] samples:  11750 | chain(game/max/avg): 5/9/5.6 | reward(game/avg): 16640/18337 | 1.04 games/s | ETA: 733s
[gpu0] [ 236/1000] samples:  11800 | chain(game/max/avg): 6/9/5.6 | reward(game/avg): 22820/18356 | 1.05 games/s | ETA: 729s
[gpu0] [ 237/1000] samples:  11850 | chain(game/max/avg): 8/9/5.6 | reward(game/avg): 30180/18405 | 1.05 games/s | ETA: 725s
[gpu0] [ 238/1000] samples:  11900 | chain(game/max/avg): 4/9/5.6 | reward(game/avg): 11440/18376 | 1.06 games/s | ETA: 721s
[gpu0] [ 239/1000] samples:  11950 | chain(game/max/avg): 4/9/5.6 | reward(game/avg): 12020/18350 | 1.06 games/s | ETA: 717s
[gpu0] [ 240/1000] samples:  12000 | chain(game/max/avg): 5/9/5.6 | reward(game/avg): 19360/18354 | 1.07 games/s | ETA: 713s
[gpu0] [ 241/1000] samples:  12050 | chain(game/max/avg): 4/9/5.6 | reward(game/avg): 8590/18313 | 1.07 games/s | ETA: 709s
[gpu0] [ 242/1000] samples:  12100 | chain(game/max/avg): 6/9/5.6 | reward(game/avg): 18500/18314 | 1.07 games/s | ETA: 706s
[gpu0] [ 243/1000] samples:  12150 | chain(game/max/avg): 6/9/5.6 | reward(game/avg): 19660/18320 | 1.08 games/s | ETA: 702s
[gpu0] [ 244/1000] samples:  12200 | chain(game/max/avg): 6/9/5.6 | reward(game/avg): 19470/18324 | 1.08 games/s | ETA: 698s
[gpu0] [ 245/1000] samples:  12250 | chain(game/max/avg): 5/9/5.6 | reward(game/avg): 15010/18311 | 1.09 games/s | ETA: 694s
[gpu0] [ 246/1000] samples:  12300 | chain(game/max/avg): 5/9/5.6 | reward(game/avg): 14160/18294 | 1.09 games/s | ETA: 690s
[gpu0] [ 247/1000] samples:  12350 | chain(game/max/avg): 6/9/5.6 | reward(game/avg): 22780/18312 | 1.10 games/s | ETA: 687s
[gpu0] [ 248/1000] samples:  12400 | chain(game/max/avg): 5/9/5.6 | reward(game/avg): 9040/18275 | 1.10 games/s | ETA: 683s
[gpu0] [ 249/1000] samples:  12450 | chain(game/max/avg): 5/9/5.6 | reward(game/avg): 13260/18254 | 1.11 games/s | ETA: 679s
[gpu0] [ 250/1000] samples:  12500 | chain(game/max/avg): 3/9/5.6 | reward(game/avg): 9610/18220 | 1.11 games/s | ETA: 676s
[gpu0] [ 251/1000] samples:  12550 | chain(game/max/avg): 6/9/5.6 | reward(game/avg): 21000/18231 | 1.11 games/s | ETA: 672s
[gpu0] [ 252/1000] samples:  12600 | chain(game/max/avg): 4/9/5.5 | reward(game/avg): 8740/18193 | 1.12 games/s | ETA: 669s
[gpu0] [ 253/1000] samples:  12650 | chain(game/max/avg): 6/9/5.5 | reward(game/avg): 18200/18193 | 1.12 games/s | ETA: 665s
[gpu0] [ 254/1000] samples:  12700 | chain(game/max/avg): 6/9/5.6 | reward(game/avg): 27550/18230 | 1.13 games/s | ETA: 662s
[gpu0] [ 255/1000] samples:  12750 | chain(game/max/avg): 6/9/5.6 | reward(game/avg): 16080/18222 | 1.13 games/s | ETA: 658s
[gpu0] [ 256/1000] samples:  12800 | chain(game/max/avg): 7/9/5.6 | reward(game/avg): 31720/18274 | 1.14 games/s | ETA: 655s
[gpu0] [ 257/1000] samples:  12850 | chain(game/max/avg): 6/9/5.6 | reward(game/avg): 19920/18281 | 1.14 games/s | ETA: 651s
[gpu0] [ 258/1000] samples:  12900 | chain(game/max/avg): 6/9/5.6 | reward(game/avg): 17000/18276 | 1.15 games/s | ETA: 648s
[gpu0] [ 259/1000] samples:  12950 | chain(game/max/avg): 5/9/5.6 | reward(game/avg): 17820/18274 | 1.15 games/s | ETA: 645s
[gpu0] [ 260/1000] samples:  13000 | chain(game/max/avg): 5/9/5.6 | reward(game/avg): 10560/18244 | 1.15 games/s | ETA: 641s
[gpu0] [ 261/1000] samples:  13050 | chain(game/max/avg): 5/9/5.6 | reward(game/avg): 12700/18223 | 1.16 games/s | ETA: 638s
[gpu0] [ 262/1000] samples:  13100 | chain(game/max/avg): 7/9/5.6 | reward(game/avg): 34000/18283 | 1.16 games/s | ETA: 635s
[gpu0] [ 263/1000] samples:  13150 | chain(game/max/avg): 3/9/5.6 | reward(game/avg): 7530/18243 | 1.17 games/s | ETA: 631s
[gpu0] [ 264/1000] samples:  13200 | chain(game/max/avg): 4/9/5.5 | reward(game/avg): 10680/18214 | 1.17 games/s | ETA: 628s
[gpu0] [ 265/1000] samples:  13250 | chain(game/max/avg): 4/9/5.5 | reward(game/avg): 9420/18181 | 1.18 games/s | ETA: 625s
[gpu0] [ 266/1000] samples:  13300 | chain(game/max/avg): 6/9/5.5 | reward(game/avg): 18780/18183 | 1.18 games/s | ETA: 622s
[gpu0] [ 267/1000] samples:  13350 | chain(game/max/avg): 5/9/5.5 | reward(game/avg): 14540/18169 | 1.19 games/s | ETA: 618s
[gpu0] [ 268/1000] samples:  13400 | chain(game/max/avg): 5/9/5.5 | reward(game/avg): 16760/18164 | 1.19 games/s | ETA: 615s
[gpu0] [ 269/1000] samples:  13450 | chain(game/max/avg): 7/9/5.5 | reward(game/avg): 33100/18220 | 1.19 games/s | ETA: 612s
[gpu0] [ 270/1000] samples:  13500 | chain(game/max/avg): 5/9/5.5 | reward(game/avg): 11340/18194 | 1.20 games/s | ETA: 609s
[gpu0] [ 271/1000] samples:  13550 | chain(game/max/avg): 5/9/5.5 | reward(game/avg): 15000/18182 | 1.20 games/s | ETA: 606s
[gpu0] [ 272/1000] samples:  13600 | chain(game/max/avg): 5/9/5.5 | reward(game/avg): 9010/18149 | 1.21 games/s | ETA: 603s
[gpu0] [ 273/1000] samples:  13650 | chain(game/max/avg): 6/9/5.5 | reward(game/avg): 19700/18154 | 1.21 games/s | ETA: 600s
[gpu0] [ 274/1000] samples:  13700 | chain(game/max/avg): 5/9/5.5 | reward(game/avg): 11340/18129 | 1.22 games/s | ETA: 597s
[gpu0] [ 275/1000] samples:  13750 | chain(game/max/avg): 5/9/5.5 | reward(game/avg): 15670/18121 | 1.22 games/s | ETA: 594s
[gpu0] [ 276/1000] samples:  13800 | chain(game/max/avg): 5/9/5.5 | reward(game/avg): 12440/18100 | 1.23 games/s | ETA: 591s
[gpu0] [ 277/1000] samples:  13850 | chain(game/max/avg): 4/9/5.5 | reward(game/avg): 7480/18062 | 1.23 games/s | ETA: 588s
[gpu0] [ 278/1000] samples:  13900 | chain(game/max/avg): 5/9/5.5 | reward(game/avg): 15660/18053 | 1.23 games/s | ETA: 585s
[gpu0] [ 279/1000] samples:  13950 | chain(game/max/avg): 6/9/5.5 | reward(game/avg): 16380/18047 | 1.24 games/s | ETA: 582s
[gpu0] [ 280/1000] samples:  14000 | chain(game/max/avg): 5/9/5.5 | reward(game/avg): 15320/18037 | 1.24 games/s | ETA: 579s
[gpu0] [ 281/1000] samples:  14050 | chain(game/max/avg): 6/9/5.5 | reward(game/avg): 13800/18022 | 1.25 games/s | ETA: 576s
[gpu0] [ 282/1000] samples:  14100 | chain(game/max/avg): 6/9/5.5 | reward(game/avg): 21900/18036 | 1.25 games/s | ETA: 574s
[gpu0] [ 283/1000] samples:  14150 | chain(game/max/avg): 4/9/5.5 | reward(game/avg): 12390/18016 | 1.26 games/s | ETA: 571s
[gpu0] [ 284/1000] samples:  14200 | chain(game/max/avg): 5/9/5.5 | reward(game/avg): 16480/18011 | 1.26 games/s | ETA: 568s
[gpu0] [ 286/1000] samples:  14300 | chain(game/max/avg): 5/9/5.5 | reward(game/avg): 15170/18026 | 1.27 games/s | ETA: 562s
[gpu0] [ 285/1000] samples:  14250 | chain(game/max/avg): 7/9/5.5 | reward(game/avg): 25380/18036 | 1.26 games/s | ETA: 565s
[gpu0] [ 287/1000] samples:  14350 | chain(game/max/avg): 6/9/5.5 | reward(game/avg): 20040/18033 | 1.27 games/s | ETA: 560s
[gpu0] [ 288/1000] samples:  14400 | chain(game/max/avg): 5/9/5.5 | reward(game/avg): 13360/18017 | 1.28 games/s | ETA: 557s
[gpu0] [ 289/1000] samples:  14450 | chain(game/max/avg): 6/9/5.5 | reward(game/avg): 20340/18025 | 1.28 games/s | ETA: 554s
[gpu0] [ 290/1000] samples:  14500 | chain(game/max/avg): 3/9/5.5 | reward(game/avg): 3080/17974 | 1.29 games/s | ETA: 552s
[gpu0] [ 291/1000] samples:  14550 | chain(game/max/avg): 5/9/5.5 | reward(game/avg): 12960/17956 | 1.29 games/s | ETA: 549s
[gpu0] [ 292/1000] samples:  14600 | chain(game/max/avg): 6/9/5.5 | reward(game/avg): 25340/17982 | 1.30 games/s | ETA: 546s
[gpu0] [ 293/1000] samples:  14650 | chain(game/max/avg): 6/9/5.5 | reward(game/avg): 15900/17975 | 1.30 games/s | ETA: 544s
[gpu0] [ 294/1000] samples:  14700 | chain(game/max/avg): 6/9/5.5 | reward(game/avg): 16260/17969 | 1.30 games/s | ETA: 541s
[gpu0] [ 295/1000] samples:  14750 | chain(game/max/avg): 5/9/5.5 | reward(game/avg): 11350/17946 | 1.31 games/s | ETA: 538s
[gpu0] [ 296/1000] samples:  14800 | chain(game/max/avg): 6/9/5.5 | reward(game/avg): 25840/17973 | 1.31 games/s | ETA: 536s
[gpu0] [ 297/1000] samples:  14850 | chain(game/max/avg): 3/9/5.5 | reward(game/avg): 5070/17930 | 1.32 games/s | ETA: 533s
[gpu0] [ 298/1000] samples:  14900 | chain(game/max/avg): 4/9/5.5 | reward(game/avg): 14740/17919 | 1.32 games/s | ETA: 531s
[gpu0] [ 299/1000] samples:  14950 | chain(game/max/avg): 6/9/5.5 | reward(game/avg): 19540/17924 | 1.33 games/s | ETA: 528s
[gpu0] [ 300/1000] samples:  15000 | chain(game/max/avg): 5/9/5.5 | reward(game/avg): 14250/17912 | 1.33 games/s | ETA: 526s
[gpu0] [ 301/1000] samples:  15050 | chain(game/max/avg): 5/9/5.5 | reward(game/avg): 10920/17889 | 1.34 games/s | ETA: 523s
[gpu0] [ 302/1000] samples:  15100 | chain(game/max/avg): 5/9/5.5 | reward(game/avg): 15810/17882 | 1.34 games/s | ETA: 521s
[gpu0] [ 303/1000] samples:  15150 | chain(game/max/avg): 4/9/5.5 | reward(game/avg): 7340/17847 | 1.34 games/s | ETA: 518s
[gpu0] [ 304/1000] samples:  15200 | chain(game/max/avg): 5/9/5.5 | reward(game/avg): 15360/17839 | 1.35 games/s | ETA: 516s
[gpu0] [ 305/1000] samples:  15250 | chain(game/max/avg): 5/9/5.5 | reward(game/avg): 15780/17832 | 1.35 games/s | ETA: 514s
[gpu0] [ 306/1000] samples:  15300 | chain(game/max/avg): 5/9/5.5 | reward(game/avg): 13400/17818 | 1.36 games/s | ETA: 511s
[gpu0] [ 307/1000] samples:  15350 | chain(game/max/avg): 4/9/5.5 | reward(game/avg): 10190/17793 | 1.36 games/s | ETA: 509s
[gpu0] [ 308/1000] samples:  15400 | chain(game/max/avg): 7/9/5.5 | reward(game/avg): 25200/17817 | 1.37 games/s | ETA: 506s
[gpu0] [ 309/1000] samples:  15450 | chain(game/max/avg): 5/9/5.5 | reward(game/avg): 21520/17829 | 1.37 games/s | ETA: 504s
[gpu0] [ 310/1000] samples:  15500 | chain(game/max/avg): 5/9/5.5 | reward(game/avg): 11180/17807 | 1.38 games/s | ETA: 502s
[gpu0] [ 311/1000] samples:  15550 | chain(game/max/avg): 7/9/5.5 | reward(game/avg): 23460/17826 | 1.38 games/s | ETA: 499s
[gpu0] [ 312/1000] samples:  15600 | chain(game/max/avg): 5/9/5.5 | reward(game/avg): 11540/17805 | 1.38 games/s | ETA: 497s
[gpu0] [ 313/1000] samples:  15650 | chain(game/max/avg): 6/9/5.5 | reward(game/avg): 20060/17813 | 1.39 games/s | ETA: 495s
[gpu0] [ 314/1000] samples:  15700 | chain(game/max/avg): 5/9/5.5 | reward(game/avg): 14320/17802 | 1.39 games/s | ETA: 492s
[gpu0] [ 315/1000] samples:  15750 | chain(game/max/avg): 5/9/5.5 | reward(game/avg): 14660/17792 | 1.40 games/s | ETA: 490s
[gpu0] [ 316/1000] samples:  15800 | chain(game/max/avg): 5/9/5.5 | reward(game/avg): 12710/17776 | 1.40 games/s | ETA: 488s
[gpu0] [ 317/1000] samples:  15850 | chain(game/max/avg): 6/9/5.5 | reward(game/avg): 19560/17781 | 1.41 games/s | ETA: 486s
[gpu0] [ 318/1000] samples:  15900 | chain(game/max/avg): 5/9/5.5 | reward(game/avg): 13820/17769 | 1.41 games/s | ETA: 483s
[gpu0] [ 319/1000] samples:  15950 | chain(game/max/avg): 5/9/5.5 | reward(game/avg): 13460/17755 | 1.42 games/s | ETA: 481s
[gpu0] [ 320/1000] samples:  16000 | chain(game/max/avg): 4/9/5.5 | reward(game/avg): 6810/17721 | 1.42 games/s | ETA: 479s
[gpu0] [ 321/1000] samples:  16050 | chain(game/max/avg): 5/9/5.5 | reward(game/avg): 15670/17715 | 1.42 games/s | ETA: 477s
[gpu0] [ 322/1000] samples:  16100 | chain(game/max/avg): 6/9/5.5 | reward(game/avg): 11460/17695 | 1.43 games/s | ETA: 475s
[gpu0] [ 323/1000] samples:  16150 | chain(game/max/avg): 5/9/5.5 | reward(game/avg): 16480/17691 | 1.43 games/s | ETA: 472s
[gpu0] [ 324/1000] samples:  16200 | chain(game/max/avg): 5/9/5.5 | reward(game/avg): 11640/17673 | 1.44 games/s | ETA: 470s
[gpu0] [ 325/1000] samples:  16250 | chain(game/max/avg): 7/9/5.5 | reward(game/avg): 25540/17697 | 1.44 games/s | ETA: 468s
[gpu0] [ 326/1000] samples:  16300 | chain(game/max/avg): 5/9/5.5 | reward(game/avg): 10200/17674 | 1.45 games/s | ETA: 466s
[gpu0] [ 327/1000] samples:  16350 | chain(game/max/avg): 7/9/5.5 | reward(game/avg): 29460/17710 | 1.45 games/s | ETA: 464s
[gpu0] [ 328/1000] samples:  16400 | chain(game/max/avg): 5/9/5.5 | reward(game/avg): 10190/17687 | 1.46 games/s | ETA: 462s
[gpu0] [ 329/1000] samples:  16450 | chain(game/max/avg): 5/9/5.5 | reward(game/avg): 13670/17675 | 1.46 games/s | ETA: 460s
[gpu0] [ 330/1000] samples:  16500 | chain(game/max/avg): 5/9/5.5 | reward(game/avg): 15840/17669 | 1.46 games/s | ETA: 458s
[gpu0] [ 331/1000] samples:  16550 | chain(game/max/avg): 7/9/5.5 | reward(game/avg): 22780/17685 | 1.47 games/s | ETA: 456s
[gpu0] [ 332/1000] samples:  16600 | chain(game/max/avg): 4/9/5.5 | reward(game/avg): 8590/17657 | 1.47 games/s | ETA: 454s
[gpu0] [ 333/1000] samples:  16650 | chain(game/max/avg): 5/9/5.5 | reward(game/avg): 17710/17657 | 1.48 games/s | ETA: 452s
[gpu0] [ 334/1000] samples:  16700 | chain(game/max/avg): 6/9/5.5 | reward(game/avg): 11420/17639 | 1.48 games/s | ETA: 449s
[gpu0] [ 335/1000] samples:  16750 | chain(game/max/avg): 7/9/5.5 | reward(game/avg): 26580/17665 | 1.49 games/s | ETA: 447s
[gpu0] [ 336/1000] samples:  16800 | chain(game/max/avg): 6/9/5.5 | reward(game/avg): 24540/17686 | 1.49 games/s | ETA: 445s
[gpu0] [ 337/1000] samples:  16850 | chain(game/max/avg): 6/9/5.5 | reward(game/avg): 21360/17697 | 1.49 games/s | ETA: 443s
[gpu0] [ 338/1000] samples:  16900 | chain(game/max/avg): 5/9/5.5 | reward(game/avg): 18500/17699 | 1.50 games/s | ETA: 442s
[gpu0] [ 339/1000] samples:  16950 | chain(game/max/avg): 4/9/5.5 | reward(game/avg): 5480/17663 | 1.50 games/s | ETA: 440s
[gpu0] [ 340/1000] samples:  17000 | chain(game/max/avg): 4/9/5.5 | reward(game/avg): 9350/17639 | 1.51 games/s | ETA: 438s
[gpu0] [ 341/1000] samples:  17050 | chain(game/max/avg): 5/9/5.5 | reward(game/avg): 18300/17641 | 1.51 games/s | ETA: 436s
[gpu0] [ 342/1000] samples:  17100 | chain(game/max/avg): 5/9/5.5 | reward(game/avg): 16010/17636 | 1.52 games/s | ETA: 434s
[gpu0] [ 343/1000] samples:  17150 | chain(game/max/avg): 6/9/5.5 | reward(game/avg): 19180/17640 | 1.52 games/s | ETA: 432s
[gpu0] [ 344/1000] samples:  17200 | chain(game/max/avg): 7/9/5.5 | reward(game/avg): 29550/17675 | 1.53 games/s | ETA: 430s
[gpu0] [ 345/1000] samples:  17250 | chain(game/max/avg): 6/9/5.5 | reward(game/avg): 17620/17675 | 1.53 games/s | ETA: 428s
[gpu0] [ 346/1000] samples:  17300 | chain(game/max/avg): 5/9/5.5 | reward(game/avg): 16180/17671 | 1.53 games/s | ETA: 426s
[gpu0] [ 347/1000] samples:  17350 | chain(game/max/avg): 4/9/5.5 | reward(game/avg): 10050/17649 | 1.54 games/s | ETA: 424s
[gpu0] [ 348/1000] samples:  17400 | chain(game/max/avg): 5/9/5.5 | reward(game/avg): 14300/17639 | 1.54 games/s | ETA: 422s
[gpu0] [ 349/1000] samples:  17450 | chain(game/max/avg): 5/9/5.5 | reward(game/avg): 12850/17625 | 1.55 games/s | ETA: 421s
[gpu0] [ 350/1000] samples:  17500 | chain(game/max/avg): 5/9/5.5 | reward(game/avg): 15980/17621 | 1.55 games/s | ETA: 419s
[gpu0] [ 351/1000] samples:  17550 | chain(game/max/avg): 7/9/5.5 | reward(game/avg): 29100/17653 | 1.56 games/s | ETA: 417s
[gpu0] [ 352/1000] samples:  17600 | chain(game/max/avg): 6/9/5.5 | reward(game/avg): 16380/17650 | 1.56 games/s | ETA: 415s
[gpu0] [ 353/1000] samples:  17650 | chain(game/max/avg): 5/9/5.5 | reward(game/avg): 12300/17634 | 1.57 games/s | ETA: 413s
[gpu0] [ 354/1000] samples:  17700 | chain(game/max/avg): 4/9/5.5 | reward(game/avg): 9840/17612 | 1.57 games/s | ETA: 411s
[gpu0] [ 355/1000] samples:  17750 | chain(game/max/avg): 5/9/5.5 | reward(game/avg): 14790/17605 | 1.57 games/s | ETA: 410s
[gpu0] [ 356/1000] samples:  17800 | chain(game/max/avg): 8/9/5.5 | reward(game/avg): 32420/17646 | 1.58 games/s | ETA: 408s
[gpu0] [ 357/1000] samples:  17850 | chain(game/max/avg): 5/9/5.5 | reward(game/avg): 14960/17639 | 1.58 games/s | ETA: 406s
[gpu0] [ 358/1000] samples:  17900 | chain(game/max/avg): 5/9/5.5 | reward(game/avg): 13160/17626 | 1.59 games/s | ETA: 404s
[gpu0] [ 359/1000] samples:  17950 | chain(game/max/avg): 6/9/5.5 | reward(game/avg): 23450/17642 | 1.59 games/s | ETA: 403s
[gpu0] [ 360/1000] samples:  18000 | chain(game/max/avg): 5/9/5.5 | reward(game/avg): 18690/17645 | 1.60 games/s | ETA: 401s
[gpu0] [ 361/1000] samples:  18050 | chain(game/max/avg): 5/9/5.5 | reward(game/avg): 17330/17644 | 1.60 games/s | ETA: 399s
[gpu0] [ 362/1000] samples:  18100 | chain(game/max/avg): 5/9/5.5 | reward(game/avg): 14700/17636 | 1.61 games/s | ETA: 397s
[gpu0] [ 363/1000] samples:  18150 | chain(game/max/avg): 4/9/5.5 | reward(game/avg): 9660/17614 | 1.61 games/s | ETA: 396s
[gpu0] [ 364/1000] samples:  18200 | chain(game/max/avg): 7/9/5.5 | reward(game/avg): 23160/17629 | 1.61 games/s | ETA: 394s
[gpu0] [ 365/1000] samples:  18250 | chain(game/max/avg): 5/9/5.5 | reward(game/avg): 14960/17622 | 1.62 games/s | ETA: 392s
[gpu0] [ 366/1000] samples:  18300 | chain(game/max/avg): 5/9/5.5 | reward(game/avg): 15840/17617 | 1.62 games/s | ETA: 391s
[gpu0] [ 367/1000] samples:  18350 | chain(game/max/avg): 5/9/5.5 | reward(game/avg): 17640/17617 | 1.63 games/s | ETA: 389s
[gpu0] [ 368/1000] samples:  18400 | chain(game/max/avg): 5/9/5.5 | reward(game/avg): 17920/17618 | 1.63 games/s | ETA: 387s
[gpu0] [ 369/1000] samples:  18450 | chain(game/max/avg): 5/9/5.5 | reward(game/avg): 14800/17611 | 1.64 games/s | ETA: 386s
[gpu0] [ 370/1000] samples:  18500 | chain(game/max/avg): 5/9/5.5 | reward(game/avg): 21520/17621 | 1.64 games/s | ETA: 384s
[gpu0] [ 371/1000] samples:  18550 | chain(game/max/avg): 7/9/5.5 | reward(game/avg): 25800/17643 | 1.65 games/s | ETA: 382s
[gpu0] [ 372/1000] samples:  18600 | chain(game/max/avg): 6/9/5.5 | reward(game/avg): 17430/17643 | 1.65 games/s | ETA: 381s
[gpu0] [ 373/1000] samples:  18650 | chain(game/max/avg): 5/9/5.5 | reward(game/avg): 16680/17640 | 1.65 games/s | ETA: 379s
[gpu0] [ 374/1000] samples:  18700 | chain(game/max/avg): 5/9/5.5 | reward(game/avg): 13840/17630 | 1.66 games/s | ETA: 377s
[gpu0] [ 375/1000] samples:  18750 | chain(game/max/avg): 5/9/5.5 | reward(game/avg): 14940/17623 | 1.66 games/s | ETA: 376s
[gpu0] [ 376/1000] samples:  18800 | chain(game/max/avg): 4/9/5.5 | reward(game/avg): 11300/17606 | 1.67 games/s | ETA: 374s
[gpu0] [ 377/1000] samples:  18850 | chain(game/max/avg): 6/9/5.5 | reward(game/avg): 18080/17607 | 1.67 games/s | ETA: 373s
[gpu0] [ 378/1000] samples:  18900 | chain(game/max/avg): 6/9/5.5 | reward(game/avg): 22040/17619 | 1.68 games/s | ETA: 371s
[gpu0] [ 379/1000] samples:  18950 | chain(game/max/avg): 6/9/5.5 | reward(game/avg): 24520/17637 | 1.68 games/s | ETA: 370s
[gpu0] [ 380/1000] samples:  19000 | chain(game/max/avg): 7/9/5.5 | reward(game/avg): 22800/17651 | 1.68 games/s | ETA: 368s
[gpu0] [ 381/1000] samples:  19050 | chain(game/max/avg): 6/9/5.5 | reward(game/avg): 19080/17654 | 1.69 games/s | ETA: 366s
[gpu0] [ 382/1000] samples:  19100 | chain(game/max/avg): 5/9/5.5 | reward(game/avg): 18810/17657 | 1.69 games/s | ETA: 365s
[gpu0] [ 383/1000] samples:  19150 | chain(game/max/avg): 6/9/5.5 | reward(game/avg): 14100/17648 | 1.70 games/s | ETA: 363s
[gpu0] [ 384/1000] samples:  19200 | chain(game/max/avg): 7/9/5.5 | reward(game/avg): 25600/17669 | 1.70 games/s | ETA: 362s
[gpu0] [ 385/1000] samples:  19250 | chain(game/max/avg): 4/9/5.5 | reward(game/avg): 6000/17639 | 1.71 games/s | ETA: 360s
[gpu0] [ 386/1000] samples:  19300 | chain(game/max/avg): 4/9/5.5 | reward(game/avg): 10800/17621 | 1.71 games/s | ETA: 359s
[gpu0] [ 387/1000] samples:  19350 | chain(game/max/avg): 6/9/5.5 | reward(game/avg): 25080/17640 | 1.72 games/s | ETA: 357s
[gpu0] [ 388/1000] samples:  19400 | chain(game/max/avg): 5/9/5.5 | reward(game/avg): 15300/17634 | 1.72 games/s | ETA: 356s
[gpu0] [ 389/1000] samples:  19450 | chain(game/max/avg): 5/9/5.5 | reward(game/avg): 14590/17626 | 1.72 games/s | ETA: 354s
[gpu0] [ 390/1000] samples:  19500 | chain(game/max/avg): 5/9/5.5 | reward(game/avg): 10000/17607 | 1.73 games/s | ETA: 353s
[gpu0] [ 391/1000] samples:  19550 | chain(game/max/avg): 6/9/5.5 | reward(game/avg): 19110/17611 | 1.73 games/s | ETA: 351s
[gpu0] [ 392/1000] samples:  19600 | chain(game/max/avg): 7/9/5.5 | reward(game/avg): 28660/17639 | 1.74 games/s | ETA: 350s
[gpu0] [ 393/1000] samples:  19650 | chain(game/max/avg): 7/9/5.5 | reward(game/avg): 24980/17657 | 1.74 games/s | ETA: 348s
[gpu0] [ 394/1000] samples:  19700 | chain(game/max/avg): 6/9/5.5 | reward(game/avg): 17500/17657 | 1.75 games/s | ETA: 347s
[gpu0] [ 395/1000] samples:  19750 | chain(game/max/avg): 6/9/5.5 | reward(game/avg): 16600/17654 | 1.75 games/s | ETA: 346s
[gpu0] [ 396/1000] samples:  19800 | chain(game/max/avg): 5/9/5.5 | reward(game/avg): 16450/17651 | 1.76 games/s | ETA: 344s
[gpu0] [ 397/1000] samples:  19850 | chain(game/max/avg): 5/9/5.5 | reward(game/avg): 20820/17659 | 1.76 games/s | ETA: 343s
[gpu0] [ 398/1000] samples:  19900 | chain(game/max/avg): 4/9/5.5 | reward(game/avg): 9120/17638 | 1.76 games/s | ETA: 341s
[gpu0] [ 399/1000] samples:  19950 | chain(game/max/avg): 5/9/5.5 | reward(game/avg): 8780/17616 | 1.77 games/s | ETA: 340s
[gpu0] [ 400/1000] samples:  20000 | chain(game/max/avg): 5/9/5.5 | reward(game/avg): 13410/17605 | 1.77 games/s | ETA: 338s
[gpu0] [ 401/1000] samples:  20050 | chain(game/max/avg): 4/9/5.5 | reward(game/avg): 9560/17585 | 1.78 games/s | ETA: 337s
[gpu0] [ 402/1000] samples:  20100 | chain(game/max/avg): 6/9/5.5 | reward(game/avg): 26100/17606 | 1.78 games/s | ETA: 336s
[gpu0] [ 403/1000] samples:  20150 | chain(game/max/avg): 5/9/5.5 | reward(game/avg): 14580/17599 | 1.79 games/s | ETA: 334s
[gpu0] [ 404/1000] samples:  20200 | chain(game/max/avg): 5/9/5.5 | reward(game/avg): 13660/17589 | 1.79 games/s | ETA: 333s
[gpu0] [ 405/1000] samples:  20250 | chain(game/max/avg): 8/9/5.5 | reward(game/avg): 29660/17619 | 1.80 games/s | ETA: 331s
[gpu0] [ 406/1000] samples:  20300 | chain(game/max/avg): 4/9/5.5 | reward(game/avg): 11430/17603 | 1.80 games/s | ETA: 330s
[gpu0] [ 407/1000] samples:  20350 | chain(game/max/avg): 5/9/5.5 | reward(game/avg): 12000/17590 | 1.80 games/s | ETA: 329s
[gpu0] [ 408/1000] samples:  20400 | chain(game/max/avg): 6/9/5.5 | reward(game/avg): 14580/17582 | 1.81 games/s | ETA: 327s
[gpu0] [ 409/1000] samples:  20450 | chain(game/max/avg): 6/9/5.5 | reward(game/avg): 18640/17585 | 1.81 games/s | ETA: 326s
[gpu0] [ 410/1000] samples:  20500 | chain(game/max/avg): 6/9/5.5 | reward(game/avg): 21210/17594 | 1.82 games/s | ETA: 325s
[gpu0] [ 411/1000] samples:  20550 | chain(game/max/avg): 5/9/5.5 | reward(game/avg): 14140/17585 | 1.82 games/s | ETA: 323s
[gpu0] [ 412/1000] samples:  20600 | chain(game/max/avg): 5/9/5.5 | reward(game/avg): 10870/17569 | 1.83 games/s | ETA: 322s
[gpu0] [ 413/1000] samples:  20650 | chain(game/max/avg): 4/9/5.5 | reward(game/avg): 8720/17548 | 1.83 games/s | ETA: 321s
[gpu0] [ 414/1000] samples:  20700 | chain(game/max/avg): 6/9/5.5 | reward(game/avg): 24700/17565 | 1.83 games/s | ETA: 319s
[gpu0] [ 415/1000] samples:  20750 | chain(game/max/avg): 5/9/5.5 | reward(game/avg): 15300/17559 | 1.84 games/s | ETA: 318s
[gpu0] [ 416/1000] samples:  20800 | chain(game/max/avg): 5/9/5.5 | reward(game/avg): 15700/17555 | 1.84 games/s | ETA: 317s
[gpu0] [ 417/1000] samples:  20850 | chain(game/max/avg): 5/9/5.5 | reward(game/avg): 12900/17544 | 1.85 games/s | ETA: 316s
[gpu0] [ 418/1000] samples:  20900 | chain(game/max/avg): 5/9/5.5 | reward(game/avg): 13270/17534 | 1.85 games/s | ETA: 314s
[gpu0] [ 419/1000] samples:  20950 | chain(game/max/avg): 7/9/5.5 | reward(game/avg): 22220/17545 | 1.86 games/s | ETA: 313s
[gpu0] [ 420/1000] samples:  21000 | chain(game/max/avg): 5/9/5.5 | reward(game/avg): 14480/17538 | 1.86 games/s | ETA: 312s
[gpu0] [ 421/1000] samples:  21050 | chain(game/max/avg): 5/9/5.5 | reward(game/avg): 13010/17527 | 1.87 games/s | ETA: 310s
[gpu0] [ 422/1000] samples:  21100 | chain(game/max/avg): 6/9/5.5 | reward(game/avg): 16660/17525 | 1.87 games/s | ETA: 309s
[gpu0] [ 423/1000] samples:  21150 | chain(game/max/avg): 4/9/5.5 | reward(game/avg): 5640/17497 | 1.87 games/s | ETA: 308s
[gpu0] [ 424/1000] samples:  21200 | chain(game/max/avg): 5/9/5.5 | reward(game/avg): 14020/17488 | 1.88 games/s | ETA: 307s
[gpu0] [ 425/1000] samples:  21250 | chain(game/max/avg): 5/9/5.5 | reward(game/avg): 12200/17476 | 1.88 games/s | ETA: 305s
[gpu0] [ 426/1000] samples:  21300 | chain(game/max/avg): 7/9/5.5 | reward(game/avg): 27130/17499 | 1.89 games/s | ETA: 304s
[gpu0] [ 427/1000] samples:  21350 | chain(game/max/avg): 5/9/5.5 | reward(game/avg): 12840/17488 | 1.89 games/s | ETA: 303s
[gpu0] [ 428/1000] samples:  21400 | chain(game/max/avg): 5/9/5.5 | reward(game/avg): 14740/17481 | 1.90 games/s | ETA: 302s
[gpu0] [ 429/1000] samples:  21450 | chain(game/max/avg): 5/9/5.5 | reward(game/avg): 17910/17482 | 1.90 games/s | ETA: 300s
[gpu0] [ 430/1000] samples:  21500 | chain(game/max/avg): 5/9/5.5 | reward(game/avg): 12900/17472 | 1.90 games/s | ETA: 299s
[gpu0] [ 431/1000] samples:  21550 | chain(game/max/avg): 7/9/5.5 | reward(game/avg): 17820/17472 | 1.91 games/s | ETA: 298s
[gpu0] [ 432/1000] samples:  21600 | chain(game/max/avg): 7/9/5.5 | reward(game/avg): 28620/17498 | 1.91 games/s | ETA: 297s
[gpu0] [ 433/1000] samples:  21650 | chain(game/max/avg): 5/9/5.5 | reward(game/avg): 11220/17484 | 1.92 games/s | ETA: 296s
[gpu0] [ 434/1000] samples:  21700 | chain(game/max/avg): 5/9/5.5 | reward(game/avg): 16380/17481 | 1.92 games/s | ETA: 294s
[gpu0] [ 435/1000] samples:  21750 | chain(game/max/avg): 5/9/5.5 | reward(game/avg): 15720/17477 | 1.93 games/s | ETA: 293s
[gpu0] [ 436/1000] samples:  21800 | chain(game/max/avg): 6/9/5.5 | reward(game/avg): 18940/17481 | 1.93 games/s | ETA: 292s
[gpu0] [ 437/1000] samples:  21850 | chain(game/max/avg): 7/9/5.5 | reward(game/avg): 27800/17504 | 1.94 games/s | ETA: 291s
[gpu0] [ 438/1000] samples:  21900 | chain(game/max/avg): 4/9/5.5 | reward(game/avg): 10910/17489 | 1.94 games/s | ETA: 290s
[gpu0] [ 439/1000] samples:  21950 | chain(game/max/avg): 4/9/5.5 | reward(game/avg): 8100/17468 | 1.94 games/s | ETA: 289s
[gpu0] [ 440/1000] samples:  22000 | chain(game/max/avg): 5/9/5.5 | reward(game/avg): 17560/17468 | 1.95 games/s | ETA: 287s
[gpu0] [ 441/1000] samples:  22050 | chain(game/max/avg): 6/9/5.5 | reward(game/avg): 12060/17456 | 1.95 games/s | ETA: 286s
[gpu0] [ 442/1000] samples:  22100 | chain(game/max/avg): 4/9/5.5 | reward(game/avg): 12320/17444 | 1.96 games/s | ETA: 285s
[gpu0] [ 443/1000] samples:  22150 | chain(game/max/avg): 5/9/5.5 | reward(game/avg): 11920/17432 | 1.96 games/s | ETA: 284s
[gpu0] [ 444/1000] samples:  22200 | chain(game/max/avg): 5/9/5.5 | reward(game/avg): 12810/17421 | 1.97 games/s | ETA: 283s
[gpu0] [ 445/1000] samples:  22250 | chain(game/max/avg): 4/9/5.5 | reward(game/avg): 9760/17404 | 1.97 games/s | ETA: 282s
[gpu0] [ 446/1000] samples:  22300 | chain(game/max/avg): 4/9/5.5 | reward(game/avg): 6720/17380 | 1.97 games/s | ETA: 281s
[gpu0] [ 447/1000] samples:  22350 | chain(game/max/avg): 5/9/5.5 | reward(game/avg): 11140/17366 | 1.98 games/s | ETA: 279s
[gpu0] [ 448/1000] samples:  22400 | chain(game/max/avg): 7/9/5.5 | reward(game/avg): 23270/17379 | 1.98 games/s | ETA: 278s
[gpu0] [ 449/1000] samples:  22450 | chain(game/max/avg): 5/9/5.5 | reward(game/avg): 13580/17371 | 1.99 games/s | ETA: 277s
[gpu0] [ 450/1000] samples:  22500 | chain(game/max/avg): 5/9/5.5 | reward(game/avg): 11070/17357 | 1.99 games/s | ETA: 276s
[gpu0] [ 451/1000] samples:  22550 | chain(game/max/avg): 6/9/5.5 | reward(game/avg): 20360/17363 | 2.00 games/s | ETA: 275s
[gpu0] [ 452/1000] samples:  22600 | chain(game/max/avg): 5/9/5.5 | reward(game/avg): 18390/17366 | 2.00 games/s | ETA: 274s
[gpu0] [ 453/1000] samples:  22650 | chain(game/max/avg): 5/9/5.5 | reward(game/avg): 14760/17360 | 2.01 games/s | ETA: 273s
[gpu0] [ 454/1000] samples:  22700 | chain(game/max/avg): 4/9/5.4 | reward(game/avg): 7960/17339 | 2.01 games/s | ETA: 272s
[gpu0] [ 455/1000] samples:  22750 | chain(game/max/avg): 7/9/5.5 | reward(game/avg): 22760/17351 | 2.01 games/s | ETA: 271s
[gpu0] [ 456/1000] samples:  22800 | chain(game/max/avg): 4/9/5.4 | reward(game/avg): 9150/17333 | 2.02 games/s | ETA: 270s
[gpu0] [ 457/1000] samples:  22850 | chain(game/max/avg): 6/9/5.5 | reward(game/avg): 26600/17353 | 2.02 games/s | ETA: 268s
[gpu0] [ 458/1000] samples:  22900 | chain(game/max/avg): 5/9/5.4 | reward(game/avg): 12300/17342 | 2.03 games/s | ETA: 267s
[gpu0] [ 459/1000] samples:  22950 | chain(game/max/avg): 6/9/5.5 | reward(game/avg): 20570/17349 | 2.03 games/s | ETA: 266s
[gpu0] [ 460/1000] samples:  23000 | chain(game/max/avg): 6/9/5.5 | reward(game/avg): 25840/17368 | 2.04 games/s | ETA: 265s
[gpu0] [ 461/1000] samples:  23050 | chain(game/max/avg): 5/9/5.5 | reward(game/avg): 13700/17360 | 2.04 games/s | ETA: 264s
[gpu0] [ 462/1000] samples:  23100 | chain(game/max/avg): 5/9/5.5 | reward(game/avg): 18080/17361 | 2.04 games/s | ETA: 263s
[gpu0] [ 463/1000] samples:  23150 | chain(game/max/avg): 4/9/5.4 | reward(game/avg): 12100/17350 | 2.05 games/s | ETA: 262s
[gpu0] [ 464/1000] samples:  23200 | chain(game/max/avg): 5/9/5.4 | reward(game/avg): 11860/17338 | 2.05 games/s | ETA: 261s
[gpu0] [ 465/1000] samples:  23250 | chain(game/max/avg): 5/9/5.4 | reward(game/avg): 13200/17329 | 2.06 games/s | ETA: 260s
[gpu0] [ 466/1000] samples:  23300 | chain(game/max/avg): 8/9/5.5 | reward(game/avg): 31860/17361 | 2.06 games/s | ETA: 259s
[gpu0] [ 467/1000] samples:  23350 | chain(game/max/avg): 6/9/5.5 | reward(game/avg): 20870/17368 | 2.07 games/s | ETA: 258s
[gpu0] [ 468/1000] samples:  23400 | chain(game/max/avg): 4/9/5.4 | reward(game/avg): 9880/17352 | 2.07 games/s | ETA: 257s
[gpu0] [ 469/1000] samples:  23450 | chain(game/max/avg): 4/9/5.4 | reward(game/avg): 6600/17329 | 2.08 games/s | ETA: 256s
[gpu0] [ 470/1000] samples:  23500 | chain(game/max/avg): 5/9/5.4 | reward(game/avg): 18100/17331 | 2.08 games/s | ETA: 255s
[gpu0] [ 471/1000] samples:  23550 | chain(game/max/avg): 5/9/5.4 | reward(game/avg): 12740/17321 | 2.08 games/s | ETA: 254s
[gpu0] [ 472/1000] samples:  23600 | chain(game/max/avg): 5/9/5.4 | reward(game/avg): 17940/17322 | 2.09 games/s | ETA: 253s
[gpu0] [ 473/1000] samples:  23650 | chain(game/max/avg): 6/9/5.4 | reward(game/avg): 17210/17322 | 2.09 games/s | ETA: 252s
[gpu0] [ 474/1000] samples:  23700 | chain(game/max/avg): 5/9/5.4 | reward(game/avg): 13120/17313 | 2.10 games/s | ETA: 251s
[gpu0] [ 475/1000] samples:  23750 | chain(game/max/avg): 6/9/5.4 | reward(game/avg): 21580/17322 | 2.10 games/s | ETA: 250s
[gpu0] [ 476/1000] samples:  23800 | chain(game/max/avg): 5/9/5.4 | reward(game/avg): 13520/17314 | 2.11 games/s | ETA: 249s
[gpu0] [ 477/1000] samples:  23850 | chain(game/max/avg): 5/9/5.4 | reward(game/avg): 13300/17306 | 2.11 games/s | ETA: 248s
[gpu0] [ 478/1000] samples:  23900 | chain(game/max/avg): 5/9/5.4 | reward(game/avg): 13990/17299 | 2.11 games/s | ETA: 247s
[gpu0] [ 479/1000] samples:  23950 | chain(game/max/avg): 6/9/5.4 | reward(game/avg): 13890/17292 | 2.12 games/s | ETA: 246s
[gpu0] [ 480/1000] samples:  24000 | chain(game/max/avg): 4/9/5.4 | reward(game/avg): 10870/17278 | 2.12 games/s | ETA: 245s
[gpu0] [ 481/1000] samples:  24050 | chain(game/max/avg): 5/9/5.4 | reward(game/avg): 15190/17274 | 2.13 games/s | ETA: 244s
[gpu0] [ 482/1000] samples:  24100 | chain(game/max/avg): 4/9/5.4 | reward(game/avg): 8940/17257 | 2.13 games/s | ETA: 243s
[gpu0] [ 483/1000] samples:  24150 | chain(game/max/avg): 5/9/5.4 | reward(game/avg): 19610/17262 | 2.14 games/s | ETA: 242s
[gpu0] [ 484/1000] samples:  24200 | chain(game/max/avg): 6/9/5.4 | reward(game/avg): 16520/17260 | 2.14 games/s | ETA: 241s
[gpu0] [ 485/1000] samples:  24250 | chain(game/max/avg): 6/9/5.4 | reward(game/avg): 14320/17254 | 2.14 games/s | ETA: 240s
[gpu0] [ 486/1000] samples:  24300 | chain(game/max/avg): 6/9/5.4 | reward(game/avg): 17070/17254 | 2.15 games/s | ETA: 239s
[gpu0] [ 487/1000] samples:  24350 | chain(game/max/avg): 4/9/5.4 | reward(game/avg): 9340/17237 | 2.15 games/s | ETA: 238s
[gpu0] [ 488/1000] samples:  24400 | chain(game/max/avg): 4/9/5.4 | reward(game/avg): 8680/17220 | 2.16 games/s | ETA: 237s
[gpu0] [ 489/1000] samples:  24450 | chain(game/max/avg): 5/9/5.4 | reward(game/avg): 15220/17216 | 2.16 games/s | ETA: 236s
[gpu0] [ 490/1000] samples:  24500 | chain(game/max/avg): 4/9/5.4 | reward(game/avg): 9280/17200 | 2.17 games/s | ETA: 235s
[gpu0] [ 491/1000] samples:  24550 | chain(game/max/avg): 5/9/5.4 | reward(game/avg): 23560/17213 | 2.17 games/s | ETA: 235s
[gpu0] [ 492/1000] samples:  24600 | chain(game/max/avg): 6/9/5.4 | reward(game/avg): 21420/17221 | 2.17 games/s | ETA: 234s
[gpu0] [ 493/1000] samples:  24650 | chain(game/max/avg): 5/9/5.4 | reward(game/avg): 15100/17217 | 2.18 games/s | ETA: 233s
[gpu0] [ 494/1000] samples:  24700 | chain(game/max/avg): 6/9/5.4 | reward(game/avg): 16360/17215 | 2.18 games/s | ETA: 232s
[gpu0] [ 495/1000] samples:  24750 | chain(game/max/avg): 7/9/5.4 | reward(game/avg): 23180/17227 | 2.19 games/s | ETA: 231s
[gpu0] [ 496/1000] samples:  24800 | chain(game/max/avg): 5/9/5.4 | reward(game/avg): 14790/17222 | 2.19 games/s | ETA: 230s
[gpu0] [ 497/1000] samples:  24850 | chain(game/max/avg): 5/9/5.4 | reward(game/avg): 16000/17220 | 2.19 games/s | ETA: 229s
[gpu0] [ 498/1000] samples:  24900 | chain(game/max/avg): 5/9/5.4 | reward(game/avg): 12920/17211 | 2.20 games/s | ETA: 228s
[gpu0] [ 499/1000] samples:  24950 | chain(game/max/avg): 6/9/5.4 | reward(game/avg): 17820/17212 | 2.20 games/s | ETA: 227s
[gpu0] [ 500/1000] samples:  25000 | chain(game/max/avg): 5/9/5.4 | reward(game/avg): 11980/17202 | 2.20 games/s | ETA: 227s
[gpu0] [ 501/1000] samples:  25050 | chain(game/max/avg): 6/9/5.4 | reward(game/avg): 21620/17211 | 1.15 games/s | ETA: 436s
[gpu0] [ 502/1000] samples:  25100 | chain(game/max/avg): 5/9/5.4 | reward(game/avg): 14460/17205 | 1.15 games/s | ETA: 435s
[gpu0] [ 503/1000] samples:  25150 | chain(game/max/avg): 6/9/5.4 | reward(game/avg): 23600/17218 | 1.15 games/s | ETA: 433s
[gpu0] [ 504/1000] samples:  25200 | chain(game/max/avg): 7/9/5.4 | reward(game/avg): 26700/17237 | 1.14 games/s | ETA: 433s
[gpu0] [ 505/1000] samples:  25250 | chain(game/max/avg): 8/9/5.4 | reward(game/avg): 29680/17261 | 1.15 games/s | ETA: 432s
[gpu0] [ 506/1000] samples:  25300 | chain(game/max/avg): 7/9/5.4 | reward(game/avg): 26540/17280 | 1.15 games/s | ETA: 430s
[gpu0] [ 507/1000] samples:  25350 | chain(game/max/avg): 6/9/5.4 | reward(game/avg): 17660/17280 | 1.15 games/s | ETA: 429s
[gpu0] [ 508/1000] samples:  25400 | chain(game/max/avg): 4/9/5.4 | reward(game/avg): 8820/17264 | 1.15 games/s | ETA: 427s
[gpu0] [ 509/1000] samples:  25450 | chain(game/max/avg): 6/9/5.4 | reward(game/avg): 20440/17270 | 1.15 games/s | ETA: 425s
[gpu0] [ 510/1000] samples:  25500 | chain(game/max/avg): 6/9/5.4 | reward(game/avg): 16580/17269 | 1.16 games/s | ETA: 424s
[gpu0] [ 511/1000] samples:  25550 | chain(game/max/avg): 6/9/5.4 | reward(game/avg): 21950/17278 | 1.16 games/s | ETA: 422s
[gpu0] [ 512/1000] samples:  25600 | chain(game/max/avg): 7/9/5.4 | reward(game/avg): 23540/17290 | 1.16 games/s | ETA: 420s
[gpu0] [ 513/1000] samples:  25650 | chain(game/max/avg): 6/9/5.4 | reward(game/avg): 26260/17308 | 1.16 games/s | ETA: 419s
[gpu0] [ 514/1000] samples:  25700 | chain(game/max/avg): 7/9/5.5 | reward(game/avg): 27210/17327 | 1.17 games/s | ETA: 417s
[gpu0] [ 515/1000] samples:  25750 | chain(game/max/avg): 6/9/5.5 | reward(game/avg): 20600/17333 | 1.17 games/s | ETA: 415s
[gpu0] [ 516/1000] samples:  25800 | chain(game/max/avg): 4/9/5.4 | reward(game/avg): 8080/17315 | 1.17 games/s | ETA: 414s
[gpu0] [ 517/1000] samples:  25850 | chain(game/max/avg): 5/9/5.4 | reward(game/avg): 12770/17306 | 1.17 games/s | ETA: 412s
[gpu0] [ 518/1000] samples:  25900 | chain(game/max/avg): 6/9/5.4 | reward(game/avg): 19720/17311 | 1.17 games/s | ETA: 411s
[gpu0] [ 519/1000] samples:  25950 | chain(game/max/avg): 5/9/5.4 | reward(game/avg): 16220/17309 | 1.18 games/s | ETA: 409s
[gpu0] [ 520/1000] samples:  26000 | chain(game/max/avg): 7/9/5.5 | reward(game/avg): 29190/17332 | 1.18 games/s | ETA: 407s
[gpu0] [ 521/1000] samples:  26050 | chain(game/max/avg): 5/9/5.5 | reward(game/avg): 9980/17318 | 1.18 games/s | ETA: 406s
[gpu0] [ 522/1000] samples:  26100 | chain(game/max/avg): 7/9/5.5 | reward(game/avg): 28060/17338 | 1.18 games/s | ETA: 404s
[gpu0] [ 523/1000] samples:  26150 | chain(game/max/avg): 6/9/5.5 | reward(game/avg): 16320/17336 | 1.18 games/s | ETA: 403s
[gpu0] [ 524/1000] samples:  26200 | chain(game/max/avg): 5/9/5.5 | reward(game/avg): 12140/17326 | 1.19 games/s | ETA: 401s
[gpu0] [ 525/1000] samples:  26250 | chain(game/max/avg): 5/9/5.5 | reward(game/avg): 12550/17317 | 1.19 games/s | ETA: 400s
[gpu0] [ 526/1000] samples:  26300 | chain(game/max/avg): 6/9/5.5 | reward(game/avg): 23360/17329 | 1.19 games/s | ETA: 398s
[gpu0] [ 527/1000] samples:  26350 | chain(game/max/avg): 6/9/5.5 | reward(game/avg): 14430/17323 | 1.19 games/s | ETA: 396s
[gpu0] [ 528/1000] samples:  26400 | chain(game/max/avg): 6/9/5.5 | reward(game/avg): 28540/17345 | 1.20 games/s | ETA: 395s
[gpu0] [ 529/1000] samples:  26450 | chain(game/max/avg): 5/9/5.5 | reward(game/avg): 13640/17338 | 1.20 games/s | ETA: 393s
[gpu0] [ 530/1000] samples:  26500 | chain(game/max/avg): 5/9/5.5 | reward(game/avg): 18870/17340 | 1.20 games/s | ETA: 392s
[gpu0] [ 531/1000] samples:  26550 | chain(game/max/avg): 6/9/5.5 | reward(game/avg): 14040/17334 | 1.20 games/s | ETA: 390s
[gpu0] [ 532/1000] samples:  26600 | chain(game/max/avg): 5/9/5.5 | reward(game/avg): 19200/17338 | 1.20 games/s | ETA: 389s
[gpu0] [ 533/1000] samples:  26650 | chain(game/max/avg): 6/9/5.5 | reward(game/avg): 27150/17356 | 1.21 games/s | ETA: 387s
[gpu0] [ 534/1000] samples:  26700 | chain(game/max/avg): 7/9/5.5 | reward(game/avg): 22840/17366 | 1.21 games/s | ETA: 386s
[gpu0] [ 535/1000] samples:  26750 | chain(game/max/avg): 5/9/5.5 | reward(game/avg): 12800/17358 | 1.21 games/s | ETA: 384s
[gpu0] [ 536/1000] samples:  26800 | chain(game/max/avg): 6/9/5.5 | reward(game/avg): 24000/17370 | 1.21 games/s | ETA: 383s
[gpu0] [ 537/1000] samples:  26850 | chain(game/max/avg): 5/9/5.5 | reward(game/avg): 15510/17367 | 1.21 games/s | ETA: 381s
[gpu0] [ 538/1000] samples:  26900 | chain(game/max/avg): 6/9/5.5 | reward(game/avg): 19260/17370 | 1.22 games/s | ETA: 380s
[gpu0] [ 539/1000] samples:  26950 | chain(game/max/avg): 4/9/5.5 | reward(game/avg): 10300/17357 | 1.22 games/s | ETA: 378s
[gpu0] [ 540/1000] samples:  27000 | chain(game/max/avg): 6/9/5.5 | reward(game/avg): 23660/17369 | 1.22 games/s | ETA: 377s
[gpu0] [ 541/1000] samples:  27050 | chain(game/max/avg): 8/9/5.5 | reward(game/avg): 29390/17391 | 1.22 games/s | ETA: 375s
[gpu0] [ 542/1000] samples:  27100 | chain(game/max/avg): 7/9/5.5 | reward(game/avg): 21620/17399 | 1.23 games/s | ETA: 374s
[gpu0] [ 543/1000] samples:  27150 | chain(game/max/avg): 5/9/5.5 | reward(game/avg): 18820/17402 | 1.23 games/s | ETA: 372s
[gpu0] [ 544/1000] samples:  27200 | chain(game/max/avg): 6/9/5.5 | reward(game/avg): 21030/17408 | 1.23 games/s | ETA: 371s
[gpu0] [ 545/1000] samples:  27250 | chain(game/max/avg): 6/9/5.5 | reward(game/avg): 18620/17410 | 1.23 games/s | ETA: 369s
[gpu0] [ 546/1000] samples:  27300 | chain(game/max/avg): 5/9/5.5 | reward(game/avg): 14440/17405 | 1.23 games/s | ETA: 368s
[gpu0] [ 547/1000] samples:  27350 | chain(game/max/avg): 7/9/5.5 | reward(game/avg): 24320/17418 | 1.24 games/s | ETA: 366s
[gpu0] [ 548/1000] samples:  27400 | chain(game/max/avg): 4/9/5.5 | reward(game/avg): 7730/17400 | 1.24 games/s | ETA: 365s
[gpu0] [ 549/1000] samples:  27450 | chain(game/max/avg): 5/9/5.5 | reward(game/avg): 14260/17394 | 1.24 games/s | ETA: 363s
[gpu0] [ 550/1000] samples:  27500 | chain(game/max/avg): 6/9/5.5 | reward(game/avg): 18470/17396 | 1.24 games/s | ETA: 362s
[gpu0] [ 551/1000] samples:  27550 | chain(game/max/avg): 6/9/5.5 | reward(game/avg): 17700/17397 | 1.25 games/s | ETA: 360s
[gpu0] [ 552/1000] samples:  27600 | chain(game/max/avg): 8/9/5.5 | reward(game/avg): 36790/17432 | 1.25 games/s | ETA: 359s
[gpu0] [ 553/1000] samples:  27650 | chain(game/max/avg): 5/9/5.5 | reward(game/avg): 21650/17440 | 1.25 games/s | ETA: 359s
[gpu0] [ 554/1000] samples:  27700 | chain(game/max/avg): 6/9/5.5 | reward(game/avg): 23740/17451 | 1.25 games/s | ETA: 357s
[gpu0] [ 555/1000] samples:  27750 | chain(game/max/avg): 6/9/5.5 | reward(game/avg): 22200/17459 | 1.25 games/s | ETA: 356s
[gpu0] [ 556/1000] samples:  27800 | chain(game/max/avg): 4/9/5.5 | reward(game/avg): 7820/17442 | 1.25 games/s | ETA: 354s
[gpu0] [ 557/1000] samples:  27850 | chain(game/max/avg): 6/9/5.5 | reward(game/avg): 18820/17445 | 1.25 games/s | ETA: 353s
[gpu0] [ 558/1000] samples:  27900 | chain(game/max/avg): 5/9/5.5 | reward(game/avg): 16360/17443 | 1.26 games/s | ETA: 352s
[gpu0] [ 559/1000] samples:  27950 | chain(game/max/avg): 6/9/5.5 | reward(game/avg): 18110/17444 | 1.26 games/s | ETA: 350s
[gpu0] [ 560/1000] samples:  28000 | chain(game/max/avg): 6/9/5.5 | reward(game/avg): 19790/17448 | 1.26 games/s | ETA: 349s
[gpu0] [ 561/1000] samples:  28050 | chain(game/max/avg): 7/9/5.5 | reward(game/avg): 39710/17488 | 1.26 games/s | ETA: 347s
[gpu0] [ 562/1000] samples:  28100 | chain(game/max/avg): 10/10/5.5 | reward(game/avg): 40870/17529 | 1.27 games/s | ETA: 346s
[gpu0] [ 563/1000] samples:  28150 | chain(game/max/avg): 7/10/5.5 | reward(game/avg): 30590/17553 | 1.27 games/s | ETA: 345s
[gpu0] [ 564/1000] samples:  28200 | chain(game/max/avg): 4/10/5.5 | reward(game/avg): 12280/17543 | 1.27 games/s | ETA: 343s
[gpu0] [ 565/1000] samples:  28250 | chain(game/max/avg): 7/10/5.5 | reward(game/avg): 29560/17564 | 1.27 games/s | ETA: 342s
[gpu0] [ 566/1000] samples:  28300 | chain(game/max/avg): 7/10/5.5 | reward(game/avg): 28830/17584 | 1.27 games/s | ETA: 340s
[gpu0] [ 567/1000] samples:  28350 | chain(game/max/avg): 7/10/5.5 | reward(game/avg): 20110/17589 | 1.28 games/s | ETA: 339s
[gpu0] [ 568/1000] samples:  28400 | chain(game/max/avg): 5/10/5.5 | reward(game/avg): 15020/17584 | 1.28 games/s | ETA: 338s
[gpu0] [ 569/1000] samples:  28450 | chain(game/max/avg): 6/10/5.5 | reward(game/avg): 23510/17595 | 1.28 games/s | ETA: 336s
[gpu0] [ 570/1000] samples:  28500 | chain(game/max/avg): 5/10/5.5 | reward(game/avg): 13610/17588 | 1.28 games/s | ETA: 335s
[gpu0] [ 571/1000] samples:  28550 | chain(game/max/avg): 6/10/5.5 | reward(game/avg): 13760/17581 | 1.29 games/s | ETA: 334s
[gpu0] [ 572/1000] samples:  28600 | chain(game/max/avg): 5/10/5.5 | reward(game/avg): 16580/17579 | 1.29 games/s | ETA: 332s
[gpu0] [ 573/1000] samples:  28650 | chain(game/max/avg): 6/10/5.5 | reward(game/avg): 13180/17572 | 1.29 games/s | ETA: 331s
[gpu0] [ 574/1000] samples:  28700 | chain(game/max/avg): 4/10/5.5 | reward(game/avg): 9820/17558 | 1.29 games/s | ETA: 330s
[gpu0] [ 575/1000] samples:  28750 | chain(game/max/avg): 4/10/5.5 | reward(game/avg): 8740/17543 | 1.29 games/s | ETA: 328s
[gpu0] [ 576/1000] samples:  28800 | chain(game/max/avg): 4/10/5.5 | reward(game/avg): 10520/17531 | 1.30 games/s | ETA: 327s
[gpu0] [ 577/1000] samples:  28850 | chain(game/max/avg): 5/10/5.5 | reward(game/avg): 11780/17521 | 1.30 games/s | ETA: 326s
[gpu0] [ 578/1000] samples:  28900 | chain(game/max/avg): 5/10/5.5 | reward(game/avg): 21940/17528 | 1.30 games/s | ETA: 324s
[gpu0] [ 579/1000] samples:  28950 | chain(game/max/avg): 6/10/5.5 | reward(game/avg): 18850/17530 | 1.30 games/s | ETA: 323s
[gpu0] [ 580/1000] samples:  29000 | chain(game/max/avg): 5/10/5.5 | reward(game/avg): 12560/17522 | 1.31 games/s | ETA: 322s
[gpu0] [ 581/1000] samples:  29050 | chain(game/max/avg): 5/10/5.5 | reward(game/avg): 19320/17525 | 1.31 games/s | ETA: 320s
[gpu0] [ 582/1000] samples:  29100 | chain(game/max/avg): 7/10/5.5 | reward(game/avg): 24440/17537 | 1.31 games/s | ETA: 319s
[gpu0] [ 583/1000] samples:  29150 | chain(game/max/avg): 5/10/5.5 | reward(game/avg): 14030/17531 | 1.31 games/s | ETA: 318s
[gpu0] [ 584/1000] samples:  29200 | chain(game/max/avg): 5/10/5.5 | reward(game/avg): 21720/17538 | 1.31 games/s | ETA: 316s
[gpu0] [ 585/1000] samples:  29250 | chain(game/max/avg): 5/10/5.5 | reward(game/avg): 16060/17536 | 1.32 games/s | ETA: 315s
[gpu0] [ 586/1000] samples:  29300 | chain(game/max/avg): 5/10/5.5 | reward(game/avg): 14950/17531 | 1.32 games/s | ETA: 314s
[gpu0] [ 587/1000] samples:  29350 | chain(game/max/avg): 5/10/5.5 | reward(game/avg): 9540/17517 | 1.32 games/s | ETA: 312s
[gpu0] [ 588/1000] samples:  29400 | chain(game/max/avg): 6/10/5.5 | reward(game/avg): 20830/17523 | 1.32 games/s | ETA: 311s
[gpu0] [ 589/1000] samples:  29450 | chain(game/max/avg): 6/10/5.5 | reward(game/avg): 26460/17538 | 1.33 games/s | ETA: 310s
[gpu0] [ 590/1000] samples:  29500 | chain(game/max/avg): 6/10/5.5 | reward(game/avg): 20410/17543 | 1.33 games/s | ETA: 309s
[gpu0] [ 591/1000] samples:  29550 | chain(game/max/avg): 5/10/5.5 | reward(game/avg): 15490/17540 | 1.33 games/s | ETA: 307s
[gpu0] [ 592/1000] samples:  29600 | chain(game/max/avg): 5/10/5.5 | reward(game/avg): 16140/17537 | 1.33 games/s | ETA: 306s
[gpu0] [ 593/1000] samples:  29650 | chain(game/max/avg): 6/10/5.5 | reward(game/avg): 20040/17542 | 1.34 games/s | ETA: 305s
[gpu0] [ 594/1000] samples:  29700 | chain(game/max/avg): 7/10/5.5 | reward(game/avg): 37420/17575 | 1.34 games/s | ETA: 304s
[gpu0] [ 595/1000] samples:  29750 | chain(game/max/avg): 5/10/5.5 | reward(game/avg): 15200/17571 | 1.34 games/s | ETA: 302s
[gpu0] [ 596/1000] samples:  29800 | chain(game/max/avg): 7/10/5.5 | reward(game/avg): 37300/17604 | 1.34 games/s | ETA: 301s
[gpu0] [ 597/1000] samples:  29850 | chain(game/max/avg): 6/10/5.5 | reward(game/avg): 15900/17601 | 1.34 games/s | ETA: 300s
[gpu0] [ 598/1000] samples:  29900 | chain(game/max/avg): 6/10/5.5 | reward(game/avg): 31180/17624 | 1.35 games/s | ETA: 299s
[gpu0] [ 599/1000] samples:  29950 | chain(game/max/avg): 5/10/5.5 | reward(game/avg): 13520/17617 | 1.35 games/s | ETA: 297s
[gpu0] [ 600/1000] samples:  30000 | chain(game/max/avg): 5/10/5.5 | reward(game/avg): 13490/17610 | 1.35 games/s | ETA: 296s
[gpu0] [ 601/1000] samples:  30050 | chain(game/max/avg): 6/10/5.5 | reward(game/avg): 15240/17606 | 1.35 games/s | ETA: 295s
[gpu0] [ 602/1000] samples:  30100 | chain(game/max/avg): 5/10/5.5 | reward(game/avg): 12380/17598 | 1.36 games/s | ETA: 294s
[gpu0] [ 603/1000] samples:  30150 | chain(game/max/avg): 6/10/5.5 | reward(game/avg): 22070/17605 | 1.36 games/s | ETA: 292s
[gpu0] [ 604/1000] samples:  30200 | chain(game/max/avg): 4/10/5.5 | reward(game/avg): 12130/17596 | 1.36 games/s | ETA: 291s
[gpu0] [ 605/1000] samples:  30300 | chain(game/max/avg): 8/10/5.5 | reward(game/avg): 29920/17642 | 1.36 games/s | ETA: 290s
[gpu0] [ 606/1000] samples:  30300 | chain(game/max/avg): 5/10/5.5 | reward(game/avg): 15510/17613 | 1.36 games/s | ETA: 289s
[gpu0] [ 607/1000] samples:  30350 | chain(game/max/avg): 6/10/5.5 | reward(game/avg): 25940/17627 | 1.37 games/s | ETA: 288s
[gpu0] [ 608/1000] samples:  30400 | chain(game/max/avg): 5/10/5.5 | reward(game/avg): 23240/17636 | 1.37 games/s | ETA: 286s
[gpu0] [ 609/1000] samples:  30450 | chain(game/max/avg): 4/10/5.5 | reward(game/avg): 6240/17617 | 1.37 games/s | ETA: 285s
[gpu0] [ 610/1000] samples:  30500 | chain(game/max/avg): 5/10/5.5 | reward(game/avg): 11460/17607 | 1.37 games/s | ETA: 284s
[gpu0] [ 611/1000] samples:  30550 | chain(game/max/avg): 5/10/5.5 | reward(game/avg): 13000/17599 | 1.38 games/s | ETA: 283s
[gpu0] [ 612/1000] samples:  30600 | chain(game/max/avg): 5/10/5.5 | reward(game/avg): 12130/17591 | 1.38 games/s | ETA: 282s
[gpu0] [ 613/1000] samples:  30650 | chain(game/max/avg): 5/10/5.5 | reward(game/avg): 10140/17578 | 1.38 games/s | ETA: 280s
[gpu0] [ 614/1000] samples:  30700 | chain(game/max/avg): 7/10/5.5 | reward(game/avg): 25730/17592 | 1.38 games/s | ETA: 279s
[gpu0] [ 615/1000] samples:  30750 | chain(game/max/avg): 5/10/5.5 | reward(game/avg): 17140/17591 | 1.38 games/s | ETA: 278s
[gpu0] [ 616/1000] samples:  30800 | chain(game/max/avg): 5/10/5.5 | reward(game/avg): 15790/17588 | 1.39 games/s | ETA: 277s
[gpu0] [ 617/1000] samples:  30850 | chain(game/max/avg): 4/10/5.5 | reward(game/avg): 8860/17574 | 1.39 games/s | ETA: 276s
[gpu0] [ 618/1000] samples:  30900 | chain(game/max/avg): 6/10/5.5 | reward(game/avg): 22320/17582 | 1.39 games/s | ETA: 275s
[gpu0] [ 619/1000] samples:  30950 | chain(game/max/avg): 5/10/5.5 | reward(game/avg): 12880/17574 | 1.39 games/s | ETA: 273s
[gpu0] [ 620/1000] samples:  31000 | chain(game/max/avg): 5/10/5.5 | reward(game/avg): 14000/17568 | 1.40 games/s | ETA: 272s
[gpu0] [ 621/1000] samples:  31050 | chain(game/max/avg): 6/10/5.5 | reward(game/avg): 16380/17566 | 1.40 games/s | ETA: 271s
[gpu0] [ 622/1000] samples:  31100 | chain(game/max/avg): 5/10/5.5 | reward(game/avg): 14230/17561 | 1.40 games/s | ETA: 270s
[gpu0] [ 623/1000] samples:  31150 | chain(game/max/avg): 4/10/5.5 | reward(game/avg): 9280/17548 | 1.40 games/s | ETA: 269s
[gpu0] [ 624/1000] samples:  31200 | chain(game/max/avg): 4/10/5.5 | reward(game/avg): 7160/17531 | 1.40 games/s | ETA: 268s
[gpu0] [ 625/1000] samples:  31250 | chain(game/max/avg): 9/10/5.5 | reward(game/avg): 53740/17589 | 1.41 games/s | ETA: 267s
[gpu0] [ 626/1000] samples:  31300 | chain(game/max/avg): 5/10/5.5 | reward(game/avg): 15380/17585 | 1.41 games/s | ETA: 265s
[gpu0] [ 627/1000] samples:  31350 | chain(game/max/avg): 5/10/5.5 | reward(game/avg): 18130/17586 | 1.41 games/s | ETA: 264s
[gpu0] [ 628/1000] samples:  31400 | chain(game/max/avg): 7/10/5.5 | reward(game/avg): 24640/17597 | 1.41 games/s | ETA: 263s
[gpu0] [ 629/1000] samples:  31450 | chain(game/max/avg): 6/10/5.5 | reward(game/avg): 18820/17599 | 1.42 games/s | ETA: 262s
[gpu0] [ 630/1000] samples:  31500 | chain(game/max/avg): 6/10/5.5 | reward(game/avg): 21020/17605 | 1.42 games/s | ETA: 261s
[gpu0] [ 631/1000] samples:  31550 | chain(game/max/avg): 6/10/5.5 | reward(game/avg): 22240/17612 | 1.42 games/s | ETA: 260s
[gpu0] [ 632/1000] samples:  31600 | chain(game/max/avg): 5/10/5.5 | reward(game/avg): 11770/17603 | 1.42 games/s | ETA: 259s
[gpu0] [ 633/1000] samples:  31650 | chain(game/max/avg): 3/10/5.5 | reward(game/avg): 5410/17584 | 1.42 games/s | ETA: 258s
[gpu0] [ 634/1000] samples:  31700 | chain(game/max/avg): 5/10/5.5 | reward(game/avg): 14590/17579 | 1.43 games/s | ETA: 256s
[gpu0] [ 635/1000] samples:  31750 | chain(game/max/avg): 5/10/5.5 | reward(game/avg): 18800/17581 | 1.43 games/s | ETA: 255s
[gpu0] [ 636/1000] samples:  31800 | chain(game/max/avg): 6/10/5.5 | reward(game/avg): 24430/17592 | 1.43 games/s | ETA: 254s
[gpu0] [ 637/1000] samples:  31850 | chain(game/max/avg): 5/10/5.5 | reward(game/avg): 12240/17583 | 1.43 games/s | ETA: 253s
[gpu0] [ 638/1000] samples:  31900 | chain(game/max/avg): 5/10/5.5 | reward(game/avg): 14920/17579 | 1.44 games/s | ETA: 252s
[gpu0] [ 639/1000] samples:  31950 | chain(game/max/avg): 6/10/5.5 | reward(game/avg): 21340/17585 | 1.44 games/s | ETA: 251s
[gpu0] [ 640/1000] samples:  32000 | chain(game/max/avg): 6/10/5.5 | reward(game/avg): 17320/17585 | 1.44 games/s | ETA: 250s
[gpu0] [ 641/1000] samples:  32050 | chain(game/max/avg): 6/10/5.5 | reward(game/avg): 18830/17586 | 1.44 games/s | ETA: 249s
[gpu0] [ 642/1000] samples:  32100 | chain(game/max/avg): 5/10/5.5 | reward(game/avg): 11240/17577 | 1.45 games/s | ETA: 248s
[gpu0] [ 643/1000] samples:  32150 | chain(game/max/avg): 5/10/5.5 | reward(game/avg): 17020/17576 | 1.45 games/s | ETA: 247s
[gpu0] [ 644/1000] samples:  32200 | chain(game/max/avg): 5/10/5.5 | reward(game/avg): 10580/17565 | 1.45 games/s | ETA: 246s
[gpu0] [ 645/1000] samples:  32250 | chain(game/max/avg): 7/10/5.5 | reward(game/avg): 19090/17567 | 1.45 games/s | ETA: 245s
[gpu0] [ 646/1000] samples:  32300 | chain(game/max/avg): 5/10/5.5 | reward(game/avg): 13420/17561 | 1.45 games/s | ETA: 243s
[gpu0] [ 647/1000] samples:  32350 | chain(game/max/avg): 4/10/5.5 | reward(game/avg): 6720/17544 | 1.46 games/s | ETA: 242s
[gpu0] [ 649/1000] samples:  32450 | chain(game/max/avg): 6/10/5.5 | reward(game/avg): 21060/17558 | 1.46 games/s | ETA: 240s
[gpu0] [ 648/1000] samples:  32450 | chain(game/max/avg): 7/10/5.5 | reward(game/avg): 22880/17585 | 1.46 games/s | ETA: 241s
[gpu0] [ 650/1000] samples:  32500 | chain(game/max/avg): 4/10/5.5 | reward(game/avg): 10760/17547 | 1.46 games/s | ETA: 239s
[gpu0] [ 652/1000] samples:  32600 | chain(game/max/avg): 5/10/5.5 | reward(game/avg): 18620/17546 | 1.47 games/s | ETA: 237s
[gpu0] [ 651/1000] samples:  32600 | chain(game/max/avg): 5/10/5.5 | reward(game/avg): 15620/17573 | 1.47 games/s | ETA: 238s
[gpu0] [ 653/1000] samples:  32650 | chain(game/max/avg): 3/10/5.5 | reward(game/avg): 6220/17529 | 1.47 games/s | ETA: 236s
[gpu0] [ 654/1000] samples:  32700 | chain(game/max/avg): 5/10/5.5 | reward(game/avg): 17660/17529 | 1.47 games/s | ETA: 235s
[gpu0] [ 655/1000] samples:  32750 | chain(game/max/avg): 5/10/5.5 | reward(game/avg): 16720/17528 | 1.47 games/s | ETA: 234s
[gpu0] [ 656/1000] samples:  32800 | chain(game/max/avg): 5/10/5.5 | reward(game/avg): 13780/17522 | 1.48 games/s | ETA: 233s
[gpu0] [ 657/1000] samples:  32850 | chain(game/max/avg): 7/10/5.5 | reward(game/avg): 22220/17529 | 1.48 games/s | ETA: 232s
[gpu0] [ 658/1000] samples:  32900 | chain(game/max/avg): 5/10/5.5 | reward(game/avg): 16000/17527 | 1.48 games/s | ETA: 231s
[gpu0] [ 659/1000] samples:  32950 | chain(game/max/avg): 5/10/5.5 | reward(game/avg): 16180/17525 | 1.48 games/s | ETA: 230s
[gpu0] [ 660/1000] samples:  33000 | chain(game/max/avg): 4/10/5.5 | reward(game/avg): 11600/17516 | 1.49 games/s | ETA: 229s
[gpu0] [ 661/1000] samples:  33050 | chain(game/max/avg): 6/10/5.5 | reward(game/avg): 27790/17531 | 1.49 games/s | ETA: 228s
[gpu0] [ 662/1000] samples:  33100 | chain(game/max/avg): 6/10/5.5 | reward(game/avg): 19170/17534 | 1.49 games/s | ETA: 227s
[gpu0] [ 663/1000] samples:  33150 | chain(game/max/avg): 5/10/5.5 | reward(game/avg): 12160/17526 | 1.49 games/s | ETA: 226s
[gpu0] [ 664/1000] samples:  33200 | chain(game/max/avg): 5/10/5.5 | reward(game/avg): 12520/17518 | 1.49 games/s | ETA: 225s
[gpu0] [ 665/1000] samples:  33250 | chain(game/max/avg): 5/10/5.5 | reward(game/avg): 21980/17525 | 1.50 games/s | ETA: 224s
[gpu0] [ 666/1000] samples:  33300 | chain(game/max/avg): 6/10/5.5 | reward(game/avg): 24490/17535 | 1.50 games/s | ETA: 223s
[gpu0] [ 667/1000] samples:  33350 | chain(game/max/avg): 6/10/5.5 | reward(game/avg): 18240/17536 | 1.50 games/s | ETA: 222s
[gpu0] [ 668/1000] samples:  33400 | chain(game/max/avg): 6/10/5.5 | reward(game/avg): 31900/17558 | 1.50 games/s | ETA: 221s
[gpu0] [ 669/1000] samples:  33450 | chain(game/max/avg): 5/10/5.5 | reward(game/avg): 12480/17550 | 1.51 games/s | ETA: 220s
[gpu0] [ 670/1000] samples:  33500 | chain(game/max/avg): 7/10/5.5 | reward(game/avg): 21420/17556 | 1.51 games/s | ETA: 219s
[gpu0] [ 671/1000] samples:  33550 | chain(game/max/avg): 5/10/5.5 | reward(game/avg): 14380/17551 | 1.51 games/s | ETA: 218s
[gpu0] [ 672/1000] samples:  33600 | chain(game/max/avg): 6/10/5.5 | reward(game/avg): 20740/17556 | 1.51 games/s | ETA: 217s
[gpu0] [ 673/1000] samples:  33650 | chain(game/max/avg): 6/10/5.5 | reward(game/avg): 17080/17555 | 1.51 games/s | ETA: 216s
[gpu0] [ 674/1000] samples:  33700 | chain(game/max/avg): 4/10/5.5 | reward(game/avg): 11550/17546 | 1.52 games/s | ETA: 215s
[gpu0] [ 675/1000] samples:  33750 | chain(game/max/avg): 5/10/5.5 | reward(game/avg): 10400/17536 | 1.52 games/s | ETA: 214s
[gpu0] [ 676/1000] samples:  33800 | chain(game/max/avg): 5/10/5.5 | reward(game/avg): 15880/17533 | 1.52 games/s | ETA: 213s
[gpu0] [ 677/1000] samples:  33850 | chain(game/max/avg): 5/10/5.5 | reward(game/avg): 10980/17524 | 1.52 games/s | ETA: 212s
[gpu0] [ 678/1000] samples:  33900 | chain(game/max/avg): 7/10/5.5 | reward(game/avg): 27660/17539 | 1.53 games/s | ETA: 211s
[gpu0] [ 679/1000] samples:  33950 | chain(game/max/avg): 7/10/5.5 | reward(game/avg): 26740/17552 | 1.53 games/s | ETA: 210s
[gpu0] [ 680/1000] samples:  34000 | chain(game/max/avg): 5/10/5.5 | reward(game/avg): 11700/17544 | 1.53 games/s | ETA: 209s
[gpu0] [ 681/1000] samples:  34050 | chain(game/max/avg): 5/10/5.5 | reward(game/avg): 13850/17538 | 1.53 games/s | ETA: 208s
[gpu0] [ 682/1000] samples:  34100 | chain(game/max/avg): 5/10/5.5 | reward(game/avg): 13680/17532 | 1.53 games/s | ETA: 207s
[gpu0] [ 683/1000] samples:  34150 | chain(game/max/avg): 5/10/5.5 | reward(game/avg): 12700/17525 | 1.54 games/s | ETA: 206s
[gpu0] [ 684/1000] samples:  34200 | chain(game/max/avg): 6/10/5.5 | reward(game/avg): 24140/17535 | 1.54 games/s | ETA: 205s
[gpu0] [ 685/1000] samples:  34250 | chain(game/max/avg): 7/10/5.5 | reward(game/avg): 26920/17549 | 1.54 games/s | ETA: 204s
[gpu0] [ 686/1000] samples:  34300 | chain(game/max/avg): 6/10/5.5 | reward(game/avg): 32720/17571 | 1.54 games/s | ETA: 203s
[gpu0] [ 687/1000] samples:  34350 | chain(game/max/avg): 6/10/5.5 | reward(game/avg): 20960/17576 | 1.55 games/s | ETA: 202s
[gpu0] [ 688/1000] samples:  34400 | chain(game/max/avg): 7/10/5.5 | reward(game/avg): 23220/17584 | 1.55 games/s | ETA: 202s
[gpu0] [ 689/1000] samples:  34450 | chain(game/max/avg): 6/10/5.5 | reward(game/avg): 18090/17585 | 1.55 games/s | ETA: 201s
[gpu0] [ 690/1000] samples:  34500 | chain(game/max/avg): 6/10/5.5 | reward(game/avg): 21160/17590 | 1.55 games/s | ETA: 200s
[gpu0] [ 691/1000] samples:  34550 | chain(game/max/avg): 5/10/5.5 | reward(game/avg): 13270/17584 | 1.56 games/s | ETA: 199s
[gpu0] [ 692/1000] samples:  34600 | chain(game/max/avg): 4/10/5.5 | reward(game/avg): 12000/17576 | 1.56 games/s | ETA: 198s
[gpu0] [ 693/1000] samples:  34650 | chain(game/max/avg): 4/10/5.5 | reward(game/avg): 8480/17562 | 1.56 games/s | ETA: 197s
[gpu0] [ 694/1000] samples:  34700 | chain(game/max/avg): 7/10/5.5 | reward(game/avg): 25280/17574 | 1.56 games/s | ETA: 196s
[gpu0] [ 695/1000] samples:  34750 | chain(game/max/avg): 5/10/5.5 | reward(game/avg): 13600/17568 | 1.56 games/s | ETA: 195s
[gpu0] [ 696/1000] samples:  34800 | chain(game/max/avg): 5/10/5.5 | reward(game/avg): 17750/17568 | 1.57 games/s | ETA: 194s
[gpu0] [ 697/1000] samples:  34850 | chain(game/max/avg): 4/10/5.5 | reward(game/avg): 8380/17555 | 1.57 games/s | ETA: 193s
[gpu0] [ 698/1000] samples:  34900 | chain(game/max/avg): 5/10/5.5 | reward(game/avg): 11510/17546 | 1.57 games/s | ETA: 192s
[gpu0] [ 699/1000] samples:  34950 | chain(game/max/avg): 6/10/5.5 | reward(game/avg): 19810/17550 | 1.57 games/s | ETA: 191s
[gpu0] [ 700/1000] samples:  35000 | chain(game/max/avg): 5/10/5.5 | reward(game/avg): 14000/17544 | 1.58 games/s | ETA: 190s
[gpu0] [ 701/1000] samples:  35050 | chain(game/max/avg): 5/10/5.5 | reward(game/avg): 12660/17537 | 1.58 games/s | ETA: 190s
[gpu0] [ 702/1000] samples:  35100 | chain(game/max/avg): 5/10/5.5 | reward(game/avg): 18680/17539 | 1.58 games/s | ETA: 189s
[gpu0] [ 703/1000] samples:  35150 | chain(game/max/avg): 5/10/5.5 | reward(game/avg): 16440/17538 | 1.58 games/s | ETA: 188s
[gpu0] [ 704/1000] samples:  35200 | chain(game/max/avg): 4/10/5.5 | reward(game/avg): 10950/17528 | 1.58 games/s | ETA: 187s
[gpu0] [ 705/1000] samples:  35250 | chain(game/max/avg): 6/10/5.5 | reward(game/avg): 20400/17532 | 1.59 games/s | ETA: 186s
[gpu0] [ 706/1000] samples:  35300 | chain(game/max/avg): 4/10/5.5 | reward(game/avg): 13010/17526 | 1.59 games/s | ETA: 185s
[gpu0] [ 707/1000] samples:  35350 | chain(game/max/avg): 5/10/5.5 | reward(game/avg): 13480/17520 | 1.59 games/s | ETA: 184s
[gpu0] [ 708/1000] samples:  35400 | chain(game/max/avg): 6/10/5.5 | reward(game/avg): 20900/17525 | 1.59 games/s | ETA: 183s
[gpu0] [ 709/1000] samples:  35450 | chain(game/max/avg): 8/10/5.5 | reward(game/avg): 38770/17555 | 1.60 games/s | ETA: 182s
[gpu0] [ 710/1000] samples:  35500 | chain(game/max/avg): 5/10/5.5 | reward(game/avg): 19700/17558 | 1.60 games/s | ETA: 182s
[gpu0] [ 711/1000] samples:  35550 | chain(game/max/avg): 5/10/5.5 | reward(game/avg): 10900/17549 | 1.60 games/s | ETA: 181s
[gpu0] [ 712/1000] samples:  35600 | chain(game/max/avg): 6/10/5.5 | reward(game/avg): 17830/17549 | 1.60 games/s | ETA: 180s
[gpu0] [ 713/1000] samples:  35650 | chain(game/max/avg): 4/10/5.5 | reward(game/avg): 12760/17542 | 1.60 games/s | ETA: 179s
[gpu0] [ 714/1000] samples:  35700 | chain(game/max/avg): 4/10/5.5 | reward(game/avg): 13920/17537 | 1.61 games/s | ETA: 178s
[gpu0] [ 715/1000] samples:  35750 | chain(game/max/avg): 6/10/5.5 | reward(game/avg): 22400/17544 | 1.61 games/s | ETA: 177s
[gpu0] [ 718/1000] samples:  35900 | chain(game/max/avg): 8/10/5.5 | reward(game/avg): 34150/17573 | 1.62 games/s | ETA: 175s
[gpu0] [ 717/1000] samples:  35900 | chain(game/max/avg): 6/10/5.5 | reward(game/avg): 17930/17598 | 1.61 games/s | ETA: 175s
[gpu0] [ 716/1000] samples:  35800 | chain(game/max/avg): 6/10/5.5 | reward(game/avg): 21700/17550 | 1.61 games/s | ETA: 176s
[gpu0] [ 719/1000] samples:  35950 | chain(game/max/avg): 6/10/5.5 | reward(game/avg): 16620/17572 | 1.62 games/s | ETA: 174s
[gpu0] [ 720/1000] samples:  36000 | chain(game/max/avg): 5/10/5.5 | reward(game/avg): 16720/17571 | 1.62 games/s | ETA: 173s
[gpu0] [ 721/1000] samples:  36050 | chain(game/max/avg): 5/10/5.5 | reward(game/avg): 16940/17570 | 1.62 games/s | ETA: 172s
[gpu0] [ 722/1000] samples:  36100 | chain(game/max/avg): 7/10/5.5 | reward(game/avg): 20400/17574 | 1.62 games/s | ETA: 171s
[gpu0] [ 723/1000] samples:  36150 | chain(game/max/avg): 6/10/5.5 | reward(game/avg): 24660/17584 | 1.63 games/s | ETA: 170s
[gpu0] [ 724/1000] samples:  36200 | chain(game/max/avg): 6/10/5.5 | reward(game/avg): 19420/17586 | 1.63 games/s | ETA: 169s
[gpu0] [ 725/1000] samples:  36250 | chain(game/max/avg): 5/10/5.5 | reward(game/avg): 12800/17580 | 1.63 games/s | ETA: 169s
[gpu0] [ 726/1000] samples:  36300 | chain(game/max/avg): 5/10/5.5 | reward(game/avg): 15440/17577 | 1.63 games/s | ETA: 168s
[gpu0] [ 727/1000] samples:  36350 | chain(game/max/avg): 6/10/5.5 | reward(game/avg): 12220/17569 | 1.64 games/s | ETA: 167s
[gpu0] [ 728/1000] samples:  36400 | chain(game/max/avg): 5/10/5.5 | reward(game/avg): 13980/17564 | 1.64 games/s | ETA: 166s
[gpu0] [ 729/1000] samples:  36450 | chain(game/max/avg): 5/10/5.5 | reward(game/avg): 12080/17557 | 1.64 games/s | ETA: 165s
[gpu0] [ 730/1000] samples:  36500 | chain(game/max/avg): 5/10/5.5 | reward(game/avg): 17340/17557 | 1.64 games/s | ETA: 164s
[gpu0] [ 731/1000] samples:  36550 | chain(game/max/avg): 6/10/5.5 | reward(game/avg): 19280/17559 | 1.64 games/s | ETA: 164s
[gpu0] [ 732/1000] samples:  36600 | chain(game/max/avg): 6/10/5.5 | reward(game/avg): 18340/17560 | 1.65 games/s | ETA: 163s
[gpu0] [ 733/1000] samples:  36650 | chain(game/max/avg): 8/10/5.5 | reward(game/avg): 31040/17578 | 1.65 games/s | ETA: 162s
[gpu0] [ 734/1000] samples:  36700 | chain(game/max/avg): 5/10/5.5 | reward(game/avg): 11620/17570 | 1.65 games/s | ETA: 161s
[gpu0] [ 735/1000] samples:  36750 | chain(game/max/avg): 7/10/5.5 | reward(game/avg): 33380/17592 | 1.65 games/s | ETA: 160s
[gpu0] [ 736/1000] samples:  36800 | chain(game/max/avg): 7/10/5.5 | reward(game/avg): 24720/17601 | 1.66 games/s | ETA: 159s
[gpu0] [ 737/1000] samples:  36850 | chain(game/max/avg): 4/10/5.5 | reward(game/avg): 10920/17592 | 1.66 games/s | ETA: 159s
[gpu0] [ 738/1000] samples:  36900 | chain(game/max/avg): 7/10/5.5 | reward(game/avg): 23340/17600 | 1.66 games/s | ETA: 158s
[gpu0] [ 739/1000] samples:  36950 | chain(game/max/avg): 5/10/5.5 | reward(game/avg): 14380/17596 | 1.66 games/s | ETA: 157s
[gpu0] [ 740/1000] samples:  37000 | chain(game/max/avg): 5/10/5.5 | reward(game/avg): 17100/17595 | 1.67 games/s | ETA: 156s
[gpu0] [ 741/1000] samples:  37050 | chain(game/max/avg): 6/10/5.5 | reward(game/avg): 17140/17595 | 1.67 games/s | ETA: 155s
[gpu0] [ 742/1000] samples:  37100 | chain(game/max/avg): 7/10/5.5 | reward(game/avg): 35440/17619 | 1.67 games/s | ETA: 155s
[gpu0] [ 743/1000] samples:  37150 | chain(game/max/avg): 5/10/5.5 | reward(game/avg): 15820/17616 | 1.67 games/s | ETA: 154s
[gpu0] [ 744/1000] samples:  37200 | chain(game/max/avg): 5/10/5.5 | reward(game/avg): 14440/17612 | 1.67 games/s | ETA: 153s
[gpu0] [ 745/1000] samples:  37250 | chain(game/max/avg): 7/10/5.5 | reward(game/avg): 32640/17632 | 1.68 games/s | ETA: 152s
[gpu0] [ 746/1000] samples:  37300 | chain(game/max/avg): 6/10/5.5 | reward(game/avg): 17710/17632 | 1.68 games/s | ETA: 151s
[gpu0] [ 747/1000] samples:  37350 | chain(game/max/avg): 5/10/5.5 | reward(game/avg): 14450/17628 | 1.68 games/s | ETA: 151s
[gpu0] [ 748/1000] samples:  37400 | chain(game/max/avg): 4/10/5.5 | reward(game/avg): 13110/17622 | 1.68 games/s | ETA: 150s
[gpu0] [ 749/1000] samples:  37450 | chain(game/max/avg): 6/10/5.5 | reward(game/avg): 22740/17629 | 1.69 games/s | ETA: 149s
[gpu0] [ 750/1000] samples:  37500 | chain(game/max/avg): 6/10/5.5 | reward(game/avg): 20890/17633 | 1.69 games/s | ETA: 148s
[gpu0] [ 751/1000] samples:  37550 | chain(game/max/avg): 5/10/5.5 | reward(game/avg): 12510/17626 | 1.69 games/s | ETA: 147s
[gpu0] [ 752/1000] samples:  37600 | chain(game/max/avg): 5/10/5.5 | reward(game/avg): 13190/17620 | 1.69 games/s | ETA: 147s
[gpu0] [ 753/1000] samples:  37650 | chain(game/max/avg): 4/10/5.5 | reward(game/avg): 9900/17610 | 1.69 games/s | ETA: 146s
[gpu0] [ 754/1000] samples:  37700 | chain(game/max/avg): 7/10/5.5 | reward(game/avg): 22780/17617 | 1.70 games/s | ETA: 145s
[gpu0] [ 755/1000] samples:  37750 | chain(game/max/avg): 6/10/5.5 | reward(game/avg): 25980/17628 | 1.70 games/s | ETA: 144s
[gpu0] [ 756/1000] samples:  37800 | chain(game/max/avg): 6/10/5.5 | reward(game/avg): 12740/17622 | 1.70 games/s | ETA: 143s
[gpu0] [ 760/1000] samples:  38000 | chain(game/max/avg): 6/10/5.5 | reward(game/avg): 15500/17602 | 1.71 games/s | ETA: 140s
[gpu0] [ 758/1000] samples:  37900 | chain(game/max/avg): 5/10/5.5 | reward(game/avg): 12130/17606 | 1.71 games/s | ETA: 142s
[gpu0] [ 759/1000] samples:  37950 | chain(game/max/avg): 5/10/5.5 | reward(game/avg): 16280/17604 | 1.71 games/s | ETA: 141s
[gpu0] [ 757/1000] samples:  37850 | chain(game/max/avg): 4/10/5.5 | reward(game/avg): 11350/17613 | 1.70 games/s | ETA: 143s
[gpu0] [ 761/1000] samples:  38050 | chain(game/max/avg): 5/10/5.5 | reward(game/avg): 16000/17599 | 1.71 games/s | ETA: 140s
[gpu0] [ 762/1000] samples:  38100 | chain(game/max/avg): 6/10/5.5 | reward(game/avg): 17310/17599 | 1.71 games/s | ETA: 139s
[gpu0] [ 763/1000] samples:  38150 | chain(game/max/avg): 4/10/5.5 | reward(game/avg): 11320/17591 | 1.72 games/s | ETA: 138s
[gpu0] [ 764/1000] samples:  38200 | chain(game/max/avg): 6/10/5.5 | reward(game/avg): 18640/17592 | 1.72 games/s | ETA: 137s
[gpu0] [ 765/1000] samples:  38250 | chain(game/max/avg): 6/10/5.5 | reward(game/avg): 15800/17590 | 1.72 games/s | ETA: 137s
[gpu0] [ 766/1000] samples:  38300 | chain(game/max/avg): 6/10/5.5 | reward(game/avg): 16960/17589 | 1.72 games/s | ETA: 136s
[gpu0] [ 767/1000] samples:  38350 | chain(game/max/avg): 7/10/5.5 | reward(game/avg): 24740/17598 | 1.73 games/s | ETA: 135s
[gpu0] [ 768/1000] samples:  38400 | chain(game/max/avg): 6/10/5.5 | reward(game/avg): 24330/17607 | 1.73 games/s | ETA: 134s
[gpu0] [ 769/1000] samples:  38450 | chain(game/max/avg): 5/10/5.5 | reward(game/avg): 14530/17603 | 1.73 games/s | ETA: 134s
[gpu0] [ 770/1000] samples:  38500 | chain(game/max/avg): 6/10/5.5 | reward(game/avg): 17770/17603 | 1.73 games/s | ETA: 133s
[gpu0] [ 771/1000] samples:  38600 | chain(game/max/avg): 6/10/5.5 | reward(game/avg): 13840/17613 | 1.73 games/s | ETA: 132s
[gpu0] [ 772/1000] samples:  38600 | chain(game/max/avg): 5/10/5.5 | reward(game/avg): 11560/17591 | 1.74 games/s | ETA: 131s
[gpu0] [ 773/1000] samples:  38650 | chain(game/max/avg): 5/10/5.5 | reward(game/avg): 14910/17587 | 1.74 games/s | ETA: 131s
[gpu0] [ 774/1000] samples:  38700 | chain(game/max/avg): 5/10/5.5 | reward(game/avg): 11460/17579 | 1.74 games/s | ETA: 130s
[gpu0] [ 775/1000] samples:  38750 | chain(game/max/avg): 5/10/5.5 | reward(game/avg): 18720/17581 | 1.74 games/s | ETA: 129s
[gpu0] [ 776/1000] samples:  38800 | chain(game/max/avg): 5/10/5.5 | reward(game/avg): 10220/17571 | 1.75 games/s | ETA: 128s
[gpu0] [ 777/1000] samples:  38850 | chain(game/max/avg): 5/10/5.5 | reward(game/avg): 13060/17565 | 1.75 games/s | ETA: 128s
[gpu0] [ 778/1000] samples:  38900 | chain(game/max/avg): 5/10/5.5 | reward(game/avg): 13410/17560 | 1.75 games/s | ETA: 127s
[gpu0] [ 779/1000] samples:  38950 | chain(game/max/avg): 6/10/5.5 | reward(game/avg): 20160/17563 | 1.75 games/s | ETA: 126s
[gpu0] [ 780/1000] samples:  39000 | chain(game/max/avg): 5/10/5.5 | reward(game/avg): 15880/17561 | 1.75 games/s | ETA: 125s
[gpu0] [ 781/1000] samples:  39050 | chain(game/max/avg): 7/10/5.5 | reward(game/avg): 19200/17563 | 1.76 games/s | ETA: 125s
[gpu0] [ 782/1000] samples:  39100 | chain(game/max/avg): 7/10/5.5 | reward(game/avg): 23400/17571 | 1.76 games/s | ETA: 124s
[gpu0] [ 783/1000] samples:  39150 | chain(game/max/avg): 5/10/5.5 | reward(game/avg): 15580/17568 | 1.76 games/s | ETA: 123s
[gpu0] [ 784/1000] samples:  39200 | chain(game/max/avg): 5/10/5.5 | reward(game/avg): 12740/17562 | 1.76 games/s | ETA: 122s
[gpu0] [ 785/1000] samples:  39250 | chain(game/max/avg): 4/10/5.5 | reward(game/avg): 11790/17555 | 1.77 games/s | ETA: 122s
[gpu0] [ 786/1000] samples:  39300 | chain(game/max/avg): 5/10/5.5 | reward(game/avg): 14800/17551 | 1.77 games/s | ETA: 121s
[gpu0] [ 787/1000] samples:  39350 | chain(game/max/avg): 6/10/5.5 | reward(game/avg): 21270/17556 | 1.77 games/s | ETA: 120s
[gpu0] [ 788/1000] samples:  39400 | chain(game/max/avg): 5/10/5.5 | reward(game/avg): 15160/17553 | 1.77 games/s | ETA: 120s
[gpu0] [ 789/1000] samples:  39450 | chain(game/max/avg): 5/10/5.5 | reward(game/avg): 19640/17556 | 1.78 games/s | ETA: 119s
[gpu0] [ 790/1000] samples:  39500 | chain(game/max/avg): 6/10/5.5 | reward(game/avg): 20330/17559 | 1.78 games/s | ETA: 118s
[gpu0] [ 791/1000] samples:  39550 | chain(game/max/avg): 6/10/5.5 | reward(game/avg): 16850/17558 | 1.78 games/s | ETA: 117s
[gpu0] [ 792/1000] samples:  39600 | chain(game/max/avg): 5/10/5.5 | reward(game/avg): 19590/17561 | 1.78 games/s | ETA: 117s
[gpu0] [ 793/1000] samples:  39650 | chain(game/max/avg): 7/10/5.5 | reward(game/avg): 28500/17575 | 1.78 games/s | ETA: 116s
[gpu0] [ 794/1000] samples:  39700 | chain(game/max/avg): 5/10/5.5 | reward(game/avg): 13780/17570 | 1.79 games/s | ETA: 115s
[gpu0] [ 795/1000] samples:  39750 | chain(game/max/avg): 6/10/5.5 | reward(game/avg): 16820/17569 | 1.79 games/s | ETA: 115s
[gpu0] [ 796/1000] samples:  39800 | chain(game/max/avg): 7/10/5.5 | reward(game/avg): 19640/17571 | 1.79 games/s | ETA: 114s
[gpu0] [ 797/1000] samples:  39850 | chain(game/max/avg): 6/10/5.5 | reward(game/avg): 19740/17574 | 1.79 games/s | ETA: 113s
[gpu0] [ 798/1000] samples:  39900 | chain(game/max/avg): 5/10/5.5 | reward(game/avg): 18460/17575 | 1.80 games/s | ETA: 113s
[gpu0] [ 799/1000] samples:  39950 | chain(game/max/avg): 6/10/5.5 | reward(game/avg): 21160/17580 | 1.80 games/s | ETA: 112s
[gpu0] [ 800/1000] samples:  40000 | chain(game/max/avg): 5/10/5.5 | reward(game/avg): 6660/17566 | 1.80 games/s | ETA: 111s
[gpu0] [ 801/1000] samples:  40050 | chain(game/max/avg): 7/10/5.5 | reward(game/avg): 21360/17571 | 1.80 games/s | ETA: 110s
[gpu0] [ 802/1000] samples:  40100 | chain(game/max/avg): 5/10/5.5 | reward(game/avg): 20150/17574 | 1.80 games/s | ETA: 110s
[gpu0] [ 803/1000] samples:  40150 | chain(game/max/avg): 4/10/5.5 | reward(game/avg): 7440/17561 | 1.81 games/s | ETA: 109s
[gpu0] [ 804/1000] samples:  40200 | chain(game/max/avg): 5/10/5.5 | reward(game/avg): 21560/17566 | 1.81 games/s | ETA: 108s
[gpu0] [ 805/1000] samples:  40250 | chain(game/max/avg): 5/10/5.5 | reward(game/avg): 13080/17561 | 1.81 games/s | ETA: 108s
[gpu0] [ 806/1000] samples:  40300 | chain(game/max/avg): 4/10/5.5 | reward(game/avg): 7980/17549 | 1.81 games/s | ETA: 107s
[gpu0] [ 807/1000] samples:  40350 | chain(game/max/avg): 6/10/5.5 | reward(game/avg): 29200/17563 | 1.81 games/s | ETA: 106s
[gpu0] [ 808/1000] samples:  40400 | chain(game/max/avg): 6/10/5.5 | reward(game/avg): 22280/17569 | 1.82 games/s | ETA: 106s
[gpu0] [ 809/1000] samples:  40450 | chain(game/max/avg): 6/10/5.5 | reward(game/avg): 18880/17571 | 1.82 games/s | ETA: 105s
[gpu0] [ 810/1000] samples:  40550 | chain(game/max/avg): 5/10/5.5 | reward(game/avg): 15130/17597 | 1.82 games/s | ETA: 105s
[gpu0] [ 811/1000] samples:  40550 | chain(game/max/avg): 6/10/5.5 | reward(game/avg): 23320/17575 | 1.82 games/s | ETA: 104s
[gpu0] [ 812/1000] samples:  40600 | chain(game/max/avg): 6/10/5.5 | reward(game/avg): 16360/17573 | 1.82 games/s | ETA: 103s
[gpu0] [ 813/1000] samples:  40650 | chain(game/max/avg): 5/10/5.5 | reward(game/avg): 17030/17573 | 1.82 games/s | ETA: 102s
[gpu0] [ 814/1000] samples:  40700 | chain(game/max/avg): 5/10/5.5 | reward(game/avg): 13010/17567 | 1.83 games/s | ETA: 102s
[gpu0] [ 815/1000] samples:  40750 | chain(game/max/avg): 4/10/5.5 | reward(game/avg): 9820/17558 | 1.83 games/s | ETA: 101s
[gpu0] [ 816/1000] samples:  40800 | chain(game/max/avg): 5/10/5.5 | reward(game/avg): 10450/17549 | 1.83 games/s | ETA: 101s
[gpu0] [ 817/1000] samples:  40850 | chain(game/max/avg): 4/10/5.5 | reward(game/avg): 9660/17539 | 1.83 games/s | ETA: 100s
[gpu0] [ 818/1000] samples:  40900 | chain(game/max/avg): 6/10/5.5 | reward(game/avg): 21400/17544 | 1.83 games/s | ETA: 99s
[gpu0] [ 819/1000] samples:  40950 | chain(game/max/avg): 7/10/5.5 | reward(game/avg): 27920/17557 | 1.83 games/s | ETA: 99s
[gpu0] [ 820/1000] samples:  41000 | chain(game/max/avg): 5/10/5.5 | reward(game/avg): 15060/17554 | 1.84 games/s | ETA: 98s
[gpu0] [ 821/1000] samples:  41050 | chain(game/max/avg): 4/10/5.5 | reward(game/avg): 8230/17542 | 1.84 games/s | ETA: 97s
[gpu0] [ 822/1000] samples:  41100 | chain(game/max/avg): 4/10/5.5 | reward(game/avg): 11360/17535 | 1.84 games/s | ETA: 97s
[gpu0] [ 823/1000] samples:  41150 | chain(game/max/avg): 5/10/5.5 | reward(game/avg): 13860/17530 | 1.84 games/s | ETA: 96s
[gpu0] [ 824/1000] samples:  41200 | chain(game/max/avg): 5/10/5.5 | reward(game/avg): 13470/17525 | 1.85 games/s | ETA: 95s
[gpu0] [ 825/1000] samples:  41250 | chain(game/max/avg): 6/10/5.5 | reward(game/avg): 16300/17524 | 1.85 games/s | ETA: 95s
[gpu0] [ 826/1000] samples:  41300 | chain(game/max/avg): 6/10/5.5 | reward(game/avg): 23680/17531 | 1.85 games/s | ETA: 94s
[gpu0] [ 827/1000] samples:  41350 | chain(game/max/avg): 6/10/5.5 | reward(game/avg): 17180/17531 | 1.85 games/s | ETA: 93s
[gpu0] [ 828/1000] samples:  41400 | chain(game/max/avg): 3/10/5.5 | reward(game/avg): 6800/17518 | 1.85 games/s | ETA: 93s
[gpu0] [ 829/1000] samples:  41450 | chain(game/max/avg): 5/10/5.5 | reward(game/avg): 17640/17518 | 1.86 games/s | ETA: 92s
[gpu0] [ 830/1000] samples:  41500 | chain(game/max/avg): 5/10/5.5 | reward(game/avg): 11740/17511 | 1.86 games/s | ETA: 91s
[gpu0] [ 831/1000] samples:  41550 | chain(game/max/avg): 6/10/5.5 | reward(game/avg): 19400/17513 | 1.86 games/s | ETA: 91s
[gpu0] [ 832/1000] samples:  41600 | chain(game/max/avg): 5/10/5.5 | reward(game/avg): 15720/17511 | 1.86 games/s | ETA: 90s
[gpu0] [ 833/1000] samples:  41650 | chain(game/max/avg): 5/10/5.5 | reward(game/avg): 14260/17507 | 1.87 games/s | ETA: 90s
[gpu0] [ 834/1000] samples:  41700 | chain(game/max/avg): 7/10/5.5 | reward(game/avg): 28580/17521 | 1.87 games/s | ETA: 89s
[gpu0] [ 835/1000] samples:  41750 | chain(game/max/avg): 6/10/5.5 | reward(game/avg): 26760/17532 | 1.87 games/s | ETA: 88s
[gpu0] [ 836/1000] samples:  41800 | chain(game/max/avg): 4/10/5.5 | reward(game/avg): 10030/17523 | 1.87 games/s | ETA: 88s
[gpu0] [ 837/1000] samples:  41850 | chain(game/max/avg): 5/10/5.5 | reward(game/avg): 16930/17522 | 1.87 games/s | ETA: 87s
[gpu0] [ 838/1000] samples:  41900 | chain(game/max/avg): 6/10/5.5 | reward(game/avg): 18200/17523 | 1.88 games/s | ETA: 86s
[gpu0] [ 839/1000] samples:  41950 | chain(game/max/avg): 4/10/5.5 | reward(game/avg): 11810/17516 | 1.88 games/s | ETA: 86s
[gpu0] [ 840/1000] samples:  42000 | chain(game/max/avg): 4/10/5.5 | reward(game/avg): 7900/17505 | 1.88 games/s | ETA: 85s
[gpu0] [ 841/1000] samples:  42050 | chain(game/max/avg): 5/10/5.5 | reward(game/avg): 19710/17507 | 1.88 games/s | ETA: 84s
[gpu0] [ 842/1000] samples:  42100 | chain(game/max/avg): 3/10/5.5 | reward(game/avg): 7980/17496 | 1.89 games/s | ETA: 84s
[gpu0] [ 843/1000] samples:  42150 | chain(game/max/avg): 5/10/5.5 | reward(game/avg): 17050/17495 | 1.89 games/s | ETA: 83s
[gpu0] [ 844/1000] samples:  42200 | chain(game/max/avg): 4/10/5.5 | reward(game/avg): 9780/17486 | 1.89 games/s | ETA: 83s
[gpu0] [ 845/1000] samples:  42250 | chain(game/max/avg): 5/10/5.5 | reward(game/avg): 21660/17491 | 1.89 games/s | ETA: 82s
[gpu0] [ 846/1000] samples:  42300 | chain(game/max/avg): 5/10/5.5 | reward(game/avg): 15290/17489 | 1.89 games/s | ETA: 81s
[gpu0] [ 847/1000] samples:  42350 | chain(game/max/avg): 5/10/5.5 | reward(game/avg): 18050/17489 | 1.90 games/s | ETA: 81s
[gpu0] [ 848/1000] samples:  42400 | chain(game/max/avg): 5/10/5.5 | reward(game/avg): 15290/17487 | 1.90 games/s | ETA: 80s
[gpu0] [ 849/1000] samples:  42450 | chain(game/max/avg): 5/10/5.5 | reward(game/avg): 18760/17488 | 1.90 games/s | ETA: 79s
[gpu0] [ 850/1000] samples:  42500 | chain(game/max/avg): 8/10/5.5 | reward(game/avg): 29720/17503 | 1.90 games/s | ETA: 79s
[gpu0] [ 851/1000] samples:  42550 | chain(game/max/avg): 7/10/5.5 | reward(game/avg): 19680/17505 | 1.91 games/s | ETA: 78s
[gpu0] [ 852/1000] samples:  42600 | chain(game/max/avg): 7/10/5.5 | reward(game/avg): 21740/17510 | 1.91 games/s | ETA: 78s
[gpu0] [ 853/1000] samples:  42650 | chain(game/max/avg): 6/10/5.5 | reward(game/avg): 13530/17505 | 1.91 games/s | ETA: 77s
[gpu0] [ 854/1000] samples:  42700 | chain(game/max/avg): 5/10/5.5 | reward(game/avg): 13200/17500 | 1.91 games/s | ETA: 76s
[gpu0] [ 855/1000] samples:  42750 | chain(game/max/avg): 4/10/5.5 | reward(game/avg): 11300/17493 | 1.91 games/s | ETA: 76s
[gpu0] [ 856/1000] samples:  42800 | chain(game/max/avg): 6/10/5.5 | reward(game/avg): 16340/17492 | 1.92 games/s | ETA: 75s
[gpu0] [ 857/1000] samples:  42850 | chain(game/max/avg): 6/10/5.5 | reward(game/avg): 15710/17490 | 1.92 games/s | ETA: 75s
[gpu0] [ 858/1000] samples:  42900 | chain(game/max/avg): 5/10/5.5 | reward(game/avg): 12030/17483 | 1.92 games/s | ETA: 74s
[gpu0] [ 859/1000] samples:  42950 | chain(game/max/avg): 4/10/5.5 | reward(game/avg): 11640/17476 | 1.92 games/s | ETA: 73s
[gpu0] [ 860/1000] samples:  43000 | chain(game/max/avg): 7/10/5.5 | reward(game/avg): 31870/17493 | 1.93 games/s | ETA: 73s
[gpu0] [ 861/1000] samples:  43050 | chain(game/max/avg): 5/10/5.5 | reward(game/avg): 13500/17489 | 1.93 games/s | ETA: 72s
[gpu0] [ 862/1000] samples:  43100 | chain(game/max/avg): 7/10/5.5 | reward(game/avg): 22660/17495 | 1.93 games/s | ETA: 71s
[gpu0] [ 863/1000] samples:  43150 | chain(game/max/avg): 5/10/5.5 | reward(game/avg): 13660/17490 | 1.93 games/s | ETA: 71s
[gpu0] [ 864/1000] samples:  43200 | chain(game/max/avg): 6/10/5.5 | reward(game/avg): 23350/17497 | 1.93 games/s | ETA: 70s
[gpu0] [ 865/1000] samples:  43250 | chain(game/max/avg): 6/10/5.5 | reward(game/avg): 20480/17500 | 1.94 games/s | ETA: 70s
[gpu0] [ 866/1000] samples:  43300 | chain(game/max/avg): 4/10/5.5 | reward(game/avg): 12730/17495 | 1.94 games/s | ETA: 69s
[gpu0] [ 867/1000] samples:  43350 | chain(game/max/avg): 6/10/5.5 | reward(game/avg): 16260/17493 | 1.94 games/s | ETA: 68s
[gpu0] [ 868/1000] samples:  43400 | chain(game/max/avg): 5/10/5.5 | reward(game/avg): 15400/17491 | 1.94 games/s | ETA: 68s
[gpu0] [ 869/1000] samples:  43450 | chain(game/max/avg): 7/10/5.5 | reward(game/avg): 24320/17499 | 1.95 games/s | ETA: 67s
[gpu0] [ 870/1000] samples:  43500 | chain(game/max/avg): 5/10/5.5 | reward(game/avg): 14750/17496 | 1.95 games/s | ETA: 67s
[gpu0] [ 871/1000] samples:  43550 | chain(game/max/avg): 5/10/5.5 | reward(game/avg): 17220/17495 | 1.95 games/s | ETA: 66s
[gpu0] [ 872/1000] samples:  43600 | chain(game/max/avg): 5/10/5.5 | reward(game/avg): 16130/17494 | 1.95 games/s | ETA: 66s
[gpu0] [ 873/1000] samples:  43650 | chain(game/max/avg): 6/10/5.5 | reward(game/avg): 20950/17498 | 1.96 games/s | ETA: 65s
[gpu0] [ 874/1000] samples:  43700 | chain(game/max/avg): 6/10/5.5 | reward(game/avg): 21120/17502 | 1.96 games/s | ETA: 64s
[gpu0] [ 875/1000] samples:  43750 | chain(game/max/avg): 6/10/5.5 | reward(game/avg): 20700/17506 | 1.96 games/s | ETA: 64s
[gpu0] [ 876/1000] samples:  43800 | chain(game/max/avg): 5/10/5.5 | reward(game/avg): 9460/17496 | 1.96 games/s | ETA: 63s
[gpu0] [ 877/1000] samples:  43850 | chain(game/max/avg): 6/10/5.5 | reward(game/avg): 16840/17496 | 1.96 games/s | ETA: 63s
[gpu0] [ 878/1000] samples:  43950 | chain(game/max/avg): 5/10/5.5 | reward(game/avg): 10540/17502 | 1.97 games/s | ETA: 62s
[gpu0] [ 879/1000] samples:  43950 | chain(game/max/avg): 5/10/5.5 | reward(game/avg): 12940/17483 | 1.97 games/s | ETA: 61s
[gpu0] [ 880/1000] samples:  44000 | chain(game/max/avg): 6/10/5.5 | reward(game/avg): 15860/17481 | 1.97 games/s | ETA: 61s
[gpu0] [ 881/1000] samples:  44050 | chain(game/max/avg): 6/10/5.5 | reward(game/avg): 19980/17484 | 1.97 games/s | ETA: 60s
[gpu0] [ 882/1000] samples:  44150 | chain(game/max/avg): 3/10/5.5 | reward(game/avg): 6010/17491 | 1.98 games/s | ETA: 60s
[gpu0] [ 883/1000] samples:  44150 | chain(game/max/avg): 5/10/5.5 | reward(game/avg): 18280/17471 | 1.98 games/s | ETA: 59s
[gpu0] [ 884/1000] samples:  44200 | chain(game/max/avg): 5/10/5.5 | reward(game/avg): 11720/17465 | 1.98 games/s | ETA: 59s
[gpu0] [ 885/1000] samples:  44250 | chain(game/max/avg): 5/10/5.5 | reward(game/avg): 9580/17456 | 1.98 games/s | ETA: 58s
[gpu0] [ 886/1000] samples:  44300 | chain(game/max/avg): 6/10/5.5 | reward(game/avg): 14580/17453 | 1.98 games/s | ETA: 57s
[gpu0] [ 887/1000] samples:  44350 | chain(game/max/avg): 5/10/5.5 | reward(game/avg): 13140/17448 | 1.99 games/s | ETA: 57s
[gpu0] [ 888/1000] samples:  44400 | chain(game/max/avg): 8/10/5.5 | reward(game/avg): 29320/17461 | 1.99 games/s | ETA: 56s
[gpu0] [ 889/1000] samples:  44450 | chain(game/max/avg): 5/10/5.5 | reward(game/avg): 18160/17462 | 1.99 games/s | ETA: 56s
[gpu0] [ 890/1000] samples:  44500 | chain(game/max/avg): 5/10/5.5 | reward(game/avg): 15000/17459 | 1.99 games/s | ETA: 55s
[gpu0] [ 891/1000] samples:  44550 | chain(game/max/avg): 5/10/5.5 | reward(game/avg): 15740/17457 | 2.00 games/s | ETA: 55s
[gpu0] [ 892/1000] samples:  44600 | chain(game/max/avg): 6/10/5.5 | reward(game/avg): 20020/17460 | 2.00 games/s | ETA: 54s
[gpu0] [ 893/1000] samples:  44650 | chain(game/max/avg): 6/10/5.5 | reward(game/avg): 15780/17458 | 2.00 games/s | ETA: 54s
[gpu0] [ 894/1000] samples:  44700 | chain(game/max/avg): 5/10/5.5 | reward(game/avg): 21710/17463 | 2.00 games/s | ETA: 53s
[gpu0] [ 895/1000] samples:  44750 | chain(game/max/avg): 4/10/5.5 | reward(game/avg): 11670/17457 | 2.00 games/s | ETA: 52s
[gpu0] [ 896/1000] samples:  44800 | chain(game/max/avg): 5/10/5.5 | reward(game/avg): 22340/17462 | 2.01 games/s | ETA: 52s
[gpu0] [ 897/1000] samples:  44850 | chain(game/max/avg): 6/10/5.5 | reward(game/avg): 19320/17464 | 2.01 games/s | ETA: 51s
[gpu0] [ 898/1000] samples:  44900 | chain(game/max/avg): 4/10/5.5 | reward(game/avg): 8080/17454 | 2.01 games/s | ETA: 51s
[gpu0] [ 899/1000] samples:  44950 | chain(game/max/avg): 6/10/5.5 | reward(game/avg): 21700/17458 | 2.01 games/s | ETA: 50s
[gpu0] [ 900/1000] samples:  45000 | chain(game/max/avg): 4/10/5.5 | reward(game/avg): 12130/17453 | 2.02 games/s | ETA: 50s
[gpu0] [ 901/1000] samples:  45050 | chain(game/max/avg): 4/10/5.5 | reward(game/avg): 8360/17442 | 2.02 games/s | ETA: 49s
[gpu0] [ 902/1000] samples:  45100 | chain(game/max/avg): 4/10/5.5 | reward(game/avg): 10810/17435 | 2.02 games/s | ETA: 49s
[gpu0] [ 903/1000] samples:  45150 | chain(game/max/avg): 6/10/5.5 | reward(game/avg): 20080/17438 | 2.02 games/s | ETA: 48s
[gpu0] [ 904/1000] samples:  45200 | chain(game/max/avg): 6/10/5.5 | reward(game/avg): 26360/17448 | 2.02 games/s | ETA: 47s
[gpu0] [ 905/1000] samples:  45250 | chain(game/max/avg): 8/10/5.5 | reward(game/avg): 30020/17462 | 2.03 games/s | ETA: 47s
[gpu0] [ 906/1000] samples:  45300 | chain(game/max/avg): 4/10/5.5 | reward(game/avg): 11630/17455 | 2.03 games/s | ETA: 46s
[gpu0] [ 907/1000] samples:  45350 | chain(game/max/avg): 4/10/5.5 | reward(game/avg): 10000/17447 | 2.03 games/s | ETA: 46s
[gpu0] [ 908/1000] samples:  45400 | chain(game/max/avg): 5/10/5.5 | reward(game/avg): 17440/17447 | 2.03 games/s | ETA: 45s
[gpu0] [ 909/1000] samples:  45450 | chain(game/max/avg): 5/10/5.5 | reward(game/avg): 13640/17443 | 2.04 games/s | ETA: 45s
[gpu0] [ 910/1000] samples:  45500 | chain(game/max/avg): 4/10/5.5 | reward(game/avg): 12040/17437 | 2.04 games/s | ETA: 44s
[gpu0] [ 911/1000] samples:  45550 | chain(game/max/avg): 6/10/5.5 | reward(game/avg): 19770/17440 | 2.04 games/s | ETA: 44s
[gpu0] [ 912/1000] samples:  45600 | chain(game/max/avg): 4/10/5.5 | reward(game/avg): 13070/17435 | 2.04 games/s | ETA: 43s
[gpu0] [ 913/1000] samples:  45650 | chain(game/max/avg): 5/10/5.5 | reward(game/avg): 18660/17436 | 2.04 games/s | ETA: 43s
[gpu0] [ 914/1000] samples:  45700 | chain(game/max/avg): 5/10/5.5 | reward(game/avg): 15220/17434 | 2.05 games/s | ETA: 42s
[gpu0] [ 915/1000] samples:  45750 | chain(game/max/avg): 5/10/5.5 | reward(game/avg): 12600/17428 | 2.05 games/s | ETA: 41s
[gpu0] [ 916/1000] samples:  45800 | chain(game/max/avg): 5/10/5.5 | reward(game/avg): 13920/17425 | 2.05 games/s | ETA: 41s
[gpu0] [ 917/1000] samples:  45850 | chain(game/max/avg): 6/10/5.5 | reward(game/avg): 17840/17425 | 2.05 games/s | ETA: 40s
[gpu0] [ 918/1000] samples:  45900 | chain(game/max/avg): 5/10/5.5 | reward(game/avg): 14430/17422 | 2.06 games/s | ETA: 40s
[gpu0] [ 919/1000] samples:  45950 | chain(game/max/avg): 5/10/5.5 | reward(game/avg): 11220/17415 | 2.06 games/s | ETA: 39s
[gpu0] [ 920/1000] samples:  46000 | chain(game/max/avg): 7/10/5.5 | reward(game/avg): 25360/17424 | 2.06 games/s | ETA: 39s
[gpu0] [ 921/1000] samples:  46050 | chain(game/max/avg): 4/10/5.5 | reward(game/avg): 13480/17419 | 2.06 games/s | ETA: 38s
[gpu0] [ 922/1000] samples:  46100 | chain(game/max/avg): 5/10/5.5 | reward(game/avg): 14200/17416 | 2.06 games/s | ETA: 38s
[gpu0] [ 923/1000] samples:  46150 | chain(game/max/avg): 4/10/5.5 | reward(game/avg): 8100/17406 | 2.06 games/s | ETA: 37s
[gpu0] [ 924/1000] samples:  46200 | chain(game/max/avg): 5/10/5.5 | reward(game/avg): 12260/17400 | 2.06 games/s | ETA: 37s
[gpu0] [ 925/1000] samples:  46250 | chain(game/max/avg): 5/10/5.4 | reward(game/avg): 14740/17397 | 2.07 games/s | ETA: 36s
[gpu0] [ 926/1000] samples:  46300 | chain(game/max/avg): 5/10/5.4 | reward(game/avg): 13790/17393 | 2.07 games/s | ETA: 36s
[gpu0] [ 927/1000] samples:  46350 | chain(game/max/avg): 5/10/5.4 | reward(game/avg): 17860/17394 | 2.07 games/s | ETA: 35s
[gpu0] [ 928/1000] samples:  46400 | chain(game/max/avg): 5/10/5.4 | reward(game/avg): 14960/17391 | 2.07 games/s | ETA: 35s
[gpu0] [ 929/1000] samples:  46450 | chain(game/max/avg): 5/10/5.4 | reward(game/avg): 15620/17389 | 2.08 games/s | ETA: 34s
[gpu0] [ 930/1000] samples:  46500 | chain(game/max/avg): 6/10/5.4 | reward(game/avg): 22310/17395 | 2.08 games/s | ETA: 34s
[gpu0] [ 931/1000] samples:  46550 | chain(game/max/avg): 5/10/5.4 | reward(game/avg): 15940/17393 | 2.08 games/s | ETA: 33s
[gpu0] [ 932/1000] samples:  46600 | chain(game/max/avg): 4/10/5.4 | reward(game/avg): 11400/17387 | 2.08 games/s | ETA: 33s
[gpu0] [ 933/1000] samples:  46650 | chain(game/max/avg): 5/10/5.4 | reward(game/avg): 18080/17387 | 2.08 games/s | ETA: 32s
[gpu0] [ 934/1000] samples:  46700 | chain(game/max/avg): 5/10/5.4 | reward(game/avg): 19100/17389 | 2.09 games/s | ETA: 32s
[gpu0] [ 935/1000] samples:  46750 | chain(game/max/avg): 5/10/5.4 | reward(game/avg): 15400/17387 | 2.09 games/s | ETA: 31s
[gpu0] [ 936/1000] samples:  46800 | chain(game/max/avg): 5/10/5.4 | reward(game/avg): 16410/17386 | 2.09 games/s | ETA: 31s
[gpu0] [ 937/1000] samples:  46850 | chain(game/max/avg): 5/10/5.4 | reward(game/avg): 16260/17385 | 2.09 games/s | ETA: 30s
[gpu0] [ 938/1000] samples:  46900 | chain(game/max/avg): 6/10/5.4 | reward(game/avg): 19600/17387 | 2.09 games/s | ETA: 30s
[gpu0] [ 939/1000] samples:  46950 | chain(game/max/avg): 5/10/5.4 | reward(game/avg): 13730/17383 | 2.09 games/s | ETA: 29s
[gpu0] [ 940/1000] samples:  47000 | chain(game/max/avg): 5/10/5.4 | reward(game/avg): 10100/17376 | 2.09 games/s | ETA: 29s
[gpu0] [ 941/1000] samples:  47050 | chain(game/max/avg): 5/10/5.4 | reward(game/avg): 11580/17369 | 2.10 games/s | ETA: 28s
[gpu0] [ 942/1000] samples:  47100 | chain(game/max/avg): 4/10/5.4 | reward(game/avg): 13080/17365 | 2.10 games/s | ETA: 28s
[gpu0] [ 943/1000] samples:  47150 | chain(game/max/avg): 5/10/5.4 | reward(game/avg): 16640/17364 | 2.10 games/s | ETA: 27s
[gpu0] [ 944/1000] samples:  47200 | chain(game/max/avg): 5/10/5.4 | reward(game/avg): 15390/17362 | 2.10 games/s | ETA: 27s
[gpu0] [ 945/1000] samples:  47250 | chain(game/max/avg): 4/10/5.4 | reward(game/avg): 14420/17359 | 2.11 games/s | ETA: 26s
[gpu0] [ 946/1000] samples:  47300 | chain(game/max/avg): 6/10/5.4 | reward(game/avg): 23150/17365 | 2.11 games/s | ETA: 26s
[gpu0] [ 947/1000] samples:  47350 | chain(game/max/avg): 5/10/5.4 | reward(game/avg): 16500/17364 | 2.11 games/s | ETA: 25s
[gpu0] [ 948/1000] samples:  47400 | chain(game/max/avg): 6/10/5.4 | reward(game/avg): 21120/17368 | 2.11 games/s | ETA: 25s
[gpu0] [ 949/1000] samples:  47450 | chain(game/max/avg): 6/10/5.4 | reward(game/avg): 21500/17372 | 2.11 games/s | ETA: 24s
[gpu0] [ 950/1000] samples:  47500 | chain(game/max/avg): 4/10/5.4 | reward(game/avg): 11860/17367 | 2.12 games/s | ETA: 24s
[gpu0] [ 951/1000] samples:  47550 | chain(game/max/avg): 4/10/5.4 | reward(game/avg): 10530/17359 | 2.12 games/s | ETA: 23s
[gpu0] [ 952/1000] samples:  47600 | chain(game/max/avg): 5/10/5.4 | reward(game/avg): 15260/17357 | 2.12 games/s | ETA: 23s
[gpu0] [ 953/1000] samples:  47650 | chain(game/max/avg): 4/10/5.4 | reward(game/avg): 6460/17346 | 2.12 games/s | ETA: 22s
[gpu0] [ 954/1000] samples:  47700 | chain(game/max/avg): 7/10/5.4 | reward(game/avg): 24020/17353 | 2.13 games/s | ETA: 22s
[gpu0] [ 955/1000] samples:  47750 | chain(game/max/avg): 5/10/5.4 | reward(game/avg): 10620/17346 | 2.13 games/s | ETA: 21s
[gpu0] [ 956/1000] samples:  47800 | chain(game/max/avg): 5/10/5.4 | reward(game/avg): 14580/17343 | 2.13 games/s | ETA: 21s
[gpu0] [ 957/1000] samples:  47850 | chain(game/max/avg): 5/10/5.4 | reward(game/avg): 12200/17338 | 2.13 games/s | ETA: 20s
[gpu0] [ 958/1000] samples:  47900 | chain(game/max/avg): 6/10/5.4 | reward(game/avg): 21830/17342 | 2.13 games/s | ETA: 20s
[gpu0] [ 959/1000] samples:  47950 | chain(game/max/avg): 4/10/5.4 | reward(game/avg): 9740/17334 | 2.14 games/s | ETA: 19s
[gpu0] [ 960/1000] samples:  48000 | chain(game/max/avg): 5/10/5.4 | reward(game/avg): 10250/17327 | 2.14 games/s | ETA: 19s
[gpu0] [ 961/1000] samples:  48050 | chain(game/max/avg): 4/10/5.4 | reward(game/avg): 5330/17314 | 2.14 games/s | ETA: 18s
[gpu0] [ 962/1000] samples:  48100 | chain(game/max/avg): 5/10/5.4 | reward(game/avg): 13140/17310 | 2.14 games/s | ETA: 18s
[gpu0] [ 963/1000] samples:  48150 | chain(game/max/avg): 4/10/5.4 | reward(game/avg): 11560/17304 | 2.14 games/s | ETA: 17s
[gpu0] [ 964/1000] samples:  48200 | chain(game/max/avg): 5/10/5.4 | reward(game/avg): 18300/17305 | 2.15 games/s | ETA: 17s
[gpu0] [ 965/1000] samples:  48250 | chain(game/max/avg): 5/10/5.4 | reward(game/avg): 13380/17301 | 2.15 games/s | ETA: 16s
[gpu0] [ 966/1000] samples:  48300 | chain(game/max/avg): 7/10/5.4 | reward(game/avg): 24210/17308 | 2.15 games/s | ETA: 16s
[gpu0] [ 967/1000] samples:  48350 | chain(game/max/avg): 6/10/5.4 | reward(game/avg): 16080/17307 | 2.15 games/s | ETA: 15s
[gpu0] [ 968/1000] samples:  48400 | chain(game/max/avg): 5/10/5.4 | reward(game/avg): 15850/17305 | 2.15 games/s | ETA: 15s
[gpu0] [ 969/1000] samples:  48450 | chain(game/max/avg): 5/10/5.4 | reward(game/avg): 12750/17301 | 2.16 games/s | ETA: 14s
[gpu0] [ 970/1000] samples:  48500 | chain(game/max/avg): 5/10/5.4 | reward(game/avg): 15380/17299 | 2.16 games/s | ETA: 14s
[gpu0] [ 971/1000] samples:  48550 | chain(game/max/avg): 4/10/5.4 | reward(game/avg): 9540/17291 | 2.16 games/s | ETA: 13s
[gpu0] [ 972/1000] samples:  48600 | chain(game/max/avg): 5/10/5.4 | reward(game/avg): 13310/17287 | 2.16 games/s | ETA: 13s
[gpu0] [ 973/1000] samples:  48650 | chain(game/max/avg): 5/10/5.4 | reward(game/avg): 14860/17284 | 2.17 games/s | ETA: 12s
[gpu0] [ 974/1000] samples:  48700 | chain(game/max/avg): 6/10/5.4 | reward(game/avg): 17700/17285 | 2.17 games/s | ETA: 12s
[gpu0] [ 975/1000] samples:  48750 | chain(game/max/avg): 7/10/5.4 | reward(game/avg): 33440/17301 | 2.17 games/s | ETA: 12s
[gpu0] [ 976/1000] samples:  48800 | chain(game/max/avg): 6/10/5.4 | reward(game/avg): 22940/17307 | 2.17 games/s | ETA: 11s
[gpu0] [ 977/1000] samples:  48850 | chain(game/max/avg): 5/10/5.4 | reward(game/avg): 7980/17297 | 2.17 games/s | ETA: 11s
[gpu0] [ 978/1000] samples:  48900 | chain(game/max/avg): 5/10/5.4 | reward(game/avg): 10480/17290 | 2.18 games/s | ETA: 10s
[gpu0] [ 979/1000] samples:  48950 | chain(game/max/avg): 5/10/5.4 | reward(game/avg): 10160/17283 | 2.18 games/s | ETA: 10s
[gpu0] [ 980/1000] samples:  49000 | chain(game/max/avg): 7/10/5.4 | reward(game/avg): 27760/17294 | 2.18 games/s | ETA: 9s
[gpu0] [ 981/1000] samples:  49050 | chain(game/max/avg): 6/10/5.4 | reward(game/avg): 22450/17299 | 2.18 games/s | ETA: 9s
[gpu0] [ 982/1000] samples:  49100 | chain(game/max/avg): 6/10/5.4 | reward(game/avg): 19840/17302 | 2.18 games/s | ETA: 8s
[gpu0] [ 983/1000] samples:  49150 | chain(game/max/avg): 6/10/5.4 | reward(game/avg): 14430/17299 | 2.19 games/s | ETA: 8s
[gpu0] [ 984/1000] samples:  49200 | chain(game/max/avg): 6/10/5.4 | reward(game/avg): 16920/17298 | 2.19 games/s | ETA: 7s
[gpu0] [ 985/1000] samples:  49250 | chain(game/max/avg): 6/10/5.4 | reward(game/avg): 22100/17303 | 2.19 games/s | ETA: 7s
[gpu0] [ 986/1000] samples:  49300 | chain(game/max/avg): 5/10/5.4 | reward(game/avg): 17620/17304 | 2.19 games/s | ETA: 6s
[gpu0] [ 987/1000] samples:  49350 | chain(game/max/avg): 5/10/5.4 | reward(game/avg): 14500/17301 | 2.19 games/s | ETA: 6s
[gpu0] [ 988/1000] samples:  49400 | chain(game/max/avg): 4/10/5.4 | reward(game/avg): 10560/17294 | 2.20 games/s | ETA: 5s
[gpu0] [ 989/1000] samples:  49450 | chain(game/max/avg): 5/10/5.4 | reward(game/avg): 19210/17296 | 2.20 games/s | ETA: 5s
[gpu0] [ 990/1000] samples:  49500 | chain(game/max/avg): 5/10/5.4 | reward(game/avg): 13560/17292 | 2.20 games/s | ETA: 5s
[gpu0] [ 991/1000] samples:  49550 | chain(game/max/avg): 5/10/5.4 | reward(game/avg): 11160/17286 | 2.20 games/s | ETA: 4s
[gpu0] [ 992/1000] samples:  49600 | chain(game/max/avg): 5/10/5.4 | reward(game/avg): 12640/17281 | 2.20 games/s | ETA: 4s
[gpu0] [ 993/1000] samples:  49650 | chain(game/max/avg): 4/10/5.4 | reward(game/avg): 6030/17270 | 2.21 games/s | ETA: 3s
[gpu0] [ 994/1000] samples:  49700 | chain(game/max/avg): 5/10/5.4 | reward(game/avg): 15160/17268 | 2.21 games/s | ETA: 3s
[gpu0] [ 995/1000] samples:  49750 | chain(game/max/avg): 5/10/5.4 | reward(game/avg): 16310/17267 | 2.21 games/s | ETA: 2s
[gpu0] [ 996/1000] samples:  49800 | chain(game/max/avg): 6/10/5.4 | reward(game/avg): 17590/17267 | 2.21 games/s | ETA: 2s
[gpu0] [ 997/1000] samples:  49850 | chain(game/max/avg): 5/10/5.4 | reward(game/avg): 16330/17266 | 2.21 games/s | ETA: 1s
[gpu0] [ 998/1000] samples:  49900 | chain(game/max/avg): 4/10/5.4 | reward(game/avg): 10400/17259 | 2.22 games/s | ETA: 1s
[gpu0] [ 999/1000] samples:  49950 | chain(game/max/avg): 5/10/5.4 | reward(game/avg): 13900/17256 | 2.22 games/s | ETA: 0s
[gpu0] [1000/1000] samples:  50000 | chain(game/max/avg): 6/10/5.4 | reward(game/avg): 22700/17261 | 2.22 games/s | ETA: 0s
[gpu0] Self-play complete: 1000 games, 50000 samples, max chain: 10
[gpu0] Saved to runs/rtx5090-3/data/alphazero_iter_101_gpu0.bin
[2026-04-06 18:06:17] Removing old data: runs/rtx5090-3/data/alphazero_iter_71_gpu*.bin
[2026-04-06 18:06:20] Train start (AlphaZero mode, replay buffer, global_step=100000)
    Finished `release` profile [optimized] target(s) in 0.30s
     Running `target/release/train --alphazero --data-dir runs/rtx5090-3/data --global-step 100000 --model-path runs/rtx5090-3/artifacts/puyo_model --artifacts-dir runs/rtx5090-3/artifacts --batch-size 2048 --accum-steps 1 --cols 6 --rows 14 --num-colors 4 --residual-channels 128 --num-blocks 6 --policy-conv-channels 2 --value-conv-channels 1 --value-hidden 64 --film-hidden 128 --lr-stages '0:0.2,100000:0.02,300000:0.002,500000:0.0002'`
Backend: CUDA (GPU)
Game config: cols=6, rows=14, num_colors=4
Net config: residual_channels=128, num_blocks=6
Mode: AlphaZero (Policy CE + Value MSE)
Loading AlphaZero datasets from runs/rtx5090-3/data...
Found 30 data files
  Loaded 49976 samples from runs/rtx5090-3/data/alphazero_iter_100_gpu0.bin
  Loaded 50000 samples from runs/rtx5090-3/data/alphazero_iter_101_gpu0.bin
  Loaded 50000 samples from runs/rtx5090-3/data/alphazero_iter_72_gpu0.bin
  Loaded 50000 samples from runs/rtx5090-3/data/alphazero_iter_73_gpu0.bin
  Loaded 50000 samples from runs/rtx5090-3/data/alphazero_iter_74_gpu0.bin
  Loaded 50000 samples from runs/rtx5090-3/data/alphazero_iter_75_gpu0.bin
  Loaded 50000 samples from runs/rtx5090-3/data/alphazero_iter_76_gpu0.bin
  Loaded 50000 samples from runs/rtx5090-3/data/alphazero_iter_77_gpu0.bin
  Loaded 50000 samples from runs/rtx5090-3/data/alphazero_iter_78_gpu0.bin
  Loaded 50000 samples from runs/rtx5090-3/data/alphazero_iter_79_gpu0.bin
  Loaded 50000 samples from runs/rtx5090-3/data/alphazero_iter_80_gpu0.bin
  Loaded 50000 samples from runs/rtx5090-3/data/alphazero_iter_81_gpu0.bin
  Loaded 50000 samples from runs/rtx5090-3/data/alphazero_iter_82_gpu0.bin
  Loaded 50000 samples from runs/rtx5090-3/data/alphazero_iter_83_gpu0.bin
  Loaded 50000 samples from runs/rtx5090-3/data/alphazero_iter_84_gpu0.bin
  Loaded 50000 samples from runs/rtx5090-3/data/alphazero_iter_85_gpu0.bin
  Loaded 50000 samples from runs/rtx5090-3/data/alphazero_iter_86_gpu0.bin
  Loaded 50000 samples from runs/rtx5090-3/data/alphazero_iter_87_gpu0.bin
  Loaded 50000 samples from runs/rtx5090-3/data/alphazero_iter_88_gpu0.bin
  Loaded 50000 samples from runs/rtx5090-3/data/alphazero_iter_89_gpu0.bin
  Loaded 50000 samples from runs/rtx5090-3/data/alphazero_iter_90_gpu0.bin
  Loaded 50000 samples from runs/rtx5090-3/data/alphazero_iter_91_gpu0.bin
  Loaded 50000 samples from runs/rtx5090-3/data/alphazero_iter_92_gpu0.bin
  Loaded 50000 samples from runs/rtx5090-3/data/alphazero_iter_93_gpu0.bin
  Loaded 50000 samples from runs/rtx5090-3/data/alphazero_iter_94_gpu0.bin
  Loaded 50000 samples from runs/rtx5090-3/data/alphazero_iter_95_gpu0.bin
  Loaded 50000 samples from runs/rtx5090-3/data/alphazero_iter_96_gpu0.bin
  Loaded 50000 samples from runs/rtx5090-3/data/alphazero_iter_97_gpu0.bin
  Loaded 50000 samples from runs/rtx5090-3/data/alphazero_iter_98_gpu0.bin
  Loaded 50000 samples from runs/rtx5090-3/data/alphazero_iter_99_gpu0.bin
Loaded 1499976 total samples
Train: 1499976 samples (color augmented on-the-fly, no val split)
Loaded existing model from runs/rtx5090-3/artifacts/puyo_model
AlphaZero training: 1000 steps, global_step=100000, LR 2e-2 (end ~2e-2), batch_size=2048, accum_steps=1, effective_batch=2048
  step 50/1000 p_loss=2.4853 v_loss=2.0084 lr=0.020000  step 100/1000 p_loss=2.4722 v_loss=2.0059 lr=0.020000  step 150/1000 p_loss=2.4667 v_loss=2.0012 lr=0.020000  step 200/1000 p_loss=2.4625 v_loss=1.9973 lr=0.020000  step 250/1000 p_loss=2.4580 v_loss=2.0025 lr=0.020000  step 300/1000 p_loss=2.4550 v_loss=2.0001 lr=0.020000  step 350/1000 p_loss=2.4522 v_loss=1.9991 lr=0.020000  step 400/1000 p_loss=2.4485 v_loss=2.0022 lr=0.020000  step 450/1000 p_loss=2.4450 v_loss=2.0011 lr=0.020000  step 500/1000 p_loss=2.4423 v_loss=2.0007 lr=0.020000  step 550/1000 p_loss=2.4393 v_loss=2.0019 lr=0.020000  step 600/1000 p_loss=2.4370 v_loss=2.0019 lr=0.020000  step 650/1000 p_loss=2.4346 v_loss=2.0033 lr=0.020000  step 700/1000 p_loss=2.4324 v_loss=2.0031 lr=0.020000  step 750/1000 p_loss=2.4296 v_loss=2.0028 lr=0.020000  step 800/1000 p_loss=2.4274 v_loss=2.0030 lr=0.020000  step 850/1000 p_loss=2.4253 v_loss=2.0039 lr=0.020000  step 900/1000 p_loss=2.4233 v_loss=2.0043 lr=0.020000  step 950/1000 p_loss=2.4212 v_loss=2.0041 lr=0.020000  step 1000/1000 p_loss=2.4195 v_loss=2.0044 lr=0.020000
Model metadata saved to runs/rtx5090-3/artifacts/puyo_model.config.json
AlphaZero training complete. final train_loss(p=2.419511, v=2.004394) global_step=101000
[2026-04-06 18:10:10] === Iteration 101 complete ===
[2026-04-06 18:10:10] --- Iteration 102 (sims=512, global_step=101000) ---
[2026-04-06 18:10:10] Self-play start (m=24, c_visit=50.0, num_gpus=1, games_per_gpu=1000, total=1000)
[gpu0]     Finished `release` profile [optimized] target(s) in 0.30s
[gpu0]      Running `target/release/self-play --games 1000 --simulations 512 --c-puct-init 1.5 --c-puct-base 19652.0 --m 24 --c-visit 50.0 --gamma 0.95 --min-chain 0 --threads 512 --batch-size 2048 --num-leaves 1 --model-path runs/rtx5090-3/artifacts/puyo_model --cols 6 --rows 14 --num-colors 4 --residual-channels 128 --num-blocks 6 --policy-conv-channels 2 --value-conv-channels 1 --value-hidden 64 --film-hidden 128 --output runs/rtx5090-3/data/alphazero_iter_102_gpu0.bin`
[gpu0] games=1000, simulations=512, c_puct_init=1.5, c_puct_base=19652, m=24, c_visit=50, gamma=0.95, num_leaves=1, min_chain=0
[gpu0] Game config: cols=6, rows=14, num_colors=4, residual_channels=128, num_blocks=6, policy_conv_ch=2, value_conv_ch=1, value_hidden=64, film_hidden=128
[gpu0] Backend: Cuda (GPU) — Gumbel MCTS self-play (batched)
[gpu0] Loaded existing model from runs/rtx5090-3/artifacts/puyo_model
[gpu0] Using 512 game threads, max_batch_size=2048
[gpu0] [   1/1000] samples:     50 | chain(game/max/avg): 5/5/5.0 | reward(game/avg): 22760/22760 | 0.00 games/s | ETA: 219765s
[gpu0] [   2/1000] samples:    100 | chain(game/max/avg): 7/7/6.0 | reward(game/avg): 14820/18790 | 0.01 games/s | ETA: 109793s
[gpu0] [   3/1000] samples:    150 | chain(game/max/avg): 7/7/6.3 | reward(game/avg): 27520/21700 | 0.01 games/s | ETA: 73594s
[gpu0] [   4/1000] samples:    200 | chain(game/max/avg): 7/7/6.5 | reward(game/avg): 26920/23005 | 0.02 games/s | ETA: 55507s
[gpu0] [   5/1000] samples:    250 | chain(game/max/avg): 6/7/6.4 | reward(game/avg): 22310/22866 | 0.02 games/s | ETA: 44422s
[gpu0] [   6/1000] samples:    300 | chain(game/max/avg): 6/7/6.3 | reward(game/avg): 23980/23052 | 0.03 games/s | ETA: 37004s
[gpu0] [   7/1000] samples:    350 | chain(game/max/avg): 8/8/6.6 | reward(game/avg): 24800/23301 | 0.03 games/s | ETA: 31688s
[gpu0] [   8/1000] samples:    400 | chain(game/max/avg): 8/8/6.8 | reward(game/avg): 30740/24231 | 0.04 games/s | ETA: 27725s
[gpu0] [   9/1000] samples:    450 | chain(game/max/avg): 7/8/6.8 | reward(game/avg): 26280/24459 | 0.04 games/s | ETA: 24626s
[gpu0] [  10/1000] samples:    500 | chain(game/max/avg): 8/8/6.9 | reward(game/avg): 29020/24915 | 0.04 games/s | ETA: 22142s
[gpu0] [  11/1000] samples:    550 | chain(game/max/avg): 6/8/6.8 | reward(game/avg): 22400/24686 | 0.05 games/s | ETA: 20110s
[gpu0] [  12/1000] samples:    600 | chain(game/max/avg): 5/8/6.7 | reward(game/avg): 10920/23539 | 0.05 games/s | ETA: 18425s
[gpu0] [  13/1000] samples:    650 | chain(game/max/avg): 7/8/6.7 | reward(game/avg): 28860/23948 | 0.06 games/s | ETA: 16994s
[gpu0] [  14/1000] samples:    700 | chain(game/max/avg): 6/8/6.6 | reward(game/avg): 24000/23952 | 0.06 games/s | ETA: 15765s
[gpu0] [  15/1000] samples:    750 | chain(game/max/avg): 7/8/6.7 | reward(game/avg): 27880/24214 | 0.07 games/s | ETA: 14699s
[gpu0] [  16/1000] samples:    800 | chain(game/max/avg): 7/8/6.7 | reward(game/avg): 24820/24252 | 0.07 games/s | ETA: 13768s
[gpu0] [  17/1000] samples:    850 | chain(game/max/avg): 7/8/6.7 | reward(game/avg): 22630/24156 | 0.08 games/s | ETA: 12945s
[gpu0] [  18/1000] samples:    900 | chain(game/max/avg): 7/8/6.7 | reward(game/avg): 32200/24603 | 0.08 games/s | ETA: 12218s
[gpu0] [  19/1000] samples:    950 | chain(game/max/avg): 5/8/6.6 | reward(game/avg): 11020/23888 | 0.08 games/s | ETA: 11563s
[gpu0] [  20/1000] samples:   1000 | chain(game/max/avg): 5/8/6.5 | reward(game/avg): 14220/23405 | 0.09 games/s | ETA: 10974s
[gpu0] [  21/1000] samples:   1050 | chain(game/max/avg): 7/8/6.6 | reward(game/avg): 26320/23544 | 0.09 games/s | ETA: 10441s
[gpu0] [  22/1000] samples:   1100 | chain(game/max/avg): 6/8/6.5 | reward(game/avg): 21810/23465 | 0.10 games/s | ETA: 9960s
[gpu0] [  23/1000] samples:   1150 | chain(game/max/avg): 8/8/6.6 | reward(game/avg): 39040/24142 | 0.10 games/s | ETA: 9518s
[gpu0] [  24/1000] samples:   1200 | chain(game/max/avg): 5/8/6.5 | reward(game/avg): 18560/23910 | 0.11 games/s | ETA: 9113s
[gpu0] [  25/1000] samples:   1250 | chain(game/max/avg): 8/8/6.6 | reward(game/avg): 39000/24513 | 0.11 games/s | ETA: 8739s
[gpu0] [  26/1000] samples:   1300 | chain(game/max/avg): 6/8/6.6 | reward(game/avg): 17860/24257 | 0.12 games/s | ETA: 8395s
[gpu0] [  27/1000] samples:   1350 | chain(game/max/avg): 5/8/6.5 | reward(game/avg): 17320/24000 | 0.12 games/s | ETA: 8076s
[gpu0] [  28/1000] samples:   1400 | chain(game/max/avg): 5/8/6.5 | reward(game/avg): 15240/23688 | 0.12 games/s | ETA: 7780s
[gpu0] [  29/1000] samples:   1450 | chain(game/max/avg): 5/8/6.4 | reward(game/avg): 16170/23428 | 0.13 games/s | ETA: 7504s
[gpu0] [  30/1000] samples:   1500 | chain(game/max/avg): 6/8/6.4 | reward(game/avg): 15060/23149 | 0.13 games/s | ETA: 7247s
[gpu0] [  31/1000] samples:   1550 | chain(game/max/avg): 4/8/6.3 | reward(game/avg): 9250/22701 | 0.14 games/s | ETA: 7006s
[gpu0] [  32/1000] samples:   1600 | chain(game/max/avg): 6/8/6.3 | reward(game/avg): 20080/22619 | 0.14 games/s | ETA: 6781s
[gpu0] [  33/1000] samples:   1650 | chain(game/max/avg): 6/8/6.3 | reward(game/avg): 27500/22767 | 0.15 games/s | ETA: 6570s
[gpu0] [  34/1000] samples:   1700 | chain(game/max/avg): 8/8/6.4 | reward(game/avg): 30620/22998 | 0.15 games/s | ETA: 6370s
[gpu0] [  35/1000] samples:   1750 | chain(game/max/avg): 5/8/6.3 | reward(game/avg): 9880/22623 | 0.16 games/s | ETA: 6182s
[gpu0] [  36/1000] samples:   1800 | chain(game/max/avg): 6/8/6.3 | reward(game/avg): 16160/22444 | 0.16 games/s | ETA: 6005s
[gpu0] [  37/1000] samples:   1850 | chain(game/max/avg): 5/8/6.3 | reward(game/avg): 10980/22134 | 0.16 games/s | ETA: 5837s
[gpu0] [  38/1000] samples:   1900 | chain(game/max/avg): 5/8/6.2 | reward(game/avg): 14090/21922 | 0.17 games/s | ETA: 5678s
[gpu0] [  39/1000] samples:   1950 | chain(game/max/avg): 7/8/6.3 | reward(game/avg): 29080/22106 | 0.17 games/s | ETA: 5526s
[gpu0] [  40/1000] samples:   2000 | chain(game/max/avg): 8/8/6.3 | reward(game/avg): 34800/22423 | 0.18 games/s | ETA: 5383s
[gpu0] [  41/1000] samples:   2050 | chain(game/max/avg): 6/8/6.3 | reward(game/avg): 15960/22265 | 0.18 games/s | ETA: 5247s
[gpu0] [  42/1000] samples:   2100 | chain(game/max/avg): 5/8/6.3 | reward(game/avg): 10600/21988 | 0.19 games/s | ETA: 5117s
[gpu0] [  43/1000] samples:   2150 | chain(game/max/avg): 7/8/6.3 | reward(game/avg): 34520/22279 | 0.19 games/s | ETA: 4993s
[gpu0] [  44/1000] samples:   2200 | chain(game/max/avg): 6/8/6.3 | reward(game/avg): 17260/22165 | 0.20 games/s | ETA: 4874s
[gpu0] [  45/1000] samples:   2250 | chain(game/max/avg): 5/8/6.2 | reward(game/avg): 16520/22040 | 0.20 games/s | ETA: 4761s
[gpu0] [  46/1000] samples:   2300 | chain(game/max/avg): 5/8/6.2 | reward(game/avg): 14430/21874 | 0.21 games/s | ETA: 4653s
[gpu0] [  47/1000] samples:   2350 | chain(game/max/avg): 6/8/6.2 | reward(game/avg): 20620/21847 | 0.21 games/s | ETA: 4550s
[gpu0] [  48/1000] samples:   2400 | chain(game/max/avg): 4/8/6.2 | reward(game/avg): 8960/21579 | 0.21 games/s | ETA: 4450s
[gpu0] [  49/1000] samples:   2450 | chain(game/max/avg): 7/8/6.2 | reward(game/avg): 32640/21805 | 0.22 games/s | ETA: 4355s
[gpu0] [  50/1000] samples:   2500 | chain(game/max/avg): 7/8/6.2 | reward(game/avg): 34640/22061 | 0.22 games/s | ETA: 4264s
[gpu0] [  51/1000] samples:   2550 | chain(game/max/avg): 9/9/6.3 | reward(game/avg): 38500/22384 | 0.23 games/s | ETA: 4176s
[gpu0] [  52/1000] samples:   2600 | chain(game/max/avg): 4/9/6.2 | reward(game/avg): 8810/22123 | 0.23 games/s | ETA: 4091s
[gpu0] [  53/1000] samples:   2650 | chain(game/max/avg): 7/9/6.2 | reward(game/avg): 21760/22116 | 0.24 games/s | ETA: 4010s
[gpu0] [  54/1000] samples:   2700 | chain(game/max/avg): 5/9/6.2 | reward(game/avg): 18910/22056 | 0.24 games/s | ETA: 3932s
[gpu0] [  55/1000] samples:   2750 | chain(game/max/avg): 4/9/6.2 | reward(game/avg): 11760/21869 | 0.25 games/s | ETA: 3857s
[gpu0] [  56/1000] samples:   2800 | chain(game/max/avg): 6/9/6.2 | reward(game/avg): 17720/21795 | 0.25 games/s | ETA: 3784s
[gpu0] [  57/1000] samples:   2850 | chain(game/max/avg): 6/9/6.2 | reward(game/avg): 20420/21771 | 0.25 games/s | ETA: 3714s
[gpu0] [  58/1000] samples:   2900 | chain(game/max/avg): 7/9/6.2 | reward(game/avg): 26780/21857 | 0.26 games/s | ETA: 3646s
[gpu0] [  59/1000] samples:   2950 | chain(game/max/avg): 4/9/6.1 | reward(game/avg): 11350/21679 | 0.26 games/s | ETA: 3580s
[gpu0] [  60/1000] samples:   3000 | chain(game/max/avg): 6/9/6.1 | reward(game/avg): 20980/21668 | 0.27 games/s | ETA: 3517s
[gpu0] [  61/1000] samples:   3050 | chain(game/max/avg): 5/9/6.1 | reward(game/avg): 18560/21617 | 0.27 games/s | ETA: 3456s
[gpu0] [  62/1000] samples:   3100 | chain(game/max/avg): 5/9/6.1 | reward(game/avg): 22160/21625 | 0.28 games/s | ETA: 3396s
[gpu0] [  63/1000] samples:   3150 | chain(game/max/avg): 7/9/6.1 | reward(game/avg): 25510/21687 | 0.28 games/s | ETA: 3339s
[gpu0] [  64/1000] samples:   3200 | chain(game/max/avg): 5/9/6.1 | reward(game/avg): 10860/21518 | 0.29 games/s | ETA: 3283s
[gpu0] [  65/1000] samples:   3250 | chain(game/max/avg): 4/9/6.1 | reward(game/avg): 11920/21370 | 0.29 games/s | ETA: 3229s
[gpu0] [  66/1000] samples:   3300 | chain(game/max/avg): 5/9/6.0 | reward(game/avg): 12420/21235 | 0.29 games/s | ETA: 3177s
[gpu0] [  67/1000] samples:   3350 | chain(game/max/avg): 6/9/6.0 | reward(game/avg): 17500/21179 | 0.30 games/s | ETA: 3126s
[gpu0] [  68/1000] samples:   3400 | chain(game/max/avg): 5/9/6.0 | reward(game/avg): 16350/21108 | 0.30 games/s | ETA: 3077s
[gpu0] [  69/1000] samples:   3450 | chain(game/max/avg): 6/9/6.0 | reward(game/avg): 15760/21030 | 0.31 games/s | ETA: 3029s
[gpu0] [  70/1000] samples:   3500 | chain(game/max/avg): 5/9/6.0 | reward(game/avg): 15040/20945 | 0.31 games/s | ETA: 2983s
[gpu0] [  71/1000] samples:   3550 | chain(game/max/avg): 3/9/6.0 | reward(game/avg): 8790/20774 | 0.32 games/s | ETA: 2938s
[gpu0] [  72/1000] samples:   3600 | chain(game/max/avg): 4/9/5.9 | reward(game/avg): 12740/20662 | 0.32 games/s | ETA: 2894s
[gpu0] [  73/1000] samples:   3650 | chain(game/max/avg): 5/9/5.9 | reward(game/avg): 18400/20631 | 0.33 games/s | ETA: 2851s
[gpu0] [  74/1000] samples:   3700 | chain(game/max/avg): 4/9/5.9 | reward(game/avg): 11180/20503 | 0.33 games/s | ETA: 2810s
[gpu0] [  75/1000] samples:   3750 | chain(game/max/avg): 6/9/5.9 | reward(game/avg): 19540/20491 | 0.33 games/s | ETA: 2769s
[gpu0] [  76/1000] samples:   3800 | chain(game/max/avg): 6/9/5.9 | reward(game/avg): 18220/20461 | 0.34 games/s | ETA: 2730s
[gpu0] [  77/1000] samples:   3850 | chain(game/max/avg): 5/9/5.9 | reward(game/avg): 15550/20397 | 0.34 games/s | ETA: 2691s
[gpu0] [  78/1000] samples:   3900 | chain(game/max/avg): 5/9/5.9 | reward(game/avg): 11800/20287 | 0.35 games/s | ETA: 2654s
[gpu0] [  79/1000] samples:   3950 | chain(game/max/avg): 4/9/5.9 | reward(game/avg): 8480/20137 | 0.35 games/s | ETA: 2618s
[gpu0] [  80/1000] samples:   4000 | chain(game/max/avg): 5/9/5.8 | reward(game/avg): 15480/20079 | 0.36 games/s | ETA: 2582s
[gpu0] [  81/1000] samples:   4050 | chain(game/max/avg): 8/9/5.9 | reward(game/avg): 24720/20136 | 0.36 games/s | ETA: 2547s
[gpu0] [  82/1000] samples:   4100 | chain(game/max/avg): 5/9/5.9 | reward(game/avg): 14360/20066 | 0.37 games/s | ETA: 2514s
[gpu0] [  83/1000] samples:   4150 | chain(game/max/avg): 5/9/5.9 | reward(game/avg): 13180/19983 | 0.37 games/s | ETA: 2481s
[gpu0] [  84/1000] samples:   4200 | chain(game/max/avg): 5/9/5.8 | reward(game/avg): 17650/19955 | 0.37 games/s | ETA: 2448s
[gpu0] [  85/1000] samples:   4250 | chain(game/max/avg): 5/9/5.8 | reward(game/avg): 15060/19898 | 0.38 games/s | ETA: 2417s
[gpu0] [  86/1000] samples:   4300 | chain(game/max/avg): 5/9/5.8 | reward(game/avg): 15880/19851 | 0.38 games/s | ETA: 2386s
[gpu0] [  87/1000] samples:   4350 | chain(game/max/avg): 5/9/5.8 | reward(game/avg): 10820/19747 | 0.39 games/s | ETA: 2356s
[gpu0] [  88/1000] samples:   4400 | chain(game/max/avg): 4/9/5.8 | reward(game/avg): 8380/19618 | 0.39 games/s | ETA: 2327s
[gpu0] [  89/1000] samples:   4450 | chain(game/max/avg): 5/9/5.8 | reward(game/avg): 19000/19611 | 0.40 games/s | ETA: 2298s
[gpu0] [  90/1000] samples:   4500 | chain(game/max/avg): 6/9/5.8 | reward(game/avg): 21280/19629 | 0.40 games/s | ETA: 2270s
[gpu0] [  91/1000] samples:   4550 | chain(game/max/avg): 6/9/5.8 | reward(game/avg): 15420/19583 | 0.41 games/s | ETA: 2243s
[gpu0] [  92/1000] samples:   4600 | chain(game/max/avg): 6/9/5.8 | reward(game/avg): 23060/19621 | 0.41 games/s | ETA: 2216s
[gpu0] [  93/1000] samples:   4650 | chain(game/max/avg): 5/9/5.8 | reward(game/avg): 15400/19576 | 0.41 games/s | ETA: 2190s
[gpu0] [  94/1000] samples:   4700 | chain(game/max/avg): 5/9/5.8 | reward(game/avg): 12540/19501 | 0.42 games/s | ETA: 2164s
[gpu0] [  95/1000] samples:   4750 | chain(game/max/avg): 6/9/5.8 | reward(game/avg): 20620/19513 | 0.42 games/s | ETA: 2139s
[gpu0] [  96/1000] samples:   4800 | chain(game/max/avg): 6/9/5.8 | reward(game/avg): 22970/19549 | 0.43 games/s | ETA: 2115s
[gpu0] [  97/1000] samples:   4850 | chain(game/max/avg): 6/9/5.8 | reward(game/avg): 21710/19571 | 0.43 games/s | ETA: 2090s
[gpu0] [  98/1000] samples:   4900 | chain(game/max/avg): 5/9/5.8 | reward(game/avg): 16980/19544 | 0.44 games/s | ETA: 2067s
[gpu0] [  99/1000] samples:   4950 | chain(game/max/avg): 6/9/5.8 | reward(game/avg): 20940/19558 | 0.44 games/s | ETA: 2044s
[gpu0] [ 100/1000] samples:   5000 | chain(game/max/avg): 5/9/5.8 | reward(game/avg): 12460/19488 | 0.45 games/s | ETA: 2021s
[gpu0] [ 101/1000] samples:   5050 | chain(game/max/avg): 6/9/5.8 | reward(game/avg): 22380/19516 | 0.45 games/s | ETA: 1999s
[gpu0] [ 102/1000] samples:   5100 | chain(game/max/avg): 4/9/5.8 | reward(game/avg): 11920/19442 | 0.45 games/s | ETA: 1977s
[gpu0] [ 103/1000] samples:   5150 | chain(game/max/avg): 5/9/5.7 | reward(game/avg): 17640/19424 | 0.46 games/s | ETA: 1956s
[gpu0] [ 104/1000] samples:   5200 | chain(game/max/avg): 5/9/5.7 | reward(game/avg): 12320/19356 | 0.46 games/s | ETA: 1935s
[gpu0] [ 105/1000] samples:   5250 | chain(game/max/avg): 6/9/5.7 | reward(game/avg): 18390/19347 | 0.47 games/s | ETA: 1914s
[gpu0] [ 106/1000] samples:   5300 | chain(game/max/avg): 5/9/5.7 | reward(game/avg): 14320/19299 | 0.47 games/s | ETA: 1894s
[gpu0] [ 107/1000] samples:   5350 | chain(game/max/avg): 4/9/5.7 | reward(game/avg): 9900/19211 | 0.48 games/s | ETA: 1874s
[gpu0] [ 108/1000] samples:   5400 | chain(game/max/avg): 5/9/5.7 | reward(game/avg): 11940/19144 | 0.48 games/s | ETA: 1855s
[gpu0] [ 109/1000] samples:   5450 | chain(game/max/avg): 6/9/5.7 | reward(game/avg): 15700/19112 | 0.49 games/s | ETA: 1836s
[gpu0] [ 110/1000] samples:   5500 | chain(game/max/avg): 5/9/5.7 | reward(game/avg): 17300/19096 | 0.49 games/s | ETA: 1817s
[gpu0] [ 111/1000] samples:   5550 | chain(game/max/avg): 5/9/5.7 | reward(game/avg): 11800/19030 | 0.49 games/s | ETA: 1799s
[gpu0] [ 112/1000] samples:   5600 | chain(game/max/avg): 4/9/5.7 | reward(game/avg): 9280/18943 | 0.50 games/s | ETA: 1780s
[gpu0] [ 113/1000] samples:   5650 | chain(game/max/avg): 5/9/5.7 | reward(game/avg): 10960/18873 | 0.50 games/s | ETA: 1763s
[gpu0] [ 114/1000] samples:   5700 | chain(game/max/avg): 5/9/5.7 | reward(game/avg): 13680/18827 | 0.51 games/s | ETA: 1745s
[gpu0] [ 115/1000] samples:   5750 | chain(game/max/avg): 5/9/5.7 | reward(game/avg): 15580/18799 | 0.51 games/s | ETA: 1728s
[gpu0] [ 116/1000] samples:   5800 | chain(game/max/avg): 6/9/5.7 | reward(game/avg): 21080/18818 | 0.52 games/s | ETA: 1711s
[gpu0] [ 117/1000] samples:   5850 | chain(game/max/avg): 4/9/5.7 | reward(game/avg): 12520/18765 | 0.52 games/s | ETA: 1695s
[gpu0] [ 118/1000] samples:   5900 | chain(game/max/avg): 4/9/5.6 | reward(game/avg): 9560/18687 | 0.53 games/s | ETA: 1679s
[gpu0] [ 119/1000] samples:   5950 | chain(game/max/avg): 4/9/5.6 | reward(game/avg): 5070/18572 | 0.53 games/s | ETA: 1663s
[gpu0] [ 120/1000] samples:   6000 | chain(game/max/avg): 6/9/5.6 | reward(game/avg): 22790/18607 | 0.53 games/s | ETA: 1647s
[gpu0] [ 121/1000] samples:   6050 | chain(game/max/avg): 5/9/5.6 | reward(game/avg): 12660/18558 | 0.54 games/s | ETA: 1631s
[gpu0] [ 122/1000] samples:   6100 | chain(game/max/avg): 5/9/5.6 | reward(game/avg): 13480/18517 | 0.54 games/s | ETA: 1616s
[gpu0] [ 123/1000] samples:   6150 | chain(game/max/avg): 6/9/5.6 | reward(game/avg): 14300/18482 | 0.55 games/s | ETA: 1601s
[gpu0] [ 124/1000] samples:   6200 | chain(game/max/avg): 8/9/5.6 | reward(game/avg): 25140/18536 | 0.55 games/s | ETA: 1587s
[gpu0] [ 125/1000] samples:   6250 | chain(game/max/avg): 4/9/5.6 | reward(game/avg): 11510/18480 | 0.56 games/s | ETA: 1572s
[gpu0] [ 126/1000] samples:   6300 | chain(game/max/avg): 6/9/5.6 | reward(game/avg): 19680/18489 | 0.56 games/s | ETA: 1558s
[gpu0] [ 127/1000] samples:   6350 | chain(game/max/avg): 6/9/5.6 | reward(game/avg): 32030/18596 | 0.57 games/s | ETA: 1544s
[gpu0] [ 128/1000] samples:   6400 | chain(game/max/avg): 5/9/5.6 | reward(game/avg): 11290/18539 | 0.57 games/s | ETA: 1530s
[gpu0] [ 129/1000] samples:   6450 | chain(game/max/avg): 6/9/5.6 | reward(game/avg): 19060/18543 | 0.57 games/s | ETA: 1516s
[gpu0] [ 130/1000] samples:   6500 | chain(game/max/avg): 6/9/5.6 | reward(game/avg): 16020/18523 | 0.58 games/s | ETA: 1503s
[gpu0] [ 131/1000] samples:   6550 | chain(game/max/avg): 4/9/5.6 | reward(game/avg): 9000/18451 | 0.58 games/s | ETA: 1490s
[gpu0] [ 132/1000] samples:   6600 | chain(game/max/avg): 4/9/5.6 | reward(game/avg): 9840/18386 | 0.59 games/s | ETA: 1477s
[gpu0] [ 133/1000] samples:   6650 | chain(game/max/avg): 5/9/5.6 | reward(game/avg): 13540/18349 | 0.59 games/s | ETA: 1464s
[gpu0] [ 134/1000] samples:   6700 | chain(game/max/avg): 5/9/5.6 | reward(game/avg): 11300/18296 | 0.60 games/s | ETA: 1451s
[gpu0] [ 135/1000] samples:   6750 | chain(game/max/avg): 5/9/5.6 | reward(game/avg): 14600/18269 | 0.60 games/s | ETA: 1439s
[gpu0] [ 136/1000] samples:   6800 | chain(game/max/avg): 5/9/5.6 | reward(game/avg): 12080/18224 | 0.61 games/s | ETA: 1427s
[gpu0] [ 137/1000] samples:   6850 | chain(game/max/avg): 4/9/5.6 | reward(game/avg): 11050/18171 | 0.61 games/s | ETA: 1415s
[gpu0] [ 138/1000] samples:   6900 | chain(game/max/avg): 7/9/5.6 | reward(game/avg): 28140/18243 | 0.61 games/s | ETA: 1403s
[gpu0] [ 139/1000] samples:   6950 | chain(game/max/avg): 5/9/5.6 | reward(game/avg): 13840/18212 | 0.62 games/s | ETA: 1391s
[gpu0] [ 140/1000] samples:   7000 | chain(game/max/avg): 5/9/5.6 | reward(game/avg): 18140/18211 | 0.62 games/s | ETA: 1380s
[gpu0] [ 141/1000] samples:   7050 | chain(game/max/avg): 5/9/5.6 | reward(game/avg): 18060/18210 | 0.63 games/s | ETA: 1368s
[gpu0] [ 143/1000] samples:   7150 | chain(game/max/avg): 5/9/5.6 | reward(game/avg): 7640/18084 | 0.64 games/s | ETA: 1346s
[gpu0] [ 142/1000] samples:   7100 | chain(game/max/avg): 5/9/5.6 | reward(game/avg): 10700/18157 | 0.63 games/s | ETA: 1357s
[gpu0] [ 144/1000] samples:   7200 | chain(game/max/avg): 5/9/5.6 | reward(game/avg): 12180/18043 | 0.64 games/s | ETA: 1335s
[gpu0] [ 145/1000] samples:   7250 | chain(game/max/avg): 7/9/5.6 | reward(game/avg): 31160/18133 | 0.65 games/s | ETA: 1324s
[gpu0] [ 146/1000] samples:   7300 | chain(game/max/avg): 5/9/5.6 | reward(game/avg): 10060/18078 | 0.65 games/s | ETA: 1314s
[gpu0] [ 147/1000] samples:   7350 | chain(game/max/avg): 6/9/5.6 | reward(game/avg): 20420/18094 | 0.65 games/s | ETA: 1303s
[gpu0] [ 148/1000] samples:   7400 | chain(game/max/avg): 6/9/5.6 | reward(game/avg): 20020/18107 | 0.66 games/s | ETA: 1293s
[gpu0] [ 149/1000] samples:   7450 | chain(game/max/avg): 5/9/5.6 | reward(game/avg): 15300/18088 | 0.66 games/s | ETA: 1283s
[gpu0] [ 150/1000] samples:   7500 | chain(game/max/avg): 5/9/5.6 | reward(game/avg): 12140/18048 | 0.67 games/s | ETA: 1273s
[gpu0] [ 151/1000] samples:   7550 | chain(game/max/avg): 4/9/5.6 | reward(game/avg): 9130/17989 | 0.67 games/s | ETA: 1263s
[gpu0] [ 152/1000] samples:   7600 | chain(game/max/avg): 6/9/5.6 | reward(game/avg): 19500/17999 | 0.68 games/s | ETA: 1253s
[gpu0] [ 153/1000] samples:   7650 | chain(game/max/avg): 6/9/5.6 | reward(game/avg): 29740/18076 | 0.68 games/s | ETA: 1243s
[gpu0] [ 154/1000] samples:   7700 | chain(game/max/avg): 5/9/5.6 | reward(game/avg): 11360/18032 | 0.69 games/s | ETA: 1234s
[gpu0] [ 155/1000] samples:   7750 | chain(game/max/avg): 4/9/5.6 | reward(game/avg): 9740/17979 | 0.69 games/s | ETA: 1224s
[gpu0] [ 156/1000] samples:   7800 | chain(game/max/avg): 5/9/5.6 | reward(game/avg): 14760/17958 | 0.69 games/s | ETA: 1215s
[gpu0] [ 157/1000] samples:   7850 | chain(game/max/avg): 6/9/5.6 | reward(game/avg): 29110/18029 | 0.70 games/s | ETA: 1206s
[gpu0] [ 158/1000] samples:   7900 | chain(game/max/avg): 6/9/5.6 | reward(game/avg): 21550/18052 | 0.70 games/s | ETA: 1197s
[gpu0] [ 159/1000] samples:   7950 | chain(game/max/avg): 4/9/5.5 | reward(game/avg): 8860/17994 | 0.71 games/s | ETA: 1188s
[gpu0] [ 160/1000] samples:   8000 | chain(game/max/avg): 6/9/5.5 | reward(game/avg): 24750/18036 | 0.71 games/s | ETA: 1179s
[gpu0] [ 161/1000] samples:   8050 | chain(game/max/avg): 5/9/5.5 | reward(game/avg): 14860/18016 | 0.72 games/s | ETA: 1170s
[gpu0] [ 162/1000] samples:   8100 | chain(game/max/avg): 7/9/5.6 | reward(game/avg): 32760/18107 | 0.72 games/s | ETA: 1162s
[gpu0] [ 163/1000] samples:   8150 | chain(game/max/avg): 6/9/5.6 | reward(game/avg): 24960/18149 | 0.73 games/s | ETA: 1153s
[gpu0] [ 164/1000] samples:   8200 | chain(game/max/avg): 6/9/5.6 | reward(game/avg): 22900/18178 | 0.73 games/s | ETA: 1145s
[gpu0] [ 165/1000] samples:   8250 | chain(game/max/avg): 7/9/5.6 | reward(game/avg): 30700/18254 | 0.73 games/s | ETA: 1137s
[gpu0] [ 166/1000] samples:   8300 | chain(game/max/avg): 6/9/5.6 | reward(game/avg): 19230/18260 | 0.74 games/s | ETA: 1128s
[gpu0] [ 167/1000] samples:   8350 | chain(game/max/avg): 7/9/5.6 | reward(game/avg): 30140/18331 | 0.74 games/s | ETA: 1120s
[gpu0] [ 168/1000] samples:   8400 | chain(game/max/avg): 7/9/5.6 | reward(game/avg): 33700/18423 | 0.75 games/s | ETA: 1112s
[gpu0] [ 169/1000] samples:   8450 | chain(game/max/avg): 5/9/5.6 | reward(game/avg): 16160/18409 | 0.75 games/s | ETA: 1104s
[gpu0] [ 170/1000] samples:   8500 | chain(game/max/avg): 4/9/5.6 | reward(game/avg): 10780/18364 | 0.76 games/s | ETA: 1097s
[gpu0] [ 171/1000] samples:   8550 | chain(game/max/avg): 6/9/5.6 | reward(game/avg): 18630/18366 | 0.76 games/s | ETA: 1089s
[gpu0] [ 172/1000] samples:   8600 | chain(game/max/avg): 5/9/5.6 | reward(game/avg): 14940/18346 | 0.77 games/s | ETA: 1081s
[gpu0] [ 173/1000] samples:   8650 | chain(game/max/avg): 4/9/5.6 | reward(game/avg): 10750/18302 | 0.77 games/s | ETA: 1074s
[gpu0] [ 174/1000] samples:   8700 | chain(game/max/avg): 6/9/5.6 | reward(game/avg): 23900/18334 | 0.77 games/s | ETA: 1066s
[gpu0] [ 175/1000] samples:   8750 | chain(game/max/avg): 5/9/5.6 | reward(game/avg): 16710/18325 | 0.78 games/s | ETA: 1059s
[gpu0] [ 176/1000] samples:   8800 | chain(game/max/avg): 5/9/5.6 | reward(game/avg): 9640/18276 | 0.78 games/s | ETA: 1052s
[gpu0] [ 177/1000] samples:   8850 | chain(game/max/avg): 5/9/5.6 | reward(game/avg): 19340/18282 | 0.79 games/s | ETA: 1044s
[gpu0] [ 178/1000] samples:   8900 | chain(game/max/avg): 4/9/5.6 | reward(game/avg): 11580/18244 | 0.79 games/s | ETA: 1037s
[gpu0] [ 182/1000] samples:   9100 | chain(game/max/avg): 5/9/5.5 | reward(game/avg): 14240/18168 | 0.81 games/s | ETA: 1010s
[gpu0] [ 181/1000] samples:   9050 | chain(game/max/avg): 6/9/5.5 | reward(game/avg): 18920/18190 | 0.81 games/s | ETA: 1016s
[gpu0] [ 179/1000] samples:   8950 | chain(game/max/avg): 6/9/5.6 | reward(game/avg): 19220/18249 | 0.80 games/s | ETA: 1030s
[gpu0] [ 180/1000] samples:   9000 | chain(game/max/avg): 4/9/5.5 | reward(game/avg): 6720/18185 | 0.80 games/s | ETA: 1023s
[gpu0] [ 183/1000] samples:   9150 | chain(game/max/avg): 5/9/5.5 | reward(game/avg): 15920/18156 | 0.81 games/s | ETA: 1003s
[gpu0] [ 184/1000] samples:   9200 | chain(game/max/avg): 5/9/5.5 | reward(game/avg): 21150/18172 | 0.82 games/s | ETA: 996s
[gpu0] [ 185/1000] samples:   9250 | chain(game/max/avg): 5/9/5.5 | reward(game/avg): 15640/18158 | 0.82 games/s | ETA: 990s
[gpu0] [ 186/1000] samples:   9300 | chain(game/max/avg): 7/9/5.5 | reward(game/avg): 31960/18232 | 0.83 games/s | ETA: 983s
[gpu0] [ 187/1000] samples:   9350 | chain(game/max/avg): 5/9/5.5 | reward(game/avg): 11060/18194 | 0.83 games/s | ETA: 977s
[gpu0] [ 188/1000] samples:   9400 | chain(game/max/avg): 6/9/5.5 | reward(game/avg): 12240/18162 | 0.84 games/s | ETA: 970s
[gpu0] [ 189/1000] samples:   9450 | chain(game/max/avg): 6/9/5.5 | reward(game/avg): 14040/18140 | 0.84 games/s | ETA: 964s
[gpu0] [ 190/1000] samples:   9500 | chain(game/max/avg): 5/9/5.5 | reward(game/avg): 11540/18106 | 0.85 games/s | ETA: 958s
[gpu0] [ 191/1000] samples:   9550 | chain(game/max/avg): 7/9/5.5 | reward(game/avg): 20740/18120 | 0.85 games/s | ETA: 951s
[gpu0] [ 192/1000] samples:   9600 | chain(game/max/avg): 4/9/5.5 | reward(game/avg): 9940/18077 | 0.85 games/s | ETA: 945s
[gpu0] [ 194/1000] samples:   9700 | chain(game/max/avg): 7/9/5.6 | reward(game/avg): 19460/18129 | 0.86 games/s | ETA: 933s
[gpu0] [ 193/1000] samples:   9700 | chain(game/max/avg): 7/9/5.6 | reward(game/avg): 26840/18223 | 0.86 games/s | ETA: 939s
[gpu0] [ 195/1000] samples:   9750 | chain(game/max/avg): 5/9/5.6 | reward(game/avg): 15990/18118 | 0.87 games/s | ETA: 927s
[gpu0] [ 196/1000] samples:   9800 | chain(game/max/avg): 6/9/5.6 | reward(game/avg): 18830/18122 | 0.87 games/s | ETA: 921s
[gpu0] [ 197/1000] samples:   9850 | chain(game/max/avg): 6/9/5.6 | reward(game/avg): 16630/18114 | 0.88 games/s | ETA: 916s
[gpu0] [ 198/1000] samples:   9900 | chain(game/max/avg): 5/9/5.6 | reward(game/avg): 19640/18122 | 0.88 games/s | ETA: 910s
[gpu0] [ 199/1000] samples:   9950 | chain(game/max/avg): 6/9/5.6 | reward(game/avg): 23160/18147 | 0.89 games/s | ETA: 904s
[gpu0] [ 200/1000] samples:  10000 | chain(game/max/avg): 7/9/5.6 | reward(game/avg): 24040/18177 | 0.89 games/s | ETA: 899s
[gpu0] [ 201/1000] samples:  10050 | chain(game/max/avg): 5/9/5.6 | reward(game/avg): 9970/18136 | 0.89 games/s | ETA: 893s
[gpu0] [ 202/1000] samples:  10100 | chain(game/max/avg): 5/9/5.6 | reward(game/avg): 15120/18121 | 0.90 games/s | ETA: 887s
[gpu0] [ 203/1000] samples:  10150 | chain(game/max/avg): 4/9/5.6 | reward(game/avg): 11720/18090 | 0.90 games/s | ETA: 882s
[gpu0] [ 204/1000] samples:  10200 | chain(game/max/avg): 5/9/5.5 | reward(game/avg): 14620/18072 | 0.91 games/s | ETA: 877s
[gpu0] [ 205/1000] samples:  10250 | chain(game/max/avg): 4/9/5.5 | reward(game/avg): 10060/18033 | 0.91 games/s | ETA: 871s
[gpu0] [ 206/1000] samples:  10300 | chain(game/max/avg): 4/9/5.5 | reward(game/avg): 8240/17986 | 0.92 games/s | ETA: 866s
[gpu0] [ 207/1000] samples:  10350 | chain(game/max/avg): 4/9/5.5 | reward(game/avg): 9340/17944 | 0.92 games/s | ETA: 861s
[gpu0] [ 208/1000] samples:  10400 | chain(game/max/avg): 5/9/5.5 | reward(game/avg): 11760/17914 | 0.93 games/s | ETA: 855s
[gpu0] [ 209/1000] samples:  10450 | chain(game/max/avg): 6/9/5.5 | reward(game/avg): 19310/17921 | 0.93 games/s | ETA: 850s
[gpu0] [ 210/1000] samples:  10500 | chain(game/max/avg): 5/9/5.5 | reward(game/avg): 16740/17915 | 0.93 games/s | ETA: 845s
[gpu0] [ 211/1000] samples:  10550 | chain(game/max/avg): 6/9/5.5 | reward(game/avg): 22800/17939 | 0.94 games/s | ETA: 840s
[gpu0] [ 212/1000] samples:  10600 | chain(game/max/avg): 5/9/5.5 | reward(game/avg): 16980/17934 | 0.94 games/s | ETA: 835s
[gpu0] [ 213/1000] samples:  10650 | chain(game/max/avg): 5/9/5.5 | reward(game/avg): 11810/17905 | 0.95 games/s | ETA: 830s
[gpu0] [ 214/1000] samples:  10700 | chain(game/max/avg): 4/9/5.5 | reward(game/avg): 11940/17877 | 0.95 games/s | ETA: 825s
[gpu0] [ 215/1000] samples:  10750 | chain(game/max/avg): 6/9/5.5 | reward(game/avg): 12180/17851 | 0.96 games/s | ETA: 820s
[gpu0] [ 216/1000] samples:  10800 | chain(game/max/avg): 5/9/5.5 | reward(game/avg): 13700/17832 | 0.96 games/s | ETA: 815s
[gpu0] [ 217/1000] samples:  10850 | chain(game/max/avg): 6/9/5.5 | reward(game/avg): 17840/17832 | 0.97 games/s | ETA: 811s
[gpu0] [ 218/1000] samples:  10900 | chain(game/max/avg): 5/9/5.5 | reward(game/avg): 11610/17803 | 0.97 games/s | ETA: 806s
[gpu0] [ 219/1000] samples:  10950 | chain(game/max/avg): 6/9/5.5 | reward(game/avg): 29570/17857 | 0.97 games/s | ETA: 801s
[gpu0] [ 220/1000] samples:  11000 | chain(game/max/avg): 6/9/5.5 | reward(game/avg): 16860/17852 | 0.98 games/s | ETA: 796s
[gpu0] [ 221/1000] samples:  11050 | chain(game/max/avg): 5/9/5.5 | reward(game/avg): 10900/17821 | 0.98 games/s | ETA: 792s
[gpu0] [ 222/1000] samples:  11100 | chain(game/max/avg): 4/9/5.5 | reward(game/avg): 9900/17785 | 0.99 games/s | ETA: 787s
[gpu0] [ 223/1000] samples:  11150 | chain(game/max/avg): 5/9/5.5 | reward(game/avg): 11920/17759 | 0.99 games/s | ETA: 783s
[gpu0] [ 224/1000] samples:  11200 | chain(game/max/avg): 5/9/5.5 | reward(game/avg): 15920/17751 | 1.00 games/s | ETA: 778s
[gpu0] [ 225/1000] samples:  11250 | chain(game/max/avg): 6/9/5.5 | reward(game/avg): 20420/17763 | 1.00 games/s | ETA: 774s
[gpu0] [ 226/1000] samples:  11300 | chain(game/max/avg): 6/9/5.5 | reward(game/avg): 20980/17777 | 1.01 games/s | ETA: 769s
[gpu0] [ 227/1000] samples:  11350 | chain(game/max/avg): 4/9/5.5 | reward(game/avg): 11700/17750 | 1.01 games/s | ETA: 765s
[gpu0] [ 228/1000] samples:  11400 | chain(game/max/avg): 6/9/5.5 | reward(game/avg): 17410/17749 | 1.01 games/s | ETA: 761s
[gpu0] [ 229/1000] samples:  11450 | chain(game/max/avg): 4/9/5.5 | reward(game/avg): 9890/17714 | 1.02 games/s | ETA: 756s
[gpu0] [ 230/1000] samples:  11500 | chain(game/max/avg): 7/9/5.5 | reward(game/avg): 23740/17740 | 1.02 games/s | ETA: 752s
[gpu0] [ 231/1000] samples:  11550 | chain(game/max/avg): 5/9/5.5 | reward(game/avg): 18420/17743 | 1.03 games/s | ETA: 748s
[gpu0] [ 232/1000] samples:  11600 | chain(game/max/avg): 5/9/5.5 | reward(game/avg): 13840/17727 | 1.03 games/s | ETA: 744s
[gpu0] [ 233/1000] samples:  11650 | chain(game/max/avg): 7/9/5.5 | reward(game/avg): 29380/17777 | 1.04 games/s | ETA: 740s
[gpu0] [ 234/1000] samples:  11700 | chain(game/max/avg): 5/9/5.5 | reward(game/avg): 11290/17749 | 1.04 games/s | ETA: 735s
[gpu0] [ 235/1000] samples:  11750 | chain(game/max/avg): 5/9/5.5 | reward(game/avg): 14000/17733 | 1.05 games/s | ETA: 731s
[gpu0] [ 236/1000] samples:  11800 | chain(game/max/avg): 5/9/5.5 | reward(game/avg): 12580/17711 | 1.05 games/s | ETA: 727s
[gpu0] [ 237/1000] samples:  11850 | chain(game/max/avg): 7/9/5.5 | reward(game/avg): 22360/17731 | 1.05 games/s | ETA: 723s
[gpu0] [ 238/1000] samples:  11900 | chain(game/max/avg): 5/9/5.5 | reward(game/avg): 9020/17694 | 1.06 games/s | ETA: 719s
[gpu0] [ 239/1000] samples:  11950 | chain(game/max/avg): 6/9/5.5 | reward(game/avg): 19220/17701 | 1.06 games/s | ETA: 715s
[gpu0] [ 240/1000] samples:  12000 | chain(game/max/avg): 4/9/5.5 | reward(game/avg): 9360/17666 | 1.07 games/s | ETA: 711s
[gpu0] [ 241/1000] samples:  12050 | chain(game/max/avg): 6/9/5.5 | reward(game/avg): 22400/17685 | 1.07 games/s | ETA: 708s
[gpu0] [ 242/1000] samples:  12100 | chain(game/max/avg): 4/9/5.5 | reward(game/avg): 6460/17639 | 1.08 games/s | ETA: 704s
[gpu0] [ 243/1000] samples:  12150 | chain(game/max/avg): 6/9/5.5 | reward(game/avg): 17420/17638 | 1.08 games/s | ETA: 700s
[gpu0] [ 244/1000] samples:  12200 | chain(game/max/avg): 5/9/5.5 | reward(game/avg): 12520/17617 | 1.09 games/s | ETA: 696s
[gpu0] [ 245/1000] samples:  12250 | chain(game/max/avg): 5/9/5.5 | reward(game/avg): 17020/17615 | 1.09 games/s | ETA: 692s
[gpu0] [ 246/1000] samples:  12300 | chain(game/max/avg): 5/9/5.5 | reward(game/avg): 11020/17588 | 1.09 games/s | ETA: 689s
[gpu0] [ 247/1000] samples:  12350 | chain(game/max/avg): 5/9/5.5 | reward(game/avg): 13460/17571 | 1.10 games/s | ETA: 685s
[gpu0] [ 248/1000] samples:  12400 | chain(game/max/avg): 5/9/5.5 | reward(game/avg): 16710/17568 | 1.10 games/s | ETA: 681s
[gpu0] [ 249/1000] samples:  12450 | chain(game/max/avg): 4/9/5.5 | reward(game/avg): 8370/17531 | 1.11 games/s | ETA: 678s
[gpu0] [ 250/1000] samples:  12500 | chain(game/max/avg): 6/9/5.5 | reward(game/avg): 24320/17558 | 1.11 games/s | ETA: 674s
[gpu0] [ 251/1000] samples:  12550 | chain(game/max/avg): 4/9/5.5 | reward(game/avg): 8260/17521 | 1.12 games/s | ETA: 670s
[gpu0] [ 252/1000] samples:  12600 | chain(game/max/avg): 5/9/5.5 | reward(game/avg): 14260/17508 | 1.12 games/s | ETA: 667s
[gpu0] [ 253/1000] samples:  12650 | chain(game/max/avg): 6/9/5.5 | reward(game/avg): 17740/17509 | 1.13 games/s | ETA: 663s
[gpu0] [ 254/1000] samples:  12700 | chain(game/max/avg): 6/9/5.5 | reward(game/avg): 15180/17500 | 1.13 games/s | ETA: 660s
[gpu0] [ 255/1000] samples:  12750 | chain(game/max/avg): 5/9/5.5 | reward(game/avg): 9940/17470 | 1.13 games/s | ETA: 656s
[gpu0] [ 256/1000] samples:  12800 | chain(game/max/avg): 4/9/5.5 | reward(game/avg): 9120/17437 | 1.14 games/s | ETA: 653s
[gpu0] [ 257/1000] samples:  12850 | chain(game/max/avg): 4/9/5.5 | reward(game/avg): 8530/17403 | 1.14 games/s | ETA: 650s
[gpu0] [ 258/1000] samples:  12900 | chain(game/max/avg): 6/9/5.5 | reward(game/avg): 17700/17404 | 1.15 games/s | ETA: 646s
[gpu0] [ 259/1000] samples:  12950 | chain(game/max/avg): 5/9/5.5 | reward(game/avg): 19140/17411 | 1.15 games/s | ETA: 643s
[gpu0] [ 260/1000] samples:  13000 | chain(game/max/avg): 5/9/5.5 | reward(game/avg): 17640/17412 | 1.16 games/s | ETA: 640s
[gpu0] [ 261/1000] samples:  13050 | chain(game/max/avg): 4/9/5.5 | reward(game/avg): 6640/17370 | 1.16 games/s | ETA: 636s
[gpu0] [ 262/1000] samples:  13100 | chain(game/max/avg): 7/9/5.5 | reward(game/avg): 26100/17404 | 1.17 games/s | ETA: 633s
[gpu0] [ 263/1000] samples:  13150 | chain(game/max/avg): 5/9/5.5 | reward(game/avg): 12300/17384 | 1.17 games/s | ETA: 630s
[gpu0] [ 264/1000] samples:  13200 | chain(game/max/avg): 7/9/5.5 | reward(game/avg): 32840/17443 | 1.17 games/s | ETA: 626s
[gpu0] [ 265/1000] samples:  13250 | chain(game/max/avg): 5/9/5.5 | reward(game/avg): 14970/17433 | 1.18 games/s | ETA: 623s
[gpu0] [ 266/1000] samples:  13300 | chain(game/max/avg): 6/9/5.5 | reward(game/avg): 13320/17418 | 1.18 games/s | ETA: 620s
[gpu0] [ 267/1000] samples:  13350 | chain(game/max/avg): 5/9/5.5 | reward(game/avg): 20430/17429 | 1.19 games/s | ETA: 617s
[gpu0] [ 268/1000] samples:  13400 | chain(game/max/avg): 5/9/5.5 | reward(game/avg): 10740/17404 | 1.19 games/s | ETA: 614s
[gpu0] [ 269/1000] samples:  13450 | chain(game/max/avg): 5/9/5.5 | reward(game/avg): 12730/17387 | 1.20 games/s | ETA: 611s
[gpu0] [ 273/1000] samples:  13650 | chain(game/max/avg): 5/9/5.5 | reward(game/avg): 13440/17315 | 1.21 games/s | ETA: 598s
[gpu0] [ 270/1000] samples:  13500 | chain(game/max/avg): 4/9/5.5 | reward(game/avg): 7700/17351 | 1.20 games/s | ETA: 608s
[gpu0] [ 271/1000] samples:  13550 | chain(game/max/avg): 5/9/5.5 | reward(game/avg): 14660/17341 | 1.21 games/s | ETA: 604s
[gpu0] [ 272/1000] samples:  13600 | chain(game/max/avg): 5/9/5.5 | reward(game/avg): 14020/17329 | 1.21 games/s | ETA: 601s
[gpu0] [ 274/1000] samples:  13700 | chain(game/max/avg): 6/9/5.5 | reward(game/avg): 15400/17308 | 1.22 games/s | ETA: 595s
[gpu0] [ 275/1000] samples:  13750 | chain(game/max/avg): 6/9/5.5 | reward(game/avg): 16800/17306 | 1.22 games/s | ETA: 592s
[gpu0] [ 276/1000] samples:  13800 | chain(game/max/avg): 5/9/5.5 | reward(game/avg): 14510/17296 | 1.23 games/s | ETA: 589s
[gpu0] [ 277/1000] samples:  13850 | chain(game/max/avg): 5/9/5.5 | reward(game/avg): 15400/17289 | 1.23 games/s | ETA: 587s
[gpu0] [ 278/1000] samples:  13900 | chain(game/max/avg): 6/9/5.5 | reward(game/avg): 16440/17286 | 1.24 games/s | ETA: 584s
[gpu0] [ 279/1000] samples:  13950 | chain(game/max/avg): 6/9/5.5 | reward(game/avg): 19820/17295 | 1.24 games/s | ETA: 581s
[gpu0] [ 280/1000] samples:  14000 | chain(game/max/avg): 5/9/5.5 | reward(game/avg): 14190/17284 | 1.25 games/s | ETA: 578s
[gpu0] [ 281/1000] samples:  14050 | chain(game/max/avg): 5/9/5.5 | reward(game/avg): 7480/17249 | 1.25 games/s | ETA: 575s
[gpu0] [ 282/1000] samples:  14100 | chain(game/max/avg): 5/9/5.5 | reward(game/avg): 11320/17228 | 1.25 games/s | ETA: 572s
[gpu0] [ 283/1000] samples:  14150 | chain(game/max/avg): 5/9/5.5 | reward(game/avg): 12250/17210 | 1.26 games/s | ETA: 569s
[gpu0] [ 284/1000] samples:  14200 | chain(game/max/avg): 5/9/5.5 | reward(game/avg): 14380/17200 | 1.26 games/s | ETA: 567s
[gpu0] [ 285/1000] samples:  14250 | chain(game/max/avg): 5/9/5.4 | reward(game/avg): 14160/17190 | 1.27 games/s | ETA: 564s
[gpu0] [ 286/1000] samples:  14300 | chain(game/max/avg): 6/9/5.5 | reward(game/avg): 21060/17203 | 1.27 games/s | ETA: 561s
[gpu0] [ 287/1000] samples:  14350 | chain(game/max/avg): 6/9/5.5 | reward(game/avg): 22320/17221 | 1.28 games/s | ETA: 558s
[gpu0] [ 288/1000] samples:  14400 | chain(game/max/avg): 7/9/5.5 | reward(game/avg): 17440/17222 | 1.28 games/s | ETA: 556s
[gpu0] [ 289/1000] samples:  14450 | chain(game/max/avg): 5/9/5.5 | reward(game/avg): 21980/17238 | 1.29 games/s | ETA: 553s
[gpu0] [ 290/1000] samples:  14500 | chain(game/max/avg): 6/9/5.5 | reward(game/avg): 18100/17241 | 1.29 games/s | ETA: 550s
[gpu0] [ 291/1000] samples:  14550 | chain(game/max/avg): 4/9/5.5 | reward(game/avg): 8490/17211 | 1.29 games/s | ETA: 548s
[gpu0] [ 292/1000] samples:  14600 | chain(game/max/avg): 4/9/5.4 | reward(game/avg): 12040/17193 | 1.30 games/s | ETA: 545s
[gpu0] [ 293/1000] samples:  14650 | chain(game/max/avg): 5/9/5.4 | reward(game/avg): 16930/17192 | 1.30 games/s | ETA: 542s
[gpu0] [ 294/1000] samples:  14700 | chain(game/max/avg): 6/9/5.4 | reward(game/avg): 17340/17193 | 1.31 games/s | ETA: 540s
[gpu0] [ 295/1000] samples:  14750 | chain(game/max/avg): 3/9/5.4 | reward(game/avg): 6300/17156 | 1.31 games/s | ETA: 537s
[gpu0] [ 296/1000] samples:  14800 | chain(game/max/avg): 4/9/5.4 | reward(game/avg): 10940/17135 | 1.32 games/s | ETA: 534s
[gpu0] [ 297/1000] samples:  14850 | chain(game/max/avg): 6/9/5.4 | reward(game/avg): 15620/17130 | 1.32 games/s | ETA: 532s
[gpu0] [ 298/1000] samples:  14900 | chain(game/max/avg): 4/9/5.4 | reward(game/avg): 10630/17108 | 1.33 games/s | ETA: 529s
[gpu0] [ 299/1000] samples:  14950 | chain(game/max/avg): 4/9/5.4 | reward(game/avg): 14100/17098 | 1.33 games/s | ETA: 527s
[gpu0] [ 300/1000] samples:  15000 | chain(game/max/avg): 6/9/5.4 | reward(game/avg): 19640/17107 | 1.33 games/s | ETA: 524s
[gpu0] [ 301/1000] samples:  15050 | chain(game/max/avg): 3/9/5.4 | reward(game/avg): 3740/17062 | 1.34 games/s | ETA: 522s
[gpu0] [ 302/1000] samples:  15100 | chain(game/max/avg): 4/9/5.4 | reward(game/avg): 11360/17043 | 1.34 games/s | ETA: 519s
[gpu0] [ 303/1000] samples:  15150 | chain(game/max/avg): 6/9/5.4 | reward(game/avg): 19340/17051 | 1.35 games/s | ETA: 517s
[gpu0] [ 304/1000] samples:  15200 | chain(game/max/avg): 5/9/5.4 | reward(game/avg): 17640/17053 | 1.35 games/s | ETA: 515s
[gpu0] [ 305/1000] samples:  15250 | chain(game/max/avg): 7/9/5.4 | reward(game/avg): 20980/17066 | 1.36 games/s | ETA: 512s
[gpu0] [ 306/1000] samples:  15300 | chain(game/max/avg): 5/9/5.4 | reward(game/avg): 11340/17047 | 1.36 games/s | ETA: 510s
[gpu0] [ 307/1000] samples:  15350 | chain(game/max/avg): 6/9/5.4 | reward(game/avg): 13730/17036 | 1.37 games/s | ETA: 507s
[gpu0] [ 308/1000] samples:  15400 | chain(game/max/avg): 5/9/5.4 | reward(game/avg): 12540/17022 | 1.37 games/s | ETA: 505s
[gpu0] [ 309/1000] samples:  15450 | chain(game/max/avg): 5/9/5.4 | reward(game/avg): 14980/17015 | 1.37 games/s | ETA: 503s
[gpu0] [ 310/1000] samples:  15500 | chain(game/max/avg): 3/9/5.4 | reward(game/avg): 9650/16991 | 1.38 games/s | ETA: 500s
[gpu0] [ 311/1000] samples:  15550 | chain(game/max/avg): 4/9/5.4 | reward(game/avg): 6400/16957 | 1.38 games/s | ETA: 498s
[gpu0] [ 312/1000] samples:  15600 | chain(game/max/avg): 8/9/5.4 | reward(game/avg): 28400/16994 | 1.39 games/s | ETA: 496s
[gpu0] [ 313/1000] samples:  15650 | chain(game/max/avg): 6/9/5.4 | reward(game/avg): 23070/17013 | 1.39 games/s | ETA: 493s
[gpu0] [ 314/1000] samples:  15700 | chain(game/max/avg): 5/9/5.4 | reward(game/avg): 17440/17015 | 1.40 games/s | ETA: 491s
[gpu0] [ 315/1000] samples:  15750 | chain(game/max/avg): 5/9/5.4 | reward(game/avg): 15480/17010 | 1.40 games/s | ETA: 489s
[gpu0] [ 316/1000] samples:  15800 | chain(game/max/avg): 5/9/5.4 | reward(game/avg): 13740/16999 | 1.41 games/s | ETA: 487s
[gpu0] [ 317/1000] samples:  15850 | chain(game/max/avg): 6/9/5.4 | reward(game/avg): 19580/17007 | 1.41 games/s | ETA: 484s
[gpu0] [ 318/1000] samples:  15900 | chain(game/max/avg): 5/9/5.4 | reward(game/avg): 21120/17020 | 1.41 games/s | ETA: 482s
[gpu0] [ 319/1000] samples:  15950 | chain(game/max/avg): 5/9/5.4 | reward(game/avg): 16140/17018 | 1.42 games/s | ETA: 480s
[gpu0] [ 320/1000] samples:  16000 | chain(game/max/avg): 5/9/5.4 | reward(game/avg): 16760/17017 | 1.42 games/s | ETA: 478s
[gpu0] [ 321/1000] samples:  16050 | chain(game/max/avg): 5/9/5.4 | reward(game/avg): 14840/17010 | 1.43 games/s | ETA: 475s
[gpu0] [ 322/1000] samples:  16100 | chain(game/max/avg): 5/9/5.4 | reward(game/avg): 12160/16995 | 1.43 games/s | ETA: 473s
[gpu0] [ 323/1000] samples:  16150 | chain(game/max/avg): 5/9/5.4 | reward(game/avg): 22210/17011 | 1.44 games/s | ETA: 471s
[gpu0] [ 324/1000] samples:  16200 | chain(game/max/avg): 6/9/5.4 | reward(game/avg): 15170/17005 | 1.44 games/s | ETA: 469s
[gpu0] [ 325/1000] samples:  16250 | chain(game/max/avg): 4/9/5.4 | reward(game/avg): 9080/16981 | 1.45 games/s | ETA: 467s
[gpu0] [ 326/1000] samples:  16300 | chain(game/max/avg): 5/9/5.4 | reward(game/avg): 12640/16968 | 1.45 games/s | ETA: 465s
[gpu0] [ 327/1000] samples:  16350 | chain(game/max/avg): 6/9/5.4 | reward(game/avg): 25680/16994 | 1.45 games/s | ETA: 463s
[gpu0] [ 328/1000] samples:  16400 | chain(game/max/avg): 6/9/5.4 | reward(game/avg): 23940/17016 | 1.46 games/s | ETA: 461s
[gpu0] [ 329/1000] samples:  16450 | chain(game/max/avg): 6/9/5.4 | reward(game/avg): 24380/17038 | 1.46 games/s | ETA: 458s
[gpu0] [ 330/1000] samples:  16500 | chain(game/max/avg): 5/9/5.4 | reward(game/avg): 13830/17028 | 1.47 games/s | ETA: 456s
[gpu0] [ 331/1000] samples:  16550 | chain(game/max/avg): 8/9/5.4 | reward(game/avg): 24800/17052 | 1.47 games/s | ETA: 454s
[gpu0] [ 332/1000] samples:  16600 | chain(game/max/avg): 5/9/5.4 | reward(game/avg): 15420/17047 | 1.48 games/s | ETA: 452s
[gpu0] [ 333/1000] samples:  16650 | chain(game/max/avg): 5/9/5.4 | reward(game/avg): 10520/17027 | 1.48 games/s | ETA: 450s
[gpu0] [ 334/1000] samples:  16700 | chain(game/max/avg): 4/9/5.4 | reward(game/avg): 10060/17006 | 1.49 games/s | ETA: 448s
[gpu0] [ 335/1000] samples:  16750 | chain(game/max/avg): 5/9/5.4 | reward(game/avg): 12280/16992 | 1.49 games/s | ETA: 446s
[gpu0] [ 336/1000] samples:  16800 | chain(game/max/avg): 5/9/5.4 | reward(game/avg): 12860/16980 | 1.49 games/s | ETA: 444s
[gpu0] [ 337/1000] samples:  16850 | chain(game/max/avg): 5/9/5.4 | reward(game/avg): 11040/16962 | 1.50 games/s | ETA: 442s
[gpu0] [ 338/1000] samples:  16900 | chain(game/max/avg): 6/9/5.4 | reward(game/avg): 17340/16963 | 1.50 games/s | ETA: 440s
[gpu0] [ 339/1000] samples:  16950 | chain(game/max/avg): 7/9/5.4 | reward(game/avg): 24170/16985 | 1.51 games/s | ETA: 438s
[gpu0] [ 340/1000] samples:  17000 | chain(game/max/avg): 5/9/5.4 | reward(game/avg): 19310/16992 | 1.51 games/s | ETA: 436s
[gpu0] [ 341/1000] samples:  17050 | chain(game/max/avg): 5/9/5.4 | reward(game/avg): 9710/16970 | 1.52 games/s | ETA: 434s
[gpu0] [ 342/1000] samples:  17100 | chain(game/max/avg): 4/9/5.4 | reward(game/avg): 7720/16943 | 1.52 games/s | ETA: 433s
[gpu0] [ 343/1000] samples:  17150 | chain(game/max/avg): 6/9/5.4 | reward(game/avg): 14580/16936 | 1.53 games/s | ETA: 431s
[gpu0] [ 344/1000] samples:  17200 | chain(game/max/avg): 7/9/5.4 | reward(game/avg): 21120/16948 | 1.53 games/s | ETA: 429s
[gpu0] [ 345/1000] samples:  17250 | chain(game/max/avg): 7/9/5.4 | reward(game/avg): 34120/16998 | 1.53 games/s | ETA: 427s
[gpu0] [ 346/1000] samples:  17300 | chain(game/max/avg): 6/9/5.4 | reward(game/avg): 16370/16996 | 1.54 games/s | ETA: 425s
[gpu0] [ 347/1000] samples:  17350 | chain(game/max/avg): 8/9/5.4 | reward(game/avg): 26920/17025 | 1.54 games/s | ETA: 423s
[gpu0] [ 348/1000] samples:  17400 | chain(game/max/avg): 5/9/5.4 | reward(game/avg): 18220/17028 | 1.55 games/s | ETA: 421s
[gpu0] [ 349/1000] samples:  17450 | chain(game/max/avg): 5/9/5.4 | reward(game/avg): 9880/17008 | 1.55 games/s | ETA: 419s
[gpu0] [ 350/1000] samples:  17500 | chain(game/max/avg): 6/9/5.4 | reward(game/avg): 25280/17032 | 1.56 games/s | ETA: 418s
[gpu0] [ 351/1000] samples:  17550 | chain(game/max/avg): 7/9/5.4 | reward(game/avg): 20490/17041 | 1.56 games/s | ETA: 416s
[gpu0] [ 352/1000] samples:  17600 | chain(game/max/avg): 5/9/5.4 | reward(game/avg): 14930/17035 | 1.57 games/s | ETA: 414s
[gpu0] [ 353/1000] samples:  17650 | chain(game/max/avg): 5/9/5.4 | reward(game/avg): 14420/17028 | 1.57 games/s | ETA: 412s
[gpu0] [ 354/1000] samples:  17700 | chain(game/max/avg): 4/9/5.4 | reward(game/avg): 8540/17004 | 1.57 games/s | ETA: 410s
[gpu0] [ 355/1000] samples:  17750 | chain(game/max/avg): 6/9/5.4 | reward(game/avg): 16300/17002 | 1.58 games/s | ETA: 409s
[gpu0] [ 356/1000] samples:  17800 | chain(game/max/avg): 8/9/5.4 | reward(game/avg): 28390/17034 | 1.58 games/s | ETA: 407s
[gpu0] [ 357/1000] samples:  17850 | chain(game/max/avg): 6/9/5.4 | reward(game/avg): 19430/17041 | 1.59 games/s | ETA: 405s
[gpu0] [ 358/1000] samples:  17900 | chain(game/max/avg): 7/9/5.4 | reward(game/avg): 22040/17055 | 1.59 games/s | ETA: 403s
[gpu0] [ 359/1000] samples:  17950 | chain(game/max/avg): 5/9/5.4 | reward(game/avg): 14140/17047 | 1.60 games/s | ETA: 402s
[gpu0] [ 360/1000] samples:  18000 | chain(game/max/avg): 4/9/5.4 | reward(game/avg): 7900/17021 | 1.60 games/s | ETA: 400s
[gpu0] [ 361/1000] samples:  18050 | chain(game/max/avg): 5/9/5.4 | reward(game/avg): 16460/17020 | 1.61 games/s | ETA: 398s
[gpu0] [ 362/1000] samples:  18100 | chain(game/max/avg): 4/9/5.4 | reward(game/avg): 10240/17001 | 1.61 games/s | ETA: 396s
[gpu0] [ 363/1000] samples:  18150 | chain(game/max/avg): 6/9/5.4 | reward(game/avg): 16370/16999 | 1.61 games/s | ETA: 395s
[gpu0] [ 364/1000] samples:  18200 | chain(game/max/avg): 5/9/5.4 | reward(game/avg): 8960/16977 | 1.62 games/s | ETA: 393s
[gpu0] [ 365/1000] samples:  18250 | chain(game/max/avg): 5/9/5.4 | reward(game/avg): 14060/16969 | 1.62 games/s | ETA: 391s
[gpu0] [ 366/1000] samples:  18300 | chain(game/max/avg): 6/9/5.4 | reward(game/avg): 17060/16969 | 1.63 games/s | ETA: 390s
[gpu0] [ 367/1000] samples:  18350 | chain(game/max/avg): 5/9/5.4 | reward(game/avg): 16230/16967 | 1.63 games/s | ETA: 388s
[gpu0] [ 368/1000] samples:  18400 | chain(game/max/avg): 7/9/5.4 | reward(game/avg): 24690/16988 | 1.64 games/s | ETA: 386s
[gpu0] [ 369/1000] samples:  18450 | chain(game/max/avg): 5/9/5.4 | reward(game/avg): 13160/16978 | 1.64 games/s | ETA: 385s
[gpu0] [ 370/1000] samples:  18500 | chain(game/max/avg): 5/9/5.4 | reward(game/avg): 14760/16972 | 1.64 games/s | ETA: 383s
[gpu0] [ 371/1000] samples:  18550 | chain(game/max/avg): 5/9/5.4 | reward(game/avg): 18940/16977 | 1.65 games/s | ETA: 381s
[gpu0] [ 372/1000] samples:  18600 | chain(game/max/avg): 7/9/5.4 | reward(game/avg): 23870/16996 | 1.65 games/s | ETA: 380s
[gpu0] [ 373/1000] samples:  18650 | chain(game/max/avg): 4/9/5.4 | reward(game/avg): 11940/16982 | 1.66 games/s | ETA: 378s
[gpu0] [ 374/1000] samples:  18700 | chain(game/max/avg): 4/9/5.4 | reward(game/avg): 13130/16972 | 1.66 games/s | ETA: 377s
[gpu0] [ 375/1000] samples:  18750 | chain(game/max/avg): 5/9/5.4 | reward(game/avg): 13380/16962 | 1.67 games/s | ETA: 375s
[gpu0] [ 376/1000] samples:  18800 | chain(game/max/avg): 6/9/5.4 | reward(game/avg): 20250/16971 | 1.67 games/s | ETA: 373s
[gpu0] [ 377/1000] samples:  18850 | chain(game/max/avg): 6/9/5.4 | reward(game/avg): 24380/16991 | 1.68 games/s | ETA: 372s
[gpu0] [ 378/1000] samples:  18900 | chain(game/max/avg): 5/9/5.4 | reward(game/avg): 20090/16999 | 1.68 games/s | ETA: 370s
[gpu0] [ 379/1000] samples:  18950 | chain(game/max/avg): 6/9/5.4 | reward(game/avg): 17230/17000 | 1.68 games/s | ETA: 369s
[gpu0] [ 380/1000] samples:  19000 | chain(game/max/avg): 4/9/5.4 | reward(game/avg): 9800/16981 | 1.69 games/s | ETA: 367s
[gpu0] [ 381/1000] samples:  19050 | chain(game/max/avg): 5/9/5.4 | reward(game/avg): 13100/16970 | 1.69 games/s | ETA: 366s
[gpu0] [ 382/1000] samples:  19100 | chain(game/max/avg): 6/9/5.4 | reward(game/avg): 16700/16970 | 1.70 games/s | ETA: 364s
[gpu0] [ 383/1000] samples:  19150 | chain(game/max/avg): 4/9/5.4 | reward(game/avg): 9700/16951 | 1.70 games/s | ETA: 362s
[gpu0] [ 384/1000] samples:  19200 | chain(game/max/avg): 4/9/5.4 | reward(game/avg): 14950/16945 | 1.71 games/s | ETA: 361s
[gpu0] [ 385/1000] samples:  19250 | chain(game/max/avg): 7/9/5.4 | reward(game/avg): 24060/16964 | 1.71 games/s | ETA: 359s
[gpu0] [ 386/1000] samples:  19300 | chain(game/max/avg): 6/9/5.4 | reward(game/avg): 13290/16954 | 1.72 games/s | ETA: 358s
[gpu0] [ 387/1000] samples:  19350 | chain(game/max/avg): 5/9/5.4 | reward(game/avg): 9680/16936 | 1.72 games/s | ETA: 356s
[gpu0] [ 388/1000] samples:  19400 | chain(game/max/avg): 5/9/5.4 | reward(game/avg): 16370/16934 | 1.72 games/s | ETA: 355s
[gpu0] [ 389/1000] samples:  19450 | chain(game/max/avg): 5/9/5.4 | reward(game/avg): 11970/16921 | 1.73 games/s | ETA: 353s
[gpu0] [ 390/1000] samples:  19500 | chain(game/max/avg): 6/9/5.4 | reward(game/avg): 21620/16933 | 1.73 games/s | ETA: 352s
[gpu0] [ 391/1000] samples:  19550 | chain(game/max/avg): 5/9/5.4 | reward(game/avg): 12060/16921 | 1.74 games/s | ETA: 350s
[gpu0] [ 392/1000] samples:  19600 | chain(game/max/avg): 6/9/5.4 | reward(game/avg): 14880/16916 | 1.74 games/s | ETA: 349s
[gpu0] [ 393/1000] samples:  19650 | chain(game/max/avg): 6/9/5.4 | reward(game/avg): 21640/16928 | 1.75 games/s | ETA: 348s
[gpu0] [ 394/1000] samples:  19700 | chain(game/max/avg): 5/9/5.4 | reward(game/avg): 15230/16924 | 1.75 games/s | ETA: 346s
[gpu0] [ 395/1000] samples:  19750 | chain(game/max/avg): 6/9/5.4 | reward(game/avg): 22780/16938 | 1.76 games/s | ETA: 345s
[gpu0] [ 396/1000] samples:  19800 | chain(game/max/avg): 5/9/5.4 | reward(game/avg): 20060/16946 | 1.76 games/s | ETA: 343s
[gpu0] [ 397/1000] samples:  19850 | chain(game/max/avg): 7/9/5.4 | reward(game/avg): 29850/16979 | 1.76 games/s | ETA: 342s
[gpu0] [ 398/1000] samples:  19900 | chain(game/max/avg): 6/9/5.4 | reward(game/avg): 25120/16999 | 1.77 games/s | ETA: 340s
[gpu0] [ 399/1000] samples:  19950 | chain(game/max/avg): 7/9/5.4 | reward(game/avg): 18800/17004 | 1.77 games/s | ETA: 339s
[gpu0] [ 400/1000] samples:  20000 | chain(game/max/avg): 5/9/5.4 | reward(game/avg): 16690/17003 | 1.78 games/s | ETA: 338s
[gpu0] [ 401/1000] samples:  20050 | chain(game/max/avg): 6/9/5.4 | reward(game/avg): 20660/17012 | 1.78 games/s | ETA: 336s
[gpu0] [ 402/1000] samples:  20100 | chain(game/max/avg): 5/9/5.4 | reward(game/avg): 13080/17002 | 1.79 games/s | ETA: 335s
[gpu0] [ 403/1000] samples:  20150 | chain(game/max/avg): 7/9/5.4 | reward(game/avg): 26950/17027 | 1.79 games/s | ETA: 333s
[gpu0] [ 404/1000] samples:  20200 | chain(game/max/avg): 5/9/5.4 | reward(game/avg): 12080/17015 | 1.79 games/s | ETA: 332s
[gpu0] [ 405/1000] samples:  20250 | chain(game/max/avg): 6/9/5.4 | reward(game/avg): 17520/17016 | 1.80 games/s | ETA: 331s
[gpu0] [ 406/1000] samples:  20300 | chain(game/max/avg): 6/9/5.4 | reward(game/avg): 20440/17024 | 1.80 games/s | ETA: 329s
[gpu0] [ 407/1000] samples:  20350 | chain(game/max/avg): 6/9/5.4 | reward(game/avg): 22040/17037 | 1.81 games/s | ETA: 328s
[gpu0] [ 408/1000] samples:  20400 | chain(game/max/avg): 5/9/5.4 | reward(game/avg): 12240/17025 | 1.81 games/s | ETA: 327s
[gpu0] [ 409/1000] samples:  20450 | chain(game/max/avg): 7/9/5.4 | reward(game/avg): 27030/17049 | 1.82 games/s | ETA: 325s
[gpu0] [ 410/1000] samples:  20500 | chain(game/max/avg): 5/9/5.4 | reward(game/avg): 11340/17035 | 1.82 games/s | ETA: 324s
[gpu0] [ 411/1000] samples:  20550 | chain(game/max/avg): 5/9/5.4 | reward(game/avg): 16960/17035 | 1.83 games/s | ETA: 323s
[gpu0] [ 412/1000] samples:  20600 | chain(game/max/avg): 6/9/5.4 | reward(game/avg): 22860/17049 | 1.83 games/s | ETA: 321s
[gpu0] [ 413/1000] samples:  20650 | chain(game/max/avg): 5/9/5.4 | reward(game/avg): 14840/17044 | 1.83 games/s | ETA: 320s
[gpu0] [ 414/1000] samples:  20700 | chain(game/max/avg): 4/9/5.4 | reward(game/avg): 15900/17041 | 1.84 games/s | ETA: 319s
[gpu0] [ 415/1000] samples:  20750 | chain(game/max/avg): 6/9/5.4 | reward(game/avg): 21320/17052 | 1.84 games/s | ETA: 317s
[gpu0] [ 416/1000] samples:  20800 | chain(game/max/avg): 5/9/5.4 | reward(game/avg): 12880/17042 | 1.85 games/s | ETA: 316s
[gpu0] [ 417/1000] samples:  20850 | chain(game/max/avg): 6/9/5.4 | reward(game/avg): 15740/17038 | 1.85 games/s | ETA: 315s
[gpu0] [ 418/1000] samples:  20900 | chain(game/max/avg): 6/9/5.4 | reward(game/avg): 15900/17036 | 1.86 games/s | ETA: 314s
[gpu0] [ 419/1000] samples:  20950 | chain(game/max/avg): 7/9/5.4 | reward(game/avg): 20920/17045 | 1.86 games/s | ETA: 312s
[gpu0] [ 420/1000] samples:  21000 | chain(game/max/avg): 7/9/5.4 | reward(game/avg): 24000/17062 | 1.87 games/s | ETA: 311s
[gpu0] [ 421/1000] samples:  21050 | chain(game/max/avg): 5/9/5.4 | reward(game/avg): 16060/17059 | 1.87 games/s | ETA: 310s
[gpu0] [ 422/1000] samples:  21100 | chain(game/max/avg): 4/9/5.4 | reward(game/avg): 5890/17033 | 1.87 games/s | ETA: 308s
[gpu0] [ 423/1000] samples:  21150 | chain(game/max/avg): 7/9/5.4 | reward(game/avg): 27170/17057 | 1.88 games/s | ETA: 307s
[gpu0] [ 424/1000] samples:  21200 | chain(game/max/avg): 4/9/5.4 | reward(game/avg): 10840/17042 | 1.88 games/s | ETA: 306s
[gpu0] [ 425/1000] samples:  21250 | chain(game/max/avg): 6/9/5.4 | reward(game/avg): 14140/17035 | 1.89 games/s | ETA: 305s
[gpu0] [ 426/1000] samples:  21300 | chain(game/max/avg): 4/9/5.4 | reward(game/avg): 12420/17024 | 1.89 games/s | ETA: 303s
[gpu0] [ 427/1000] samples:  21350 | chain(game/max/avg): 6/9/5.4 | reward(game/avg): 23960/17041 | 1.90 games/s | ETA: 302s
[gpu0] [ 428/1000] samples:  21400 | chain(game/max/avg): 6/9/5.4 | reward(game/avg): 19860/17047 | 1.90 games/s | ETA: 301s
[gpu0] [ 429/1000] samples:  21450 | chain(game/max/avg): 5/9/5.4 | reward(game/avg): 16000/17045 | 1.90 games/s | ETA: 300s
[gpu0] [ 430/1000] samples:  21500 | chain(game/max/avg): 5/9/5.4 | reward(game/avg): 9320/17027 | 1.91 games/s | ETA: 299s
[gpu0] [ 431/1000] samples:  21550 | chain(game/max/avg): 6/9/5.4 | reward(game/avg): 17880/17029 | 1.91 games/s | ETA: 297s
[gpu0] [ 432/1000] samples:  21600 | chain(game/max/avg): 5/9/5.4 | reward(game/avg): 10890/17015 | 1.92 games/s | ETA: 296s
[gpu0] [ 433/1000] samples:  21650 | chain(game/max/avg): 4/9/5.4 | reward(game/avg): 6220/16990 | 1.92 games/s | ETA: 295s
[gpu0] [ 434/1000] samples:  21700 | chain(game/max/avg): 6/9/5.4 | reward(game/avg): 21760/17001 | 1.93 games/s | ETA: 294s
[gpu0] [ 435/1000] samples:  21750 | chain(game/max/avg): 5/9/5.4 | reward(game/avg): 17670/17002 | 1.93 games/s | ETA: 293s
[gpu0] [ 436/1000] samples:  21800 | chain(game/max/avg): 5/9/5.4 | reward(game/avg): 13200/16993 | 1.94 games/s | ETA: 291s
[gpu0] [ 437/1000] samples:  21850 | chain(game/max/avg): 6/9/5.4 | reward(game/avg): 24670/17011 | 1.94 games/s | ETA: 290s
[gpu0] [ 438/1000] samples:  21900 | chain(game/max/avg): 3/9/5.4 | reward(game/avg): 6320/16987 | 1.94 games/s | ETA: 289s
[gpu0] [ 439/1000] samples:  21950 | chain(game/max/avg): 4/9/5.4 | reward(game/avg): 11060/16973 | 1.95 games/s | ETA: 288s
[gpu0] [ 440/1000] samples:  22000 | chain(game/max/avg): 5/9/5.4 | reward(game/avg): 12410/16963 | 1.95 games/s | ETA: 287s
[gpu0] [ 441/1000] samples:  22050 | chain(game/max/avg): 5/9/5.4 | reward(game/avg): 21640/16973 | 1.96 games/s | ETA: 286s
[gpu0] [ 442/1000] samples:  22100 | chain(game/max/avg): 4/9/5.4 | reward(game/avg): 9860/16957 | 1.96 games/s | ETA: 285s
[gpu0] [ 443/1000] samples:  22150 | chain(game/max/avg): 7/9/5.4 | reward(game/avg): 31020/16989 | 1.97 games/s | ETA: 283s
[gpu0] [ 444/1000] samples:  22200 | chain(game/max/avg): 4/9/5.4 | reward(game/avg): 11060/16976 | 1.97 games/s | ETA: 282s
[gpu0] [ 445/1000] samples:  22250 | chain(game/max/avg): 4/9/5.4 | reward(game/avg): 12460/16966 | 1.97 games/s | ETA: 281s
[gpu0] [ 446/1000] samples:  22300 | chain(game/max/avg): 7/9/5.4 | reward(game/avg): 25080/16984 | 1.98 games/s | ETA: 280s
[gpu0] [ 447/1000] samples:  22350 | chain(game/max/avg): 5/9/5.4 | reward(game/avg): 14280/16978 | 1.98 games/s | ETA: 279s
[gpu0] [ 448/1000] samples:  22400 | chain(game/max/avg): 5/9/5.4 | reward(game/avg): 10080/16962 | 1.99 games/s | ETA: 278s
[gpu0] [ 449/1000] samples:  22450 | chain(game/max/avg): 4/9/5.4 | reward(game/avg): 7720/16942 | 1.99 games/s | ETA: 277s
[gpu0] [ 450/1000] samples:  22500 | chain(game/max/avg): 3/9/5.4 | reward(game/avg): 3710/16912 | 2.00 games/s | ETA: 276s
[gpu0] [ 451/1000] samples:  22550 | chain(game/max/avg): 6/9/5.4 | reward(game/avg): 22320/16924 | 2.00 games/s | ETA: 274s
[gpu0] [ 452/1000] samples:  22600 | chain(game/max/avg): 4/9/5.4 | reward(game/avg): 10160/16909 | 2.00 games/s | ETA: 273s
[gpu0] [ 453/1000] samples:  22650 | chain(game/max/avg): 5/9/5.4 | reward(game/avg): 11050/16896 | 2.01 games/s | ETA: 272s
[gpu0] [ 454/1000] samples:  22700 | chain(game/max/avg): 6/9/5.4 | reward(game/avg): 26560/16918 | 2.01 games/s | ETA: 271s
[gpu0] [ 455/1000] samples:  22750 | chain(game/max/avg): 5/9/5.4 | reward(game/avg): 13160/16909 | 2.02 games/s | ETA: 270s
[gpu0] [ 456/1000] samples:  22800 | chain(game/max/avg): 4/9/5.4 | reward(game/avg): 9890/16894 | 2.02 games/s | ETA: 269s
[gpu0] [ 457/1000] samples:  22850 | chain(game/max/avg): 5/9/5.4 | reward(game/avg): 17140/16895 | 2.03 games/s | ETA: 268s
[gpu0] [ 458/1000] samples:  22900 | chain(game/max/avg): 7/9/5.4 | reward(game/avg): 19240/16900 | 2.03 games/s | ETA: 267s
[gpu0] [ 459/1000] samples:  22950 | chain(game/max/avg): 7/9/5.4 | reward(game/avg): 43740/16958 | 2.03 games/s | ETA: 266s
[gpu0] [ 460/1000] samples:  23000 | chain(game/max/avg): 7/9/5.4 | reward(game/avg): 35160/16998 | 2.04 games/s | ETA: 265s
[gpu0] [ 461/1000] samples:  23050 | chain(game/max/avg): 6/9/5.4 | reward(game/avg): 13260/16990 | 2.04 games/s | ETA: 264s
[gpu0] [ 462/1000] samples:  23100 | chain(game/max/avg): 6/9/5.4 | reward(game/avg): 27920/17013 | 2.05 games/s | ETA: 263s
[gpu0] [ 463/1000] samples:  23150 | chain(game/max/avg): 4/9/5.4 | reward(game/avg): 7040/16992 | 2.05 games/s | ETA: 262s
[gpu0] [ 464/1000] samples:  23200 | chain(game/max/avg): 4/9/5.4 | reward(game/avg): 9440/16975 | 2.06 games/s | ETA: 261s
[gpu0] [ 465/1000] samples:  23250 | chain(game/max/avg): 6/9/5.4 | reward(game/avg): 25960/16995 | 2.06 games/s | ETA: 260s
[gpu0] [ 466/1000] samples:  23300 | chain(game/max/avg): 6/9/5.4 | reward(game/avg): 20790/17003 | 2.06 games/s | ETA: 259s
[gpu0] [ 467/1000] samples:  23350 | chain(game/max/avg): 5/9/5.4 | reward(game/avg): 20180/17010 | 2.07 games/s | ETA: 258s
[gpu0] [ 468/1000] samples:  23400 | chain(game/max/avg): 5/9/5.4 | reward(game/avg): 17800/17011 | 2.07 games/s | ETA: 257s
[gpu0] [ 469/1000] samples:  23450 | chain(game/max/avg): 5/9/5.4 | reward(game/avg): 18660/17015 | 2.08 games/s | ETA: 256s
[gpu0] [ 470/1000] samples:  23500 | chain(game/max/avg): 4/9/5.4 | reward(game/avg): 11670/17004 | 2.08 games/s | ETA: 255s
[gpu0] [ 471/1000] samples:  23550 | chain(game/max/avg): 6/9/5.4 | reward(game/avg): 27210/17025 | 2.09 games/s | ETA: 254s
[gpu0] [ 472/1000] samples:  23600 | chain(game/max/avg): 4/9/5.4 | reward(game/avg): 8790/17008 | 2.09 games/s | ETA: 253s
[gpu0] [ 473/1000] samples:  23650 | chain(game/max/avg): 5/9/5.4 | reward(game/avg): 14700/17003 | 2.09 games/s | ETA: 252s
[gpu0] [ 474/1000] samples:  23700 | chain(game/max/avg): 4/9/5.4 | reward(game/avg): 9330/16987 | 2.10 games/s | ETA: 251s
[gpu0] [ 475/1000] samples:  23750 | chain(game/max/avg): 6/9/5.4 | reward(game/avg): 17980/16989 | 2.10 games/s | ETA: 250s
[gpu0] [ 476/1000] samples:  23800 | chain(game/max/avg): 5/9/5.4 | reward(game/avg): 19510/16994 | 2.11 games/s | ETA: 249s
[gpu0] [ 477/1000] samples:  23850 | chain(game/max/avg): 5/9/5.4 | reward(game/avg): 17110/16994 | 2.11 games/s | ETA: 248s
[gpu0] [ 478/1000] samples:  23900 | chain(game/max/avg): 4/9/5.4 | reward(game/avg): 7350/16974 | 2.12 games/s | ETA: 247s
[gpu0] [ 479/1000] samples:  23950 | chain(game/max/avg): 6/9/5.4 | reward(game/avg): 23340/16987 | 2.12 games/s | ETA: 246s
[gpu0] [ 480/1000] samples:  24000 | chain(game/max/avg): 6/9/5.4 | reward(game/avg): 26560/17007 | 2.12 games/s | ETA: 245s
[gpu0] [ 481/1000] samples:  24050 | chain(game/max/avg): 5/9/5.4 | reward(game/avg): 19380/17012 | 2.13 games/s | ETA: 244s
[gpu0] [ 482/1000] samples:  24100 | chain(game/max/avg): 5/9/5.4 | reward(game/avg): 20710/17020 | 2.13 games/s | ETA: 243s
[gpu0] [ 483/1000] samples:  24150 | chain(game/max/avg): 4/9/5.4 | reward(game/avg): 9100/17004 | 2.14 games/s | ETA: 242s
[gpu0] [ 484/1000] samples:  24200 | chain(game/max/avg): 5/9/5.4 | reward(game/avg): 14080/16998 | 2.14 games/s | ETA: 241s
[gpu0] [ 485/1000] samples:  24250 | chain(game/max/avg): 4/9/5.4 | reward(game/avg): 10520/16984 | 2.14 games/s | ETA: 240s
[gpu0] [ 486/1000] samples:  24300 | chain(game/max/avg): 5/9/5.4 | reward(game/avg): 16670/16984 | 2.15 games/s | ETA: 239s
[gpu0] [ 487/1000] samples:  24350 | chain(game/max/avg): 5/9/5.4 | reward(game/avg): 16900/16983 | 2.15 games/s | ETA: 238s
[gpu0] [ 488/1000] samples:  24400 | chain(game/max/avg): 5/9/5.4 | reward(game/avg): 17460/16984 | 2.16 games/s | ETA: 237s
[gpu0] [ 489/1000] samples:  24450 | chain(game/max/avg): 5/9/5.4 | reward(game/avg): 15260/16981 | 2.16 games/s | ETA: 237s
[gpu0] [ 490/1000] samples:  24500 | chain(game/max/avg): 5/9/5.4 | reward(game/avg): 12160/16971 | 2.16 games/s | ETA: 236s
[gpu0] [ 491/1000] samples:  24550 | chain(game/max/avg): 4/9/5.4 | reward(game/avg): 7410/16952 | 2.17 games/s | ETA: 235s
[gpu0] [ 492/1000] samples:  24600 | chain(game/max/avg): 5/9/5.4 | reward(game/avg): 16870/16951 | 2.17 games/s | ETA: 234s
[gpu0] [ 493/1000] samples:  24650 | chain(game/max/avg): 5/9/5.4 | reward(game/avg): 7100/16931 | 2.18 games/s | ETA: 233s
[gpu0] [ 494/1000] samples:  24700 | chain(game/max/avg): 6/9/5.4 | reward(game/avg): 24080/16946 | 2.18 games/s | ETA: 232s
[gpu0] [ 495/1000] samples:  24750 | chain(game/max/avg): 6/9/5.4 | reward(game/avg): 20460/16953 | 2.18 games/s | ETA: 231s
[gpu0] [ 496/1000] samples:  24800 | chain(game/max/avg): 5/9/5.4 | reward(game/avg): 14540/16948 | 2.19 games/s | ETA: 230s
[gpu0] [ 497/1000] samples:  24850 | chain(game/max/avg): 4/9/5.4 | reward(game/avg): 8240/16931 | 2.19 games/s | ETA: 230s
[gpu0] [ 498/1000] samples:  24900 | chain(game/max/avg): 5/9/5.4 | reward(game/avg): 10840/16918 | 2.19 games/s | ETA: 229s
[gpu0] [ 499/1000] samples:  24950 | chain(game/max/avg): 5/9/5.4 | reward(game/avg): 16420/16917 | 2.20 games/s | ETA: 228s
[gpu0] [ 500/1000] samples:  25000 | chain(game/max/avg): 7/9/5.4 | reward(game/avg): 24570/16933 | 2.20 games/s | ETA: 227s
[gpu0] [ 501/1000] samples:  25050 | chain(game/max/avg): 5/9/5.4 | reward(game/avg): 14920/16929 | 1.15 games/s | ETA: 434s
[gpu0] [ 502/1000] samples:  25100 | chain(game/max/avg): 5/9/5.4 | reward(game/avg): 17210/16929 | 1.15 games/s | ETA: 434s
[gpu0] [ 503/1000] samples:  25150 | chain(game/max/avg): 6/9/5.4 | reward(game/avg): 13880/16923 | 1.15 games/s | ETA: 433s
[gpu0] [ 504/1000] samples:  25200 | chain(game/max/avg): 5/9/5.4 | reward(game/avg): 15740/16921 | 1.15 games/s | ETA: 432s
[gpu0] [ 505/1000] samples:  25250 | chain(game/max/avg): 10/10/5.4 | reward(game/avg): 53950/16994 | 1.15 games/s | ETA: 431s
[gpu0] [ 506/1000] samples:  25300 | chain(game/max/avg): 4/10/5.4 | reward(game/avg): 12140/16984 | 1.15 games/s | ETA: 429s
[gpu0] [ 507/1000] samples:  25350 | chain(game/max/avg): 6/10/5.4 | reward(game/avg): 24220/16999 | 1.15 games/s | ETA: 427s
[gpu0] [ 508/1000] samples:  25400 | chain(game/max/avg): 6/10/5.4 | reward(game/avg): 22650/17010 | 1.16 games/s | ETA: 426s
[gpu0] [ 509/1000] samples:  25450 | chain(game/max/avg): 7/10/5.4 | reward(game/avg): 24560/17025 | 1.16 games/s | ETA: 424s
[gpu0] [ 510/1000] samples:  25500 | chain(game/max/avg): 6/10/5.4 | reward(game/avg): 17840/17026 | 1.16 games/s | ETA: 423s
[gpu0] [ 511/1000] samples:  25550 | chain(game/max/avg): 7/10/5.4 | reward(game/avg): 29640/17051 | 1.16 games/s | ETA: 421s
[gpu0] [ 512/1000] samples:  25600 | chain(game/max/avg): 6/10/5.4 | reward(game/avg): 17180/17051 | 1.16 games/s | ETA: 420s
[gpu0] [ 513/1000] samples:  25650 | chain(game/max/avg): 6/10/5.4 | reward(game/avg): 19660/17056 | 1.16 games/s | ETA: 418s
[gpu0] [ 514/1000] samples:  25700 | chain(game/max/avg): 6/10/5.4 | reward(game/avg): 21290/17065 | 1.17 games/s | ETA: 417s
[gpu0] [ 515/1000] samples:  25750 | chain(game/max/avg): 5/10/5.4 | reward(game/avg): 16680/17064 | 1.17 games/s | ETA: 415s
[gpu0] [ 516/1000] samples:  25800 | chain(game/max/avg): 8/10/5.4 | reward(game/avg): 32080/17093 | 1.17 games/s | ETA: 414s
[gpu0] [ 517/1000] samples:  25850 | chain(game/max/avg): 5/10/5.4 | reward(game/avg): 19760/17098 | 1.17 games/s | ETA: 412s
[gpu0] [ 518/1000] samples:  25900 | chain(game/max/avg): 6/10/5.4 | reward(game/avg): 22550/17109 | 1.17 games/s | ETA: 411s
[gpu0] [ 519/1000] samples:  25950 | chain(game/max/avg): 8/10/5.4 | reward(game/avg): 31700/17137 | 1.18 games/s | ETA: 409s
[gpu0] [ 520/1000] samples:  26000 | chain(game/max/avg): 4/10/5.4 | reward(game/avg): 5980/17115 | 1.18 games/s | ETA: 407s
[gpu0] [ 521/1000] samples:  26050 | chain(game/max/avg): 5/10/5.4 | reward(game/avg): 18450/17118 | 1.18 games/s | ETA: 406s
[gpu0] [ 522/1000] samples:  26100 | chain(game/max/avg): 5/10/5.4 | reward(game/avg): 12320/17109 | 1.18 games/s | ETA: 404s
[gpu0] [ 523/1000] samples:  26150 | chain(game/max/avg): 6/10/5.4 | reward(game/avg): 18500/17111 | 1.18 games/s | ETA: 403s
[gpu0] [ 524/1000] samples:  26250 | chain(game/max/avg): 5/10/5.4 | reward(game/avg): 14720/17126 | 1.19 games/s | ETA: 401s
[gpu0] [ 525/1000] samples:  26250 | chain(game/max/avg): 5/10/5.4 | reward(game/avg): 10320/17094 | 1.19 games/s | ETA: 400s
[gpu0] [ 526/1000] samples:  26300 | chain(game/max/avg): 6/10/5.4 | reward(game/avg): 22120/17103 | 1.19 games/s | ETA: 398s
[gpu0] [ 527/1000] samples:  26350 | chain(game/max/avg): 7/10/5.4 | reward(game/avg): 20430/17110 | 1.19 games/s | ETA: 396s
[gpu0] [ 528/1000] samples:  26400 | chain(game/max/avg): 5/10/5.4 | reward(game/avg): 7460/17091 | 1.20 games/s | ETA: 395s
[gpu0] [ 529/1000] samples:  26450 | chain(game/max/avg): 5/10/5.4 | reward(game/avg): 15720/17089 | 1.20 games/s | ETA: 393s
[gpu0] [ 530/1000] samples:  26500 | chain(game/max/avg): 6/10/5.4 | reward(game/avg): 24300/17102 | 1.20 games/s | ETA: 392s
[gpu0] [ 531/1000] samples:  26550 | chain(game/max/avg): 5/10/5.4 | reward(game/avg): 12740/17094 | 1.20 games/s | ETA: 390s
[gpu0] [ 532/1000] samples:  26600 | chain(game/max/avg): 7/10/5.4 | reward(game/avg): 24820/17109 | 1.20 games/s | ETA: 389s
[gpu0] [ 533/1000] samples:  26650 | chain(game/max/avg): 7/10/5.4 | reward(game/avg): 25100/17124 | 1.21 games/s | ETA: 387s
[gpu0] [ 534/1000] samples:  26700 | chain(game/max/avg): 6/10/5.4 | reward(game/avg): 18840/17127 | 1.21 games/s | ETA: 386s
[gpu0] [ 535/1000] samples:  26750 | chain(game/max/avg): 4/10/5.4 | reward(game/avg): 12080/17117 | 1.21 games/s | ETA: 384s
[gpu0] [ 536/1000] samples:  26800 | chain(game/max/avg): 7/10/5.4 | reward(game/avg): 32020/17145 | 1.21 games/s | ETA: 382s
[gpu0] [ 537/1000] samples:  26850 | chain(game/max/avg): 5/10/5.4 | reward(game/avg): 14780/17141 | 1.22 games/s | ETA: 381s
[gpu0] [ 538/1000] samples:  26900 | chain(game/max/avg): 5/10/5.4 | reward(game/avg): 16390/17139 | 1.22 games/s | ETA: 379s
[gpu0] [ 539/1000] samples:  26950 | chain(game/max/avg): 6/10/5.4 | reward(game/avg): 15340/17136 | 1.22 games/s | ETA: 378s
[gpu0] [ 540/1000] samples:  27000 | chain(game/max/avg): 5/10/5.4 | reward(game/avg): 12420/17127 | 1.22 games/s | ETA: 376s
[gpu0] [ 541/1000] samples:  27050 | chain(game/max/avg): 7/10/5.4 | reward(game/avg): 23550/17139 | 1.22 games/s | ETA: 375s
[gpu0] [ 542/1000] samples:  27100 | chain(game/max/avg): 6/10/5.4 | reward(game/avg): 19210/17143 | 1.23 games/s | ETA: 373s
[gpu0] [ 543/1000] samples:  27150 | chain(game/max/avg): 5/10/5.4 | reward(game/avg): 13860/17137 | 1.23 games/s | ETA: 372s
[gpu0] [ 544/1000] samples:  27200 | chain(game/max/avg): 6/10/5.4 | reward(game/avg): 22450/17147 | 1.23 games/s | ETA: 370s
[gpu0] [ 545/1000] samples:  27250 | chain(game/max/avg): 6/10/5.4 | reward(game/avg): 22430/17157 | 1.23 games/s | ETA: 369s
[gpu0] [ 546/1000] samples:  27300 | chain(game/max/avg): 7/10/5.4 | reward(game/avg): 21210/17164 | 1.24 games/s | ETA: 368s
[gpu0] [ 547/1000] samples:  27350 | chain(game/max/avg): 7/10/5.4 | reward(game/avg): 23380/17175 | 1.24 games/s | ETA: 366s
[gpu0] [ 548/1000] samples:  27400 | chain(game/max/avg): 6/10/5.4 | reward(game/avg): 19440/17179 | 1.24 games/s | ETA: 365s
[gpu0] [ 549/1000] samples:  27450 | chain(game/max/avg): 5/10/5.4 | reward(game/avg): 18750/17182 | 1.24 games/s | ETA: 363s
[gpu0] [ 550/1000] samples:  27500 | chain(game/max/avg): 5/10/5.4 | reward(game/avg): 16810/17182 | 1.24 games/s | ETA: 363s
[gpu0] [ 551/1000] samples:  27550 | chain(game/max/avg): 4/10/5.4 | reward(game/avg): 12670/17173 | 1.24 games/s | ETA: 361s
[gpu0] [ 552/1000] samples:  27600 | chain(game/max/avg): 6/10/5.4 | reward(game/avg): 26770/17191 | 1.24 games/s | ETA: 360s
[gpu0] [ 553/1000] samples:  27650 | chain(game/max/avg): 5/10/5.4 | reward(game/avg): 16920/17190 | 1.25 games/s | ETA: 359s
[gpu0] [ 554/1000] samples:  27700 | chain(game/max/avg): 5/10/5.4 | reward(game/avg): 14870/17186 | 1.25 games/s | ETA: 357s
[gpu0] [ 555/1000] samples:  27750 | chain(game/max/avg): 4/10/5.4 | reward(game/avg): 10650/17174 | 1.25 games/s | ETA: 356s
[gpu0] [ 556/1000] samples:  27800 | chain(game/max/avg): 5/10/5.4 | reward(game/avg): 15900/17172 | 1.25 games/s | ETA: 354s
[gpu0] [ 557/1000] samples:  27850 | chain(game/max/avg): 6/10/5.4 | reward(game/avg): 17820/17173 | 1.26 games/s | ETA: 353s
[gpu0] [ 558/1000] samples:  27900 | chain(game/max/avg): 6/10/5.4 | reward(game/avg): 20300/17179 | 1.26 games/s | ETA: 351s
[gpu0] [ 559/1000] samples:  27950 | chain(game/max/avg): 5/10/5.4 | reward(game/avg): 12760/17171 | 1.26 games/s | ETA: 350s
[gpu0] [ 560/1000] samples:  28000 | chain(game/max/avg): 5/10/5.4 | reward(game/avg): 18280/17173 | 1.26 games/s | ETA: 349s
[gpu0] [ 561/1000] samples:  28050 | chain(game/max/avg): 8/10/5.4 | reward(game/avg): 34420/17204 | 1.26 games/s | ETA: 347s
[gpu0] [ 562/1000] samples:  28100 | chain(game/max/avg): 5/10/5.4 | reward(game/avg): 18540/17206 | 1.27 games/s | ETA: 346s
[gpu0] [ 563/1000] samples:  28150 | chain(game/max/avg): 6/10/5.4 | reward(game/avg): 16520/17205 | 1.27 games/s | ETA: 344s
[gpu0] [ 564/1000] samples:  28200 | chain(game/max/avg): 4/10/5.4 | reward(game/avg): 7610/17188 | 1.27 games/s | ETA: 343s
[gpu0] [ 565/1000] samples:  28250 | chain(game/max/avg): 5/10/5.4 | reward(game/avg): 13360/17181 | 1.27 games/s | ETA: 342s
[gpu0] [ 566/1000] samples:  28300 | chain(game/max/avg): 5/10/5.4 | reward(game/avg): 13740/17175 | 1.28 games/s | ETA: 340s
[gpu0] [ 567/1000] samples:  28350 | chain(game/max/avg): 6/10/5.4 | reward(game/avg): 20740/17181 | 1.28 games/s | ETA: 339s
[gpu0] [ 568/1000] samples:  28400 | chain(game/max/avg): 6/10/5.4 | reward(game/avg): 15160/17178 | 1.28 games/s | ETA: 338s
[gpu0] [ 569/1000] samples:  28450 | chain(game/max/avg): 4/10/5.4 | reward(game/avg): 7560/17161 | 1.28 games/s | ETA: 336s
[gpu0] [ 570/1000] samples:  28500 | chain(game/max/avg): 5/10/5.4 | reward(game/avg): 10640/17149 | 1.28 games/s | ETA: 335s
[gpu0] [ 571/1000] samples:  28550 | chain(game/max/avg): 6/10/5.4 | reward(game/avg): 25520/17164 | 1.29 games/s | ETA: 333s
[gpu0] [ 572/1000] samples:  28600 | chain(game/max/avg): 5/10/5.4 | reward(game/avg): 16180/17162 | 1.29 games/s | ETA: 332s
[gpu0] [ 573/1000] samples:  28650 | chain(game/max/avg): 5/10/5.4 | reward(game/avg): 9980/17150 | 1.29 games/s | ETA: 331s
[gpu0] [ 574/1000] samples:  28700 | chain(game/max/avg): 4/10/5.4 | reward(game/avg): 10220/17138 | 1.29 games/s | ETA: 329s
[gpu0] [ 575/1000] samples:  28750 | chain(game/max/avg): 5/10/5.4 | reward(game/avg): 12780/17130 | 1.30 games/s | ETA: 328s
[gpu0] [ 576/1000] samples:  28800 | chain(game/max/avg): 7/10/5.4 | reward(game/avg): 22150/17139 | 1.30 games/s | ETA: 327s
[gpu0] [ 577/1000] samples:  28850 | chain(game/max/avg): 5/10/5.4 | reward(game/avg): 10460/17127 | 1.30 games/s | ETA: 325s
[gpu0] [ 578/1000] samples:  28900 | chain(game/max/avg): 4/10/5.4 | reward(game/avg): 13400/17121 | 1.30 games/s | ETA: 324s
[gpu0] [ 579/1000] samples:  28950 | chain(game/max/avg): 4/10/5.4 | reward(game/avg): 8320/17106 | 1.30 games/s | ETA: 323s
[gpu0] [ 580/1000] samples:  29000 | chain(game/max/avg): 8/10/5.4 | reward(game/avg): 33270/17133 | 1.31 games/s | ETA: 321s
[gpu0] [ 581/1000] samples:  29050 | chain(game/max/avg): 6/10/5.4 | reward(game/avg): 19250/17137 | 1.31 games/s | ETA: 320s
[gpu0] [ 582/1000] samples:  29100 | chain(game/max/avg): 8/10/5.4 | reward(game/avg): 24300/17149 | 1.31 games/s | ETA: 319s
[gpu0] [ 583/1000] samples:  29150 | chain(game/max/avg): 5/10/5.4 | reward(game/avg): 11740/17140 | 1.31 games/s | ETA: 317s
[gpu0] [ 584/1000] samples:  29200 | chain(game/max/avg): 5/10/5.4 | reward(game/avg): 12040/17131 | 1.32 games/s | ETA: 316s
[gpu0] [ 585/1000] samples:  29250 | chain(game/max/avg): 7/10/5.4 | reward(game/avg): 28840/17151 | 1.32 games/s | ETA: 315s
[gpu0] [ 586/1000] samples:  29300 | chain(game/max/avg): 5/10/5.4 | reward(game/avg): 11970/17143 | 1.32 games/s | ETA: 314s
[gpu0] [ 587/1000] samples:  29350 | chain(game/max/avg): 7/10/5.4 | reward(game/avg): 33540/17171 | 1.32 games/s | ETA: 312s
[gpu0] [ 588/1000] samples:  29400 | chain(game/max/avg): 6/10/5.4 | reward(game/avg): 15320/17167 | 1.32 games/s | ETA: 311s
[gpu0] [ 589/1000] samples:  29450 | chain(game/max/avg): 6/10/5.4 | reward(game/avg): 24520/17180 | 1.33 games/s | ETA: 310s
[gpu0] [ 590/1000] samples:  29500 | chain(game/max/avg): 7/10/5.4 | reward(game/avg): 24370/17192 | 1.33 games/s | ETA: 308s
[gpu0] [ 591/1000] samples:  29550 | chain(game/max/avg): 5/10/5.4 | reward(game/avg): 11100/17182 | 1.33 games/s | ETA: 307s
[gpu0] [ 592/1000] samples:  29600 | chain(game/max/avg): 5/10/5.4 | reward(game/avg): 18980/17185 | 1.33 games/s | ETA: 306s
[gpu0] [ 593/1000] samples:  29650 | chain(game/max/avg): 6/10/5.4 | reward(game/avg): 16120/17183 | 1.34 games/s | ETA: 305s
[gpu0] [ 594/1000] samples:  29700 | chain(game/max/avg): 5/10/5.4 | reward(game/avg): 15400/17180 | 1.34 games/s | ETA: 303s
[gpu0] [ 595/1000] samples:  29750 | chain(game/max/avg): 6/10/5.4 | reward(game/avg): 22400/17189 | 1.34 games/s | ETA: 302s
[gpu0] [ 596/1000] samples:  29800 | chain(game/max/avg): 5/10/5.4 | reward(game/avg): 18720/17191 | 1.34 games/s | ETA: 301s
[gpu0] [ 597/1000] samples:  29850 | chain(game/max/avg): 5/10/5.4 | reward(game/avg): 14460/17187 | 1.34 games/s | ETA: 300s
[gpu0] [ 598/1000] samples:  29900 | chain(game/max/avg): 6/10/5.4 | reward(game/avg): 24880/17200 | 1.35 games/s | ETA: 298s
[gpu0] [ 599/1000] samples:  29950 | chain(game/max/avg): 5/10/5.4 | reward(game/avg): 13520/17193 | 1.35 games/s | ETA: 297s
[gpu0] [ 600/1000] samples:  30000 | chain(game/max/avg): 6/10/5.4 | reward(game/avg): 13610/17187 | 1.35 games/s | ETA: 296s
[gpu0] [ 601/1000] samples:  30050 | chain(game/max/avg): 6/10/5.4 | reward(game/avg): 18990/17190 | 1.35 games/s | ETA: 295s
[gpu0] [ 602/1000] samples:  30100 | chain(game/max/avg): 6/10/5.4 | reward(game/avg): 19030/17194 | 1.36 games/s | ETA: 293s
[gpu0] [ 603/1000] samples:  30150 | chain(game/max/avg): 5/10/5.4 | reward(game/avg): 15760/17191 | 1.36 games/s | ETA: 292s
[gpu0] [ 604/1000] samples:  30200 | chain(game/max/avg): 6/10/5.4 | reward(game/avg): 23520/17202 | 1.36 games/s | ETA: 291s
[gpu0] [ 605/1000] samples:  30250 | chain(game/max/avg): 6/10/5.4 | reward(game/avg): 19660/17206 | 1.36 games/s | ETA: 290s
[gpu0] [ 606/1000] samples:  30300 | chain(game/max/avg): 6/10/5.4 | reward(game/avg): 13720/17200 | 1.37 games/s | ETA: 289s
[gpu0] [ 607/1000] samples:  30350 | chain(game/max/avg): 5/10/5.4 | reward(game/avg): 11750/17191 | 1.37 games/s | ETA: 287s
[gpu0] [ 608/1000] samples:  30400 | chain(game/max/avg): 5/10/5.4 | reward(game/avg): 13540/17185 | 1.37 games/s | ETA: 286s
[gpu0] [ 609/1000] samples:  30450 | chain(game/max/avg): 5/10/5.4 | reward(game/avg): 13200/17178 | 1.37 games/s | ETA: 285s
[gpu0] [ 610/1000] samples:  30500 | chain(game/max/avg): 6/10/5.4 | reward(game/avg): 22220/17187 | 1.37 games/s | ETA: 284s
[gpu0] [ 611/1000] samples:  30550 | chain(game/max/avg): 6/10/5.4 | reward(game/avg): 18120/17188 | 1.38 games/s | ETA: 283s
[gpu0] [ 612/1000] samples:  30600 | chain(game/max/avg): 5/10/5.4 | reward(game/avg): 14070/17183 | 1.38 games/s | ETA: 281s
[gpu0] [ 613/1000] samples:  30650 | chain(game/max/avg): 5/10/5.4 | reward(game/avg): 19380/17187 | 1.38 games/s | ETA: 280s
[gpu0] [ 614/1000] samples:  30700 | chain(game/max/avg): 5/10/5.4 | reward(game/avg): 16400/17185 | 1.38 games/s | ETA: 279s
[gpu0] [ 615/1000] samples:  30750 | chain(game/max/avg): 4/10/5.4 | reward(game/avg): 10980/17175 | 1.39 games/s | ETA: 278s
[gpu0] [ 616/1000] samples:  30800 | chain(game/max/avg): 7/10/5.4 | reward(game/avg): 28620/17194 | 1.39 games/s | ETA: 277s
[gpu0] [ 617/1000] samples:  30850 | chain(game/max/avg): 6/10/5.4 | reward(game/avg): 28660/17212 | 1.39 games/s | ETA: 276s
[gpu0] [ 618/1000] samples:  30900 | chain(game/max/avg): 5/10/5.4 | reward(game/avg): 13440/17206 | 1.39 games/s | ETA: 274s
[gpu0] [ 619/1000] samples:  30950 | chain(game/max/avg): 5/10/5.4 | reward(game/avg): 18180/17208 | 1.39 games/s | ETA: 273s
[gpu0] [ 620/1000] samples:  31000 | chain(game/max/avg): 4/10/5.4 | reward(game/avg): 8490/17194 | 1.40 games/s | ETA: 272s
[gpu0] [ 621/1000] samples:  31050 | chain(game/max/avg): 6/10/5.4 | reward(game/avg): 26520/17209 | 1.40 games/s | ETA: 271s
[gpu0] [ 622/1000] samples:  31100 | chain(game/max/avg): 6/10/5.4 | reward(game/avg): 13030/17202 | 1.40 games/s | ETA: 270s
[gpu0] [ 623/1000] samples:  31150 | chain(game/max/avg): 5/10/5.4 | reward(game/avg): 12330/17194 | 1.40 games/s | ETA: 269s
[gpu0] [ 624/1000] samples:  31200 | chain(game/max/avg): 6/10/5.4 | reward(game/avg): 28320/17212 | 1.41 games/s | ETA: 268s
[gpu0] [ 625/1000] samples:  31250 | chain(game/max/avg): 5/10/5.4 | reward(game/avg): 14270/17208 | 1.41 games/s | ETA: 266s
[gpu0] [ 626/1000] samples:  31300 | chain(game/max/avg): 6/10/5.4 | reward(game/avg): 16980/17207 | 1.41 games/s | ETA: 265s
[gpu0] [ 627/1000] samples:  31350 | chain(game/max/avg): 5/10/5.4 | reward(game/avg): 11010/17197 | 1.41 games/s | ETA: 264s
[gpu0] [ 628/1000] samples:  31400 | chain(game/max/avg): 4/10/5.4 | reward(game/avg): 11480/17188 | 1.41 games/s | ETA: 263s
[gpu0] [ 629/1000] samples:  31450 | chain(game/max/avg): 6/10/5.4 | reward(game/avg): 23600/17198 | 1.42 games/s | ETA: 262s
[gpu0] [ 630/1000] samples:  31500 | chain(game/max/avg): 3/10/5.4 | reward(game/avg): 8100/17184 | 1.42 games/s | ETA: 261s
[gpu0] [ 631/1000] samples:  31550 | chain(game/max/avg): 7/10/5.4 | reward(game/avg): 20870/17190 | 1.42 games/s | ETA: 260s
[gpu0] [ 632/1000] samples:  31600 | chain(game/max/avg): 5/10/5.4 | reward(game/avg): 14690/17186 | 1.42 games/s | ETA: 259s
[gpu0] [ 633/1000] samples:  31650 | chain(game/max/avg): 6/10/5.4 | reward(game/avg): 17610/17186 | 1.43 games/s | ETA: 257s
[gpu0] [ 634/1000] samples:  31700 | chain(game/max/avg): 5/10/5.4 | reward(game/avg): 21380/17193 | 1.43 games/s | ETA: 256s
[gpu0] [ 635/1000] samples:  31750 | chain(game/max/avg): 5/10/5.4 | reward(game/avg): 17540/17194 | 1.43 games/s | ETA: 255s
[gpu0] [ 636/1000] samples:  31800 | chain(game/max/avg): 5/10/5.4 | reward(game/avg): 11770/17185 | 1.43 games/s | ETA: 254s
[gpu0] [ 637/1000] samples:  31850 | chain(game/max/avg): 7/10/5.4 | reward(game/avg): 22530/17193 | 1.43 games/s | ETA: 253s
[gpu0] [ 638/1000] samples:  31900 | chain(game/max/avg): 6/10/5.4 | reward(game/avg): 24630/17205 | 1.44 games/s | ETA: 252s
[gpu0] [ 639/1000] samples:  31950 | chain(game/max/avg): 6/10/5.4 | reward(game/avg): 17100/17205 | 1.44 games/s | ETA: 251s
[gpu0] [ 640/1000] samples:  32000 | chain(game/max/avg): 5/10/5.4 | reward(game/avg): 13740/17200 | 1.44 games/s | ETA: 250s
[gpu0] [ 641/1000] samples:  32050 | chain(game/max/avg): 6/10/5.4 | reward(game/avg): 20080/17204 | 1.44 games/s | ETA: 249s
[gpu0] [ 642/1000] samples:  32100 | chain(game/max/avg): 5/10/5.4 | reward(game/avg): 12480/17197 | 1.45 games/s | ETA: 248s
[gpu0] [ 643/1000] samples:  32150 | chain(game/max/avg): 4/10/5.4 | reward(game/avg): 6840/17181 | 1.45 games/s | ETA: 247s
[gpu0] [ 644/1000] samples:  32200 | chain(game/max/avg): 6/10/5.4 | reward(game/avg): 16900/17180 | 1.45 games/s | ETA: 245s
[gpu0] [ 645/1000] samples:  32250 | chain(game/max/avg): 6/10/5.4 | reward(game/avg): 20200/17185 | 1.45 games/s | ETA: 244s
[gpu0] [ 646/1000] samples:  32300 | chain(game/max/avg): 6/10/5.4 | reward(game/avg): 19730/17189 | 1.45 games/s | ETA: 243s
[gpu0] [ 647/1000] samples:  32350 | chain(game/max/avg): 6/10/5.4 | reward(game/avg): 21740/17196 | 1.46 games/s | ETA: 242s
[gpu0] [ 648/1000] samples:  32400 | chain(game/max/avg): 4/10/5.4 | reward(game/avg): 8940/17183 | 1.46 games/s | ETA: 241s
[gpu0] [ 649/1000] samples:  32450 | chain(game/max/avg): 4/10/5.4 | reward(game/avg): 11960/17175 | 1.46 games/s | ETA: 240s
[gpu0] [ 650/1000] samples:  32500 | chain(game/max/avg): 5/10/5.4 | reward(game/avg): 10480/17165 | 1.46 games/s | ETA: 239s
[gpu0] [ 651/1000] samples:  32550 | chain(game/max/avg): 4/10/5.4 | reward(game/avg): 5960/17148 | 1.47 games/s | ETA: 238s
[gpu0] [ 652/1000] samples:  32600 | chain(game/max/avg): 5/10/5.4 | reward(game/avg): 16060/17146 | 1.47 games/s | ETA: 237s
[gpu0] [ 653/1000] samples:  32650 | chain(game/max/avg): 5/10/5.4 | reward(game/avg): 12340/17138 | 1.47 games/s | ETA: 236s
[gpu0] [ 654/1000] samples:  32700 | chain(game/max/avg): 5/10/5.4 | reward(game/avg): 18840/17141 | 1.47 games/s | ETA: 235s
[gpu0] [ 655/1000] samples:  32750 | chain(game/max/avg): 4/10/5.4 | reward(game/avg): 8880/17128 | 1.48 games/s | ETA: 234s
[gpu0] [ 656/1000] samples:  32800 | chain(game/max/avg): 5/10/5.4 | reward(game/avg): 18520/17131 | 1.48 games/s | ETA: 233s
[gpu0] [ 657/1000] samples:  32850 | chain(game/max/avg): 5/10/5.4 | reward(game/avg): 20620/17136 | 1.48 games/s | ETA: 232s
[gpu0] [ 658/1000] samples:  32900 | chain(game/max/avg): 6/10/5.4 | reward(game/avg): 26460/17150 | 1.48 games/s | ETA: 231s
[gpu0] [ 659/1000] samples:  32950 | chain(game/max/avg): 5/10/5.4 | reward(game/avg): 16680/17149 | 1.48 games/s | ETA: 230s
[gpu0] [ 660/1000] samples:  33000 | chain(game/max/avg): 6/10/5.4 | reward(game/avg): 19760/17153 | 1.49 games/s | ETA: 229s
[gpu0] [ 661/1000] samples:  33050 | chain(game/max/avg): 5/10/5.4 | reward(game/avg): 12860/17147 | 1.49 games/s | ETA: 228s
[gpu0] [ 663/1000] samples:  33150 | chain(game/max/avg): 6/10/5.4 | reward(game/avg): 22520/17150 | 1.49 games/s | ETA: 226s
[gpu0] [ 662/1000] samples:  33100 | chain(game/max/avg): 5/10/5.4 | reward(game/avg): 13960/17142 | 1.49 games/s | ETA: 227s
[gpu0] [ 664/1000] samples:  33200 | chain(game/max/avg): 6/10/5.4 | reward(game/avg): 14960/17147 | 1.50 games/s | ETA: 225s
[gpu0] [ 665/1000] samples:  33250 | chain(game/max/avg): 5/10/5.4 | reward(game/avg): 16200/17145 | 1.50 games/s | ETA: 224s
[gpu0] [ 666/1000] samples:  33300 | chain(game/max/avg): 4/10/5.4 | reward(game/avg): 10180/17135 | 1.50 games/s | ETA: 223s
[gpu0] [ 667/1000] samples:  33350 | chain(game/max/avg): 4/10/5.4 | reward(game/avg): 11100/17126 | 1.50 games/s | ETA: 222s
[gpu0] [ 668/1000] samples:  33400 | chain(game/max/avg): 7/10/5.4 | reward(game/avg): 20580/17131 | 1.50 games/s | ETA: 221s
[gpu0] [ 669/1000] samples:  33450 | chain(game/max/avg): 5/10/5.4 | reward(game/avg): 12220/17124 | 1.51 games/s | ETA: 220s
[gpu0] [ 670/1000] samples:  33500 | chain(game/max/avg): 5/10/5.4 | reward(game/avg): 13900/17119 | 1.51 games/s | ETA: 219s
[gpu0] [ 671/1000] samples:  33550 | chain(game/max/avg): 5/10/5.4 | reward(game/avg): 13500/17114 | 1.51 games/s | ETA: 218s
[gpu0] [ 672/1000] samples:  33600 | chain(game/max/avg): 6/10/5.4 | reward(game/avg): 15760/17112 | 1.51 games/s | ETA: 217s
[gpu0] [ 673/1000] samples:  33650 | chain(game/max/avg): 5/10/5.4 | reward(game/avg): 14070/17107 | 1.52 games/s | ETA: 216s
[gpu0] [ 674/1000] samples:  33700 | chain(game/max/avg): 5/10/5.4 | reward(game/avg): 14290/17103 | 1.52 games/s | ETA: 215s
[gpu0] [ 675/1000] samples:  33750 | chain(game/max/avg): 6/10/5.4 | reward(game/avg): 22550/17111 | 1.52 games/s | ETA: 214s
[gpu0] [ 676/1000] samples:  33800 | chain(game/max/avg): 6/10/5.4 | reward(game/avg): 18280/17113 | 1.52 games/s | ETA: 213s
[gpu0] [ 677/1000] samples:  33850 | chain(game/max/avg): 5/10/5.4 | reward(game/avg): 13220/17107 | 1.52 games/s | ETA: 212s
[gpu0] [ 678/1000] samples:  33900 | chain(game/max/avg): 7/10/5.4 | reward(game/avg): 27640/17122 | 1.53 games/s | ETA: 211s
[gpu0] [ 679/1000] samples:  33950 | chain(game/max/avg): 6/10/5.4 | reward(game/avg): 16480/17121 | 1.53 games/s | ETA: 210s
[gpu0] [ 680/1000] samples:  34000 | chain(game/max/avg): 6/10/5.4 | reward(game/avg): 18020/17123 | 1.53 games/s | ETA: 209s
[gpu0] [ 681/1000] samples:  34050 | chain(game/max/avg): 4/10/5.4 | reward(game/avg): 8060/17109 | 1.53 games/s | ETA: 208s
[gpu0] [ 682/1000] samples:  34100 | chain(game/max/avg): 5/10/5.4 | reward(game/avg): 14160/17105 | 1.54 games/s | ETA: 207s
[gpu0] [ 683/1000] samples:  34150 | chain(game/max/avg): 5/10/5.4 | reward(game/avg): 15940/17103 | 1.54 games/s | ETA: 206s
[gpu0] [ 684/1000] samples:  34200 | chain(game/max/avg): 5/10/5.4 | reward(game/avg): 14620/17100 | 1.54 games/s | ETA: 205s
[gpu0] [ 685/1000] samples:  34250 | chain(game/max/avg): 6/10/5.4 | reward(game/avg): 20440/17105 | 1.54 games/s | ETA: 204s
[gpu0] [ 686/1000] samples:  34300 | chain(game/max/avg): 6/10/5.4 | reward(game/avg): 22080/17112 | 1.54 games/s | ETA: 203s
[gpu0] [ 687/1000] samples:  34350 | chain(game/max/avg): 6/10/5.4 | reward(game/avg): 20780/17117 | 1.55 games/s | ETA: 202s
[gpu0] [ 688/1000] samples:  34400 | chain(game/max/avg): 6/10/5.4 | reward(game/avg): 16020/17116 | 1.55 games/s | ETA: 201s
[gpu0] [ 689/1000] samples:  34450 | chain(game/max/avg): 5/10/5.4 | reward(game/avg): 14960/17113 | 1.55 games/s | ETA: 200s
[gpu0] [ 690/1000] samples:  34500 | chain(game/max/avg): 8/10/5.4 | reward(game/avg): 31260/17133 | 1.55 games/s | ETA: 200s
[gpu0] [ 691/1000] samples:  34550 | chain(game/max/avg): 5/10/5.4 | reward(game/avg): 15030/17130 | 1.56 games/s | ETA: 199s
[gpu0] [ 692/1000] samples:  34600 | chain(game/max/avg): 4/10/5.4 | reward(game/avg): 10550/17120 | 1.56 games/s | ETA: 198s
[gpu0] [ 693/1000] samples:  34650 | chain(game/max/avg): 5/10/5.4 | reward(game/avg): 14260/17116 | 1.56 games/s | ETA: 197s
[gpu0] [ 694/1000] samples:  34700 | chain(game/max/avg): 6/10/5.4 | reward(game/avg): 18940/17119 | 1.56 games/s | ETA: 196s
[gpu0] [ 695/1000] samples:  34750 | chain(game/max/avg): 5/10/5.4 | reward(game/avg): 13700/17114 | 1.57 games/s | ETA: 195s
[gpu0] [ 696/1000] samples:  34800 | chain(game/max/avg): 6/10/5.4 | reward(game/avg): 19850/17118 | 1.57 games/s | ETA: 194s
[gpu0] [ 697/1000] samples:  34850 | chain(game/max/avg): 5/10/5.4 | reward(game/avg): 13160/17112 | 1.57 games/s | ETA: 193s
[gpu0] [ 698/1000] samples:  34900 | chain(game/max/avg): 5/10/5.4 | reward(game/avg): 20770/17118 | 1.57 games/s | ETA: 192s
[gpu0] [ 699/1000] samples:  34950 | chain(game/max/avg): 5/10/5.4 | reward(game/avg): 12360/17111 | 1.57 games/s | ETA: 191s
[gpu0] [ 700/1000] samples:  35000 | chain(game/max/avg): 5/10/5.4 | reward(game/avg): 15320/17108 | 1.58 games/s | ETA: 190s
[gpu0] [ 701/1000] samples:  35050 | chain(game/max/avg): 5/10/5.4 | reward(game/avg): 15760/17106 | 1.58 games/s | ETA: 189s
[gpu0] [ 702/1000] samples:  35100 | chain(game/max/avg): 6/10/5.4 | reward(game/avg): 19520/17110 | 1.58 games/s | ETA: 189s
[gpu0] [ 703/1000] samples:  35150 | chain(game/max/avg): 5/10/5.4 | reward(game/avg): 12320/17103 | 1.58 games/s | ETA: 188s
[gpu0] [ 704/1000] samples:  35200 | chain(game/max/avg): 4/10/5.4 | reward(game/avg): 9080/17092 | 1.59 games/s | ETA: 187s
[gpu0] [ 705/1000] samples:  35250 | chain(game/max/avg): 6/10/5.4 | reward(game/avg): 19780/17095 | 1.59 games/s | ETA: 186s
[gpu0] [ 706/1000] samples:  35350 | chain(game/max/avg): 6/10/5.4 | reward(game/avg): 18480/17130 | 1.59 games/s | ETA: 185s
[gpu0] [ 707/1000] samples:  35350 | chain(game/max/avg): 6/10/5.4 | reward(game/avg): 23330/17106 | 1.59 games/s | ETA: 184s
[gpu0] [ 708/1000] samples:  35400 | chain(game/max/avg): 6/10/5.4 | reward(game/avg): 19750/17110 | 1.59 games/s | ETA: 183s
[gpu0] [ 709/1000] samples:  35450 | chain(game/max/avg): 6/10/5.4 | reward(game/avg): 20550/17115 | 1.60 games/s | ETA: 182s
[gpu0] [ 710/1000] samples:  35500 | chain(game/max/avg): 4/10/5.4 | reward(game/avg): 11540/17107 | 1.60 games/s | ETA: 181s
[gpu0] [ 711/1000] samples:  35550 | chain(game/max/avg): 5/10/5.4 | reward(game/avg): 14570/17103 | 1.60 games/s | ETA: 181s
[gpu0] [ 712/1000] samples:  35600 | chain(game/max/avg): 5/10/5.4 | reward(game/avg): 14730/17100 | 1.60 games/s | ETA: 180s
[gpu0] [ 713/1000] samples:  35650 | chain(game/max/avg): 6/10/5.4 | reward(game/avg): 20740/17105 | 1.61 games/s | ETA: 179s
[gpu0] [ 714/1000] samples:  35700 | chain(game/max/avg): 6/10/5.4 | reward(game/avg): 21000/17110 | 1.61 games/s | ETA: 178s
[gpu0] [ 715/1000] samples:  35750 | chain(game/max/avg): 6/10/5.4 | reward(game/avg): 26150/17123 | 1.61 games/s | ETA: 177s
[gpu0] [ 716/1000] samples:  35800 | chain(game/max/avg): 5/10/5.4 | reward(game/avg): 13020/17117 | 1.61 games/s | ETA: 176s
[gpu0] [ 717/1000] samples:  35850 | chain(game/max/avg): 5/10/5.4 | reward(game/avg): 16020/17116 | 1.61 games/s | ETA: 175s
[gpu0] [ 718/1000] samples:  35900 | chain(game/max/avg): 6/10/5.4 | reward(game/avg): 28400/17132 | 1.62 games/s | ETA: 174s
[gpu0] [ 719/1000] samples:  35950 | chain(game/max/avg): 6/10/5.4 | reward(game/avg): 20280/17136 | 1.62 games/s | ETA: 174s
[gpu0] [ 720/1000] samples:  36000 | chain(game/max/avg): 5/10/5.4 | reward(game/avg): 13060/17130 | 1.62 games/s | ETA: 173s
[gpu0] [ 721/1000] samples:  36050 | chain(game/max/avg): 5/10/5.4 | reward(game/avg): 16860/17130 | 1.62 games/s | ETA: 172s
[gpu0] [ 722/1000] samples:  36100 | chain(game/max/avg): 3/10/5.4 | reward(game/avg): 7420/17116 | 1.63 games/s | ETA: 171s
[gpu0] [ 723/1000] samples:  36150 | chain(game/max/avg): 5/10/5.4 | reward(game/avg): 19030/17119 | 1.63 games/s | ETA: 170s
[gpu0] [ 724/1000] samples:  36200 | chain(game/max/avg): 6/10/5.4 | reward(game/avg): 17560/17120 | 1.63 games/s | ETA: 169s
[gpu0] [ 725/1000] samples:  36250 | chain(game/max/avg): 6/10/5.4 | reward(game/avg): 15900/17118 | 1.63 games/s | ETA: 168s
[gpu0] [ 726/1000] samples:  36300 | chain(game/max/avg): 6/10/5.4 | reward(game/avg): 22900/17126 | 1.63 games/s | ETA: 168s
[gpu0] [ 727/1000] samples:  36350 | chain(game/max/avg): 4/10/5.4 | reward(game/avg): 9880/17116 | 1.64 games/s | ETA: 167s
[gpu0] [ 728/1000] samples:  36400 | chain(game/max/avg): 6/10/5.4 | reward(game/avg): 17980/17117 | 1.64 games/s | ETA: 166s
[gpu0] [ 729/1000] samples:  36450 | chain(game/max/avg): 6/10/5.4 | reward(game/avg): 19190/17120 | 1.64 games/s | ETA: 165s
[gpu0] [ 730/1000] samples:  36500 | chain(game/max/avg): 5/10/5.4 | reward(game/avg): 17220/17120 | 1.64 games/s | ETA: 164s
[gpu0] [ 731/1000] samples:  36550 | chain(game/max/avg): 4/10/5.4 | reward(game/avg): 10190/17111 | 1.65 games/s | ETA: 163s
[gpu0] [ 732/1000] samples:  36600 | chain(game/max/avg): 6/10/5.4 | reward(game/avg): 26520/17124 | 1.65 games/s | ETA: 163s
[gpu0] [ 733/1000] samples:  36650 | chain(game/max/avg): 4/10/5.4 | reward(game/avg): 9300/17113 | 1.65 games/s | ETA: 162s
[gpu0] [ 734/1000] samples:  36700 | chain(game/max/avg): 4/10/5.4 | reward(game/avg): 12250/17106 | 1.65 games/s | ETA: 161s
[gpu0] [ 735/1000] samples:  36750 | chain(game/max/avg): 5/10/5.4 | reward(game/avg): 13310/17101 | 1.65 games/s | ETA: 160s
[gpu0] [ 736/1000] samples:  36800 | chain(game/max/avg): 5/10/5.4 | reward(game/avg): 14130/17097 | 1.66 games/s | ETA: 159s
[gpu0] [ 737/1000] samples:  36850 | chain(game/max/avg): 5/10/5.4 | reward(game/avg): 15790/17095 | 1.66 games/s | ETA: 159s
[gpu0] [ 738/1000] samples:  36900 | chain(game/max/avg): 5/10/5.4 | reward(game/avg): 13240/17090 | 1.66 games/s | ETA: 158s
[gpu0] [ 739/1000] samples:  36950 | chain(game/max/avg): 5/10/5.4 | reward(game/avg): 13050/17085 | 1.66 games/s | ETA: 157s
[gpu0] [ 740/1000] samples:  37000 | chain(game/max/avg): 4/10/5.4 | reward(game/avg): 12020/17078 | 1.66 games/s | ETA: 156s
[gpu0] [ 741/1000] samples:  37050 | chain(game/max/avg): 4/10/5.4 | reward(game/avg): 8840/17067 | 1.67 games/s | ETA: 155s
[gpu0] [ 742/1000] samples:  37100 | chain(game/max/avg): 6/10/5.4 | reward(game/avg): 18610/17069 | 1.67 games/s | ETA: 155s
[gpu0] [ 743/1000] samples:  37150 | chain(game/max/avg): 5/10/5.4 | reward(game/avg): 8180/17057 | 1.67 games/s | ETA: 154s
[gpu0] [ 744/1000] samples:  37200 | chain(game/max/avg): 5/10/5.4 | reward(game/avg): 13290/17052 | 1.67 games/s | ETA: 153s
[gpu0] [ 745/1000] samples:  37250 | chain(game/max/avg): 6/10/5.4 | reward(game/avg): 19000/17054 | 1.68 games/s | ETA: 152s
[gpu0] [ 746/1000] samples:  37300 | chain(game/max/avg): 5/10/5.4 | reward(game/avg): 9960/17045 | 1.68 games/s | ETA: 151s
[gpu0] [ 747/1000] samples:  37350 | chain(game/max/avg): 4/10/5.4 | reward(game/avg): 11980/17038 | 1.68 games/s | ETA: 151s
[gpu0] [ 748/1000] samples:  37450 | chain(game/max/avg): 7/10/5.4 | reward(game/avg): 22540/17058 | 1.68 games/s | ETA: 150s
[gpu0] [ 749/1000] samples:  37450 | chain(game/max/avg): 5/10/5.4 | reward(game/avg): 9060/17035 | 1.69 games/s | ETA: 149s
[gpu0] [ 750/1000] samples:  37500 | chain(game/max/avg): 4/10/5.4 | reward(game/avg): 8180/17023 | 1.69 games/s | ETA: 148s
[gpu0] [ 751/1000] samples:  37550 | chain(game/max/avg): 5/10/5.4 | reward(game/avg): 13480/17018 | 1.69 games/s | ETA: 147s
[gpu0] [ 752/1000] samples:  37600 | chain(game/max/avg): 5/10/5.4 | reward(game/avg): 26490/17031 | 1.69 games/s | ETA: 147s
[gpu0] [ 754/1000] samples:  37700 | chain(game/max/avg): 5/10/5.4 | reward(game/avg): 13420/17028 | 1.70 games/s | ETA: 145s
[gpu0] [ 753/1000] samples:  37700 | chain(game/max/avg): 5/10/5.4 | reward(game/avg): 18210/17050 | 1.69 games/s | ETA: 146s
[gpu0] [ 755/1000] samples:  37750 | chain(game/max/avg): 5/10/5.4 | reward(game/avg): 16240/17027 | 1.70 games/s | ETA: 144s
[gpu0] [ 756/1000] samples:  37800 | chain(game/max/avg): 5/10/5.4 | reward(game/avg): 16280/17026 | 1.70 games/s | ETA: 143s
[gpu0] [ 757/1000] samples:  37850 | chain(game/max/avg): 4/10/5.4 | reward(game/avg): 9920/17016 | 1.70 games/s | ETA: 143s
[gpu0] [ 758/1000] samples:  37900 | chain(game/max/avg): 7/10/5.4 | reward(game/avg): 42040/17049 | 1.71 games/s | ETA: 142s
[gpu0] [ 759/1000] samples:  37950 | chain(game/max/avg): 5/10/5.4 | reward(game/avg): 20630/17054 | 1.71 games/s | ETA: 141s
[gpu0] [ 760/1000] samples:  38000 | chain(game/max/avg): 5/10/5.4 | reward(game/avg): 21540/17060 | 1.71 games/s | ETA: 140s
[gpu0] [ 761/1000] samples:  38050 | chain(game/max/avg): 6/10/5.4 | reward(game/avg): 18900/17062 | 1.71 games/s | ETA: 140s
[gpu0] [ 762/1000] samples:  38100 | chain(game/max/avg): 3/10/5.4 | reward(game/avg): 6750/17049 | 1.71 games/s | ETA: 139s
[gpu0] [ 763/1000] samples:  38150 | chain(game/max/avg): 5/10/5.4 | reward(game/avg): 12430/17043 | 1.72 games/s | ETA: 138s
[gpu0] [ 764/1000] samples:  38200 | chain(game/max/avg): 6/10/5.4 | reward(game/avg): 21790/17049 | 1.72 games/s | ETA: 137s
[gpu0] [ 765/1000] samples:  38250 | chain(game/max/avg): 6/10/5.4 | reward(game/avg): 17080/17049 | 1.72 games/s | ETA: 137s
[gpu0] [ 767/1000] samples:  38350 | chain(game/max/avg): 5/10/5.4 | reward(game/avg): 16150/17044 | 1.73 games/s | ETA: 135s
[gpu0] [ 766/1000] samples:  38300 | chain(game/max/avg): 5/10/5.4 | reward(game/avg): 14120/17045 | 1.72 games/s | ETA: 136s
[gpu0] [ 768/1000] samples:  38400 | chain(game/max/avg): 6/10/5.4 | reward(game/avg): 22120/17051 | 1.73 games/s | ETA: 134s
[gpu0] [ 769/1000] samples:  38450 | chain(game/max/avg): 5/10/5.4 | reward(game/avg): 12460/17045 | 1.73 games/s | ETA: 134s
[gpu0] [ 770/1000] samples:  38500 | chain(game/max/avg): 5/10/5.4 | reward(game/avg): 13470/17040 | 1.73 games/s | ETA: 133s
[gpu0] [ 771/1000] samples:  38550 | chain(game/max/avg): 4/10/5.4 | reward(game/avg): 10620/17032 | 1.73 games/s | ETA: 132s
[gpu0] [ 773/1000] samples:  38650 | chain(game/max/avg): 7/10/5.4 | reward(game/avg): 22520/17041 | 1.74 games/s | ETA: 131s
[gpu0] [ 772/1000] samples:  38600 | chain(game/max/avg): 5/10/5.4 | reward(game/avg): 18720/17034 | 1.74 games/s | ETA: 131s
[gpu0] [ 774/1000] samples:  38700 | chain(game/max/avg): 5/10/5.4 | reward(game/avg): 14960/17038 | 1.74 games/s | ETA: 130s
[gpu0] [ 775/1000] samples:  38750 | chain(game/max/avg): 5/10/5.4 | reward(game/avg): 13110/17033 | 1.74 games/s | ETA: 129s
[gpu0] [ 776/1000] samples:  38800 | chain(game/max/avg): 5/10/5.4 | reward(game/avg): 16440/17032 | 1.75 games/s | ETA: 128s
[gpu0] [ 777/1000] samples:  38850 | chain(game/max/avg): 6/10/5.4 | reward(game/avg): 20520/17037 | 1.75 games/s | ETA: 128s
[gpu0] [ 778/1000] samples:  38900 | chain(game/max/avg): 5/10/5.4 | reward(game/avg): 14710/17034 | 1.75 games/s | ETA: 127s
[gpu0] [ 779/1000] samples:  38950 | chain(game/max/avg): 4/10/5.4 | reward(game/avg): 8420/17023 | 1.75 games/s | ETA: 126s
[gpu0] [ 780/1000] samples:  39000 | chain(game/max/avg): 5/10/5.4 | reward(game/avg): 14200/17019 | 1.75 games/s | ETA: 125s
[gpu0] [ 781/1000] samples:  39050 | chain(game/max/avg): 6/10/5.4 | reward(game/avg): 17520/17020 | 1.76 games/s | ETA: 125s
[gpu0] [ 783/1000] samples:  39150 | chain(game/max/avg): 5/10/5.4 | reward(game/avg): 14720/17031 | 1.76 games/s | ETA: 123s
[gpu0] [ 782/1000] samples:  39100 | chain(game/max/avg): 6/10/5.4 | reward(game/avg): 27750/17034 | 1.76 games/s | ETA: 124s
[gpu0] [ 784/1000] samples:  39200 | chain(game/max/avg): 6/10/5.4 | reward(game/avg): 14530/17027 | 1.76 games/s | ETA: 122s
[gpu0] [ 785/1000] samples:  39250 | chain(game/max/avg): 5/10/5.4 | reward(game/avg): 18640/17029 | 1.77 games/s | ETA: 122s
[gpu0] [ 786/1000] samples:  39350 | chain(game/max/avg): 6/10/5.4 | reward(game/avg): 19040/17076 | 1.77 games/s | ETA: 121s
[gpu0] [ 787/1000] samples:  39350 | chain(game/max/avg): 7/10/5.4 | reward(game/avg): 34440/17054 | 1.77 games/s | ETA: 120s
[gpu0] [ 788/1000] samples:  39400 | chain(game/max/avg): 7/10/5.4 | reward(game/avg): 24240/17063 | 1.77 games/s | ETA: 120s
[gpu0] [ 789/1000] samples:  39450 | chain(game/max/avg): 5/10/5.4 | reward(game/avg): 20400/17067 | 1.78 games/s | ETA: 119s
[gpu0] [ 790/1000] samples:  39500 | chain(game/max/avg): 4/10/5.4 | reward(game/avg): 10930/17060 | 1.78 games/s | ETA: 118s
[gpu0] [ 791/1000] samples:  39550 | chain(game/max/avg): 5/10/5.4 | reward(game/avg): 14010/17056 | 1.78 games/s | ETA: 117s
[gpu0] [ 792/1000] samples:  39600 | chain(game/max/avg): 5/10/5.4 | reward(game/avg): 14480/17053 | 1.78 games/s | ETA: 117s
[gpu0] [ 793/1000] samples:  39650 | chain(game/max/avg): 4/10/5.4 | reward(game/avg): 10100/17044 | 1.78 games/s | ETA: 116s
[gpu0] [ 794/1000] samples:  39700 | chain(game/max/avg): 5/10/5.4 | reward(game/avg): 14920/17041 | 1.79 games/s | ETA: 115s
[gpu0] [ 795/1000] samples:  39750 | chain(game/max/avg): 6/10/5.4 | reward(game/avg): 16710/17041 | 1.79 games/s | ETA: 115s
[gpu0] [ 796/1000] samples:  39800 | chain(game/max/avg): 5/10/5.4 | reward(game/avg): 14700/17038 | 1.79 games/s | ETA: 114s
[gpu0] [ 797/1000] samples:  39850 | chain(game/max/avg): 6/10/5.4 | reward(game/avg): 13420/17033 | 1.79 games/s | ETA: 113s
[gpu0] [ 798/1000] samples:  39900 | chain(game/max/avg): 6/10/5.4 | reward(game/avg): 19300/17036 | 1.80 games/s | ETA: 113s
[gpu0] [ 799/1000] samples:  39950 | chain(game/max/avg): 5/10/5.4 | reward(game/avg): 17800/17037 | 1.80 games/s | ETA: 112s
[gpu0] [ 800/1000] samples:  40000 | chain(game/max/avg): 6/10/5.4 | reward(game/avg): 20460/17041 | 1.80 games/s | ETA: 111s
[gpu0] [ 801/1000] samples:  40050 | chain(game/max/avg): 6/10/5.4 | reward(game/avg): 13520/17037 | 1.80 games/s | ETA: 110s
[gpu0] [ 802/1000] samples:  40100 | chain(game/max/avg): 4/10/5.4 | reward(game/avg): 8660/17026 | 1.80 games/s | ETA: 110s
[gpu0] [ 803/1000] samples:  40150 | chain(game/max/avg): 6/10/5.4 | reward(game/avg): 25950/17038 | 1.81 games/s | ETA: 109s
[gpu0] [ 804/1000] samples:  40200 | chain(game/max/avg): 4/10/5.4 | reward(game/avg): 12670/17032 | 1.81 games/s | ETA: 108s
[gpu0] [ 805/1000] samples:  40250 | chain(game/max/avg): 4/10/5.4 | reward(game/avg): 7120/17020 | 1.81 games/s | ETA: 108s
[gpu0] [ 806/1000] samples:  40300 | chain(game/max/avg): 6/10/5.4 | reward(game/avg): 24880/17030 | 1.81 games/s | ETA: 107s
[gpu0] [ 807/1000] samples:  40350 | chain(game/max/avg): 5/10/5.4 | reward(game/avg): 16860/17029 | 1.81 games/s | ETA: 107s
[gpu0] [ 808/1000] samples:  40400 | chain(game/max/avg): 3/10/5.4 | reward(game/avg): 6900/17017 | 1.81 games/s | ETA: 106s
[gpu0] [ 809/1000] samples:  40450 | chain(game/max/avg): 7/10/5.4 | reward(game/avg): 18460/17019 | 1.81 games/s | ETA: 105s
[gpu0] [ 810/1000] samples:  40500 | chain(game/max/avg): 5/10/5.4 | reward(game/avg): 14380/17015 | 1.81 games/s | ETA: 105s
[gpu0] [ 811/1000] samples:  40550 | chain(game/max/avg): 5/10/5.4 | reward(game/avg): 11780/17009 | 1.82 games/s | ETA: 104s
[gpu0] [ 812/1000] samples:  40600 | chain(game/max/avg): 5/10/5.4 | reward(game/avg): 15310/17007 | 1.82 games/s | ETA: 103s
[gpu0] [ 813/1000] samples:  40650 | chain(game/max/avg): 5/10/5.4 | reward(game/avg): 13420/17002 | 1.82 games/s | ETA: 103s
[gpu0] [ 814/1000] samples:  40700 | chain(game/max/avg): 6/10/5.4 | reward(game/avg): 13640/16998 | 1.82 games/s | ETA: 102s
[gpu0] [ 815/1000] samples:  40750 | chain(game/max/avg): 6/10/5.4 | reward(game/avg): 15880/16997 | 1.82 games/s | ETA: 101s
[gpu0] [ 816/1000] samples:  40800 | chain(game/max/avg): 5/10/5.4 | reward(game/avg): 9420/16988 | 1.83 games/s | ETA: 101s
[gpu0] [ 817/1000] samples:  40850 | chain(game/max/avg): 5/10/5.4 | reward(game/avg): 6580/16975 | 1.83 games/s | ETA: 100s
[gpu0] [ 818/1000] samples:  40900 | chain(game/max/avg): 6/10/5.4 | reward(game/avg): 18160/16976 | 1.83 games/s | ETA: 99s
[gpu0] [ 819/1000] samples:  40950 | chain(game/max/avg): 4/10/5.4 | reward(game/avg): 7940/16965 | 1.83 games/s | ETA: 99s
[gpu0] [ 820/1000] samples:  41000 | chain(game/max/avg): 5/10/5.4 | reward(game/avg): 14740/16963 | 1.84 games/s | ETA: 98s
[gpu0] [ 821/1000] samples:  41050 | chain(game/max/avg): 8/10/5.4 | reward(game/avg): 61350/17017 | 1.84 games/s | ETA: 97s
[gpu0] [ 822/1000] samples:  41100 | chain(game/max/avg): 7/10/5.4 | reward(game/avg): 25240/17027 | 1.84 games/s | ETA: 97s
[gpu0] [ 823/1000] samples:  41150 | chain(game/max/avg): 6/10/5.4 | reward(game/avg): 20170/17030 | 1.84 games/s | ETA: 96s
[gpu0] [ 824/1000] samples:  41200 | chain(game/max/avg): 4/10/5.4 | reward(game/avg): 11720/17024 | 1.84 games/s | ETA: 95s
[gpu0] [ 825/1000] samples:  41250 | chain(game/max/avg): 6/10/5.4 | reward(game/avg): 15180/17022 | 1.85 games/s | ETA: 95s
[gpu0] [ 826/1000] samples:  41300 | chain(game/max/avg): 5/10/5.4 | reward(game/avg): 16040/17021 | 1.85 games/s | ETA: 94s
[gpu0] [ 827/1000] samples:  41350 | chain(game/max/avg): 4/10/5.4 | reward(game/avg): 9490/17011 | 1.85 games/s | ETA: 93s
[gpu0] [ 828/1000] samples:  41400 | chain(game/max/avg): 4/10/5.4 | reward(game/avg): 9320/17002 | 1.85 games/s | ETA: 93s
[gpu0] [ 829/1000] samples:  41450 | chain(game/max/avg): 6/10/5.4 | reward(game/avg): 20000/17006 | 1.86 games/s | ETA: 92s
[gpu0] [ 830/1000] samples:  41500 | chain(game/max/avg): 6/10/5.4 | reward(game/avg): 23300/17013 | 1.86 games/s | ETA: 92s
[gpu0] [ 831/1000] samples:  41550 | chain(game/max/avg): 6/10/5.4 | reward(game/avg): 12080/17007 | 1.86 games/s | ETA: 91s
[gpu0] [ 832/1000] samples:  41600 | chain(game/max/avg): 6/10/5.4 | reward(game/avg): 23020/17015 | 1.86 games/s | ETA: 90s
[gpu0] [ 833/1000] samples:  41650 | chain(game/max/avg): 7/10/5.4 | reward(game/avg): 22620/17021 | 1.86 games/s | ETA: 90s
[gpu0] [ 834/1000] samples:  41700 | chain(game/max/avg): 6/10/5.4 | reward(game/avg): 18480/17023 | 1.87 games/s | ETA: 89s
[gpu0] [ 835/1000] samples:  41750 | chain(game/max/avg): 5/10/5.4 | reward(game/avg): 9160/17014 | 1.87 games/s | ETA: 88s
[gpu0] [ 836/1000] samples:  41800 | chain(game/max/avg): 5/10/5.4 | reward(game/avg): 16760/17013 | 1.87 games/s | ETA: 88s
[gpu0] [ 837/1000] samples:  41850 | chain(game/max/avg): 5/10/5.4 | reward(game/avg): 14720/17011 | 1.87 games/s | ETA: 87s
[gpu0] [ 838/1000] samples:  41900 | chain(game/max/avg): 4/10/5.4 | reward(game/avg): 8850/17001 | 1.88 games/s | ETA: 86s
[gpu0] [ 839/1000] samples:  41950 | chain(game/max/avg): 6/10/5.4 | reward(game/avg): 22520/17008 | 1.88 games/s | ETA: 86s
[gpu0] [ 840/1000] samples:  42000 | chain(game/max/avg): 4/10/5.4 | reward(game/avg): 6290/16995 | 1.88 games/s | ETA: 85s
[gpu0] [ 841/1000] samples:  42050 | chain(game/max/avg): 6/10/5.4 | reward(game/avg): 18140/16996 | 1.88 games/s | ETA: 84s
[gpu0] [ 842/1000] samples:  42100 | chain(game/max/avg): 6/10/5.4 | reward(game/avg): 22800/17003 | 1.88 games/s | ETA: 84s
[gpu0] [ 843/1000] samples:  42150 | chain(game/max/avg): 5/10/5.4 | reward(game/avg): 11080/16996 | 1.89 games/s | ETA: 83s
[gpu0] [ 844/1000] samples:  42200 | chain(game/max/avg): 5/10/5.4 | reward(game/avg): 19940/17000 | 1.89 games/s | ETA: 83s
[gpu0] [ 845/1000] samples:  42250 | chain(game/max/avg): 4/10/5.4 | reward(game/avg): 14640/16997 | 1.89 games/s | ETA: 82s
[gpu0] [ 846/1000] samples:  42300 | chain(game/max/avg): 6/10/5.4 | reward(game/avg): 18240/16998 | 1.89 games/s | ETA: 81s
[gpu0] [ 847/1000] samples:  42350 | chain(game/max/avg): 5/10/5.4 | reward(game/avg): 8880/16989 | 1.90 games/s | ETA: 81s
[gpu0] [ 848/1000] samples:  42400 | chain(game/max/avg): 6/10/5.4 | reward(game/avg): 18930/16991 | 1.90 games/s | ETA: 80s
[gpu0] [ 849/1000] samples:  42450 | chain(game/max/avg): 5/10/5.4 | reward(game/avg): 12220/16985 | 1.90 games/s | ETA: 79s
[gpu0] [ 850/1000] samples:  42500 | chain(game/max/avg): 5/10/5.4 | reward(game/avg): 15480/16984 | 1.90 games/s | ETA: 79s
[gpu0] [ 851/1000] samples:  42550 | chain(game/max/avg): 5/10/5.4 | reward(game/avg): 20020/16987 | 1.90 games/s | ETA: 78s
[gpu0] [ 852/1000] samples:  42600 | chain(game/max/avg): 6/10/5.4 | reward(game/avg): 16080/16986 | 1.91 games/s | ETA: 78s
[gpu0] [ 853/1000] samples:  42650 | chain(game/max/avg): 5/10/5.4 | reward(game/avg): 14770/16983 | 1.91 games/s | ETA: 77s
[gpu0] [ 854/1000] samples:  42700 | chain(game/max/avg): 6/10/5.4 | reward(game/avg): 13910/16980 | 1.91 games/s | ETA: 76s
[gpu0] [ 855/1000] samples:  42750 | chain(game/max/avg): 5/10/5.4 | reward(game/avg): 14420/16977 | 1.91 games/s | ETA: 76s
[gpu0] [ 856/1000] samples:  42800 | chain(game/max/avg): 5/10/5.4 | reward(game/avg): 18030/16978 | 1.92 games/s | ETA: 75s
[gpu0] [ 857/1000] samples:  42850 | chain(game/max/avg): 5/10/5.4 | reward(game/avg): 10410/16970 | 1.92 games/s | ETA: 75s
[gpu0] [ 858/1000] samples:  42900 | chain(game/max/avg): 4/10/5.4 | reward(game/avg): 10920/16963 | 1.92 games/s | ETA: 74s
[gpu0] [ 859/1000] samples:  42950 | chain(game/max/avg): 4/10/5.4 | reward(game/avg): 9320/16954 | 1.92 games/s | ETA: 73s
[gpu0] [ 860/1000] samples:  43000 | chain(game/max/avg): 5/10/5.4 | reward(game/avg): 16120/16953 | 1.92 games/s | ETA: 73s
[gpu0] [ 861/1000] samples:  43050 | chain(game/max/avg): 5/10/5.4 | reward(game/avg): 14740/16951 | 1.93 games/s | ETA: 72s
[gpu0] [ 862/1000] samples:  43100 | chain(game/max/avg): 5/10/5.4 | reward(game/avg): 21080/16956 | 1.93 games/s | ETA: 72s
[gpu0] [ 863/1000] samples:  43150 | chain(game/max/avg): 5/10/5.4 | reward(game/avg): 9820/16947 | 1.93 games/s | ETA: 71s
[gpu0] [ 864/1000] samples:  43200 | chain(game/max/avg): 4/10/5.4 | reward(game/avg): 8020/16937 | 1.93 games/s | ETA: 70s
[gpu0] [ 865/1000] samples:  43250 | chain(game/max/avg): 5/10/5.4 | reward(game/avg): 14540/16934 | 1.94 games/s | ETA: 70s
[gpu0] [ 866/1000] samples:  43300 | chain(game/max/avg): 5/10/5.4 | reward(game/avg): 18700/16936 | 1.94 games/s | ETA: 69s
[gpu0] [ 867/1000] samples:  43350 | chain(game/max/avg): 6/10/5.4 | reward(game/avg): 20830/16941 | 1.94 games/s | ETA: 69s
[gpu0] [ 868/1000] samples:  43400 | chain(game/max/avg): 5/10/5.4 | reward(game/avg): 14940/16939 | 1.94 games/s | ETA: 68s
[gpu0] [ 869/1000] samples:  43450 | chain(game/max/avg): 7/10/5.4 | reward(game/avg): 25250/16948 | 1.94 games/s | ETA: 67s
[gpu0] [ 870/1000] samples:  43500 | chain(game/max/avg): 5/10/5.4 | reward(game/avg): 16320/16947 | 1.95 games/s | ETA: 67s
[gpu0] [ 871/1000] samples:  43550 | chain(game/max/avg): 6/10/5.4 | reward(game/avg): 31300/16964 | 1.95 games/s | ETA: 66s
[gpu0] [ 872/1000] samples:  43600 | chain(game/max/avg): 4/10/5.4 | reward(game/avg): 11080/16957 | 1.95 games/s | ETA: 66s
[gpu0] [ 873/1000] samples:  43650 | chain(game/max/avg): 5/10/5.4 | reward(game/avg): 11630/16951 | 1.95 games/s | ETA: 65s
[gpu0] [ 874/1000] samples:  43700 | chain(game/max/avg): 5/10/5.4 | reward(game/avg): 16870/16951 | 1.96 games/s | ETA: 64s
[gpu0] [ 875/1000] samples:  43750 | chain(game/max/avg): 5/10/5.4 | reward(game/avg): 11930/16945 | 1.96 games/s | ETA: 64s
[gpu0] [ 876/1000] samples:  43800 | chain(game/max/avg): 6/10/5.4 | reward(game/avg): 25540/16955 | 1.96 games/s | ETA: 63s
[gpu0] [ 877/1000] samples:  43850 | chain(game/max/avg): 4/10/5.4 | reward(game/avg): 8860/16946 | 1.96 games/s | ETA: 63s
[gpu0] [ 878/1000] samples:  43900 | chain(game/max/avg): 6/10/5.4 | reward(game/avg): 17100/16946 | 1.96 games/s | ETA: 62s
[gpu0] [ 880/1000] samples:  44000 | chain(game/max/avg): 6/10/5.4 | reward(game/avg): 25800/16957 | 1.97 games/s | ETA: 61s
[gpu0] [ 879/1000] samples:  43950 | chain(game/max/avg): 6/10/5.4 | reward(game/avg): 17480/16947 | 1.97 games/s | ETA: 62s
[gpu0] [ 881/1000] samples:  44050 | chain(game/max/avg): 5/10/5.4 | reward(game/avg): 12480/16952 | 1.97 games/s | ETA: 60s
[gpu0] [ 882/1000] samples:  44100 | chain(game/max/avg): 6/10/5.4 | reward(game/avg): 15430/16950 | 1.97 games/s | ETA: 60s
[gpu0] [ 883/1000] samples:  44150 | chain(game/max/avg): 5/10/5.4 | reward(game/avg): 13200/16946 | 1.98 games/s | ETA: 59s
[gpu0] [ 884/1000] samples:  44200 | chain(game/max/avg): 5/10/5.4 | reward(game/avg): 15320/16944 | 1.98 games/s | ETA: 59s
[gpu0] [ 885/1000] samples:  44250 | chain(game/max/avg): 7/10/5.4 | reward(game/avg): 24980/16953 | 1.98 games/s | ETA: 58s
[gpu0] [ 886/1000] samples:  44300 | chain(game/max/avg): 4/10/5.4 | reward(game/avg): 8440/16943 | 1.98 games/s | ETA: 58s
[gpu0] [ 887/1000] samples:  44350 | chain(game/max/avg): 4/10/5.4 | reward(game/avg): 11980/16938 | 1.98 games/s | ETA: 57s
[gpu0] [ 888/1000] samples:  44400 | chain(game/max/avg): 6/10/5.4 | reward(game/avg): 23440/16945 | 1.99 games/s | ETA: 56s
[gpu0] [ 889/1000] samples:  44450 | chain(game/max/avg): 6/10/5.4 | reward(game/avg): 14920/16943 | 1.99 games/s | ETA: 56s
[gpu0] [ 890/1000] samples:  44500 | chain(game/max/avg): 4/10/5.4 | reward(game/avg): 13770/16939 | 1.99 games/s | ETA: 55s
[gpu0] [ 891/1000] samples:  44550 | chain(game/max/avg): 5/10/5.4 | reward(game/avg): 13840/16936 | 1.99 games/s | ETA: 55s
[gpu0] [ 892/1000] samples:  44600 | chain(game/max/avg): 5/10/5.4 | reward(game/avg): 19750/16939 | 2.00 games/s | ETA: 54s
[gpu0] [ 893/1000] samples:  44650 | chain(game/max/avg): 5/10/5.4 | reward(game/avg): 13580/16935 | 2.00 games/s | ETA: 54s
[gpu0] [ 894/1000] samples:  44700 | chain(game/max/avg): 4/10/5.4 | reward(game/avg): 3520/16920 | 2.00 games/s | ETA: 53s
[gpu0] [ 895/1000] samples:  44750 | chain(game/max/avg): 5/10/5.4 | reward(game/avg): 12200/16915 | 2.00 games/s | ETA: 52s
[gpu0] [ 896/1000] samples:  44800 | chain(game/max/avg): 5/10/5.4 | reward(game/avg): 12930/16910 | 2.00 games/s | ETA: 52s
[gpu0] [ 897/1000] samples:  44850 | chain(game/max/avg): 5/10/5.4 | reward(game/avg): 18340/16912 | 2.01 games/s | ETA: 51s
[gpu0] [ 898/1000] samples:  44900 | chain(game/max/avg): 6/10/5.4 | reward(game/avg): 20500/16916 | 2.01 games/s | ETA: 51s
[gpu0] [ 899/1000] samples:  44950 | chain(game/max/avg): 8/10/5.4 | reward(game/avg): 33000/16934 | 2.01 games/s | ETA: 50s
[gpu0] [ 900/1000] samples:  45000 | chain(game/max/avg): 5/10/5.4 | reward(game/avg): 15800/16932 | 2.01 games/s | ETA: 50s
[gpu0] [ 901/1000] samples:  45050 | chain(game/max/avg): 4/10/5.4 | reward(game/avg): 7780/16922 | 2.02 games/s | ETA: 49s
[gpu0] [ 902/1000] samples:  45100 | chain(game/max/avg): 5/10/5.4 | reward(game/avg): 13700/16919 | 2.02 games/s | ETA: 49s
[gpu0] [ 903/1000] samples:  45150 | chain(game/max/avg): 6/10/5.4 | reward(game/avg): 23720/16926 | 2.02 games/s | ETA: 48s
[gpu0] [ 904/1000] samples:  45200 | chain(game/max/avg): 4/10/5.4 | reward(game/avg): 10760/16919 | 2.02 games/s | ETA: 47s
[gpu0] [ 905/1000] samples:  45250 | chain(game/max/avg): 6/10/5.4 | reward(game/avg): 21940/16925 | 2.02 games/s | ETA: 47s
[gpu0] [ 906/1000] samples:  45300 | chain(game/max/avg): 5/10/5.4 | reward(game/avg): 15660/16924 | 2.03 games/s | ETA: 46s
[gpu0] [ 907/1000] samples:  45350 | chain(game/max/avg): 5/10/5.4 | reward(game/avg): 14600/16921 | 2.03 games/s | ETA: 46s
[gpu0] [ 908/1000] samples:  45400 | chain(game/max/avg): 5/10/5.4 | reward(game/avg): 13150/16917 | 2.03 games/s | ETA: 45s
[gpu0] [ 909/1000] samples:  45450 | chain(game/max/avg): 4/10/5.4 | reward(game/avg): 9370/16909 | 2.03 games/s | ETA: 45s
[gpu0] [ 910/1000] samples:  45500 | chain(game/max/avg): 5/10/5.4 | reward(game/avg): 15820/16907 | 2.04 games/s | ETA: 44s
[gpu0] [ 911/1000] samples:  45550 | chain(game/max/avg): 5/10/5.4 | reward(game/avg): 14780/16905 | 2.04 games/s | ETA: 44s
[gpu0] [ 912/1000] samples:  45600 | chain(game/max/avg): 6/10/5.4 | reward(game/avg): 21160/16910 | 2.04 games/s | ETA: 43s
[gpu0] [ 913/1000] samples:  45650 | chain(game/max/avg): 5/10/5.4 | reward(game/avg): 11790/16904 | 2.04 games/s | ETA: 43s
[gpu0] [ 915/1000] samples:  45750 | chain(game/max/avg): 5/10/5.4 | reward(game/avg): 11660/16892 | 2.05 games/s | ETA: 42s
[gpu0] [ 914/1000] samples:  45700 | chain(game/max/avg): 5/10/5.4 | reward(game/avg): 10720/16897 | 2.04 games/s | ETA: 42s
[gpu0] [ 916/1000] samples:  45800 | chain(game/max/avg): 6/10/5.4 | reward(game/avg): 19700/16895 | 2.05 games/s | ETA: 41s
[gpu0] [ 917/1000] samples:  45850 | chain(game/max/avg): 4/10/5.4 | reward(game/avg): 13400/16891 | 2.05 games/s | ETA: 40s
[gpu0] [ 918/1000] samples:  45900 | chain(game/max/avg): 5/10/5.4 | reward(game/avg): 18880/16893 | 2.05 games/s | ETA: 40s
[gpu0] [ 919/1000] samples:  45950 | chain(game/max/avg): 6/10/5.4 | reward(game/avg): 20380/16897 | 2.05 games/s | ETA: 39s
[gpu0] [ 920/1000] samples:  46000 | chain(game/max/avg): 5/10/5.4 | reward(game/avg): 10580/16890 | 2.05 games/s | ETA: 39s
[gpu0] [ 921/1000] samples:  46050 | chain(game/max/avg): 4/10/5.4 | reward(game/avg): 10260/16883 | 2.06 games/s | ETA: 38s
[gpu0] [ 922/1000] samples:  46100 | chain(game/max/avg): 5/10/5.4 | reward(game/avg): 16310/16882 | 2.06 games/s | ETA: 38s
[gpu0] [ 923/1000] samples:  46150 | chain(game/max/avg): 4/10/5.4 | reward(game/avg): 10120/16875 | 2.06 games/s | ETA: 37s
[gpu0] [ 924/1000] samples:  46200 | chain(game/max/avg): 6/10/5.4 | reward(game/avg): 20800/16879 | 2.06 games/s | ETA: 37s
[gpu0] [ 925/1000] samples:  46250 | chain(game/max/avg): 6/10/5.4 | reward(game/avg): 22900/16886 | 2.06 games/s | ETA: 36s
[gpu0] [ 926/1000] samples:  46300 | chain(game/max/avg): 5/10/5.4 | reward(game/avg): 7900/16876 | 2.07 games/s | ETA: 36s
[gpu0] [ 927/1000] samples:  46350 | chain(game/max/avg): 5/10/5.4 | reward(game/avg): 13950/16873 | 2.07 games/s | ETA: 35s
[gpu0] [ 928/1000] samples:  46400 | chain(game/max/avg): 6/10/5.4 | reward(game/avg): 12900/16868 | 2.07 games/s | ETA: 35s
[gpu0] [ 930/1000] samples:  46500 | chain(game/max/avg): 6/10/5.4 | reward(game/avg): 25060/16871 | 2.07 games/s | ETA: 34s
[gpu0] [ 929/1000] samples:  46450 | chain(game/max/avg): 4/10/5.4 | reward(game/avg): 10940/16862 | 2.07 games/s | ETA: 34s
[gpu0] [ 931/1000] samples:  46550 | chain(game/max/avg): 7/10/5.4 | reward(game/avg): 20740/16875 | 2.08 games/s | ETA: 33s
[gpu0] [ 932/1000] samples:  46600 | chain(game/max/avg): 5/10/5.4 | reward(game/avg): 14180/16872 | 2.08 games/s | ETA: 33s
[gpu0] [ 933/1000] samples:  46650 | chain(game/max/avg): 5/10/5.4 | reward(game/avg): 11900/16867 | 2.08 games/s | ETA: 32s
[gpu0] [ 934/1000] samples:  46700 | chain(game/max/avg): 4/10/5.4 | reward(game/avg): 11700/16861 | 2.08 games/s | ETA: 32s
[gpu0] [ 935/1000] samples:  46750 | chain(game/max/avg): 4/10/5.4 | reward(game/avg): 9760/16854 | 2.08 games/s | ETA: 31s
[gpu0] [ 936/1000] samples:  46800 | chain(game/max/avg): 6/10/5.4 | reward(game/avg): 19260/16856 | 2.09 games/s | ETA: 31s
[gpu0] [ 937/1000] samples:  46850 | chain(game/max/avg): 5/10/5.4 | reward(game/avg): 10280/16849 | 2.09 games/s | ETA: 30s
[gpu0] [ 938/1000] samples:  46900 | chain(game/max/avg): 5/10/5.4 | reward(game/avg): 17080/16849 | 2.09 games/s | ETA: 30s
[gpu0] [ 939/1000] samples:  46950 | chain(game/max/avg): 5/10/5.4 | reward(game/avg): 13800/16846 | 2.09 games/s | ETA: 29s
[gpu0] [ 940/1000] samples:  47000 | chain(game/max/avg): 4/10/5.4 | reward(game/avg): 7580/16836 | 2.10 games/s | ETA: 29s
[gpu0] [ 941/1000] samples:  47050 | chain(game/max/avg): 5/10/5.4 | reward(game/avg): 13240/16833 | 2.10 games/s | ETA: 28s
[gpu0] [ 942/1000] samples:  47100 | chain(game/max/avg): 5/10/5.4 | reward(game/avg): 17120/16833 | 2.10 games/s | ETA: 28s
[gpu0] [ 943/1000] samples:  47150 | chain(game/max/avg): 6/10/5.4 | reward(game/avg): 20280/16837 | 2.10 games/s | ETA: 27s
[gpu0] [ 944/1000] samples:  47200 | chain(game/max/avg): 5/10/5.4 | reward(game/avg): 16140/16836 | 2.10 games/s | ETA: 27s
[gpu0] [ 945/1000] samples:  47250 | chain(game/max/avg): 5/10/5.4 | reward(game/avg): 17870/16837 | 2.11 games/s | ETA: 26s
[gpu0] [ 946/1000] samples:  47300 | chain(game/max/avg): 7/10/5.4 | reward(game/avg): 22150/16842 | 2.11 games/s | ETA: 26s
[gpu0] [ 947/1000] samples:  47350 | chain(game/max/avg): 4/10/5.4 | reward(game/avg): 8220/16833 | 2.11 games/s | ETA: 25s
[gpu0] [ 948/1000] samples:  47400 | chain(game/max/avg): 5/10/5.4 | reward(game/avg): 14000/16830 | 2.11 games/s | ETA: 25s
[gpu0] [ 949/1000] samples:  47450 | chain(game/max/avg): 6/10/5.4 | reward(game/avg): 18980/16833 | 2.11 games/s | ETA: 24s
[gpu0] [ 950/1000] samples:  47500 | chain(game/max/avg): 5/10/5.4 | reward(game/avg): 18520/16834 | 2.11 games/s | ETA: 24s
[gpu0] [ 951/1000] samples:  47550 | chain(game/max/avg): 6/10/5.4 | reward(game/avg): 18100/16836 | 2.12 games/s | ETA: 23s
[gpu0] [ 952/1000] samples:  47600 | chain(game/max/avg): 5/10/5.4 | reward(game/avg): 10040/16829 | 2.12 games/s | ETA: 23s
[gpu0] [ 953/1000] samples:  47650 | chain(game/max/avg): 5/10/5.4 | reward(game/avg): 18220/16830 | 2.12 games/s | ETA: 22s
[gpu0] [ 954/1000] samples:  47700 | chain(game/max/avg): 6/10/5.4 | reward(game/avg): 19220/16833 | 2.12 games/s | ETA: 22s
[gpu0] [ 955/1000] samples:  47750 | chain(game/max/avg): 5/10/5.4 | reward(game/avg): 12040/16828 | 2.13 games/s | ETA: 21s
[gpu0] [ 956/1000] samples:  47800 | chain(game/max/avg): 5/10/5.4 | reward(game/avg): 19460/16830 | 2.13 games/s | ETA: 21s
[gpu0] [ 957/1000] samples:  47850 | chain(game/max/avg): 6/10/5.4 | reward(game/avg): 18680/16832 | 2.13 games/s | ETA: 20s
[gpu0] [ 958/1000] samples:  47900 | chain(game/max/avg): 6/10/5.4 | reward(game/avg): 19500/16835 | 2.13 games/s | ETA: 20s
[gpu0] [ 959/1000] samples:  47950 | chain(game/max/avg): 5/10/5.4 | reward(game/avg): 19720/16838 | 2.13 games/s | ETA: 19s
[gpu0] [ 960/1000] samples:  48000 | chain(game/max/avg): 6/10/5.4 | reward(game/avg): 19800/16841 | 2.14 games/s | ETA: 19s
[gpu0] [ 961/1000] samples:  48050 | chain(game/max/avg): 7/10/5.4 | reward(game/avg): 20340/16845 | 2.14 games/s | ETA: 18s
[gpu0] [ 962/1000] samples:  48100 | chain(game/max/avg): 5/10/5.4 | reward(game/avg): 20080/16848 | 2.14 games/s | ETA: 18s
[gpu0] [ 963/1000] samples:  48150 | chain(game/max/avg): 6/10/5.4 | reward(game/avg): 23100/16855 | 2.14 games/s | ETA: 17s
[gpu0] [ 964/1000] samples:  48200 | chain(game/max/avg): 5/10/5.4 | reward(game/avg): 19320/16857 | 2.14 games/s | ETA: 17s
[gpu0] [ 965/1000] samples:  48250 | chain(game/max/avg): 4/10/5.4 | reward(game/avg): 10440/16851 | 2.15 games/s | ETA: 16s
[gpu0] [ 966/1000] samples:  48300 | chain(game/max/avg): 5/10/5.4 | reward(game/avg): 13360/16847 | 2.15 games/s | ETA: 16s
[gpu0] [ 967/1000] samples:  48350 | chain(game/max/avg): 4/10/5.4 | reward(game/avg): 8780/16839 | 2.15 games/s | ETA: 15s
[gpu0] [ 968/1000] samples:  48400 | chain(game/max/avg): 5/10/5.4 | reward(game/avg): 18120/16840 | 2.15 games/s | ETA: 15s
[gpu0] [ 969/1000] samples:  48450 | chain(game/max/avg): 7/10/5.4 | reward(game/avg): 23040/16846 | 2.15 games/s | ETA: 14s
[gpu0] [ 970/1000] samples:  48500 | chain(game/max/avg): 5/10/5.4 | reward(game/avg): 17460/16847 | 2.16 games/s | ETA: 14s
[gpu0] [ 971/1000] samples:  48550 | chain(game/max/avg): 6/10/5.4 | reward(game/avg): 17180/16847 | 2.16 games/s | ETA: 13s
[gpu0] [ 972/1000] samples:  48600 | chain(game/max/avg): 6/10/5.4 | reward(game/avg): 19120/16850 | 2.16 games/s | ETA: 13s
[gpu0] [ 973/1000] samples:  48650 | chain(game/max/avg): 4/10/5.4 | reward(game/avg): 10510/16843 | 2.16 games/s | ETA: 12s
[gpu0] [ 974/1000] samples:  48700 | chain(game/max/avg): 4/10/5.4 | reward(game/avg): 10550/16837 | 2.17 games/s | ETA: 12s
[gpu0] [ 975/1000] samples:  48750 | chain(game/max/avg): 6/10/5.4 | reward(game/avg): 17740/16838 | 2.17 games/s | ETA: 12s
[gpu0] [ 976/1000] samples:  48800 | chain(game/max/avg): 5/10/5.4 | reward(game/avg): 16580/16837 | 2.17 games/s | ETA: 11s
[gpu0] [ 977/1000] samples:  48850 | chain(game/max/avg): 5/10/5.4 | reward(game/avg): 15910/16836 | 2.17 games/s | ETA: 11s
[gpu0] [ 978/1000] samples:  48900 | chain(game/max/avg): 4/10/5.4 | reward(game/avg): 11130/16831 | 2.17 games/s | ETA: 10s
[gpu0] [ 979/1000] samples:  48950 | chain(game/max/avg): 5/10/5.4 | reward(game/avg): 12620/16826 | 2.18 games/s | ETA: 10s
[gpu0] [ 980/1000] samples:  49000 | chain(game/max/avg): 8/10/5.4 | reward(game/avg): 33620/16843 | 2.18 games/s | ETA: 9s
[gpu0] [ 981/1000] samples:  49050 | chain(game/max/avg): 7/10/5.4 | reward(game/avg): 29740/16857 | 2.18 games/s | ETA: 9s
[gpu0] [ 982/1000] samples:  49100 | chain(game/max/avg): 5/10/5.4 | reward(game/avg): 15800/16855 | 2.18 games/s | ETA: 8s
[gpu0] [ 983/1000] samples:  49150 | chain(game/max/avg): 6/10/5.4 | reward(game/avg): 27490/16866 | 2.18 games/s | ETA: 8s
[gpu0] [ 984/1000] samples:  49200 | chain(game/max/avg): 5/10/5.4 | reward(game/avg): 14500/16864 | 2.19 games/s | ETA: 7s
[gpu0] [ 985/1000] samples:  49250 | chain(game/max/avg): 5/10/5.4 | reward(game/avg): 16820/16864 | 2.19 games/s | ETA: 7s
[gpu0] [ 986/1000] samples:  49300 | chain(game/max/avg): 5/10/5.4 | reward(game/avg): 14520/16861 | 2.19 games/s | ETA: 6s
[gpu0] [ 987/1000] samples:  49350 | chain(game/max/avg): 4/10/5.4 | reward(game/avg): 11860/16856 | 2.19 games/s | ETA: 6s
[gpu0] [ 988/1000] samples:  49400 | chain(game/max/avg): 5/10/5.4 | reward(game/avg): 11880/16851 | 2.20 games/s | ETA: 5s
[gpu0] [ 989/1000] samples:  49450 | chain(game/max/avg): 5/10/5.4 | reward(game/avg): 12910/16847 | 2.20 games/s | ETA: 5s
[gpu0] [ 990/1000] samples:  49500 | chain(game/max/avg): 6/10/5.4 | reward(game/avg): 21420/16852 | 2.20 games/s | ETA: 5s
[gpu0] [ 991/1000] samples:  49550 | chain(game/max/avg): 6/10/5.4 | reward(game/avg): 15560/16851 | 2.20 games/s | ETA: 4s
[gpu0] [ 992/1000] samples:  49600 | chain(game/max/avg): 5/10/5.4 | reward(game/avg): 13110/16847 | 2.20 games/s | ETA: 4s
[gpu0] [ 993/1000] samples:  49650 | chain(game/max/avg): 4/10/5.4 | reward(game/avg): 10660/16841 | 2.21 games/s | ETA: 3s
[gpu0] [ 994/1000] samples:  49700 | chain(game/max/avg): 4/10/5.4 | reward(game/avg): 6890/16831 | 2.21 games/s | ETA: 3s
[gpu0] [ 995/1000] samples:  49750 | chain(game/max/avg): 6/10/5.4 | reward(game/avg): 27060/16841 | 2.21 games/s | ETA: 2s
[gpu0] [ 996/1000] samples:  49800 | chain(game/max/avg): 6/10/5.4 | reward(game/avg): 16680/16841 | 2.21 games/s | ETA: 2s
[gpu0] [ 997/1000] samples:  49850 | chain(game/max/avg): 5/10/5.4 | reward(game/avg): 13240/16837 | 2.21 games/s | ETA: 1s
[gpu0] [ 998/1000] samples:  49900 | chain(game/max/avg): 6/10/5.4 | reward(game/avg): 18920/16839 | 2.22 games/s | ETA: 1s
[gpu0] [ 999/1000] samples:  49950 | chain(game/max/avg): 6/10/5.4 | reward(game/avg): 17320/16840 | 2.22 games/s | ETA: 0s
[gpu0] [1000/1000] samples:  50000 | chain(game/max/avg): 5/10/5.4 | reward(game/avg): 13790/16837 | 2.22 games/s | ETA: 0s
[gpu0] Self-play complete: 1000 games, 50000 samples, max chain: 10
[gpu0] Saved to runs/rtx5090-3/data/alphazero_iter_102_gpu0.bin
[2026-04-06 18:17:41] Removing old data: runs/rtx5090-3/data/alphazero_iter_72_gpu*.bin
[2026-04-06 18:17:43] Train start (AlphaZero mode, replay buffer, global_step=101000)
    Finished `release` profile [optimized] target(s) in 0.31s
     Running `target/release/train --alphazero --data-dir runs/rtx5090-3/data --global-step 101000 --model-path runs/rtx5090-3/artifacts/puyo_model --artifacts-dir runs/rtx5090-3/artifacts --batch-size 2048 --accum-steps 1 --cols 6 --rows 14 --num-colors 4 --residual-channels 128 --num-blocks 6 --policy-conv-channels 2 --value-conv-channels 1 --value-hidden 64 --film-hidden 128 --lr-stages '0:0.2,100000:0.02,300000:0.002,500000:0.0002'`
Backend: CUDA (GPU)
Game config: cols=6, rows=14, num_colors=4
Net config: residual_channels=128, num_blocks=6
Mode: AlphaZero (Policy CE + Value MSE)
Loading AlphaZero datasets from runs/rtx5090-3/data...
Found 30 data files
  Loaded 49976 samples from runs/rtx5090-3/data/alphazero_iter_100_gpu0.bin
  Loaded 50000 samples from runs/rtx5090-3/data/alphazero_iter_101_gpu0.bin
  Loaded 50000 samples from runs/rtx5090-3/data/alphazero_iter_102_gpu0.bin
  Loaded 50000 samples from runs/rtx5090-3/data/alphazero_iter_73_gpu0.bin
  Loaded 50000 samples from runs/rtx5090-3/data/alphazero_iter_74_gpu0.bin
  Loaded 50000 samples from runs/rtx5090-3/data/alphazero_iter_75_gpu0.bin
  Loaded 50000 samples from runs/rtx5090-3/data/alphazero_iter_76_gpu0.bin
  Loaded 50000 samples from runs/rtx5090-3/data/alphazero_iter_77_gpu0.bin
  Loaded 50000 samples from runs/rtx5090-3/data/alphazero_iter_78_gpu0.bin
  Loaded 50000 samples from runs/rtx5090-3/data/alphazero_iter_79_gpu0.bin
  Loaded 50000 samples from runs/rtx5090-3/data/alphazero_iter_80_gpu0.bin
  Loaded 50000 samples from runs/rtx5090-3/data/alphazero_iter_81_gpu0.bin
  Loaded 50000 samples from runs/rtx5090-3/data/alphazero_iter_82_gpu0.bin
  Loaded 50000 samples from runs/rtx5090-3/data/alphazero_iter_83_gpu0.bin
  Loaded 50000 samples from runs/rtx5090-3/data/alphazero_iter_84_gpu0.bin
  Loaded 50000 samples from runs/rtx5090-3/data/alphazero_iter_85_gpu0.bin
  Loaded 50000 samples from runs/rtx5090-3/data/alphazero_iter_86_gpu0.bin
  Loaded 50000 samples from runs/rtx5090-3/data/alphazero_iter_87_gpu0.bin
  Loaded 50000 samples from runs/rtx5090-3/data/alphazero_iter_88_gpu0.bin
  Loaded 50000 samples from runs/rtx5090-3/data/alphazero_iter_89_gpu0.bin
  Loaded 50000 samples from runs/rtx5090-3/data/alphazero_iter_90_gpu0.bin
  Loaded 50000 samples from runs/rtx5090-3/data/alphazero_iter_91_gpu0.bin
  Loaded 50000 samples from runs/rtx5090-3/data/alphazero_iter_92_gpu0.bin
  Loaded 50000 samples from runs/rtx5090-3/data/alphazero_iter_93_gpu0.bin
  Loaded 50000 samples from runs/rtx5090-3/data/alphazero_iter_94_gpu0.bin
  Loaded 50000 samples from runs/rtx5090-3/data/alphazero_iter_95_gpu0.bin
  Loaded 50000 samples from runs/rtx5090-3/data/alphazero_iter_96_gpu0.bin
  Loaded 50000 samples from runs/rtx5090-3/data/alphazero_iter_97_gpu0.bin
  Loaded 50000 samples from runs/rtx5090-3/data/alphazero_iter_98_gpu0.bin
  Loaded 50000 samples from runs/rtx5090-3/data/alphazero_iter_99_gpu0.bin
Loaded 1499976 total samples
Train: 1499976 samples (color augmented on-the-fly, no val split)
Loaded existing model from runs/rtx5090-3/artifacts/puyo_model
AlphaZero training: 1000 steps, global_step=101000, LR 2e-2 (end ~2e-2), batch_size=2048, accum_steps=1, effective_batch=2048
  step 50/1000 p_loss=2.3831 v_loss=2.0206 lr=0.020000  step 100/1000 p_loss=2.3872 v_loss=2.0154 lr=0.020000  step 150/1000 p_loss=2.3871 v_loss=2.0189 lr=0.020000  step 200/1000 p_loss=2.3831 v_loss=2.0170 lr=0.020000  step 250/1000 p_loss=2.3818 v_loss=2.0156 lr=0.020000  step 300/1000 p_loss=2.3803 v_loss=2.0120 lr=0.020000  step 350/1000 p_loss=2.3791 v_loss=2.0101 lr=0.020000  step 400/1000 p_loss=2.3780 v_loss=2.0107 lr=0.020000  step 450/1000 p_loss=2.3759 v_loss=2.0105 lr=0.020000  step 500/1000 p_loss=2.3743 v_loss=2.0109 lr=0.020000  step 550/1000 p_loss=2.3732 v_loss=2.0110 lr=0.020000  step 600/1000 p_loss=2.3721 v_loss=2.0109 lr=0.020000  step 650/1000 p_loss=2.3715 v_loss=2.0098 lr=0.020000  step 700/1000 p_loss=2.3701 v_loss=2.0095 lr=0.020000  step 750/1000 p_loss=2.3688 v_loss=2.0081 lr=0.020000  step 800/1000 p_loss=2.3679 v_loss=2.0078 lr=0.020000  step 850/1000 p_loss=2.3668 v_loss=2.0087 lr=0.020000  step 900/1000 p_loss=2.3655 v_loss=2.0093 lr=0.020000  step 950/1000 p_loss=2.3640 v_loss=2.0110 lr=0.020000  step 1000/1000 p_loss=2.3627 v_loss=2.0112 lr=0.020000
Model metadata saved to runs/rtx5090-3/artifacts/puyo_model.config.json
AlphaZero training complete. final train_loss(p=2.362739, v=2.011241) global_step=102000
