[2026-04-07 14:11:58] Pre-building release binaries...
    Finished `release` profile [optimized] target(s) in 0.31s
[2026-04-07 14:11:59] === AlphaZero Loop Start (branch=rtx5090-4, run_dir=runs/rtx5090-4, iteration=1, games=3000x1gpu, sims=512+0/iter, max=512, min_chain=0, threads=1024) ===
[2026-04-07 14:11:59] --- Iteration 1 (sims=512, global_step=0) ---
[2026-04-07 14:11:59] Self-play start (m=24, c_visit=50.0, num_gpus=1, games_per_gpu=3000, total=3000)
[gpu0]     Finished `release` profile [optimized] target(s) in 0.30s
[gpu0]      Running `target/release/self-play --games 3000 --simulations 512 --c-puct-init 1.5 --c-puct-base 19652.0 --m 24 --c-visit 50.0 --gamma 0.95 --min-chain 0 --threads 1024 --batch-size 4096 --num-leaves 1 --model-path runs/rtx5090-4/artifacts/puyo_model --cols 6 --rows 14 --num-colors 4 --residual-channels 256 --num-blocks 6 --policy-conv-channels 2 --value-conv-channels 1 --value-hidden 256 --film-hidden 256 --output runs/rtx5090-4/data/alphazero_iter_1_gpu0.bin`
[gpu0] games=3000, simulations=512, c_puct_init=1.5, c_puct_base=19652, m=24, c_visit=50, gamma=0.95, num_leaves=1, min_chain=0
[gpu0] Game config: cols=6, rows=14, num_colors=4, residual_channels=256, num_blocks=6, policy_conv_ch=2, value_conv_ch=1, value_hidden=256, film_hidden=256
[gpu0] Backend: Cuda (GPU) — Gumbel MCTS self-play (batched)
[gpu0] Failed to load model from runs/rtx5090-4/artifacts/puyo_model: FileNotFound("No such file or directory (os error 2)"). Initializing random weights
[gpu0] Using 1024 game threads, max_batch_size=4096
[gpu0] [   1/3000] samples:     50 | chain(game/max/avg): 5/5/5.0 | reward(game/avg): 9280/9280 | 0.00 games/s | ETA: 3366660s
[gpu0] [   2/3000] samples:    100 | chain(game/max/avg): 2/5/3.5 | reward(game/avg): 2620/5950 | 0.00 games/s | ETA: 1685116s
[gpu0] [   3/3000] samples:    150 | chain(game/max/avg): 3/5/3.3 | reward(game/avg): 3140/5013 | 0.00 games/s | ETA: 1123250s
[gpu0] [   4/3000] samples:    200 | chain(game/max/avg): 2/5/3.0 | reward(game/avg): 2360/4350 | 0.00 games/s | ETA: 842222s
[gpu0] [   5/3000] samples:    250 | chain(game/max/avg): 2/5/2.8 | reward(game/avg): 2260/3932 | 0.00 games/s | ETA: 673553s
[gpu0] [   6/3000] samples:    300 | chain(game/max/avg): 2/5/2.7 | reward(game/avg): 2370/3672 | 0.01 games/s | ETA: 561107s
[gpu0] [   7/3000] samples:    350 | chain(game/max/avg): 2/5/2.6 | reward(game/avg): 2580/3516 | 0.01 games/s | ETA: 480788s
[gpu0] [   8/3000] samples:    400 | chain(game/max/avg): 2/5/2.5 | reward(game/avg): 4100/3589 | 0.01 games/s | ETA: 420549s
[gpu0] [   9/3000] samples:    450 | chain(game/max/avg): 3/5/2.6 | reward(game/avg): 3960/3630 | 0.01 games/s | ETA: 373711s
[gpu0] [  10/3000] samples:    500 | chain(game/max/avg): 2/5/2.5 | reward(game/avg): 2910/3558 | 0.01 games/s | ETA: 336227s
[gpu0] [  11/3000] samples:    550 | chain(game/max/avg): 3/5/2.5 | reward(game/avg): 4500/3644 | 0.01 games/s | ETA: 305559s
[gpu0] [  12/3000] samples:    600 | chain(game/max/avg): 3/5/2.6 | reward(game/avg): 5050/3761 | 0.01 games/s | ETA: 280013s
[gpu0] [  13/3000] samples:    650 | chain(game/max/avg): 3/5/2.6 | reward(game/avg): 3700/3756 | 0.01 games/s | ETA: 258387s
[gpu0] [  14/3000] samples:    700 | chain(game/max/avg): 3/5/2.6 | reward(game/avg): 4000/3774 | 0.01 games/s | ETA: 239850s
[gpu0] [  15/3000] samples:    750 | chain(game/max/avg): 2/5/2.6 | reward(game/avg): 4520/3823 | 0.01 games/s | ETA: 223785s
[gpu0] [  16/3000] samples:    800 | chain(game/max/avg): 2/5/2.6 | reward(game/avg): 3200/3784 | 0.01 games/s | ETA: 209729s
[gpu0] [  17/3000] samples:    850 | chain(game/max/avg): 2/5/2.5 | reward(game/avg): 2650/3718 | 0.02 games/s | ETA: 197326s
[gpu0] [  18/3000] samples:    900 | chain(game/max/avg): 3/5/2.6 | reward(game/avg): 3760/3720 | 0.02 games/s | ETA: 186301s
[gpu0] [  19/3000] samples:    950 | chain(game/max/avg): 3/5/2.6 | reward(game/avg): 3400/3703 | 0.02 games/s | ETA: 176443s
[gpu0] [  20/3000] samples:   1000 | chain(game/max/avg): 2/5/2.5 | reward(game/avg): 2290/3632 | 0.02 games/s | ETA: 167564s
[gpu0] [  21/3000] samples:   1050 | chain(game/max/avg): 4/5/2.6 | reward(game/avg): 5180/3706 | 0.02 games/s | ETA: 159532s
[gpu0] [  22/3000] samples:   1100 | chain(game/max/avg): 3/5/2.6 | reward(game/avg): 5020/3766 | 0.02 games/s | ETA: 152229s
[gpu0] [  23/3000] samples:   1150 | chain(game/max/avg): 2/5/2.6 | reward(game/avg): 2680/3719 | 0.02 games/s | ETA: 145562s
[gpu0] [  24/3000] samples:   1200 | chain(game/max/avg): 3/5/2.6 | reward(game/avg): 3380/3705 | 0.02 games/s | ETA: 139450s
[gpu0] [  25/3000] samples:   1250 | chain(game/max/avg): 3/5/2.6 | reward(game/avg): 4460/3735 | 0.02 games/s | ETA: 133827s
[gpu0] [  26/3000] samples:   1300 | chain(game/max/avg): 3/5/2.7 | reward(game/avg): 4700/3772 | 0.02 games/s | ETA: 128636s
[gpu0] [  27/3000] samples:   1350 | chain(game/max/avg): 3/5/2.7 | reward(game/avg): 3580/3765 | 0.02 games/s | ETA: 123830s
[gpu0] [  28/3000] samples:   1400 | chain(game/max/avg): 3/5/2.7 | reward(game/avg): 3840/3768 | 0.02 games/s | ETA: 119368s
[gpu0] [  29/3000] samples:   1450 | chain(game/max/avg): 2/5/2.7 | reward(game/avg): 2440/3722 | 0.03 games/s | ETA: 115213s
[gpu0] [  30/3000] samples:   1500 | chain(game/max/avg): 2/5/2.6 | reward(game/avg): 2780/3690 | 0.03 games/s | ETA: 111335s
[gpu0] [  31/3000] samples:   1550 | chain(game/max/avg): 2/5/2.6 | reward(game/avg): 3700/3691 | 0.03 games/s | ETA: 107711s
[gpu0] [  32/3000] samples:   1600 | chain(game/max/avg): 2/5/2.6 | reward(game/avg): 3000/3669 | 0.03 games/s | ETA: 104310s
[gpu0] [  33/3000] samples:   1650 | chain(game/max/avg): 2/5/2.6 | reward(game/avg): 3990/3679 | 0.03 games/s | ETA: 101115s
[gpu0] [  34/3000] samples:   1700 | chain(game/max/avg): 3/5/2.6 | reward(game/avg): 4220/3695 | 0.03 games/s | ETA: 98108s
[gpu0] [  35/3000] samples:   1750 | chain(game/max/avg): 2/5/2.6 | reward(game/avg): 3160/3679 | 0.03 games/s | ETA: 95273s
[gpu0] [  36/3000] samples:   1800 | chain(game/max/avg): 2/5/2.6 | reward(game/avg): 3320/3669 | 0.03 games/s | ETA: 92595s
[gpu0] [  37/3000] samples:   1850 | chain(game/max/avg): 3/5/2.6 | reward(game/avg): 3600/3668 | 0.03 games/s | ETA: 90062s
[gpu0] [  38/3000] samples:   1900 | chain(game/max/avg): 3/5/2.6 | reward(game/avg): 4220/3682 | 0.03 games/s | ETA: 87663s
[gpu0] [  39/3000] samples:   1950 | chain(game/max/avg): 3/5/2.6 | reward(game/avg): 3860/3687 | 0.03 games/s | ETA: 85386s
[gpu0] [  40/3000] samples:   2000 | chain(game/max/avg): 3/5/2.6 | reward(game/avg): 3660/3686 | 0.04 games/s | ETA: 83223s
[gpu0] [  41/3000] samples:   2050 | chain(game/max/avg): 2/5/2.6 | reward(game/avg): 4100/3696 | 0.04 games/s | ETA: 81166s
[gpu0] [  42/3000] samples:   2100 | chain(game/max/avg): 3/5/2.6 | reward(game/avg): 4090/3705 | 0.04 games/s | ETA: 79210s
[gpu0] [  43/3000] samples:   2150 | chain(game/max/avg): 3/5/2.6 | reward(game/avg): 3380/3698 | 0.04 games/s | ETA: 77341s
[gpu0] [  44/3000] samples:   2200 | chain(game/max/avg): 2/5/2.6 | reward(game/avg): 3830/3701 | 0.04 games/s | ETA: 75558s
[gpu0] [  45/3000] samples:   2250 | chain(game/max/avg): 2/5/2.6 | reward(game/avg): 3440/3695 | 0.04 games/s | ETA: 73854s
[gpu0] [  46/3000] samples:   2300 | chain(game/max/avg): 3/5/2.6 | reward(game/avg): 3380/3688 | 0.04 games/s | ETA: 72224s
[gpu0] [  47/3000] samples:   2350 | chain(game/max/avg): 2/5/2.6 | reward(game/avg): 3100/3676 | 0.04 games/s | ETA: 70664s
[gpu0] [  48/3000] samples:   2400 | chain(game/max/avg): 2/5/2.6 | reward(game/avg): 3560/3673 | 0.04 games/s | ETA: 69168s
[gpu0] [  49/3000] samples:   2450 | chain(game/max/avg): 3/5/2.6 | reward(game/avg): 3630/3672 | 0.04 games/s | ETA: 67733s
[gpu0] [  50/3000] samples:   2500 | chain(game/max/avg): 2/5/2.6 | reward(game/avg): 2900/3657 | 0.04 games/s | ETA: 66356s
[gpu0] [  51/3000] samples:   2550 | chain(game/max/avg): 2/5/2.5 | reward(game/avg): 3650/3657 | 0.05 games/s | ETA: 65033s
[gpu0] [  52/3000] samples:   2600 | chain(game/max/avg): 3/5/2.6 | reward(game/avg): 4140/3666 | 0.05 games/s | ETA: 63763s
[gpu0] [  53/3000] samples:   2650 | chain(game/max/avg): 2/5/2.5 | reward(game/avg): 2540/3645 | 0.05 games/s | ETA: 62539s
[gpu0] [  54/3000] samples:   2700 | chain(game/max/avg): 2/5/2.5 | reward(game/avg): 3200/3637 | 0.05 games/s | ETA: 61360s
[gpu0] [  55/3000] samples:   2750 | chain(game/max/avg): 2/5/2.5 | reward(game/avg): 2560/3617 | 0.05 games/s | ETA: 60224s
[gpu0] [  56/3000] samples:   2800 | chain(game/max/avg): 2/5/2.5 | reward(game/avg): 3430/3614 | 0.05 games/s | ETA: 59128s
[gpu0] [  57/3000] samples:   2850 | chain(game/max/avg): 2/5/2.5 | reward(game/avg): 3430/3611 | 0.05 games/s | ETA: 58071s
[gpu0] [  58/3000] samples:   2900 | chain(game/max/avg): 2/5/2.5 | reward(game/avg): 2300/3588 | 0.05 games/s | ETA: 57051s
[gpu0] [  59/3000] samples:   2950 | chain(game/max/avg): 3/5/2.5 | reward(game/avg): 3820/3592 | 0.05 games/s | ETA: 56065s
[gpu0] [  60/3000] samples:   3000 | chain(game/max/avg): 2/5/2.5 | reward(game/avg): 3280/3587 | 0.05 games/s | ETA: 55112s
[gpu0] [  61/3000] samples:   3050 | chain(game/max/avg): 2/5/2.5 | reward(game/avg): 3760/3590 | 0.05 games/s | ETA: 54190s
[gpu0] [  62/3000] samples:   3100 | chain(game/max/avg): 3/5/2.5 | reward(game/avg): 4460/3604 | 0.06 games/s | ETA: 53298s
[gpu0] [  64/3000] samples:   3200 | chain(game/max/avg): 2/5/2.5 | reward(game/avg): 2760/3571 | 0.06 games/s | ETA: 51597s
[gpu0] [  63/3000] samples:   3150 | chain(game/max/avg): 2/5/2.5 | reward(game/avg): 2360/3584 | 0.06 games/s | ETA: 52434s
[gpu0] [  65/3000] samples:   3250 | chain(game/max/avg): 2/5/2.5 | reward(game/avg): 3820/3575 | 0.06 games/s | ETA: 50786s
[gpu0] [  66/3000] samples:   3300 | chain(game/max/avg): 3/5/2.5 | reward(game/avg): 3970/3581 | 0.06 games/s | ETA: 49999s
[gpu0] [  67/3000] samples:   3350 | chain(game/max/avg): 2/5/2.5 | reward(game/avg): 2060/3558 | 0.06 games/s | ETA: 49238s
[gpu0] [  68/3000] samples:   3400 | chain(game/max/avg): 3/5/2.5 | reward(game/avg): 4620/3574 | 0.06 games/s | ETA: 48497s
[gpu0] [  69/3000] samples:   3450 | chain(game/max/avg): 2/5/2.5 | reward(game/avg): 2920/3564 | 0.06 games/s | ETA: 47778s
[gpu0] [  70/3000] samples:   3500 | chain(game/max/avg): 2/5/2.5 | reward(game/avg): 2360/3547 | 0.06 games/s | ETA: 47080s
[gpu0] [  71/3000] samples:   3550 | chain(game/max/avg): 2/5/2.5 | reward(game/avg): 2520/3533 | 0.06 games/s | ETA: 46401s
[gpu0] [  72/3000] samples:   3600 | chain(game/max/avg): 2/5/2.5 | reward(game/avg): 3160/3527 | 0.06 games/s | ETA: 45741s
[gpu0] [  73/3000] samples:   3650 | chain(game/max/avg): 3/5/2.5 | reward(game/avg): 4440/3540 | 0.06 games/s | ETA: 45099s
[gpu0] [  74/3000] samples:   3700 | chain(game/max/avg): 3/5/2.5 | reward(game/avg): 3920/3545 | 0.07 games/s | ETA: 44474s
[gpu0] [  75/3000] samples:   3750 | chain(game/max/avg): 3/5/2.5 | reward(game/avg): 3280/3541 | 0.07 games/s | ETA: 43866s
[gpu0] [  76/3000] samples:   3800 | chain(game/max/avg): 2/5/2.5 | reward(game/avg): 2840/3532 | 0.07 games/s | ETA: 43274s
[gpu0] [  77/3000] samples:   3850 | chain(game/max/avg): 3/5/2.5 | reward(game/avg): 3940/3538 | 0.07 games/s | ETA: 42697s
[gpu0] [  78/3000] samples:   3900 | chain(game/max/avg): 2/5/2.5 | reward(game/avg): 2680/3527 | 0.07 games/s | ETA: 42136s
[gpu0] [  79/3000] samples:   3950 | chain(game/max/avg): 2/5/2.5 | reward(game/avg): 2860/3518 | 0.07 games/s | ETA: 41588s
[gpu0] [  80/3000] samples:   4000 | chain(game/max/avg): 2/5/2.5 | reward(game/avg): 2580/3506 | 0.07 games/s | ETA: 41054s
[gpu0] [  81/3000] samples:   4050 | chain(game/max/avg): 4/5/2.5 | reward(game/avg): 6380/3542 | 0.07 games/s | ETA: 40533s
[gpu0] [  82/3000] samples:   4100 | chain(game/max/avg): 2/5/2.5 | reward(game/avg): 3730/3544 | 0.07 games/s | ETA: 40025s
[gpu0] [  83/3000] samples:   4150 | chain(game/max/avg): 2/5/2.5 | reward(game/avg): 2860/3536 | 0.07 games/s | ETA: 39530s
[gpu0] [  84/3000] samples:   4200 | chain(game/max/avg): 2/5/2.5 | reward(game/avg): 3520/3536 | 0.07 games/s | ETA: 39046s
[gpu0] [  85/3000] samples:   4250 | chain(game/max/avg): 2/5/2.5 | reward(game/avg): 2890/3528 | 0.08 games/s | ETA: 38573s
[gpu0] [  86/3000] samples:   4300 | chain(game/max/avg): 2/5/2.5 | reward(game/avg): 4600/3541 | 0.08 games/s | ETA: 38111s
[gpu0] [  87/3000] samples:   4350 | chain(game/max/avg): 3/5/2.5 | reward(game/avg): 3580/3541 | 0.08 games/s | ETA: 37660s
[gpu0] [  88/3000] samples:   4400 | chain(game/max/avg): 3/5/2.5 | reward(game/avg): 4540/3552 | 0.08 games/s | ETA: 37220s
[gpu0] [  89/3000] samples:   4450 | chain(game/max/avg): 2/5/2.5 | reward(game/avg): 3700/3554 | 0.08 games/s | ETA: 36789s
[gpu0] [  90/3000] samples:   4500 | chain(game/max/avg): 3/5/2.5 | reward(game/avg): 3340/3552 | 0.08 games/s | ETA: 36368s
[gpu0] [  91/3000] samples:   4550 | chain(game/max/avg): 3/5/2.5 | reward(game/avg): 3930/3556 | 0.08 games/s | ETA: 35957s
[gpu0] [  92/3000] samples:   4600 | chain(game/max/avg): 2/5/2.5 | reward(game/avg): 3380/3554 | 0.08 games/s | ETA: 35554s
[gpu0] [  93/3000] samples:   4650 | chain(game/max/avg): 2/5/2.5 | reward(game/avg): 3220/3550 | 0.08 games/s | ETA: 35159s
[gpu0] [  94/3000] samples:   4700 | chain(game/max/avg): 3/5/2.5 | reward(game/avg): 4620/3562 | 0.08 games/s | ETA: 34773s
[gpu0] [  95/3000] samples:   4750 | chain(game/max/avg): 2/5/2.5 | reward(game/avg): 3640/3563 | 0.08 games/s | ETA: 34396s
[gpu0] [  96/3000] samples:   4800 | chain(game/max/avg): 2/5/2.5 | reward(game/avg): 3120/3558 | 0.09 games/s | ETA: 34026s
[gpu0] [  97/3000] samples:   4850 | chain(game/max/avg): 2/5/2.5 | reward(game/avg): 3400/3556 | 0.09 games/s | ETA: 33663s
[gpu0] [  98/3000] samples:   4900 | chain(game/max/avg): 3/5/2.5 | reward(game/avg): 3940/3560 | 0.09 games/s | ETA: 33308s
[gpu0] [  99/3000] samples:   4950 | chain(game/max/avg): 2/5/2.5 | reward(game/avg): 2500/3549 | 0.09 games/s | ETA: 32960s
[gpu0] [ 100/3000] samples:   5000 | chain(game/max/avg): 2/5/2.5 | reward(game/avg): 2280/3537 | 0.09 games/s | ETA: 32620s
[gpu0] [ 101/3000] samples:   5050 | chain(game/max/avg): 3/5/2.5 | reward(game/avg): 4320/3545 | 0.09 games/s | ETA: 32285s
[gpu0] [ 102/3000] samples:   5100 | chain(game/max/avg): 2/5/2.5 | reward(game/avg): 2700/3536 | 0.09 games/s | ETA: 31958s
[gpu0] [ 103/3000] samples:   5150 | chain(game/max/avg): 2/5/2.4 | reward(game/avg): 3440/3535 | 0.09 games/s | ETA: 31637s
[gpu0] [ 104/3000] samples:   5200 | chain(game/max/avg): 2/5/2.4 | reward(game/avg): 3400/3534 | 0.09 games/s | ETA: 31322s
[gpu0] [ 105/3000] samples:   5250 | chain(game/max/avg): 3/5/2.4 | reward(game/avg): 5560/3553 | 0.09 games/s | ETA: 31013s
[gpu0] [ 106/3000] samples:   5300 | chain(game/max/avg): 2/5/2.4 | reward(game/avg): 3690/3555 | 0.09 games/s | ETA: 30710s
[gpu0] [ 107/3000] samples:   5350 | chain(game/max/avg): 3/5/2.4 | reward(game/avg): 3680/3556 | 0.10 games/s | ETA: 30412s
[gpu0] [ 108/3000] samples:   5400 | chain(game/max/avg): 2/5/2.4 | reward(game/avg): 3340/3554 | 0.10 games/s | ETA: 30120s
[gpu0] [ 109/3000] samples:   5450 | chain(game/max/avg): 3/5/2.4 | reward(game/avg): 4180/3560 | 0.10 games/s | ETA: 29833s
[gpu0] [ 110/3000] samples:   5500 | chain(game/max/avg): 3/5/2.5 | reward(game/avg): 3600/3560 | 0.10 games/s | ETA: 29552s
[gpu0] [ 111/3000] samples:   5550 | chain(game/max/avg): 3/5/2.5 | reward(game/avg): 2530/3551 | 0.10 games/s | ETA: 29276s
[gpu0] [ 112/3000] samples:   5600 | chain(game/max/avg): 2/5/2.5 | reward(game/avg): 3700/3552 | 0.10 games/s | ETA: 29005s
[gpu0] [ 113/3000] samples:   5650 | chain(game/max/avg): 2/5/2.5 | reward(game/avg): 3080/3548 | 0.10 games/s | ETA: 28739s
[gpu0] [ 114/3000] samples:   5700 | chain(game/max/avg): 3/5/2.5 | reward(game/avg): 4560/3557 | 0.10 games/s | ETA: 28477s
[gpu0] [ 115/3000] samples:   5750 | chain(game/max/avg): 2/5/2.5 | reward(game/avg): 2320/3546 | 0.10 games/s | ETA: 28219s
[gpu0] [ 116/3000] samples:   5800 | chain(game/max/avg): 3/5/2.5 | reward(game/avg): 4240/3552 | 0.10 games/s | ETA: 27966s
[gpu0] [ 117/3000] samples:   5850 | chain(game/max/avg): 2/5/2.5 | reward(game/avg): 3360/3550 | 0.10 games/s | ETA: 27718s
[gpu0] [ 118/3000] samples:   5900 | chain(game/max/avg): 3/5/2.5 | reward(game/avg): 4040/3554 | 0.10 games/s | ETA: 27473s
[gpu0] [ 119/3000] samples:   5950 | chain(game/max/avg): 3/5/2.5 | reward(game/avg): 3600/3555 | 0.11 games/s | ETA: 27233s
[gpu0] [ 120/3000] samples:   6000 | chain(game/max/avg): 2/5/2.5 | reward(game/avg): 3020/3550 | 0.11 games/s | ETA: 26997s
[gpu0] [ 121/3000] samples:   6050 | chain(game/max/avg): 2/5/2.5 | reward(game/avg): 2560/3542 | 0.11 games/s | ETA: 26764s
[gpu0] [ 122/3000] samples:   6100 | chain(game/max/avg): 2/5/2.5 | reward(game/avg): 2360/3532 | 0.11 games/s | ETA: 26536s
[gpu0] [ 123/3000] samples:   6150 | chain(game/max/avg): 3/5/2.5 | reward(game/avg): 3400/3531 | 0.11 games/s | ETA: 26311s
[gpu0] [ 124/3000] samples:   6200 | chain(game/max/avg): 4/5/2.5 | reward(game/avg): 4340/3538 | 0.11 games/s | ETA: 26089s
[gpu0] [ 125/3000] samples:   6250 | chain(game/max/avg): 5/5/2.5 | reward(game/avg): 7580/3570 | 0.11 games/s | ETA: 25872s
[gpu0] [ 126/3000] samples:   6300 | chain(game/max/avg): 2/5/2.5 | reward(game/avg): 2420/3561 | 0.11 games/s | ETA: 25657s
[gpu0] [ 127/3000] samples:   6350 | chain(game/max/avg): 2/5/2.5 | reward(game/avg): 4500/3569 | 0.11 games/s | ETA: 25447s
[gpu0] [ 128/3000] samples:   6400 | chain(game/max/avg): 3/5/2.5 | reward(game/avg): 4340/3575 | 0.11 games/s | ETA: 25239s
[gpu0] [ 129/3000] samples:   6450 | chain(game/max/avg): 2/5/2.5 | reward(game/avg): 2500/3566 | 0.11 games/s | ETA: 25035s
[gpu0] [ 130/3000] samples:   6500 | chain(game/max/avg): 3/5/2.5 | reward(game/avg): 3480/3566 | 0.12 games/s | ETA: 24833s
[gpu0] [ 131/3000] samples:   6550 | chain(game/max/avg): 3/5/2.5 | reward(game/avg): 5020/3577 | 0.12 games/s | ETA: 24635s
[gpu0] [ 132/3000] samples:   6600 | chain(game/max/avg): 3/5/2.5 | reward(game/avg): 3980/3580 | 0.12 games/s | ETA: 24440s
[gpu0] [ 133/3000] samples:   6650 | chain(game/max/avg): 3/5/2.5 | reward(game/avg): 4420/3586 | 0.12 games/s | ETA: 24248s
[gpu0] [ 134/3000] samples:   6700 | chain(game/max/avg): 3/5/2.5 | reward(game/avg): 4760/3595 | 0.12 games/s | ETA: 24059s
[gpu0] [ 135/3000] samples:   6750 | chain(game/max/avg): 2/5/2.5 | reward(game/avg): 2680/3588 | 0.12 games/s | ETA: 23872s
[gpu0] [ 136/3000] samples:   6800 | chain(game/max/avg): 3/5/2.5 | reward(game/avg): 3770/3589 | 0.12 games/s | ETA: 23688s
[gpu0] [ 137/3000] samples:   6850 | chain(game/max/avg): 3/5/2.5 | reward(game/avg): 3860/3591 | 0.12 games/s | ETA: 23507s
[gpu0] [ 138/3000] samples:   6900 | chain(game/max/avg): 2/5/2.5 | reward(game/avg): 2580/3584 | 0.12 games/s | ETA: 23329s
[gpu0] [ 139/3000] samples:   6950 | chain(game/max/avg): 2/5/2.5 | reward(game/avg): 3160/3581 | 0.12 games/s | ETA: 23153s
[gpu0] [ 140/3000] samples:   7000 | chain(game/max/avg): 2/5/2.5 | reward(game/avg): 3240/3578 | 0.12 games/s | ETA: 22979s
[gpu0] [ 141/3000] samples:   7050 | chain(game/max/avg): 2/5/2.5 | reward(game/avg): 2900/3574 | 0.13 games/s | ETA: 22808s
[gpu0] [ 142/3000] samples:   7100 | chain(game/max/avg): 2/5/2.5 | reward(game/avg): 2580/3567 | 0.13 games/s | ETA: 22640s
[gpu0] [ 143/3000] samples:   7150 | chain(game/max/avg): 2/5/2.5 | reward(game/avg): 3340/3565 | 0.13 games/s | ETA: 22474s
[gpu0] [ 144/3000] samples:   7200 | chain(game/max/avg): 3/5/2.5 | reward(game/avg): 2680/3559 | 0.13 games/s | ETA: 22310s
[gpu0] [ 145/3000] samples:   7250 | chain(game/max/avg): 2/5/2.5 | reward(game/avg): 3940/3562 | 0.13 games/s | ETA: 22148s
[gpu0] [ 146/3000] samples:   7300 | chain(game/max/avg): 2/5/2.5 | reward(game/avg): 3680/3562 | 0.13 games/s | ETA: 21989s
[gpu0] [ 147/3000] samples:   7350 | chain(game/max/avg): 3/5/2.5 | reward(game/avg): 3900/3565 | 0.13 games/s | ETA: 21831s
[gpu0] [ 148/3000] samples:   7400 | chain(game/max/avg): 3/5/2.5 | reward(game/avg): 4260/3569 | 0.13 games/s | ETA: 21676s
[gpu0] [ 149/3000] samples:   7450 | chain(game/max/avg): 4/5/2.5 | reward(game/avg): 5600/3583 | 0.13 games/s | ETA: 21523s
[gpu0] [ 150/3000] samples:   7500 | chain(game/max/avg): 2/5/2.5 | reward(game/avg): 2460/3576 | 0.13 games/s | ETA: 21372s
[gpu0] [ 151/3000] samples:   7550 | chain(game/max/avg): 3/5/2.5 | reward(game/avg): 3860/3577 | 0.13 games/s | ETA: 21223s
[gpu0] [ 152/3000] samples:   7600 | chain(game/max/avg): 3/5/2.5 | reward(game/avg): 3560/3577 | 0.14 games/s | ETA: 21076s
[gpu0] [ 153/3000] samples:   7650 | chain(game/max/avg): 2/5/2.5 | reward(game/avg): 3060/3574 | 0.14 games/s | ETA: 20931s
[gpu0] [ 154/3000] samples:   7700 | chain(game/max/avg): 2/5/2.5 | reward(game/avg): 3050/3571 | 0.14 games/s | ETA: 20789s
[gpu0] [ 159/3000] samples:   7950 | chain(game/max/avg): 3/5/2.5 | reward(game/avg): 3840/3574 | 0.14 games/s | ETA: 20100s
[gpu0] [ 155/3000] samples:   7750 | chain(game/max/avg): 2/5/2.5 | reward(game/avg): 2880/3566 | 0.14 games/s | ETA: 20647s
[gpu0] [ 157/3000] samples:   7850 | chain(game/max/avg): 3/5/2.5 | reward(game/avg): 3700/3575 | 0.14 games/s | ETA: 20370s
[gpu0] [ 158/3000] samples:   7900 | chain(game/max/avg): 3/5/2.5 | reward(game/avg): 3140/3573 | 0.14 games/s | ETA: 20234s
[gpu0] [ 156/3000] samples:   7800 | chain(game/max/avg): 4/5/2.5 | reward(game/avg): 4880/3574 | 0.14 games/s | ETA: 20508s
[gpu0] [ 160/3000] samples:   8000 | chain(game/max/avg): 2/5/2.5 | reward(game/avg): 3300/3572 | 0.14 games/s | ETA: 19967s
[gpu0] [ 161/3000] samples:   8050 | chain(game/max/avg): 4/5/2.5 | reward(game/avg): 5680/3586 | 0.14 games/s | ETA: 19836s
[gpu0] [ 162/3000] samples:   8100 | chain(game/max/avg): 2/5/2.5 | reward(game/avg): 3000/3582 | 0.14 games/s | ETA: 19707s
[gpu0] [ 163/3000] samples:   8150 | chain(game/max/avg): 3/5/2.5 | reward(game/avg): 2980/3578 | 0.14 games/s | ETA: 19579s
[gpu0] [ 164/3000] samples:   8200 | chain(game/max/avg): 3/5/2.5 | reward(game/avg): 4080/3581 | 0.15 games/s | ETA: 19453s
[gpu0] [ 165/3000] samples:   8250 | chain(game/max/avg): 2/5/2.5 | reward(game/avg): 3580/3581 | 0.15 games/s | ETA: 19328s
[gpu0] [ 166/3000] samples:   8300 | chain(game/max/avg): 2/5/2.5 | reward(game/avg): 3680/3582 | 0.15 games/s | ETA: 19205s
[gpu0] [ 167/3000] samples:   8350 | chain(game/max/avg): 3/5/2.5 | reward(game/avg): 3900/3584 | 0.15 games/s | ETA: 19083s
[gpu0] [ 168/3000] samples:   8400 | chain(game/max/avg): 2/5/2.5 | reward(game/avg): 3320/3582 | 0.15 games/s | ETA: 18963s
[gpu0] [ 169/3000] samples:   8450 | chain(game/max/avg): 2/5/2.5 | reward(game/avg): 3170/3580 | 0.15 games/s | ETA: 18844s
[gpu0] [ 170/3000] samples:   8500 | chain(game/max/avg): 3/5/2.5 | reward(game/avg): 3860/3581 | 0.15 games/s | ETA: 18726s
[gpu0] [ 171/3000] samples:   8550 | chain(game/max/avg): 3/5/2.5 | reward(game/avg): 2860/3577 | 0.15 games/s | ETA: 18610s
[gpu0] [ 172/3000] samples:   8600 | chain(game/max/avg): 2/5/2.5 | reward(game/avg): 3710/3578 | 0.15 games/s | ETA: 18495s
[gpu0] [ 173/3000] samples:   8650 | chain(game/max/avg): 2/5/2.5 | reward(game/avg): 2560/3572 | 0.15 games/s | ETA: 18382s
[gpu0] [ 174/3000] samples:   8700 | chain(game/max/avg): 2/5/2.5 | reward(game/avg): 3040/3569 | 0.15 games/s | ETA: 18270s
[gpu0] [ 175/3000] samples:   8750 | chain(game/max/avg): 4/5/2.5 | reward(game/avg): 4600/3575 | 0.16 games/s | ETA: 18159s
[gpu0] [ 176/3000] samples:   8800 | chain(game/max/avg): 2/5/2.5 | reward(game/avg): 3670/3576 | 0.16 games/s | ETA: 18050s
[gpu0] [ 177/3000] samples:   8850 | chain(game/max/avg): 3/5/2.5 | reward(game/avg): 3840/3577 | 0.16 games/s | ETA: 17941s
[gpu0] [ 178/3000] samples:   8900 | chain(game/max/avg): 2/5/2.5 | reward(game/avg): 4000/3579 | 0.16 games/s | ETA: 17834s
[gpu0] [ 179/3000] samples:   8950 | chain(game/max/avg): 2/5/2.5 | reward(game/avg): 2940/3576 | 0.16 games/s | ETA: 17728s
[gpu0] [ 180/3000] samples:   9000 | chain(game/max/avg): 3/5/2.5 | reward(game/avg): 2480/3570 | 0.16 games/s | ETA: 17623s
[gpu0] [ 181/3000] samples:   9050 | chain(game/max/avg): 3/5/2.5 | reward(game/avg): 3580/3570 | 0.16 games/s | ETA: 17520s
[gpu0] [ 182/3000] samples:   9100 | chain(game/max/avg): 2/5/2.5 | reward(game/avg): 3940/3572 | 0.16 games/s | ETA: 17417s
[gpu0] [ 183/3000] samples:   9150 | chain(game/max/avg): 3/5/2.5 | reward(game/avg): 3320/3570 | 0.16 games/s | ETA: 17316s
[gpu0] [ 184/3000] samples:   9200 | chain(game/max/avg): 2/5/2.5 | reward(game/avg): 2560/3565 | 0.16 games/s | ETA: 17216s
[gpu0] [ 185/3000] samples:   9250 | chain(game/max/avg): 3/5/2.5 | reward(game/avg): 5400/3575 | 0.16 games/s | ETA: 17117s
[gpu0] [ 186/3000] samples:   9300 | chain(game/max/avg): 3/5/2.5 | reward(game/avg): 5200/3584 | 0.17 games/s | ETA: 17019s
[gpu0] [ 187/3000] samples:   9350 | chain(game/max/avg): 2/5/2.5 | reward(game/avg): 2280/3577 | 0.17 games/s | ETA: 16922s
[gpu0] [ 188/3000] samples:   9400 | chain(game/max/avg): 2/5/2.5 | reward(game/avg): 3040/3574 | 0.17 games/s | ETA: 16826s
[gpu0] [ 189/3000] samples:   9450 | chain(game/max/avg): 3/5/2.5 | reward(game/avg): 4300/3578 | 0.17 games/s | ETA: 16731s
[gpu0] [ 190/3000] samples:   9500 | chain(game/max/avg): 2/5/2.5 | reward(game/avg): 3160/3575 | 0.17 games/s | ETA: 16637s
[gpu0] [ 191/3000] samples:   9550 | chain(game/max/avg): 3/5/2.5 | reward(game/avg): 3320/3574 | 0.17 games/s | ETA: 16544s
[gpu0] [ 192/3000] samples:   9600 | chain(game/max/avg): 2/5/2.5 | reward(game/avg): 2800/3570 | 0.17 games/s | ETA: 16452s
[gpu0] [ 193/3000] samples:   9650 | chain(game/max/avg): 3/5/2.5 | reward(game/avg): 3560/3570 | 0.17 games/s | ETA: 16361s
[gpu0] [ 194/3000] samples:   9700 | chain(game/max/avg): 3/5/2.5 | reward(game/avg): 4080/3573 | 0.17 games/s | ETA: 16271s
[gpu0] [ 195/3000] samples:   9750 | chain(game/max/avg): 3/5/2.5 | reward(game/avg): 3180/3571 | 0.17 games/s | ETA: 16182s
[gpu0] [ 196/3000] samples:   9800 | chain(game/max/avg): 2/5/2.5 | reward(game/avg): 3540/3570 | 0.17 games/s | ETA: 16094s
[gpu0] [ 197/3000] samples:   9850 | chain(game/max/avg): 2/5/2.5 | reward(game/avg): 2160/3563 | 0.18 games/s | ETA: 16006s
[gpu0] [ 198/3000] samples:   9900 | chain(game/max/avg): 3/5/2.5 | reward(game/avg): 4100/3566 | 0.18 games/s | ETA: 15920s
[gpu0] [ 200/3000] samples:  10000 | chain(game/max/avg): 2/5/2.5 | reward(game/avg): 2800/3556 | 0.18 games/s | ETA: 15749s
[gpu0] [ 199/3000] samples:   9950 | chain(game/max/avg): 2/5/2.5 | reward(game/avg): 2340/3560 | 0.18 games/s | ETA: 15834s
[gpu0] [ 201/3000] samples:  10050 | chain(game/max/avg): 2/5/2.5 | reward(game/avg): 3060/3554 | 0.18 games/s | ETA: 15665s
[gpu0] [ 202/3000] samples:  10100 | chain(game/max/avg): 3/5/2.5 | reward(game/avg): 4560/3559 | 0.18 games/s | ETA: 15582s
[gpu0] [ 203/3000] samples:  10150 | chain(game/max/avg): 3/5/2.5 | reward(game/avg): 3840/3560 | 0.18 games/s | ETA: 15500s
[gpu0] [ 204/3000] samples:  10200 | chain(game/max/avg): 2/5/2.5 | reward(game/avg): 2910/3557 | 0.18 games/s | ETA: 15418s
[gpu0] [ 205/3000] samples:  10250 | chain(game/max/avg): 2/5/2.5 | reward(game/avg): 3380/3556 | 0.18 games/s | ETA: 15338s
[gpu0] [ 206/3000] samples:  10300 | chain(game/max/avg): 2/5/2.5 | reward(game/avg): 2760/3552 | 0.18 games/s | ETA: 15258s
[gpu0] [ 207/3000] samples:  10350 | chain(game/max/avg): 2/5/2.5 | reward(game/avg): 3380/3551 | 0.18 games/s | ETA: 15179s
[gpu0] [ 208/3000] samples:  10400 | chain(game/max/avg): 2/5/2.5 | reward(game/avg): 3760/3552 | 0.18 games/s | ETA: 15100s
[gpu0] [ 209/3000] samples:  10450 | chain(game/max/avg): 2/5/2.5 | reward(game/avg): 2700/3548 | 0.19 games/s | ETA: 15023s
[gpu0] [ 210/3000] samples:  10500 | chain(game/max/avg): 2/5/2.5 | reward(game/avg): 3590/3548 | 0.19 games/s | ETA: 14946s
[gpu0] [ 211/3000] samples:  10550 | chain(game/max/avg): 2/5/2.5 | reward(game/avg): 3270/3547 | 0.19 games/s | ETA: 14870s
[gpu0] [ 212/3000] samples:  10600 | chain(game/max/avg): 3/5/2.5 | reward(game/avg): 4820/3553 | 0.19 games/s | ETA: 14794s
[gpu0] [ 213/3000] samples:  10650 | chain(game/max/avg): 3/5/2.5 | reward(game/avg): 3340/3552 | 0.19 games/s | ETA: 14719s
[gpu0] [ 214/3000] samples:  10700 | chain(game/max/avg): 2/5/2.5 | reward(game/avg): 2190/3546 | 0.19 games/s | ETA: 14645s
[gpu0] [ 215/3000] samples:  10750 | chain(game/max/avg): 4/5/2.5 | reward(game/avg): 4060/3548 | 0.19 games/s | ETA: 14572s
[gpu0] [ 216/3000] samples:  10800 | chain(game/max/avg): 2/5/2.5 | reward(game/avg): 3300/3547 | 0.19 games/s | ETA: 14499s
[gpu0] [ 217/3000] samples:  10850 | chain(game/max/avg): 3/5/2.5 | reward(game/avg): 3500/3547 | 0.19 games/s | ETA: 14427s
[gpu0] [ 218/3000] samples:  10900 | chain(game/max/avg): 2/5/2.5 | reward(game/avg): 3160/3545 | 0.19 games/s | ETA: 14356s
[gpu0] [ 219/3000] samples:  10950 | chain(game/max/avg): 2/5/2.5 | reward(game/avg): 2900/3542 | 0.19 games/s | ETA: 14285s
[gpu0] [ 220/3000] samples:  11000 | chain(game/max/avg): 2/5/2.5 | reward(game/avg): 3540/3542 | 0.20 games/s | ETA: 14215s
[gpu0] [ 221/3000] samples:  11050 | chain(game/max/avg): 2/5/2.5 | reward(game/avg): 1700/3534 | 0.20 games/s | ETA: 14146s
[gpu0] [ 222/3000] samples:  11100 | chain(game/max/avg): 2/5/2.5 | reward(game/avg): 2400/3529 | 0.20 games/s | ETA: 14077s
[gpu0] [ 223/3000] samples:  11150 | chain(game/max/avg): 3/5/2.5 | reward(game/avg): 2580/3524 | 0.20 games/s | ETA: 14009s
[gpu0] [ 224/3000] samples:  11200 | chain(game/max/avg): 2/5/2.5 | reward(game/avg): 3720/3525 | 0.20 games/s | ETA: 13941s
[gpu0] [ 225/3000] samples:  11250 | chain(game/max/avg): 2/5/2.5 | reward(game/avg): 3480/3525 | 0.20 games/s | ETA: 13874s
[gpu0] [ 226/3000] samples:  11300 | chain(game/max/avg): 2/5/2.5 | reward(game/avg): 2300/3520 | 0.20 games/s | ETA: 13808s
[gpu0] [ 227/3000] samples:  11350 | chain(game/max/avg): 2/5/2.5 | reward(game/avg): 2440/3515 | 0.20 games/s | ETA: 13743s
[gpu0] [ 228/3000] samples:  11400 | chain(game/max/avg): 3/5/2.5 | reward(game/avg): 4450/3519 | 0.20 games/s | ETA: 13677s
[gpu0] [ 229/3000] samples:  11450 | chain(game/max/avg): 2/5/2.5 | reward(game/avg): 3000/3517 | 0.20 games/s | ETA: 13613s
[gpu0] [ 230/3000] samples:  11500 | chain(game/max/avg): 3/5/2.5 | reward(game/avg): 3480/3516 | 0.20 games/s | ETA: 13549s
[gpu0] [ 231/3000] samples:  11550 | chain(game/max/avg): 2/5/2.5 | reward(game/avg): 2600/3512 | 0.21 games/s | ETA: 13485s
[gpu0] [ 232/3000] samples:  11600 | chain(game/max/avg): 2/5/2.5 | reward(game/avg): 2580/3508 | 0.21 games/s | ETA: 13422s
[gpu0] [ 233/3000] samples:  11650 | chain(game/max/avg): 3/5/2.5 | reward(game/avg): 3920/3510 | 0.21 games/s | ETA: 13360s
[gpu0] [ 234/3000] samples:  11700 | chain(game/max/avg): 3/5/2.5 | reward(game/avg): 3980/3512 | 0.21 games/s | ETA: 13298s
[gpu0] [ 235/3000] samples:  11750 | chain(game/max/avg): 2/5/2.5 | reward(game/avg): 2750/3509 | 0.21 games/s | ETA: 13237s
[gpu0] [ 236/3000] samples:  11800 | chain(game/max/avg): 2/5/2.5 | reward(game/avg): 2660/3505 | 0.21 games/s | ETA: 13176s
[gpu0] [ 237/3000] samples:  11850 | chain(game/max/avg): 2/5/2.5 | reward(game/avg): 2920/3503 | 0.21 games/s | ETA: 13115s
[gpu0] [ 238/3000] samples:  11900 | chain(game/max/avg): 2/5/2.5 | reward(game/avg): 2630/3499 | 0.21 games/s | ETA: 13056s
[gpu0] [ 239/3000] samples:  11950 | chain(game/max/avg): 2/5/2.5 | reward(game/avg): 2080/3493 | 0.21 games/s | ETA: 12996s
[gpu0] [ 240/3000] samples:  12000 | chain(game/max/avg): 2/5/2.5 | reward(game/avg): 3620/3494 | 0.21 games/s | ETA: 12937s
[gpu0] [ 241/3000] samples:  12050 | chain(game/max/avg): 2/5/2.5 | reward(game/avg): 2860/3491 | 0.21 games/s | ETA: 12879s
[gpu0] [ 242/3000] samples:  12100 | chain(game/max/avg): 3/5/2.5 | reward(game/avg): 4730/3496 | 0.22 games/s | ETA: 12821s
[gpu0] [ 243/3000] samples:  12150 | chain(game/max/avg): 3/5/2.5 | reward(game/avg): 2920/3494 | 0.22 games/s | ETA: 12764s
[gpu0] [ 244/3000] samples:  12200 | chain(game/max/avg): 2/5/2.5 | reward(game/avg): 4140/3497 | 0.22 games/s | ETA: 12707s
[gpu0] [ 245/3000] samples:  12250 | chain(game/max/avg): 2/5/2.5 | reward(game/avg): 2570/3493 | 0.22 games/s | ETA: 12650s
[gpu0] [ 246/3000] samples:  12300 | chain(game/max/avg): 3/5/2.5 | reward(game/avg): 2620/3489 | 0.22 games/s | ETA: 12594s
[gpu0] [ 247/3000] samples:  12350 | chain(game/max/avg): 2/5/2.5 | reward(game/avg): 3440/3489 | 0.22 games/s | ETA: 12539s
[gpu0] [ 248/3000] samples:  12400 | chain(game/max/avg): 2/5/2.5 | reward(game/avg): 2920/3487 | 0.22 games/s | ETA: 12484s
[gpu0] [ 250/3000] samples:  12500 | chain(game/max/avg): 3/5/2.5 | reward(game/avg): 4160/3492 | 0.22 games/s | ETA: 12375s
[gpu0] [ 249/3000] samples:  12450 | chain(game/max/avg): 3/5/2.5 | reward(game/avg): 4140/3489 | 0.22 games/s | ETA: 12429s
[gpu0] [ 253/3000] samples:  12650 | chain(game/max/avg): 2/5/2.5 | reward(game/avg): 3820/3493 | 0.22 games/s | ETA: 12215s
[gpu0] [ 252/3000] samples:  12600 | chain(game/max/avg): 3/5/2.5 | reward(game/avg): 4160/3492 | 0.22 games/s | ETA: 12268s
[gpu0] [ 251/3000] samples:  12550 | chain(game/max/avg): 2/5/2.5 | reward(game/avg): 2850/3490 | 0.22 games/s | ETA: 12321s
[gpu0] [ 254/3000] samples:  12700 | chain(game/max/avg): 2/5/2.5 | reward(game/avg): 3140/3492 | 0.23 games/s | ETA: 12162s
[gpu0] [ 255/3000] samples:  12750 | chain(game/max/avg): 2/5/2.5 | reward(game/avg): 2120/3487 | 0.23 games/s | ETA: 12110s
[gpu0] [ 256/3000] samples:  12800 | chain(game/max/avg): 2/5/2.5 | reward(game/avg): 3300/3486 | 0.23 games/s | ETA: 12058s
[gpu0] [ 257/3000] samples:  12850 | chain(game/max/avg): 2/5/2.5 | reward(game/avg): 2980/3484 | 0.23 games/s | ETA: 12007s
[gpu0] [ 258/3000] samples:  12900 | chain(game/max/avg): 2/5/2.5 | reward(game/avg): 3040/3482 | 0.23 games/s | ETA: 11956s
[gpu0] [ 259/3000] samples:  12950 | chain(game/max/avg): 2/5/2.5 | reward(game/avg): 3000/3480 | 0.23 games/s | ETA: 11906s
[gpu0] [ 260/3000] samples:  13000 | chain(game/max/avg): 2/5/2.5 | reward(game/avg): 3560/3481 | 0.23 games/s | ETA: 11856s
[gpu0] [ 262/3000] samples:  13100 | chain(game/max/avg): 2/5/2.5 | reward(game/avg): 2960/3475 | 0.23 games/s | ETA: 11757s
[gpu0] [ 261/3000] samples:  13050 | chain(game/max/avg): 2/5/2.5 | reward(game/avg): 2480/3477 | 0.23 games/s | ETA: 11806s
[gpu0] [ 263/3000] samples:  13150 | chain(game/max/avg): 2/5/2.5 | reward(game/avg): 2620/3472 | 0.23 games/s | ETA: 11708s
[gpu0] [ 264/3000] samples:  13200 | chain(game/max/avg): 3/5/2.5 | reward(game/avg): 3980/3474 | 0.23 games/s | ETA: 11659s
[gpu0] [ 265/3000] samples:  13250 | chain(game/max/avg): 3/5/2.5 | reward(game/avg): 2680/3471 | 0.24 games/s | ETA: 11611s
[gpu0] [ 266/3000] samples:  13300 | chain(game/max/avg): 2/5/2.5 | reward(game/avg): 3190/3470 | 0.24 games/s | ETA: 11563s
[gpu0] [ 267/3000] samples:  13350 | chain(game/max/avg): 3/5/2.5 | reward(game/avg): 5060/3476 | 0.24 games/s | ETA: 11516s
[gpu0] [ 274/3000] samples:  13700 | chain(game/max/avg): 2/5/2.5 | reward(game/avg): 1780/3463 | 0.24 games/s | ETA: 11193s
[gpu0] [ 275/3000] samples:  13750 | chain(game/max/avg): 3/5/2.5 | reward(game/avg): 3600/3464 | 0.24 games/s | ETA: 11148s
[gpu0] [ 269/3000] samples:  13450 | chain(game/max/avg): 2/5/2.5 | reward(game/avg): 2680/3471 | 0.24 games/s | ETA: 11422s
[gpu0] [ 270/3000] samples:  13500 | chain(game/max/avg): 2/5/2.5 | reward(game/avg): 2580/3468 | 0.24 games/s | ETA: 11375s
[gpu0] [ 271/3000] samples:  13550 | chain(game/max/avg): 3/5/2.5 | reward(game/avg): 3500/3468 | 0.24 games/s | ETA: 11329s
[gpu0] [ 273/3000] samples:  13650 | chain(game/max/avg): 3/5/2.5 | reward(game/avg): 4790/3469 | 0.24 games/s | ETA: 11238s
[gpu0] [ 272/3000] samples:  13650 | chain(game/max/avg): 2/5/2.5 | reward(game/avg): 2520/3482 | 0.24 games/s | ETA: 11283s
[gpu0] [ 268/3000] samples:  13400 | chain(game/max/avg): 2/5/2.5 | reward(game/avg): 3130/3474 | 0.24 games/s | ETA: 11469s
[gpu0] [ 276/3000] samples:  13800 | chain(game/max/avg): 2/5/2.5 | reward(game/avg): 3010/3462 | 0.25 games/s | ETA: 11104s
[gpu0] [ 277/3000] samples:  13850 | chain(game/max/avg): 2/5/2.5 | reward(game/avg): 3200/3461 | 0.25 games/s | ETA: 11059s
[gpu0] [ 278/3000] samples:  13900 | chain(game/max/avg): 2/5/2.5 | reward(game/avg): 3420/3461 | 0.25 games/s | ETA: 11016s
[gpu0] [ 279/3000] samples:  13950 | chain(game/max/avg): 3/5/2.5 | reward(game/avg): 3980/3463 | 0.25 games/s | ETA: 10972s
[gpu0] [ 280/3000] samples:  14000 | chain(game/max/avg): 2/5/2.5 | reward(game/avg): 2860/3461 | 0.25 games/s | ETA: 10929s
[gpu0] [ 281/3000] samples:  14050 | chain(game/max/avg): 3/5/2.5 | reward(game/avg): 3600/3461 | 0.25 games/s | ETA: 10886s
[gpu0] [ 282/3000] samples:  14100 | chain(game/max/avg): 3/5/2.5 | reward(game/avg): 4880/3466 | 0.25 games/s | ETA: 10843s
[gpu0] [ 283/3000] samples:  14150 | chain(game/max/avg): 2/5/2.5 | reward(game/avg): 2900/3464 | 0.25 games/s | ETA: 10801s
[gpu0] [ 284/3000] samples:  14200 | chain(game/max/avg): 2/5/2.5 | reward(game/avg): 3100/3463 | 0.25 games/s | ETA: 10759s
[gpu0] [ 285/3000] samples:  14250 | chain(game/max/avg): 3/5/2.5 | reward(game/avg): 3860/3464 | 0.25 games/s | ETA: 10717s
[gpu0] [ 286/3000] samples:  14300 | chain(game/max/avg): 3/5/2.5 | reward(game/avg): 3230/3464 | 0.25 games/s | ETA: 10676s
[gpu0] [ 287/3000] samples:  14350 | chain(game/max/avg): 3/5/2.5 | reward(game/avg): 3380/3463 | 0.26 games/s | ETA: 10635s
[gpu0] [ 288/3000] samples:  14400 | chain(game/max/avg): 2/5/2.5 | reward(game/avg): 1480/3456 | 0.26 games/s | ETA: 10594s
[gpu0] [ 289/3000] samples:  14450 | chain(game/max/avg): 3/5/2.5 | reward(game/avg): 4070/3459 | 0.26 games/s | ETA: 10554s
[gpu0] [ 290/3000] samples:  14500 | chain(game/max/avg): 2/5/2.5 | reward(game/avg): 2810/3456 | 0.26 games/s | ETA: 10513s
[gpu0] [ 291/3000] samples:  14550 | chain(game/max/avg): 2/5/2.5 | reward(game/avg): 2240/3452 | 0.26 games/s | ETA: 10473s
[gpu0] [ 292/3000] samples:  14600 | chain(game/max/avg): 2/5/2.5 | reward(game/avg): 2660/3449 | 0.26 games/s | ETA: 10434s
[gpu0] [ 293/3000] samples:  14650 | chain(game/max/avg): 2/5/2.5 | reward(game/avg): 3400/3449 | 0.26 games/s | ETA: 10394s
[gpu0] [ 294/3000] samples:  14700 | chain(game/max/avg): 2/5/2.5 | reward(game/avg): 3260/3449 | 0.26 games/s | ETA: 10355s
[gpu0] [ 295/3000] samples:  14750 | chain(game/max/avg): 3/5/2.5 | reward(game/avg): 3750/3450 | 0.26 games/s | ETA: 10316s
[gpu0] [ 296/3000] samples:  14800 | chain(game/max/avg): 3/5/2.5 | reward(game/avg): 3760/3451 | 0.26 games/s | ETA: 10277s
[gpu0] [ 297/3000] samples:  14850 | chain(game/max/avg): 2/5/2.5 | reward(game/avg): 3280/3450 | 0.26 games/s | ETA: 10239s
[gpu0] [ 298/3000] samples:  14900 | chain(game/max/avg): 3/5/2.5 | reward(game/avg): 3480/3450 | 0.26 games/s | ETA: 10201s
[gpu0] [ 301/3000] samples:  15050 | chain(game/max/avg): 2/5/2.5 | reward(game/avg): 3040/3449 | 0.27 games/s | ETA: 10088s
[gpu0] [ 299/3000] samples:  14950 | chain(game/max/avg): 2/5/2.5 | reward(game/avg): 3080/3449 | 0.27 games/s | ETA: 10163s
[gpu0] [ 300/3000] samples:  15000 | chain(game/max/avg): 2/5/2.5 | reward(game/avg): 3860/3450 | 0.27 games/s | ETA: 10125s
[gpu0] [ 302/3000] samples:  15100 | chain(game/max/avg): 2/5/2.5 | reward(game/avg): 3560/3449 | 0.27 games/s | ETA: 10051s
[gpu0] [ 303/3000] samples:  15150 | chain(game/max/avg): 4/5/2.5 | reward(game/avg): 5170/3455 | 0.27 games/s | ETA: 10014s
[gpu0] [ 304/3000] samples:  15200 | chain(game/max/avg): 3/5/2.5 | reward(game/avg): 3060/3454 | 0.27 games/s | ETA: 9977s
[gpu0] [ 305/3000] samples:  15250 | chain(game/max/avg): 2/5/2.5 | reward(game/avg): 3260/3453 | 0.27 games/s | ETA: 9941s
[gpu0] [ 307/3000] samples:  15350 | chain(game/max/avg): 3/5/2.5 | reward(game/avg): 3750/3456 | 0.27 games/s | ETA: 9869s
[gpu0] [ 306/3000] samples:  15300 | chain(game/max/avg): 3/5/2.5 | reward(game/avg): 4040/3455 | 0.27 games/s | ETA: 9905s
[gpu0] [ 309/3000] samples:  15450 | chain(game/max/avg): 3/5/2.5 | reward(game/avg): 3340/3455 | 0.27 games/s | ETA: 9798s
[gpu0] [ 308/3000] samples:  15400 | chain(game/max/avg): 2/5/2.5 | reward(game/avg): 3340/3456 | 0.27 games/s | ETA: 9833s
[gpu0] [ 310/3000] samples:  15500 | chain(game/max/avg): 3/5/2.5 | reward(game/avg): 3780/3456 | 0.28 games/s | ETA: 9762s
[gpu0] [ 311/3000] samples:  15550 | chain(game/max/avg): 2/5/2.5 | reward(game/avg): 2300/3453 | 0.28 games/s | ETA: 9727s
[gpu0] [ 312/3000] samples:  15600 | chain(game/max/avg): 2/5/2.5 | reward(game/avg): 2900/3451 | 0.28 games/s | ETA: 9693s
[gpu0] [ 313/3000] samples:  15650 | chain(game/max/avg): 3/5/2.5 | reward(game/avg): 4320/3454 | 0.28 games/s | ETA: 9658s
[gpu0] [ 314/3000] samples:  15700 | chain(game/max/avg): 3/5/2.5 | reward(game/avg): 4200/3456 | 0.28 games/s | ETA: 9624s
[gpu0] [ 315/3000] samples:  15750 | chain(game/max/avg): 2/5/2.5 | reward(game/avg): 3180/3455 | 0.28 games/s | ETA: 9590s
[gpu0] [ 316/3000] samples:  15800 | chain(game/max/avg): 2/5/2.5 | reward(game/avg): 3340/3455 | 0.28 games/s | ETA: 9556s
[gpu0] [ 317/3000] samples:  15850 | chain(game/max/avg): 2/5/2.5 | reward(game/avg): 3580/3455 | 0.28 games/s | ETA: 9522s
[gpu0] [ 318/3000] samples:  15900 | chain(game/max/avg): 3/5/2.5 | reward(game/avg): 3560/3455 | 0.28 games/s | ETA: 9488s
[gpu0] [ 319/3000] samples:  15950 | chain(game/max/avg): 3/5/2.5 | reward(game/avg): 3740/3456 | 0.28 games/s | ETA: 9455s
[gpu0] [ 320/3000] samples:  16000 | chain(game/max/avg): 2/5/2.5 | reward(game/avg): 3630/3457 | 0.28 games/s | ETA: 9422s
[gpu0] [ 321/3000] samples:  16050 | chain(game/max/avg): 3/5/2.5 | reward(game/avg): 3940/3458 | 0.29 games/s | ETA: 9389s
[gpu0] [ 322/3000] samples:  16100 | chain(game/max/avg): 2/5/2.5 | reward(game/avg): 4020/3460 | 0.29 games/s | ETA: 9357s
[gpu0] [ 323/3000] samples:  16150 | chain(game/max/avg): 2/5/2.5 | reward(game/avg): 3420/3460 | 0.29 games/s | ETA: 9324s
[gpu0] [ 324/3000] samples:  16200 | chain(game/max/avg): 2/5/2.5 | reward(game/avg): 3460/3460 | 0.29 games/s | ETA: 9292s
[gpu0] [ 325/3000] samples:  16250 | chain(game/max/avg): 2/5/2.5 | reward(game/avg): 3360/3460 | 0.29 games/s | ETA: 9260s
[gpu0] [ 326/3000] samples:  16300 | chain(game/max/avg): 2/5/2.5 | reward(game/avg): 3780/3461 | 0.29 games/s | ETA: 9228s
[gpu0] [ 327/3000] samples:  16350 | chain(game/max/avg): 2/5/2.5 | reward(game/avg): 3080/3459 | 0.29 games/s | ETA: 9196s
[gpu0] [ 328/3000] samples:  16400 | chain(game/max/avg): 3/5/2.5 | reward(game/avg): 3760/3460 | 0.29 games/s | ETA: 9165s
[gpu0] [ 329/3000] samples:  16450 | chain(game/max/avg): 2/5/2.5 | reward(game/avg): 3200/3460 | 0.29 games/s | ETA: 9134s
[gpu0] [ 330/3000] samples:  16500 | chain(game/max/avg): 2/5/2.5 | reward(game/avg): 2200/3456 | 0.29 games/s | ETA: 9103s
[gpu0] [ 331/3000] samples:  16550 | chain(game/max/avg): 3/5/2.5 | reward(game/avg): 3200/3455 | 0.29 games/s | ETA: 9072s
[gpu0] [ 332/3000] samples:  16600 | chain(game/max/avg): 2/5/2.5 | reward(game/avg): 3080/3454 | 0.30 games/s | ETA: 9041s
[gpu0] [ 333/3000] samples:  16650 | chain(game/max/avg): 2/5/2.5 | reward(game/avg): 2680/3452 | 0.30 games/s | ETA: 9011s
[gpu0] [ 334/3000] samples:  16700 | chain(game/max/avg): 2/5/2.4 | reward(game/avg): 3180/3451 | 0.30 games/s | ETA: 8980s
[gpu0] [ 335/3000] samples:  16750 | chain(game/max/avg): 2/5/2.4 | reward(game/avg): 3160/3450 | 0.30 games/s | ETA: 8950s
[gpu0] [ 336/3000] samples:  16800 | chain(game/max/avg): 2/5/2.4 | reward(game/avg): 3700/3451 | 0.30 games/s | ETA: 8920s
[gpu0] [ 337/3000] samples:  16850 | chain(game/max/avg): 2/5/2.4 | reward(game/avg): 3220/3450 | 0.30 games/s | ETA: 8890s
[gpu0] [ 338/3000] samples:  16900 | chain(game/max/avg): 3/5/2.4 | reward(game/avg): 5380/3456 | 0.30 games/s | ETA: 8861s
[gpu0] [ 339/3000] samples:  16950 | chain(game/max/avg): 3/5/2.4 | reward(game/avg): 3300/3455 | 0.30 games/s | ETA: 8831s
[gpu0] [ 340/3000] samples:  17000 | chain(game/max/avg): 2/5/2.4 | reward(game/avg): 3580/3456 | 0.30 games/s | ETA: 8802s
[gpu0] [ 341/3000] samples:  17050 | chain(game/max/avg): 2/5/2.4 | reward(game/avg): 3400/3455 | 0.30 games/s | ETA: 8773s
[gpu0] [ 342/3000] samples:  17100 | chain(game/max/avg): 2/5/2.4 | reward(game/avg): 2700/3453 | 0.30 games/s | ETA: 8744s
[gpu0] [ 343/3000] samples:  17150 | chain(game/max/avg): 2/5/2.4 | reward(game/avg): 4150/3455 | 0.30 games/s | ETA: 8715s
[gpu0] [ 344/3000] samples:  17200 | chain(game/max/avg): 2/5/2.4 | reward(game/avg): 3200/3454 | 0.31 games/s | ETA: 8687s
[gpu0] [ 345/3000] samples:  17250 | chain(game/max/avg): 2/5/2.4 | reward(game/avg): 3000/3453 | 0.31 games/s | ETA: 8658s
[gpu0] [ 346/3000] samples:  17300 | chain(game/max/avg): 2/5/2.4 | reward(game/avg): 3480/3453 | 0.31 games/s | ETA: 8630s
[gpu0] [ 347/3000] samples:  17350 | chain(game/max/avg): 2/5/2.4 | reward(game/avg): 3740/3454 | 0.31 games/s | ETA: 8602s
[gpu0] [ 348/3000] samples:  17400 | chain(game/max/avg): 2/5/2.4 | reward(game/avg): 4090/3456 | 0.31 games/s | ETA: 8574s
[gpu0] [ 349/3000] samples:  17450 | chain(game/max/avg): 2/5/2.4 | reward(game/avg): 3180/3455 | 0.31 games/s | ETA: 8546s
[gpu0] [ 350/3000] samples:  17500 | chain(game/max/avg): 3/5/2.4 | reward(game/avg): 4000/3457 | 0.31 games/s | ETA: 8518s
[gpu0] [ 351/3000] samples:  17550 | chain(game/max/avg): 2/5/2.4 | reward(game/avg): 2660/3454 | 0.31 games/s | ETA: 8491s
[gpu0] [ 352/3000] samples:  17600 | chain(game/max/avg): 2/5/2.4 | reward(game/avg): 2720/3452 | 0.31 games/s | ETA: 8464s
[gpu0] [ 353/3000] samples:  17650 | chain(game/max/avg): 3/5/2.4 | reward(game/avg): 3840/3453 | 0.31 games/s | ETA: 8436s
[gpu0] [ 354/3000] samples:  17700 | chain(game/max/avg): 2/5/2.4 | reward(game/avg): 4180/3455 | 0.31 games/s | ETA: 8409s
[gpu0] [ 355/3000] samples:  17750 | chain(game/max/avg): 2/5/2.4 | reward(game/avg): 3380/3455 | 0.32 games/s | ETA: 8383s
[gpu0] [ 357/3000] samples:  17850 | chain(game/max/avg): 2/5/2.4 | reward(game/avg): 4700/3459 | 0.32 games/s | ETA: 8329s
[gpu0] [ 358/3000] samples:  17900 | chain(game/max/avg): 2/5/2.4 | reward(game/avg): 3000/3457 | 0.32 games/s | ETA: 8303s
[gpu0] [ 361/3000] samples:  18050 | chain(game/max/avg): 3/5/2.4 | reward(game/avg): 4600/3461 | 0.32 games/s | ETA: 8225s
[gpu0] [ 359/3000] samples:  17950 | chain(game/max/avg): 2/5/2.4 | reward(game/avg): 3080/3456 | 0.32 games/s | ETA: 8277s
[gpu0] [ 356/3000] samples:  17800 | chain(game/max/avg): 2/5/2.4 | reward(game/avg): 3440/3455 | 0.32 games/s | ETA: 8356s
[gpu0] [ 363/3000] samples:  18150 | chain(game/max/avg): 4/5/2.4 | reward(game/avg): 6250/3470 | 0.32 games/s | ETA: 8173s
[gpu0] [ 360/3000] samples:  18000 | chain(game/max/avg): 3/5/2.4 | reward(game/avg): 4020/3458 | 0.32 games/s | ETA: 8251s
[gpu0] [ 364/3000] samples:  18200 | chain(game/max/avg): 3/5/2.4 | reward(game/avg): 3360/3470 | 0.32 games/s | ETA: 8148s
[gpu0] [ 362/3000] samples:  18100 | chain(game/max/avg): 2/5/2.4 | reward(game/avg): 3860/3462 | 0.32 games/s | ETA: 8199s
[gpu0] [ 366/3000] samples:  18300 | chain(game/max/avg): 2/5/2.4 | reward(game/avg): 2120/3473 | 0.33 games/s | ETA: 8097s
[gpu0] [ 367/3000] samples:  18350 | chain(game/max/avg): 3/5/2.4 | reward(game/avg): 4350/3476 | 0.33 games/s | ETA: 8072s
[gpu0] [ 365/3000] samples:  18250 | chain(game/max/avg): 3/5/2.4 | reward(game/avg): 6200/3477 | 0.32 games/s | ETA: 8122s
[gpu0] [ 369/3000] samples:  18450 | chain(game/max/avg): 3/5/2.4 | reward(game/avg): 4420/3480 | 0.33 games/s | ETA: 8022s
[gpu0] [ 368/3000] samples:  18400 | chain(game/max/avg): 3/5/2.4 | reward(game/avg): 4020/3477 | 0.33 games/s | ETA: 8047s
[gpu0] [ 370/3000] samples:  18500 | chain(game/max/avg): 2/5/2.4 | reward(game/avg): 3460/3480 | 0.33 games/s | ETA: 7997s
[gpu0] [ 371/3000] samples:  18550 | chain(game/max/avg): 2/5/2.4 | reward(game/avg): 3120/3479 | 0.33 games/s | ETA: 7973s
[gpu0] [ 372/3000] samples:  18600 | chain(game/max/avg): 2/5/2.4 | reward(game/avg): 3520/3479 | 0.33 games/s | ETA: 7948s
[gpu0] [ 373/3000] samples:  18650 | chain(game/max/avg): 2/5/2.4 | reward(game/avg): 2940/3477 | 0.33 games/s | ETA: 7924s
[gpu0] [ 374/3000] samples:  18700 | chain(game/max/avg): 2/5/2.4 | reward(game/avg): 3100/3476 | 0.33 games/s | ETA: 7900s
[gpu0] [ 375/3000] samples:  18750 | chain(game/max/avg): 2/5/2.4 | reward(game/avg): 3680/3477 | 0.33 games/s | ETA: 7876s
[gpu0] [ 376/3000] samples:  18800 | chain(game/max/avg): 2/5/2.4 | reward(game/avg): 2840/3475 | 0.33 games/s | ETA: 7852s
[gpu0] [ 377/3000] samples:  18850 | chain(game/max/avg): 2/5/2.4 | reward(game/avg): 3320/3475 | 0.34 games/s | ETA: 7828s
[gpu0] [ 378/3000] samples:  18900 | chain(game/max/avg): 3/5/2.4 | reward(game/avg): 3460/3475 | 0.34 games/s | ETA: 7804s
[gpu0] [ 379/3000] samples:  18950 | chain(game/max/avg): 3/5/2.4 | reward(game/avg): 3600/3475 | 0.34 games/s | ETA: 7781s
[gpu0] [ 382/3000] samples:  19100 | chain(game/max/avg): 2/5/2.4 | reward(game/avg): 3030/3474 | 0.34 games/s | ETA: 7711s
[gpu0] [ 380/3000] samples:  19000 | chain(game/max/avg): 2/5/2.4 | reward(game/avg): 3900/3476 | 0.34 games/s | ETA: 7757s
[gpu0] [ 383/3000] samples:  19150 | chain(game/max/avg): 2/5/2.4 | reward(game/avg): 2320/3471 | 0.34 games/s | ETA: 7688s
[gpu0] [ 385/3000] samples:  19250 | chain(game/max/avg): 3/5/2.4 | reward(game/avg): 3940/3474 | 0.34 games/s | ETA: 7642s
[gpu0] [ 381/3000] samples:  19050 | chain(game/max/avg): 2/5/2.4 | reward(game/avg): 3150/3475 | 0.34 games/s | ETA: 7734s
[gpu0] [ 386/3000] samples:  19300 | chain(game/max/avg): 3/5/2.4 | reward(game/avg): 5080/3478 | 0.34 games/s | ETA: 7619s
[gpu0] [ 384/3000] samples:  19200 | chain(game/max/avg): 3/5/2.4 | reward(game/avg): 3920/3472 | 0.34 games/s | ETA: 7665s
[gpu0] [ 388/3000] samples:  19400 | chain(game/max/avg): 2/5/2.4 | reward(game/avg): 3660/3478 | 0.34 games/s | ETA: 7574s
[gpu0] [ 387/3000] samples:  19350 | chain(game/max/avg): 2/5/2.4 | reward(game/avg): 3480/3478 | 0.34 games/s | ETA: 7596s
[gpu0] [ 389/3000] samples:  19450 | chain(game/max/avg): 3/5/2.4 | reward(game/avg): 4300/3480 | 0.35 games/s | ETA: 7552s
[gpu0] [ 390/3000] samples:  19500 | chain(game/max/avg): 2/5/2.4 | reward(game/avg): 2690/3478 | 0.35 games/s | ETA: 7529s
[gpu0] [ 392/3000] samples:  19600 | chain(game/max/avg): 2/5/2.4 | reward(game/avg): 2240/3472 | 0.35 games/s | ETA: 7485s
[gpu0] [ 391/3000] samples:  19550 | chain(game/max/avg): 2/5/2.4 | reward(game/avg): 2280/3475 | 0.35 games/s | ETA: 7507s
[gpu0] [ 393/3000] samples:  19650 | chain(game/max/avg): 3/5/2.4 | reward(game/avg): 5650/3478 | 0.35 games/s | ETA: 7463s
[gpu0] [ 394/3000] samples:  19700 | chain(game/max/avg): 2/5/2.4 | reward(game/avg): 3600/3478 | 0.35 games/s | ETA: 7442s
[gpu0] [ 395/3000] samples:  19750 | chain(game/max/avg): 2/5/2.4 | reward(game/avg): 3200/3477 | 0.35 games/s | ETA: 7420s
[gpu0] [ 396/3000] samples:  19800 | chain(game/max/avg): 3/5/2.4 | reward(game/avg): 4080/3479 | 0.35 games/s | ETA: 7399s
[gpu0] [ 397/3000] samples:  19850 | chain(game/max/avg): 2/5/2.4 | reward(game/avg): 3670/3479 | 0.35 games/s | ETA: 7377s
[gpu0] [ 398/3000] samples:  19900 | chain(game/max/avg): 3/5/2.4 | reward(game/avg): 3640/3480 | 0.35 games/s | ETA: 7356s
[gpu0] [ 399/3000] samples:  19950 | chain(game/max/avg): 3/5/2.4 | reward(game/avg): 5360/3484 | 0.35 games/s | ETA: 7334s
[gpu0] [ 400/3000] samples:  20000 | chain(game/max/avg): 3/5/2.4 | reward(game/avg): 4480/3487 | 0.36 games/s | ETA: 7313s
[gpu0] [ 401/3000] samples:  20050 | chain(game/max/avg): 3/5/2.4 | reward(game/avg): 3460/3487 | 0.36 games/s | ETA: 7292s
[gpu0] [ 402/3000] samples:  20100 | chain(game/max/avg): 2/5/2.4 | reward(game/avg): 3520/3487 | 0.36 games/s | ETA: 7271s
[gpu0] [ 404/3000] samples:  20200 | chain(game/max/avg): 3/5/2.4 | reward(game/avg): 5900/3491 | 0.36 games/s | ETA: 7230s
[gpu0] [ 403/3000] samples:  20150 | chain(game/max/avg): 2/5/2.4 | reward(game/avg): 2640/3485 | 0.36 games/s | ETA: 7250s
[gpu0] [ 405/3000] samples:  20250 | chain(game/max/avg): 2/5/2.4 | reward(game/avg): 2960/3489 | 0.36 games/s | ETA: 7209s
[gpu0] [ 406/3000] samples:  20300 | chain(game/max/avg): 2/5/2.4 | reward(game/avg): 2920/3488 | 0.36 games/s | ETA: 7189s
[gpu0] [ 407/3000] samples:  20350 | chain(game/max/avg): 2/5/2.4 | reward(game/avg): 3270/3487 | 0.36 games/s | ETA: 7168s
[gpu0] [ 408/3000] samples:  20400 | chain(game/max/avg): 2/5/2.4 | reward(game/avg): 3240/3487 | 0.36 games/s | ETA: 7148s
[gpu0] [ 409/3000] samples:  20450 | chain(game/max/avg): 2/5/2.4 | reward(game/avg): 2700/3485 | 0.36 games/s | ETA: 7128s
[gpu0] [ 410/3000] samples:  20500 | chain(game/max/avg): 2/5/2.4 | reward(game/avg): 3240/3484 | 0.36 games/s | ETA: 7107s
[gpu0] [ 412/3000] samples:  20600 | chain(game/max/avg): 2/5/2.4 | reward(game/avg): 2700/3481 | 0.37 games/s | ETA: 7068s
[gpu0] [ 413/3000] samples:  20650 | chain(game/max/avg): 2/5/2.4 | reward(game/avg): 2880/3479 | 0.37 games/s | ETA: 7048s
[gpu0] [ 411/3000] samples:  20550 | chain(game/max/avg): 2/5/2.4 | reward(game/avg): 2870/3483 | 0.37 games/s | ETA: 7087s
[gpu0] [ 414/3000] samples:  20700 | chain(game/max/avg): 2/5/2.4 | reward(game/avg): 2200/3476 | 0.37 games/s | ETA: 7028s
[gpu0] [ 415/3000] samples:  20750 | chain(game/max/avg): 2/5/2.4 | reward(game/avg): 3620/3477 | 0.37 games/s | ETA: 7008s
[gpu0] [ 416/3000] samples:  20800 | chain(game/max/avg): 3/5/2.4 | reward(game/avg): 3960/3478 | 0.37 games/s | ETA: 6989s
[gpu0] [ 417/3000] samples:  20850 | chain(game/max/avg): 2/5/2.4 | reward(game/avg): 3570/3478 | 0.37 games/s | ETA: 6969s
[gpu0] [ 418/3000] samples:  20900 | chain(game/max/avg): 2/5/2.4 | reward(game/avg): 2700/3476 | 0.37 games/s | ETA: 6950s
[gpu0] [ 419/3000] samples:  20950 | chain(game/max/avg): 3/5/2.4 | reward(game/avg): 4670/3479 | 0.37 games/s | ETA: 6931s
[gpu0] [ 420/3000] samples:  21000 | chain(game/max/avg): 2/5/2.4 | reward(game/avg): 3420/3479 | 0.37 games/s | ETA: 6911s
[gpu0] [ 421/3000] samples:  21050 | chain(game/max/avg): 2/5/2.4 | reward(game/avg): 3540/3479 | 0.37 games/s | ETA: 6892s
[gpu0] [ 422/3000] samples:  21100 | chain(game/max/avg): 2/5/2.4 | reward(game/avg): 3200/3478 | 0.38 games/s | ETA: 6873s
[gpu0] [ 423/3000] samples:  21150 | chain(game/max/avg): 2/5/2.4 | reward(game/avg): 3540/3479 | 0.38 games/s | ETA: 6854s
[gpu0] [ 424/3000] samples:  21200 | chain(game/max/avg): 3/5/2.4 | reward(game/avg): 4010/3480 | 0.38 games/s | ETA: 6836s
[gpu0] [ 425/3000] samples:  21250 | chain(game/max/avg): 2/5/2.4 | reward(game/avg): 2520/3478 | 0.38 games/s | ETA: 6817s
[gpu0] [ 426/3000] samples:  21300 | chain(game/max/avg): 2/5/2.4 | reward(game/avg): 2780/3476 | 0.38 games/s | ETA: 6798s
[gpu0] [ 427/3000] samples:  21350 | chain(game/max/avg): 4/5/2.4 | reward(game/avg): 4360/3478 | 0.38 games/s | ETA: 6780s
[gpu0] [ 428/3000] samples:  21400 | chain(game/max/avg): 3/5/2.4 | reward(game/avg): 3980/3479 | 0.38 games/s | ETA: 6761s
[gpu0] [ 429/3000] samples:  21450 | chain(game/max/avg): 2/5/2.4 | reward(game/avg): 2500/3477 | 0.38 games/s | ETA: 6743s
[gpu0] [ 431/3000] samples:  21550 | chain(game/max/avg): 2/5/2.4 | reward(game/avg): 3320/3478 | 0.38 games/s | ETA: 6706s
[gpu0] [ 432/3000] samples:  21600 | chain(game/max/avg): 3/5/2.4 | reward(game/avg): 3600/3478 | 0.38 games/s | ETA: 6688s
[gpu0] [ 433/3000] samples:  21650 | chain(game/max/avg): 3/5/2.4 | reward(game/avg): 2980/3477 | 0.38 games/s | ETA: 6670s
[gpu0] [ 435/3000] samples:  21800 | chain(game/max/avg): 2/5/2.4 | reward(game/avg): 2780/3483 | 0.39 games/s | ETA: 6634s
[gpu0] [ 430/3000] samples:  21500 | chain(game/max/avg): 3/5/2.4 | reward(game/avg): 4000/3478 | 0.38 games/s | ETA: 6725s
[gpu0] [ 436/3000] samples:  21800 | chain(game/max/avg): 2/5/2.4 | reward(game/avg): 3390/3475 | 0.39 games/s | ETA: 6617s
[gpu0] [ 434/3000] samples:  21800 | chain(game/max/avg): 3/5/2.4 | reward(game/avg): 3580/3484 | 0.39 games/s | ETA: 6652s
[gpu0] [ 437/3000] samples:  21850 | chain(game/max/avg): 2/5/2.4 | reward(game/avg): 3760/3476 | 0.39 games/s | ETA: 6599s
[gpu0] [ 438/3000] samples:  21900 | chain(game/max/avg): 3/5/2.4 | reward(game/avg): 3340/3476 | 0.39 games/s | ETA: 6581s
[gpu0] [ 439/3000] samples:  21950 | chain(game/max/avg): 2/5/2.4 | reward(game/avg): 2760/3474 | 0.39 games/s | ETA: 6564s
[gpu0] [ 440/3000] samples:  22000 | chain(game/max/avg): 3/5/2.4 | reward(game/avg): 2940/3473 | 0.39 games/s | ETA: 6546s
[gpu0] [ 441/3000] samples:  22050 | chain(game/max/avg): 4/5/2.4 | reward(game/avg): 6520/3480 | 0.39 games/s | ETA: 6529s
[gpu0] [ 442/3000] samples:  22100 | chain(game/max/avg): 2/5/2.4 | reward(game/avg): 2860/3478 | 0.39 games/s | ETA: 6511s
[gpu0] [ 443/3000] samples:  22150 | chain(game/max/avg): 2/5/2.4 | reward(game/avg): 2940/3477 | 0.39 games/s | ETA: 6494s
[gpu0] [ 444/3000] samples:  22200 | chain(game/max/avg): 2/5/2.4 | reward(game/avg): 2730/3475 | 0.39 games/s | ETA: 6477s
[gpu0] [ 445/3000] samples:  22250 | chain(game/max/avg): 3/5/2.4 | reward(game/avg): 3760/3476 | 0.40 games/s | ETA: 6460s
[gpu0] [ 446/3000] samples:  22300 | chain(game/max/avg): 2/5/2.4 | reward(game/avg): 2790/3475 | 0.40 games/s | ETA: 6443s
[gpu0] [ 447/3000] samples:  22350 | chain(game/max/avg): 3/5/2.4 | reward(game/avg): 3860/3475 | 0.40 games/s | ETA: 6426s
[gpu0] [ 448/3000] samples:  22400 | chain(game/max/avg): 3/5/2.4 | reward(game/avg): 4000/3477 | 0.40 games/s | ETA: 6409s
[gpu0] [ 449/3000] samples:  22450 | chain(game/max/avg): 3/5/2.4 | reward(game/avg): 4220/3478 | 0.40 games/s | ETA: 6392s
[gpu0] [ 450/3000] samples:  22500 | chain(game/max/avg): 3/5/2.4 | reward(game/avg): 3800/3479 | 0.40 games/s | ETA: 6376s
[gpu0] [ 451/3000] samples:  22550 | chain(game/max/avg): 2/5/2.4 | reward(game/avg): 3540/3479 | 0.40 games/s | ETA: 6359s
[gpu0] [ 452/3000] samples:  22600 | chain(game/max/avg): 2/5/2.4 | reward(game/avg): 3500/3479 | 0.40 games/s | ETA: 6343s
[gpu0] [ 453/3000] samples:  22650 | chain(game/max/avg): 2/5/2.4 | reward(game/avg): 3300/3479 | 0.40 games/s | ETA: 6326s
[gpu0] [ 454/3000] samples:  22700 | chain(game/max/avg): 3/5/2.4 | reward(game/avg): 3580/3479 | 0.40 games/s | ETA: 6310s
[gpu0] [ 455/3000] samples:  22850 | chain(game/max/avg): 2/5/2.4 | reward(game/avg): 3830/3480 | 0.40 games/s | ETA: 6293s
[gpu0] [ 458/3000] samples:  22900 | chain(game/max/avg): 2/5/2.4 | reward(game/avg): 3380/3479 | 0.41 games/s | ETA: 6245s
[gpu0] [ 457/3000] samples:  22850 | chain(game/max/avg): 2/5/2.4 | reward(game/avg): 3740/3479 | 0.41 games/s | ETA: 6261s
[gpu0] [ 456/3000] samples:  22850 | chain(game/max/avg): 2/5/2.4 | reward(game/avg): 3020/3487 | 0.41 games/s | ETA: 6277s
[gpu0] [ 459/3000] samples:  23000 | chain(game/max/avg): 3/5/2.4 | reward(game/avg): 4480/3488 | 0.41 games/s | ETA: 6229s
[gpu0] [ 461/3000] samples:  23050 | chain(game/max/avg): 4/5/2.4 | reward(game/avg): 4870/3484 | 0.41 games/s | ETA: 6197s
[gpu0] [ 462/3000] samples:  23100 | chain(game/max/avg): 2/5/2.4 | reward(game/avg): 3160/3483 | 0.41 games/s | ETA: 6181s
[gpu0] [ 463/3000] samples:  23150 | chain(game/max/avg): 2/5/2.4 | reward(game/avg): 3210/3483 | 0.41 games/s | ETA: 6165s
[gpu0] [ 460/3000] samples:  23000 | chain(game/max/avg): 2/5/2.4 | reward(game/avg): 3260/3481 | 0.41 games/s | ETA: 6213s
[gpu0] [ 464/3000] samples:  23200 | chain(game/max/avg): 2/5/2.4 | reward(game/avg): 3900/3483 | 0.41 games/s | ETA: 6150s
[gpu0] [ 465/3000] samples:  23250 | chain(game/max/avg): 5/5/2.4 | reward(game/avg): 7750/3493 | 0.41 games/s | ETA: 6134s
[gpu0] [ 467/3000] samples:  23350 | chain(game/max/avg): 2/5/2.4 | reward(game/avg): 3100/3492 | 0.42 games/s | ETA: 6103s
[gpu0] [ 466/3000] samples:  23300 | chain(game/max/avg): 3/5/2.4 | reward(game/avg): 3700/3493 | 0.41 games/s | ETA: 6118s
[gpu0] [ 468/3000] samples:  23400 | chain(game/max/avg): 3/5/2.4 | reward(game/avg): 4500/3494 | 0.42 games/s | ETA: 6087s
[gpu0] [ 470/3000] samples:  23500 | chain(game/max/avg): 2/5/2.4 | reward(game/avg): 3200/3493 | 0.42 games/s | ETA: 6057s
[gpu0] [ 469/3000] samples:  23450 | chain(game/max/avg): 2/5/2.4 | reward(game/avg): 2960/3493 | 0.42 games/s | ETA: 6072s
[gpu0] [ 471/3000] samples:  23550 | chain(game/max/avg): 2/5/2.4 | reward(game/avg): 2620/3491 | 0.42 games/s | ETA: 6041s
[gpu0] [ 472/3000] samples:  23600 | chain(game/max/avg): 2/5/2.4 | reward(game/avg): 3290/3490 | 0.42 games/s | ETA: 6026s
[gpu0] [ 473/3000] samples:  23650 | chain(game/max/avg): 2/5/2.4 | reward(game/avg): 3040/3489 | 0.42 games/s | ETA: 6011s
[gpu0] [ 474/3000] samples:  23700 | chain(game/max/avg): 2/5/2.4 | reward(game/avg): 3120/3489 | 0.42 games/s | ETA: 5996s
[gpu0] [ 475/3000] samples:  23750 | chain(game/max/avg): 2/5/2.4 | reward(game/avg): 3140/3488 | 0.42 games/s | ETA: 5981s
[gpu0] [ 476/3000] samples:  23800 | chain(game/max/avg): 2/5/2.4 | reward(game/avg): 2920/3487 | 0.42 games/s | ETA: 5966s
[gpu0] [ 477/3000] samples:  23850 | chain(game/max/avg): 3/5/2.4 | reward(game/avg): 4230/3488 | 0.42 games/s | ETA: 5951s
[gpu0] [ 478/3000] samples:  23900 | chain(game/max/avg): 3/5/2.4 | reward(game/avg): 3420/3488 | 0.42 games/s | ETA: 5937s
[gpu0] [ 479/3000] samples:  23950 | chain(game/max/avg): 3/5/2.4 | reward(game/avg): 4020/3489 | 0.43 games/s | ETA: 5922s
[gpu0] [ 480/3000] samples:  24000 | chain(game/max/avg): 2/5/2.4 | reward(game/avg): 2160/3486 | 0.43 games/s | ETA: 5907s
[gpu0] [ 481/3000] samples:  24050 | chain(game/max/avg): 2/5/2.4 | reward(game/avg): 2750/3485 | 0.43 games/s | ETA: 5892s
[gpu0] [ 483/3000] samples:  24150 | chain(game/max/avg): 3/5/2.4 | reward(game/avg): 3320/3490 | 0.43 games/s | ETA: 5863s
[gpu0] [ 482/3000] samples:  24150 | chain(game/max/avg): 4/5/2.4 | reward(game/avg): 6020/3497 | 0.43 games/s | ETA: 5878s
[gpu0] [ 484/3000] samples:  24200 | chain(game/max/avg): 3/5/2.4 | reward(game/avg): 4570/3492 | 0.43 games/s | ETA: 5849s
[gpu0] [ 485/3000] samples:  24250 | chain(game/max/avg): 2/5/2.4 | reward(game/avg): 2880/3491 | 0.43 games/s | ETA: 5835s
[gpu0] [ 487/3000] samples:  24350 | chain(game/max/avg): 4/5/2.4 | reward(game/avg): 4400/3492 | 0.43 games/s | ETA: 5806s
[gpu0] [ 486/3000] samples:  24300 | chain(game/max/avg): 3/5/2.4 | reward(game/avg): 3240/3490 | 0.43 games/s | ETA: 5820s
[gpu0] [ 488/3000] samples:  24400 | chain(game/max/avg): 3/5/2.4 | reward(game/avg): 3720/3493 | 0.43 games/s | ETA: 5792s
[gpu0] [ 489/3000] samples:  24450 | chain(game/max/avg): 2/5/2.4 | reward(game/avg): 3420/3492 | 0.43 games/s | ETA: 5778s
[gpu0] [ 490/3000] samples:  24500 | chain(game/max/avg): 2/5/2.4 | reward(game/avg): 3840/3493 | 0.44 games/s | ETA: 5764s
[gpu0] [ 491/3000] samples:  24550 | chain(game/max/avg): 2/5/2.4 | reward(game/avg): 2060/3490 | 0.44 games/s | ETA: 5750s
[gpu0] [ 492/3000] samples:  24600 | chain(game/max/avg): 3/5/2.4 | reward(game/avg): 3740/3491 | 0.44 games/s | ETA: 5736s
[gpu0] [ 493/3000] samples:  24650 | chain(game/max/avg): 3/5/2.4 | reward(game/avg): 5590/3495 | 0.44 games/s | ETA: 5722s
[gpu0] [ 494/3000] samples:  24700 | chain(game/max/avg): 2/5/2.4 | reward(game/avg): 2420/3493 | 0.44 games/s | ETA: 5708s
[gpu0] [ 497/3000] samples:  24850 | chain(game/max/avg): 3/5/2.4 | reward(game/avg): 3440/3493 | 0.44 games/s | ETA: 5667s
[gpu0] [ 498/3000] samples:  24900 | chain(game/max/avg): 3/5/2.4 | reward(game/avg): 3060/3492 | 0.44 games/s | ETA: 5653s
[gpu0] [ 496/3000] samples:  24800 | chain(game/max/avg): 3/5/2.4 | reward(game/avg): 4120/3493 | 0.44 games/s | ETA: 5680s
[gpu0] [ 501/3000] samples:  25050 | chain(game/max/avg): 3/5/2.4 | reward(game/avg): 4000/3494 | 0.45 games/s | ETA: 5612s
[gpu0] [ 499/3000] samples:  24950 | chain(game/max/avg): 2/5/2.4 | reward(game/avg): 3160/3492 | 0.44 games/s | ETA: 5639s
[gpu0] [ 500/3000] samples:  25000 | chain(game/max/avg): 3/5/2.4 | reward(game/avg): 3980/3493 | 0.44 games/s | ETA: 5626s
[gpu0] [ 495/3000] samples:  24750 | chain(game/max/avg): 3/5/2.4 | reward(game/avg): 3200/3492 | 0.44 games/s | ETA: 5694s
[gpu0] [ 506/3000] samples:  25300 | chain(game/max/avg): 3/5/2.5 | reward(game/avg): 3500/3497 | 0.45 games/s | ETA: 5546s
[gpu0] [ 503/3000] samples:  25150 | chain(game/max/avg): 2/5/2.4 | reward(game/avg): 3080/3495 | 0.45 games/s | ETA: 5586s
[gpu0] [ 504/3000] samples:  25200 | chain(game/max/avg): 4/5/2.4 | reward(game/avg): 3990/3496 | 0.45 games/s | ETA: 5572s
[gpu0] [ 509/3000] samples:  25450 | chain(game/max/avg): 3/5/2.5 | reward(game/avg): 4320/3499 | 0.45 games/s | ETA: 5506s
[gpu0] [ 507/3000] samples:  25350 | chain(game/max/avg): 2/5/2.4 | reward(game/avg): 3440/3497 | 0.45 games/s | ETA: 5533s
[gpu0] [ 510/3000] samples:  25500 | chain(game/max/avg): 3/5/2.5 | reward(game/avg): 5180/3502 | 0.45 games/s | ETA: 5493s
[gpu0] [ 505/3000] samples:  25300 | chain(game/max/avg): 3/5/2.5 | reward(game/avg): 4240/3504 | 0.45 games/s | ETA: 5559s
[gpu0] [ 502/3000] samples:  25100 | chain(game/max/avg): 3/5/2.4 | reward(game/avg): 4300/3495 | 0.45 games/s | ETA: 5599s
[gpu0] [ 513/3000] samples:  25650 | chain(game/max/avg): 3/5/2.5 | reward(game/avg): 4380/3504 | 0.46 games/s | ETA: 5455s
[gpu0] [ 514/3000] samples:  25700 | chain(game/max/avg): 2/5/2.5 | reward(game/avg): 2380/3502 | 0.46 games/s | ETA: 5442s
[gpu0] [ 511/3000] samples:  25550 | chain(game/max/avg): 2/5/2.5 | reward(game/avg): 3840/3503 | 0.45 games/s | ETA: 5481s
[gpu0] [ 508/3000] samples:  25400 | chain(game/max/avg): 3/5/2.5 | reward(game/avg): 3720/3497 | 0.45 games/s | ETA: 5520s
[gpu0] [ 512/3000] samples:  25600 | chain(game/max/avg): 2/5/2.5 | reward(game/avg): 3160/3502 | 0.46 games/s | ETA: 5468s
[gpu0] [ 515/3000] samples:  25750 | chain(game/max/avg): 2/5/2.5 | reward(game/avg): 2760/3500 | 0.46 games/s | ETA: 5429s
[gpu0] [ 516/3000] samples:  25800 | chain(game/max/avg): 2/5/2.4 | reward(game/avg): 2480/3498 | 0.46 games/s | ETA: 5416s
[gpu0] [ 517/3000] samples:  25850 | chain(game/max/avg): 2/5/2.4 | reward(game/avg): 3700/3499 | 0.46 games/s | ETA: 5404s
[gpu0] [ 518/3000] samples:  25900 | chain(game/max/avg): 2/5/2.4 | reward(game/avg): 3500/3499 | 0.46 games/s | ETA: 5391s
[gpu0] [ 519/3000] samples:  25950 | chain(game/max/avg): 3/5/2.4 | reward(game/avg): 4040/3500 | 0.46 games/s | ETA: 5379s
[gpu0] [ 520/3000] samples:  26000 | chain(game/max/avg): 3/5/2.5 | reward(game/avg): 3940/3501 | 0.46 games/s | ETA: 5366s
[gpu0] [ 521/3000] samples:  26050 | chain(game/max/avg): 4/5/2.5 | reward(game/avg): 4740/3503 | 0.46 games/s | ETA: 5354s
[gpu0] [ 522/3000] samples:  26100 | chain(game/max/avg): 2/5/2.5 | reward(game/avg): 2240/3501 | 0.46 games/s | ETA: 5341s
[gpu0] [ 523/3000] samples:  26150 | chain(game/max/avg): 3/5/2.5 | reward(game/avg): 2880/3499 | 0.46 games/s | ETA: 5329s
[gpu0] [ 524/3000] samples:  26200 | chain(game/max/avg): 3/5/2.5 | reward(game/avg): 3220/3499 | 0.47 games/s | ETA: 5317s
[gpu0] [ 525/3000] samples:  26250 | chain(game/max/avg): 3/5/2.5 | reward(game/avg): 4080/3500 | 0.47 games/s | ETA: 5304s
[gpu0] [ 526/3000] samples:  26300 | chain(game/max/avg): 3/5/2.5 | reward(game/avg): 4740/3502 | 0.47 games/s | ETA: 5292s
[gpu0] [ 528/3000] samples:  26400 | chain(game/max/avg): 4/5/2.5 | reward(game/avg): 4340/3506 | 0.47 games/s | ETA: 5268s
[gpu0] [ 529/3000] samples:  26450 | chain(game/max/avg): 3/5/2.5 | reward(game/avg): 2620/3504 | 0.47 games/s | ETA: 5256s
[gpu0] [ 530/3000] samples:  26500 | chain(game/max/avg): 2/5/2.5 | reward(game/avg): 2920/3503 | 0.47 games/s | ETA: 5244s
[gpu0] [ 527/3000] samples:  26350 | chain(game/max/avg): 3/5/2.5 | reward(game/avg): 4560/3504 | 0.47 games/s | ETA: 5280s
[gpu0] [ 531/3000] samples:  26550 | chain(game/max/avg): 3/5/2.5 | reward(game/avg): 3600/3503 | 0.47 games/s | ETA: 5232s
[gpu0] [ 532/3000] samples:  26600 | chain(game/max/avg): 4/5/2.5 | reward(game/avg): 5040/3506 | 0.47 games/s | ETA: 5220s
[gpu0] [ 533/3000] samples:  26650 | chain(game/max/avg): 2/5/2.5 | reward(game/avg): 2780/3505 | 0.47 games/s | ETA: 5208s
[gpu0] [ 536/3000] samples:  26800 | chain(game/max/avg): 2/5/2.5 | reward(game/avg): 3200/3500 | 0.48 games/s | ETA: 5173s
[gpu0] [ 534/3000] samples:  26750 | chain(game/max/avg): 2/5/2.5 | reward(game/avg): 1840/3507 | 0.47 games/s | ETA: 5196s
[gpu0] [ 535/3000] samples:  26750 | chain(game/max/avg): 2/5/2.5 | reward(game/avg): 2980/3501 | 0.48 games/s | ETA: 5184s
[gpu0] [ 537/3000] samples:  26850 | chain(game/max/avg): 3/5/2.5 | reward(game/avg): 3500/3500 | 0.48 games/s | ETA: 5161s
[gpu0] [ 538/3000] samples:  26900 | chain(game/max/avg): 3/5/2.5 | reward(game/avg): 3300/3500 | 0.48 games/s | ETA: 5149s
[gpu0] [ 540/3000] samples:  27000 | chain(game/max/avg): 2/5/2.5 | reward(game/avg): 2320/3499 | 0.48 games/s | ETA: 5126s
[gpu0] [ 539/3000] samples:  26950 | chain(game/max/avg): 3/5/2.5 | reward(game/avg): 4290/3501 | 0.48 games/s | ETA: 5138s
[gpu0] [ 541/3000] samples:  27050 | chain(game/max/avg): 2/5/2.5 | reward(game/avg): 2740/3498 | 0.48 games/s | ETA: 5114s
[gpu0] [ 542/3000] samples:  27100 | chain(game/max/avg): 2/5/2.5 | reward(game/avg): 3080/3497 | 0.48 games/s | ETA: 5103s
[gpu0] [ 544/3000] samples:  27200 | chain(game/max/avg): 3/5/2.5 | reward(game/avg): 4020/3500 | 0.48 games/s | ETA: 5080s
[gpu0] [ 543/3000] samples:  27150 | chain(game/max/avg): 3/5/2.5 | reward(game/avg): 4600/3499 | 0.48 games/s | ETA: 5091s
[gpu0] [ 545/3000] samples:  27250 | chain(game/max/avg): 2/5/2.5 | reward(game/avg): 3430/3500 | 0.48 games/s | ETA: 5069s
[gpu0] [ 546/3000] samples:  27300 | chain(game/max/avg): 3/5/2.5 | reward(game/avg): 4460/3502 | 0.49 games/s | ETA: 5057s
[gpu0] [ 547/3000] samples:  27350 | chain(game/max/avg): 2/5/2.5 | reward(game/avg): 2440/3500 | 0.49 games/s | ETA: 5046s
[gpu0] [ 548/3000] samples:  27400 | chain(game/max/avg): 3/5/2.5 | reward(game/avg): 3620/3500 | 0.49 games/s | ETA: 5035s
[gpu0] [ 549/3000] samples:  27450 | chain(game/max/avg): 2/5/2.5 | reward(game/avg): 3870/3501 | 0.49 games/s | ETA: 5023s
[gpu0] [ 550/3000] samples:  27500 | chain(game/max/avg): 2/5/2.5 | reward(game/avg): 3160/3500 | 0.49 games/s | ETA: 5012s
[gpu0] [ 551/3000] samples:  27550 | chain(game/max/avg): 2/5/2.5 | reward(game/avg): 3680/3500 | 0.49 games/s | ETA: 5001s
[gpu0] [ 552/3000] samples:  27600 | chain(game/max/avg): 2/5/2.5 | reward(game/avg): 3040/3499 | 0.49 games/s | ETA: 4990s
[gpu0] [ 553/3000] samples:  27650 | chain(game/max/avg): 2/5/2.5 | reward(game/avg): 3250/3499 | 0.49 games/s | ETA: 4979s
[gpu0] [ 554/3000] samples:  27700 | chain(game/max/avg): 2/5/2.5 | reward(game/avg): 2760/3498 | 0.49 games/s | ETA: 4968s
[gpu0] [ 555/3000] samples:  27750 | chain(game/max/avg): 2/5/2.5 | reward(game/avg): 3100/3497 | 0.49 games/s | ETA: 4957s
[gpu0] [ 556/3000] samples:  27800 | chain(game/max/avg): 3/5/2.5 | reward(game/avg): 3180/3496 | 0.49 games/s | ETA: 4946s
[gpu0] [ 557/3000] samples:  27850 | chain(game/max/avg): 3/5/2.5 | reward(game/avg): 4250/3498 | 0.50 games/s | ETA: 4935s
[gpu0] [ 558/3000] samples:  27900 | chain(game/max/avg): 2/5/2.5 | reward(game/avg): 2920/3497 | 0.50 games/s | ETA: 4924s
[gpu0] [ 559/3000] samples:  27950 | chain(game/max/avg): 3/5/2.5 | reward(game/avg): 3660/3497 | 0.50 games/s | ETA: 4913s
[gpu0] [ 560/3000] samples:  28000 | chain(game/max/avg): 3/5/2.5 | reward(game/avg): 4190/3498 | 0.50 games/s | ETA: 4903s
[gpu0] [ 562/3000] samples:  28100 | chain(game/max/avg): 2/5/2.5 | reward(game/avg): 4420/3502 | 0.50 games/s | ETA: 4881s
[gpu0] [ 561/3000] samples:  28050 | chain(game/max/avg): 3/5/2.5 | reward(game/avg): 4760/3500 | 0.50 games/s | ETA: 4892s
[gpu0] [ 563/3000] samples:  28150 | chain(game/max/avg): 2/5/2.5 | reward(game/avg): 2260/3500 | 0.50 games/s | ETA: 4871s
[gpu0] [ 564/3000] samples:  28200 | chain(game/max/avg): 3/5/2.5 | reward(game/avg): 3660/3500 | 0.50 games/s | ETA: 4860s
[gpu0] [ 565/3000] samples:  28250 | chain(game/max/avg): 2/5/2.5 | reward(game/avg): 3920/3501 | 0.50 games/s | ETA: 4849s
[gpu0] [ 566/3000] samples:  28300 | chain(game/max/avg): 3/5/2.5 | reward(game/avg): 3500/3501 | 0.50 games/s | ETA: 4839s
[gpu0] [ 567/3000] samples:  28350 | chain(game/max/avg): 3/5/2.5 | reward(game/avg): 4500/3503 | 0.50 games/s | ETA: 4828s
[gpu0] [ 568/3000] samples:  28400 | chain(game/max/avg): 2/5/2.5 | reward(game/avg): 2740/3501 | 0.50 games/s | ETA: 4818s
[gpu0] [ 569/3000] samples:  28450 | chain(game/max/avg): 3/5/2.5 | reward(game/avg): 4460/3503 | 0.51 games/s | ETA: 4807s
[gpu0] [ 570/3000] samples:  28500 | chain(game/max/avg): 3/5/2.5 | reward(game/avg): 3900/3504 | 0.51 games/s | ETA: 4797s
[gpu0] [ 571/3000] samples:  28550 | chain(game/max/avg): 3/5/2.5 | reward(game/avg): 3320/3503 | 0.51 games/s | ETA: 4787s
[gpu0] [ 572/3000] samples:  28600 | chain(game/max/avg): 3/5/2.5 | reward(game/avg): 4240/3505 | 0.51 games/s | ETA: 4776s
[gpu0] [ 574/3000] samples:  28700 | chain(game/max/avg): 2/5/2.5 | reward(game/avg): 2940/3505 | 0.51 games/s | ETA: 4756s
[gpu0] [ 575/3000] samples:  28750 | chain(game/max/avg): 2/5/2.5 | reward(game/avg): 3740/3505 | 0.51 games/s | ETA: 4745s
[gpu0] [ 573/3000] samples:  28650 | chain(game/max/avg): 3/5/2.5 | reward(game/avg): 4280/3506 | 0.51 games/s | ETA: 4766s
[gpu0] [ 577/3000] samples:  28850 | chain(game/max/avg): 2/5/2.5 | reward(game/avg): 2800/3505 | 0.51 games/s | ETA: 4725s
[gpu0] [ 576/3000] samples:  28800 | chain(game/max/avg): 2/5/2.5 | reward(game/avg): 3800/3506 | 0.51 games/s | ETA: 4735s
[gpu0] [ 578/3000] samples:  28900 | chain(game/max/avg): 3/5/2.5 | reward(game/avg): 4640/3507 | 0.51 games/s | ETA: 4715s
[gpu0] [ 579/3000] samples:  28950 | chain(game/max/avg): 3/5/2.5 | reward(game/avg): 3800/3507 | 0.51 games/s | ETA: 4705s
[gpu0] [ 580/3000] samples:  29000 | chain(game/max/avg): 2/5/2.5 | reward(game/avg): 3510/3507 | 0.52 games/s | ETA: 4695s
[gpu0] [ 581/3000] samples:  29050 | chain(game/max/avg): 2/5/2.5 | reward(game/avg): 2780/3506 | 0.52 games/s | ETA: 4685s
[gpu0] [ 582/3000] samples:  29100 | chain(game/max/avg): 4/5/2.5 | reward(game/avg): 6120/3510 | 0.52 games/s | ETA: 4675s
[gpu0] [ 583/3000] samples:  29150 | chain(game/max/avg): 3/5/2.5 | reward(game/avg): 4020/3511 | 0.52 games/s | ETA: 4665s
[gpu0] [ 586/3000] samples:  29300 | chain(game/max/avg): 3/5/2.5 | reward(game/avg): 3460/3511 | 0.52 games/s | ETA: 4635s
[gpu0] [ 587/3000] samples:  29350 | chain(game/max/avg): 3/5/2.5 | reward(game/avg): 4010/3512 | 0.52 games/s | ETA: 4625s
[gpu0] [ 585/3000] samples:  29250 | chain(game/max/avg): 2/5/2.5 | reward(game/avg): 3840/3511 | 0.52 games/s | ETA: 4645s
[gpu0] [ 584/3000] samples:  29200 | chain(game/max/avg): 2/5/2.5 | reward(game/avg): 3060/3511 | 0.52 games/s | ETA: 4655s
[gpu0] [ 588/3000] samples:  29400 | chain(game/max/avg): 2/5/2.5 | reward(game/avg): 2300/3510 | 0.52 games/s | ETA: 4616s
[gpu0] [ 592/3000] samples:  29600 | chain(game/max/avg): 2/5/2.5 | reward(game/avg): 3000/3504 | 0.53 games/s | ETA: 4577s
[gpu0] [ 589/3000] samples:  29450 | chain(game/max/avg): 2/5/2.5 | reward(game/avg): 3020/3509 | 0.52 games/s | ETA: 4606s
[gpu0] [ 590/3000] samples:  29500 | chain(game/max/avg): 2/5/2.5 | reward(game/avg): 2220/3507 | 0.52 games/s | ETA: 4596s
[gpu0] [ 591/3000] samples:  29550 | chain(game/max/avg): 2/5/2.5 | reward(game/avg): 2460/3505 | 0.53 games/s | ETA: 4587s
[gpu0] [ 593/3000] samples:  29650 | chain(game/max/avg): 3/5/2.5 | reward(game/avg): 3580/3504 | 0.53 games/s | ETA: 4567s
[gpu0] [ 594/3000] samples:  29700 | chain(game/max/avg): 2/5/2.5 | reward(game/avg): 3020/3503 | 0.53 games/s | ETA: 4558s
[gpu0] [ 595/3000] samples:  29750 | chain(game/max/avg): 2/5/2.5 | reward(game/avg): 4270/3505 | 0.53 games/s | ETA: 4548s
[gpu0] [ 596/3000] samples:  29800 | chain(game/max/avg): 2/5/2.5 | reward(game/avg): 3040/3504 | 0.53 games/s | ETA: 4539s
[gpu0] [ 597/3000] samples:  29850 | chain(game/max/avg): 3/5/2.5 | reward(game/avg): 4650/3506 | 0.53 games/s | ETA: 4529s
[gpu0] [ 598/3000] samples:  29900 | chain(game/max/avg): 4/5/2.5 | reward(game/avg): 5300/3509 | 0.53 games/s | ETA: 4520s
[gpu0] [ 599/3000] samples:  29950 | chain(game/max/avg): 3/5/2.5 | reward(game/avg): 4000/3510 | 0.53 games/s | ETA: 4510s
[gpu0] [ 600/3000] samples:  30000 | chain(game/max/avg): 2/5/2.5 | reward(game/avg): 2620/3508 | 0.53 games/s | ETA: 4501s
[gpu0] [ 601/3000] samples:  30050 | chain(game/max/avg): 3/5/2.5 | reward(game/avg): 5560/3512 | 0.53 games/s | ETA: 4492s
[gpu0] [ 602/3000] samples:  30100 | chain(game/max/avg): 3/5/2.5 | reward(game/avg): 3800/3512 | 0.53 games/s | ETA: 4482s
[gpu0] [ 603/3000] samples:  30150 | chain(game/max/avg): 3/5/2.5 | reward(game/avg): 3910/3513 | 0.54 games/s | ETA: 4473s
[gpu0] [ 604/3000] samples:  30200 | chain(game/max/avg): 2/5/2.5 | reward(game/avg): 3370/3513 | 0.54 games/s | ETA: 4464s
[gpu0] [ 605/3000] samples:  30250 | chain(game/max/avg): 2/5/2.5 | reward(game/avg): 3380/3512 | 0.54 games/s | ETA: 4455s
[gpu0] [ 606/3000] samples:  30300 | chain(game/max/avg): 2/5/2.5 | reward(game/avg): 4610/3514 | 0.54 games/s | ETA: 4445s
[gpu0] [ 607/3000] samples:  30350 | chain(game/max/avg): 2/5/2.5 | reward(game/avg): 3320/3514 | 0.54 games/s | ETA: 4436s
[gpu0] [ 608/3000] samples:  30400 | chain(game/max/avg): 2/5/2.5 | reward(game/avg): 3750/3514 | 0.54 games/s | ETA: 4427s
[gpu0] [ 609/3000] samples:  30450 | chain(game/max/avg): 2/5/2.5 | reward(game/avg): 2440/3512 | 0.54 games/s | ETA: 4418s
[gpu0] [ 610/3000] samples:  30500 | chain(game/max/avg): 2/5/2.5 | reward(game/avg): 3260/3512 | 0.54 games/s | ETA: 4409s
[gpu0] [ 611/3000] samples:  30550 | chain(game/max/avg): 2/5/2.5 | reward(game/avg): 3460/3512 | 0.54 games/s | ETA: 4400s
[gpu0] [ 612/3000] samples:  30600 | chain(game/max/avg): 3/5/2.5 | reward(game/avg): 4680/3514 | 0.54 games/s | ETA: 4391s
[gpu0] [ 613/3000] samples:  30650 | chain(game/max/avg): 2/5/2.5 | reward(game/avg): 3080/3513 | 0.54 games/s | ETA: 4382s
[gpu0] [ 614/3000] samples:  30700 | chain(game/max/avg): 3/5/2.5 | reward(game/avg): 4880/3515 | 0.55 games/s | ETA: 4373s
[gpu0] [ 615/3000] samples:  30750 | chain(game/max/avg): 2/5/2.5 | reward(game/avg): 2740/3514 | 0.55 games/s | ETA: 4364s
[gpu0] [ 619/3000] samples:  30950 | chain(game/max/avg): 2/5/2.5 | reward(game/avg): 3660/3514 | 0.55 games/s | ETA: 4328s
[gpu0] [ 621/3000] samples:  31050 | chain(game/max/avg): 2/5/2.5 | reward(game/avg): 2610/3510 | 0.55 games/s | ETA: 4311s
[gpu0] [ 618/3000] samples:  30900 | chain(game/max/avg): 3/5/2.5 | reward(game/avg): 3960/3513 | 0.55 games/s | ETA: 4337s
[gpu0] [ 620/3000] samples:  31000 | chain(game/max/avg): 2/5/2.5 | reward(game/avg): 2040/3511 | 0.55 games/s | ETA: 4320s
[gpu0] [ 616/3000] samples:  30800 | chain(game/max/avg): 2/5/2.5 | reward(game/avg): 3820/3515 | 0.55 games/s | ETA: 4355s
[gpu0] [ 622/3000] samples:  31100 | chain(game/max/avg): 2/5/2.5 | reward(game/avg): 2530/3508 | 0.55 games/s | ETA: 4302s
[gpu0] [ 623/3000] samples:  31150 | chain(game/max/avg): 2/5/2.5 | reward(game/avg): 2940/3507 | 0.55 games/s | ETA: 4293s
[gpu0] [ 617/3000] samples:  30850 | chain(game/max/avg): 2/5/2.5 | reward(game/avg): 2360/3513 | 0.55 games/s | ETA: 4346s
[gpu0] [ 624/3000] samples:  31200 | chain(game/max/avg): 3/5/2.5 | reward(game/avg): 4070/3508 | 0.55 games/s | ETA: 4285s
[gpu0] [ 625/3000] samples:  31250 | chain(game/max/avg): 2/5/2.5 | reward(game/avg): 3680/3509 | 0.56 games/s | ETA: 4276s
[gpu0] [ 626/3000] samples:  31300 | chain(game/max/avg): 2/5/2.5 | reward(game/avg): 3260/3508 | 0.56 games/s | ETA: 4267s
[gpu0] [ 627/3000] samples:  31350 | chain(game/max/avg): 2/5/2.5 | reward(game/avg): 3260/3508 | 0.56 games/s | ETA: 4259s
[gpu0] [ 628/3000] samples:  31400 | chain(game/max/avg): 2/5/2.5 | reward(game/avg): 3550/3508 | 0.56 games/s | ETA: 4250s
[gpu0] [ 629/3000] samples:  31450 | chain(game/max/avg): 3/5/2.5 | reward(game/avg): 3490/3508 | 0.56 games/s | ETA: 4242s
[gpu0] [ 632/3000] samples:  31600 | chain(game/max/avg): 2/5/2.5 | reward(game/avg): 3300/3508 | 0.56 games/s | ETA: 4216s
[gpu0] [ 630/3000] samples:  31500 | chain(game/max/avg): 2/5/2.5 | reward(game/avg): 3300/3507 | 0.56 games/s | ETA: 4233s
[gpu0] [ 631/3000] samples:  31550 | chain(game/max/avg): 2/5/2.5 | reward(game/avg): 4000/3508 | 0.56 games/s | ETA: 4225s
[gpu0] [ 634/3000] samples:  31700 | chain(game/max/avg): 2/5/2.5 | reward(game/avg): 1760/3506 | 0.56 games/s | ETA: 4199s
[gpu0] [ 633/3000] samples:  31650 | chain(game/max/avg): 3/5/2.5 | reward(game/avg): 3900/3509 | 0.56 games/s | ETA: 4208s
[gpu0] [ 636/3000] samples:  31800 | chain(game/max/avg): 2/5/2.5 | reward(game/avg): 4180/3506 | 0.57 games/s | ETA: 4183s
[gpu0] [ 637/3000] samples:  31850 | chain(game/max/avg): 3/5/2.5 | reward(game/avg): 4620/3507 | 0.57 games/s | ETA: 4174s
[gpu0] [ 639/3000] samples:  31950 | chain(game/max/avg): 2/5/2.5 | reward(game/avg): 3380/3509 | 0.57 games/s | ETA: 4158s
[gpu0] [ 635/3000] samples:  31750 | chain(game/max/avg): 2/5/2.5 | reward(game/avg): 2670/3504 | 0.56 games/s | ETA: 4191s
[gpu0] [ 640/3000] samples:  32000 | chain(game/max/avg): 2/5/2.5 | reward(game/avg): 2730/3508 | 0.57 games/s | ETA: 4149s
[gpu0] [ 638/3000] samples:  31900 | chain(game/max/avg): 4/5/2.5 | reward(game/avg): 4940/3510 | 0.57 games/s | ETA: 4166s
[gpu0] [ 641/3000] samples:  32050 | chain(game/max/avg): 2/5/2.5 | reward(game/avg): 2530/3507 | 0.57 games/s | ETA: 4141s
[gpu0] [ 642/3000] samples:  32100 | chain(game/max/avg): 3/5/2.5 | reward(game/avg): 4160/3508 | 0.57 games/s | ETA: 4133s
[gpu0] [ 643/3000] samples:  32150 | chain(game/max/avg): 3/5/2.5 | reward(game/avg): 4100/3509 | 0.57 games/s | ETA: 4125s
[gpu0] [ 644/3000] samples:  32200 | chain(game/max/avg): 2/5/2.5 | reward(game/avg): 3580/3509 | 0.57 games/s | ETA: 4117s
[gpu0] [ 645/3000] samples:  32250 | chain(game/max/avg): 2/5/2.5 | reward(game/avg): 4450/3510 | 0.57 games/s | ETA: 4108s
[gpu0] [ 646/3000] samples:  32300 | chain(game/max/avg): 2/5/2.5 | reward(game/avg): 3520/3510 | 0.57 games/s | ETA: 4100s
[gpu0] [ 647/3000] samples:  32350 | chain(game/max/avg): 3/5/2.5 | reward(game/avg): 3900/3511 | 0.57 games/s | ETA: 4092s
[gpu0] [ 648/3000] samples:  32400 | chain(game/max/avg): 2/5/2.5 | reward(game/avg): 3520/3511 | 0.58 games/s | ETA: 4084s
[gpu0] [ 649/3000] samples:  32450 | chain(game/max/avg): 3/5/2.5 | reward(game/avg): 3980/3511 | 0.58 games/s | ETA: 4076s
[gpu0] [ 650/3000] samples:  32500 | chain(game/max/avg): 2/5/2.5 | reward(game/avg): 3700/3512 | 0.58 games/s | ETA: 4068s
[gpu0] [ 651/3000] samples:  32550 | chain(game/max/avg): 2/5/2.5 | reward(game/avg): 3260/3511 | 0.58 games/s | ETA: 4060s
[gpu0] [ 652/3000] samples:  32600 | chain(game/max/avg): 3/5/2.5 | reward(game/avg): 4720/3513 | 0.58 games/s | ETA: 4052s
[gpu0] [ 653/3000] samples:  32650 | chain(game/max/avg): 3/5/2.5 | reward(game/avg): 4710/3515 | 0.58 games/s | ETA: 4044s
[gpu0] [ 654/3000] samples:  32700 | chain(game/max/avg): 3/5/2.5 | reward(game/avg): 4640/3517 | 0.58 games/s | ETA: 4036s
[gpu0] [ 655/3000] samples:  32750 | chain(game/max/avg): 2/5/2.5 | reward(game/avg): 3270/3516 | 0.58 games/s | ETA: 4029s
[gpu0] [ 656/3000] samples:  32800 | chain(game/max/avg): 2/5/2.5 | reward(game/avg): 3140/3516 | 0.58 games/s | ETA: 4021s
[gpu0] [ 657/3000] samples:  32850 | chain(game/max/avg): 2/5/2.5 | reward(game/avg): 3580/3516 | 0.58 games/s | ETA: 4013s
[gpu0] [ 658/3000] samples:  32900 | chain(game/max/avg): 2/5/2.5 | reward(game/avg): 3900/3517 | 0.58 games/s | ETA: 4005s
[gpu0] [ 659/3000] samples:  32950 | chain(game/max/avg): 2/5/2.5 | reward(game/avg): 2820/3515 | 0.59 games/s | ETA: 3997s
[gpu0] [ 660/3000] samples:  33000 | chain(game/max/avg): 2/5/2.5 | reward(game/avg): 2800/3514 | 0.59 games/s | ETA: 3990s
[gpu0] [ 664/3000] samples:  33200 | chain(game/max/avg): 2/5/2.5 | reward(game/avg): 3560/3519 | 0.59 games/s | ETA: 3959s
[gpu0] [ 662/3000] samples:  33100 | chain(game/max/avg): 3/5/2.5 | reward(game/avg): 3940/3517 | 0.59 games/s | ETA: 3974s
[gpu0] [ 663/3000] samples:  33150 | chain(game/max/avg): 3/5/2.5 | reward(game/avg): 4780/3519 | 0.59 games/s | ETA: 3967s
[gpu0] [ 665/3000] samples:  33250 | chain(game/max/avg): 2/5/2.5 | reward(game/avg): 2780/3518 | 0.59 games/s | ETA: 3951s
[gpu0] [ 661/3000] samples:  33050 | chain(game/max/avg): 3/5/2.5 | reward(game/avg): 4740/3516 | 0.59 games/s | ETA: 3982s
[gpu0] [ 666/3000] samples:  33300 | chain(game/max/avg): 2/5/2.5 | reward(game/avg): 4320/3519 | 0.59 games/s | ETA: 3944s
[gpu0] [ 667/3000] samples:  33350 | chain(game/max/avg): 2/5/2.5 | reward(game/avg): 2620/3518 | 0.59 games/s | ETA: 3936s
[gpu0] [ 668/3000] samples:  33400 | chain(game/max/avg): 2/5/2.5 | reward(game/avg): 3040/3517 | 0.59 games/s | ETA: 3928s
[gpu0] [ 669/3000] samples:  33450 | chain(game/max/avg): 2/5/2.4 | reward(game/avg): 3820/3517 | 0.59 games/s | ETA: 3921s
[gpu0] [ 670/3000] samples:  33500 | chain(game/max/avg): 4/5/2.5 | reward(game/avg): 4720/3519 | 0.60 games/s | ETA: 3913s
[gpu0] [ 671/3000] samples:  33550 | chain(game/max/avg): 3/5/2.5 | reward(game/avg): 4320/3520 | 0.60 games/s | ETA: 3906s
[gpu0] [ 672/3000] samples:  33600 | chain(game/max/avg): 2/5/2.5 | reward(game/avg): 3360/3520 | 0.60 games/s | ETA: 3898s
[gpu0] [ 673/3000] samples:  33650 | chain(game/max/avg): 2/5/2.5 | reward(game/avg): 2060/3518 | 0.60 games/s | ETA: 3891s
[gpu0] [ 674/3000] samples:  33700 | chain(game/max/avg): 3/5/2.5 | reward(game/avg): 3840/3518 | 0.60 games/s | ETA: 3883s
[gpu0] [ 675/3000] samples:  33750 | chain(game/max/avg): 2/5/2.5 | reward(game/avg): 4380/3520 | 0.60 games/s | ETA: 3876s
[gpu0] [ 676/3000] samples:  33800 | chain(game/max/avg): 2/5/2.5 | reward(game/avg): 2960/3519 | 0.60 games/s | ETA: 3869s
[gpu0] [ 677/3000] samples:  33850 | chain(game/max/avg): 3/5/2.5 | reward(game/avg): 3440/3519 | 0.60 games/s | ETA: 3861s
[gpu0] [ 678/3000] samples:  33900 | chain(game/max/avg): 4/5/2.5 | reward(game/avg): 5620/3522 | 0.60 games/s | ETA: 3854s
[gpu0] [ 679/3000] samples:  33950 | chain(game/max/avg): 3/5/2.5 | reward(game/avg): 3410/3522 | 0.60 games/s | ETA: 3847s
[gpu0] [ 680/3000] samples:  34000 | chain(game/max/avg): 3/5/2.5 | reward(game/avg): 3900/3522 | 0.60 games/s | ETA: 3839s
[gpu0] [ 681/3000] samples:  34050 | chain(game/max/avg): 2/5/2.5 | reward(game/avg): 3640/3522 | 0.61 games/s | ETA: 3832s
[gpu0] [ 682/3000] samples:  34100 | chain(game/max/avg): 2/5/2.5 | reward(game/avg): 2640/3521 | 0.61 games/s | ETA: 3825s
[gpu0] [ 683/3000] samples:  34150 | chain(game/max/avg): 3/5/2.5 | reward(game/avg): 3120/3520 | 0.61 games/s | ETA: 3817s
[gpu0] [ 684/3000] samples:  34200 | chain(game/max/avg): 2/5/2.5 | reward(game/avg): 4460/3522 | 0.61 games/s | ETA: 3810s
[gpu0] [ 687/3000] samples:  34350 | chain(game/max/avg): 2/5/2.5 | reward(game/avg): 1920/3518 | 0.61 games/s | ETA: 3789s
[gpu0] [ 686/3000] samples:  34300 | chain(game/max/avg): 2/5/2.5 | reward(game/avg): 2540/3520 | 0.61 games/s | ETA: 3796s
[gpu0] [ 688/3000] samples:  34400 | chain(game/max/avg): 2/5/2.5 | reward(game/avg): 3520/3518 | 0.61 games/s | ETA: 3782s
[gpu0] [ 685/3000] samples:  34250 | chain(game/max/avg): 3/5/2.5 | reward(game/avg): 3340/3522 | 0.61 games/s | ETA: 3803s
[gpu0] [ 689/3000] samples:  34450 | chain(game/max/avg): 2/5/2.5 | reward(game/avg): 4480/3519 | 0.61 games/s | ETA: 3774s
[gpu0] [ 690/3000] samples:  34500 | chain(game/max/avg): 3/5/2.5 | reward(game/avg): 4060/3520 | 0.61 games/s | ETA: 3767s
[gpu0] [ 691/3000] samples:  34550 | chain(game/max/avg): 3/5/2.5 | reward(game/avg): 4280/3521 | 0.61 games/s | ETA: 3760s
[gpu0] [ 692/3000] samples:  34600 | chain(game/max/avg): 2/5/2.5 | reward(game/avg): 3320/3521 | 0.61 games/s | ETA: 3753s
[gpu0] [ 693/3000] samples:  34650 | chain(game/max/avg): 3/5/2.5 | reward(game/avg): 3230/3520 | 0.62 games/s | ETA: 3746s
[gpu0] [ 695/3000] samples:  34750 | chain(game/max/avg): 3/5/2.5 | reward(game/avg): 3300/3520 | 0.62 games/s | ETA: 3732s
[gpu0] [ 696/3000] samples:  34800 | chain(game/max/avg): 3/5/2.5 | reward(game/avg): 4380/3521 | 0.62 games/s | ETA: 3725s
[gpu0] [ 697/3000] samples:  34850 | chain(game/max/avg): 3/5/2.5 | reward(game/avg): 4020/3521 | 0.62 games/s | ETA: 3718s
[gpu0] [ 699/3000] samples:  34950 | chain(game/max/avg): 2/5/2.5 | reward(game/avg): 2600/3521 | 0.62 games/s | ETA: 3704s
[gpu0] [ 694/3000] samples:  34700 | chain(game/max/avg): 2/5/2.5 | reward(game/avg): 3130/3520 | 0.62 games/s | ETA: 3739s
[gpu0] [ 698/3000] samples:  34900 | chain(game/max/avg): 3/5/2.5 | reward(game/avg): 3800/3522 | 0.62 games/s | ETA: 3711s
[gpu0] [ 700/3000] samples:  35000 | chain(game/max/avg): 3/5/2.5 | reward(game/avg): 4900/3523 | 0.62 games/s | ETA: 3697s
[gpu0] [ 701/3000] samples:  35050 | chain(game/max/avg): 3/5/2.5 | reward(game/avg): 3540/3523 | 0.62 games/s | ETA: 3691s
[gpu0] [ 702/3000] samples:  35100 | chain(game/max/avg): 4/5/2.5 | reward(game/avg): 5700/3526 | 0.62 games/s | ETA: 3684s
[gpu0] [ 703/3000] samples:  35150 | chain(game/max/avg): 2/5/2.5 | reward(game/avg): 2860/3525 | 0.62 games/s | ETA: 3677s
[gpu0] [ 704/3000] samples:  35200 | chain(game/max/avg): 3/5/2.5 | reward(game/avg): 4560/3526 | 0.63 games/s | ETA: 3670s
[gpu0] [ 705/3000] samples:  35250 | chain(game/max/avg): 2/5/2.5 | reward(game/avg): 2620/3525 | 0.63 games/s | ETA: 3663s
[gpu0] [ 706/3000] samples:  35300 | chain(game/max/avg): 3/5/2.5 | reward(game/avg): 5120/3527 | 0.63 games/s | ETA: 3656s
[gpu0] [ 707/3000] samples:  35350 | chain(game/max/avg): 2/5/2.5 | reward(game/avg): 2960/3526 | 0.63 games/s | ETA: 3650s
[gpu0] [ 708/3000] samples:  35400 | chain(game/max/avg): 2/5/2.5 | reward(game/avg): 2840/3525 | 0.63 games/s | ETA: 3643s
[gpu0] [ 709/3000] samples:  35450 | chain(game/max/avg): 2/5/2.5 | reward(game/avg): 3260/3525 | 0.63 games/s | ETA: 3636s
[gpu0] [ 711/3000] samples:  35550 | chain(game/max/avg): 2/5/2.5 | reward(game/avg): 3910/3526 | 0.63 games/s | ETA: 3623s
[gpu0] [ 710/3000] samples:  35500 | chain(game/max/avg): 2/5/2.5 | reward(game/avg): 3880/3526 | 0.63 games/s | ETA: 3629s
[gpu0] [ 712/3000] samples:  35600 | chain(game/max/avg): 3/5/2.5 | reward(game/avg): 3580/3526 | 0.63 games/s | ETA: 3616s
[gpu0] [ 713/3000] samples:  35650 | chain(game/max/avg): 2/5/2.5 | reward(game/avg): 3940/3527 | 0.63 games/s | ETA: 3609s
[gpu0] [ 714/3000] samples:  35700 | chain(game/max/avg): 2/5/2.5 | reward(game/avg): 3770/3527 | 0.63 games/s | ETA: 3603s
[gpu0] [ 719/3000] samples:  35950 | chain(game/max/avg): 2/5/2.5 | reward(game/avg): 2620/3527 | 0.64 games/s | ETA: 3570s
[gpu0] [ 715/3000] samples:  35750 | chain(game/max/avg): 3/5/2.5 | reward(game/avg): 4300/3528 | 0.64 games/s | ETA: 3596s
[gpu0] [ 716/3000] samples:  35800 | chain(game/max/avg): 3/5/2.5 | reward(game/avg): 4120/3529 | 0.64 games/s | ETA: 3590s
[gpu0] [ 717/3000] samples:  35850 | chain(game/max/avg): 2/5/2.5 | reward(game/avg): 2600/3528 | 0.64 games/s | ETA: 3583s
[gpu0] [ 718/3000] samples:  35950 | chain(game/max/avg): 3/5/2.5 | reward(game/avg): 4080/3532 | 0.64 games/s | ETA: 3577s
[gpu0] [ 720/3000] samples:  36000 | chain(game/max/avg): 2/5/2.5 | reward(game/avg): 2680/3526 | 0.64 games/s | ETA: 3564s
[gpu0] [ 721/3000] samples:  36050 | chain(game/max/avg): 3/5/2.5 | reward(game/avg): 5400/3529 | 0.64 games/s | ETA: 3557s
[gpu0] [ 722/3000] samples:  36100 | chain(game/max/avg): 2/5/2.5 | reward(game/avg): 3580/3529 | 0.64 games/s | ETA: 3551s
[gpu0] [ 723/3000] samples:  36150 | chain(game/max/avg): 2/5/2.5 | reward(game/avg): 2640/3527 | 0.64 games/s | ETA: 3544s
[gpu0] [ 724/3000] samples:  36200 | chain(game/max/avg): 3/5/2.5 | reward(game/avg): 5460/3530 | 0.64 games/s | ETA: 3538s
[gpu0] [ 725/3000] samples:  36250 | chain(game/max/avg): 2/5/2.5 | reward(game/avg): 3000/3529 | 0.64 games/s | ETA: 3531s
[gpu0] [ 726/3000] samples:  36300 | chain(game/max/avg): 2/5/2.5 | reward(game/avg): 3810/3530 | 0.65 games/s | ETA: 3525s
[gpu0] [ 727/3000] samples:  36350 | chain(game/max/avg): 3/5/2.5 | reward(game/avg): 4320/3531 | 0.65 games/s | ETA: 3518s
[gpu0] [ 728/3000] samples:  36400 | chain(game/max/avg): 3/5/2.5 | reward(game/avg): 3960/3531 | 0.65 games/s | ETA: 3512s
[gpu0] [ 729/3000] samples:  36450 | chain(game/max/avg): 4/5/2.5 | reward(game/avg): 4770/3533 | 0.65 games/s | ETA: 3506s
[gpu0] [ 730/3000] samples:  36500 | chain(game/max/avg): 3/5/2.5 | reward(game/avg): 3480/3533 | 0.65 games/s | ETA: 3499s
[gpu0] [ 731/3000] samples:  36550 | chain(game/max/avg): 2/5/2.5 | reward(game/avg): 3700/3533 | 0.65 games/s | ETA: 3493s
[gpu0] [ 732/3000] samples:  36600 | chain(game/max/avg): 3/5/2.5 | reward(game/avg): 4630/3535 | 0.65 games/s | ETA: 3487s
[gpu0] [ 733/3000] samples:  36650 | chain(game/max/avg): 2/5/2.5 | reward(game/avg): 3120/3534 | 0.65 games/s | ETA: 3480s
[gpu0] [ 734/3000] samples:  36700 | chain(game/max/avg): 2/5/2.5 | reward(game/avg): 2020/3532 | 0.65 games/s | ETA: 3474s
[gpu0] [ 735/3000] samples:  36750 | chain(game/max/avg): 2/5/2.5 | reward(game/avg): 3520/3532 | 0.65 games/s | ETA: 3468s
[gpu0] [ 736/3000] samples:  36800 | chain(game/max/avg): 2/5/2.5 | reward(game/avg): 3480/3532 | 0.65 games/s | ETA: 3462s
[gpu0] [ 737/3000] samples:  36850 | chain(game/max/avg): 3/5/2.5 | reward(game/avg): 4300/3533 | 0.65 games/s | ETA: 3455s
[gpu0] [ 738/3000] samples:  36900 | chain(game/max/avg): 2/5/2.5 | reward(game/avg): 4140/3534 | 0.66 games/s | ETA: 3449s
[gpu0] [ 739/3000] samples:  36950 | chain(game/max/avg): 2/5/2.5 | reward(game/avg): 4020/3535 | 0.66 games/s | ETA: 3443s
[gpu0] [ 741/3000] samples:  37050 | chain(game/max/avg): 2/5/2.5 | reward(game/avg): 3300/3536 | 0.66 games/s | ETA: 3431s
[gpu0] [ 742/3000] samples:  37100 | chain(game/max/avg): 2/5/2.5 | reward(game/avg): 2560/3534 | 0.66 games/s | ETA: 3425s
[gpu0] [ 740/3000] samples:  37000 | chain(game/max/avg): 2/5/2.5 | reward(game/avg): 4540/3536 | 0.66 games/s | ETA: 3437s
[gpu0] [ 743/3000] samples:  37150 | chain(game/max/avg): 2/5/2.5 | reward(game/avg): 3360/3534 | 0.66 games/s | ETA: 3418s
[gpu0] [ 745/3000] samples:  37250 | chain(game/max/avg): 2/5/2.5 | reward(game/avg): 3200/3535 | 0.66 games/s | ETA: 3406s
[gpu0] [ 747/3000] samples:  37350 | chain(game/max/avg): 2/5/2.5 | reward(game/avg): 2720/3535 | 0.66 games/s | ETA: 3394s
[gpu0] [ 744/3000] samples:  37200 | chain(game/max/avg): 3/5/2.5 | reward(game/avg): 4770/3536 | 0.66 games/s | ETA: 3412s
[gpu0] [ 746/3000] samples:  37300 | chain(game/max/avg): 3/5/2.5 | reward(game/avg): 3900/3536 | 0.66 games/s | ETA: 3400s
[gpu0] [ 748/3000] samples:  37400 | chain(game/max/avg): 3/5/2.5 | reward(game/avg): 4060/3535 | 0.66 games/s | ETA: 3388s
[gpu0] [ 749/3000] samples:  37450 | chain(game/max/avg): 2/5/2.5 | reward(game/avg): 3460/3535 | 0.67 games/s | ETA: 3382s
[gpu0] [ 750/3000] samples:  37500 | chain(game/max/avg): 3/5/2.5 | reward(game/avg): 4000/3536 | 0.67 games/s | ETA: 3376s
[gpu0] [ 751/3000] samples:  37550 | chain(game/max/avg): 3/5/2.5 | reward(game/avg): 3660/3536 | 0.67 games/s | ETA: 3370s
[gpu0] [ 752/3000] samples:  37600 | chain(game/max/avg): 3/5/2.5 | reward(game/avg): 4240/3537 | 0.67 games/s | ETA: 3364s
[gpu0] [ 753/3000] samples:  37650 | chain(game/max/avg): 3/5/2.5 | reward(game/avg): 4540/3538 | 0.67 games/s | ETA: 3358s
[gpu0] [ 754/3000] samples:  37700 | chain(game/max/avg): 3/5/2.5 | reward(game/avg): 4740/3540 | 0.67 games/s | ETA: 3352s
[gpu0] [ 755/3000] samples:  37750 | chain(game/max/avg): 2/5/2.5 | reward(game/avg): 3080/3539 | 0.67 games/s | ETA: 3346s
[gpu0] [ 757/3000] samples:  37850 | chain(game/max/avg): 2/5/2.5 | reward(game/avg): 3010/3539 | 0.67 games/s | ETA: 3334s
[gpu0] [ 756/3000] samples:  37800 | chain(game/max/avg): 3/5/2.5 | reward(game/avg): 3500/3539 | 0.67 games/s | ETA: 3340s
[gpu0] [ 758/3000] samples:  37900 | chain(game/max/avg): 2/5/2.5 | reward(game/avg): 2450/3537 | 0.67 games/s | ETA: 3329s
[gpu0] [ 759/3000] samples:  37950 | chain(game/max/avg): 2/5/2.5 | reward(game/avg): 3890/3538 | 0.67 games/s | ETA: 3323s
[gpu0] [ 760/3000] samples:  38000 | chain(game/max/avg): 2/5/2.5 | reward(game/avg): 4320/3539 | 0.68 games/s | ETA: 3317s
[gpu0] [ 761/3000] samples:  38050 | chain(game/max/avg): 2/5/2.5 | reward(game/avg): 3100/3538 | 0.68 games/s | ETA: 3311s
[gpu0] [ 762/3000] samples:  38100 | chain(game/max/avg): 2/5/2.5 | reward(game/avg): 3200/3538 | 0.68 games/s | ETA: 3305s
[gpu0] [ 763/3000] samples:  38150 | chain(game/max/avg): 3/5/2.5 | reward(game/avg): 4760/3539 | 0.68 games/s | ETA: 3299s
[gpu0] [ 764/3000] samples:  38200 | chain(game/max/avg): 2/5/2.5 | reward(game/avg): 2960/3538 | 0.68 games/s | ETA: 3294s
[gpu0] [ 765/3000] samples:  38250 | chain(game/max/avg): 3/5/2.5 | reward(game/avg): 3730/3539 | 0.68 games/s | ETA: 3288s
[gpu0] [ 766/3000] samples:  38300 | chain(game/max/avg): 2/5/2.5 | reward(game/avg): 3920/3539 | 0.68 games/s | ETA: 3282s
[gpu0] [ 767/3000] samples:  38350 | chain(game/max/avg): 3/5/2.5 | reward(game/avg): 4760/3541 | 0.68 games/s | ETA: 3276s
[gpu0] [ 768/3000] samples:  38400 | chain(game/max/avg): 2/5/2.5 | reward(game/avg): 3140/3540 | 0.68 games/s | ETA: 3271s
[gpu0] [ 769/3000] samples:  38450 | chain(game/max/avg): 2/5/2.5 | reward(game/avg): 2980/3540 | 0.68 games/s | ETA: 3265s
[gpu0] [ 770/3000] samples:  38500 | chain(game/max/avg): 3/5/2.5 | reward(game/avg): 5020/3541 | 0.68 games/s | ETA: 3259s
[gpu0] [ 771/3000] samples:  38550 | chain(game/max/avg): 2/5/2.5 | reward(game/avg): 2460/3540 | 0.69 games/s | ETA: 3253s
[gpu0] [ 772/3000] samples:  38600 | chain(game/max/avg): 4/5/2.5 | reward(game/avg): 3900/3541 | 0.69 games/s | ETA: 3248s
[gpu0] [ 773/3000] samples:  38650 | chain(game/max/avg): 3/5/2.5 | reward(game/avg): 4860/3542 | 0.69 games/s | ETA: 3242s
[gpu0] [ 774/3000] samples:  38700 | chain(game/max/avg): 2/5/2.5 | reward(game/avg): 3390/3542 | 0.69 games/s | ETA: 3236s
[gpu0] [ 775/3000] samples:  38750 | chain(game/max/avg): 3/5/2.5 | reward(game/avg): 4120/3543 | 0.69 games/s | ETA: 3231s
[gpu0] [ 776/3000] samples:  38800 | chain(game/max/avg): 3/5/2.5 | reward(game/avg): 3900/3543 | 0.69 games/s | ETA: 3225s
[gpu0] [ 777/3000] samples:  38850 | chain(game/max/avg): 2/5/2.5 | reward(game/avg): 3240/3543 | 0.69 games/s | ETA: 3220s
[gpu0] [ 784/3000] samples:  39200 | chain(game/max/avg): 2/5/2.5 | reward(game/avg): 2830/3543 | 0.70 games/s | ETA: 3181s
[gpu0] [ 779/3000] samples:  38950 | chain(game/max/avg): 2/5/2.5 | reward(game/avg): 3680/3543 | 0.69 games/s | ETA: 3209s
[gpu0] [ 780/3000] samples:  39000 | chain(game/max/avg): 4/5/2.5 | reward(game/avg): 5460/3545 | 0.69 games/s | ETA: 3203s
[gpu0] [ 778/3000] samples:  38950 | chain(game/max/avg): 3/5/2.5 | reward(game/avg): 3320/3547 | 0.69 games/s | ETA: 3214s
[gpu0] [ 781/3000] samples:  39050 | chain(game/max/avg): 2/5/2.5 | reward(game/avg): 3400/3545 | 0.69 games/s | ETA: 3197s
[gpu0] [ 782/3000] samples:  39100 | chain(game/max/avg): 3/5/2.5 | reward(game/avg): 3920/3545 | 0.69 games/s | ETA: 3192s
[gpu0] [ 783/3000] samples:  39150 | chain(game/max/avg): 2/5/2.5 | reward(game/avg): 2680/3544 | 0.70 games/s | ETA: 3186s
[gpu0] [ 785/3000] samples:  39250 | chain(game/max/avg): 3/5/2.5 | reward(game/avg): 4420/3545 | 0.70 games/s | ETA: 3175s
[gpu0] [ 786/3000] samples:  39300 | chain(game/max/avg): 2/5/2.5 | reward(game/avg): 2760/3544 | 0.70 games/s | ETA: 3170s
[gpu0] [ 787/3000] samples:  39350 | chain(game/max/avg): 3/5/2.5 | reward(game/avg): 4900/3545 | 0.70 games/s | ETA: 3165s
[gpu0] [ 788/3000] samples:  39400 | chain(game/max/avg): 3/5/2.5 | reward(game/avg): 3840/3546 | 0.70 games/s | ETA: 3159s
[gpu0] [ 789/3000] samples:  39450 | chain(game/max/avg): 2/5/2.5 | reward(game/avg): 2760/3545 | 0.70 games/s | ETA: 3154s
[gpu0] [ 790/3000] samples:  39500 | chain(game/max/avg): 2/5/2.5 | reward(game/avg): 3480/3545 | 0.70 games/s | ETA: 3148s
[gpu0] [ 791/3000] samples:  39550 | chain(game/max/avg): 3/5/2.5 | reward(game/avg): 4690/3546 | 0.70 games/s | ETA: 3143s
[gpu0] [ 792/3000] samples:  39600 | chain(game/max/avg): 3/5/2.5 | reward(game/avg): 3000/3545 | 0.70 games/s | ETA: 3137s
[gpu0] [ 793/3000] samples:  39650 | chain(game/max/avg): 3/5/2.5 | reward(game/avg): 3460/3545 | 0.70 games/s | ETA: 3132s
[gpu0] [ 794/3000] samples:  39700 | chain(game/max/avg): 3/5/2.5 | reward(game/avg): 4880/3547 | 0.71 games/s | ETA: 3127s
[gpu0] [ 795/3000] samples:  39750 | chain(game/max/avg): 3/5/2.5 | reward(game/avg): 4380/3548 | 0.71 games/s | ETA: 3121s
[gpu0] [ 796/3000] samples:  39800 | chain(game/max/avg): 4/5/2.5 | reward(game/avg): 7110/3552 | 0.71 games/s | ETA: 3116s
[gpu0] [ 797/3000] samples:  39850 | chain(game/max/avg): 2/5/2.5 | reward(game/avg): 3500/3552 | 0.71 games/s | ETA: 3111s
[gpu0] [ 798/3000] samples:  39900 | chain(game/max/avg): 2/5/2.5 | reward(game/avg): 2620/3551 | 0.71 games/s | ETA: 3105s
[gpu0] [ 799/3000] samples:  39950 | chain(game/max/avg): 2/5/2.5 | reward(game/avg): 2800/3550 | 0.71 games/s | ETA: 3100s
[gpu0] [ 800/3000] samples:  40000 | chain(game/max/avg): 2/5/2.5 | reward(game/avg): 3500/3550 | 0.71 games/s | ETA: 3095s
[gpu0] [ 801/3000] samples:  40050 | chain(game/max/avg): 3/5/2.5 | reward(game/avg): 4140/3551 | 0.71 games/s | ETA: 3090s
[gpu0] [ 802/3000] samples:  40100 | chain(game/max/avg): 2/5/2.5 | reward(game/avg): 3160/3550 | 0.71 games/s | ETA: 3084s
[gpu0] [ 803/3000] samples:  40150 | chain(game/max/avg): 3/5/2.5 | reward(game/avg): 4980/3552 | 0.71 games/s | ETA: 3079s
[gpu0] [ 804/3000] samples:  40200 | chain(game/max/avg): 2/5/2.5 | reward(game/avg): 2920/3551 | 0.71 games/s | ETA: 3074s
[gpu0] [ 805/3000] samples:  40250 | chain(game/max/avg): 3/5/2.5 | reward(game/avg): 3980/3552 | 0.72 games/s | ETA: 3069s
[gpu0] [ 806/3000] samples:  40300 | chain(game/max/avg): 2/5/2.5 | reward(game/avg): 2860/3551 | 0.72 games/s | ETA: 3063s
[gpu0] [ 808/3000] samples:  40400 | chain(game/max/avg): 2/5/2.5 | reward(game/avg): 2440/3549 | 0.72 games/s | ETA: 3053s
[gpu0] [ 807/3000] samples:  40350 | chain(game/max/avg): 2/5/2.5 | reward(game/avg): 2690/3550 | 0.72 games/s | ETA: 3058s
[gpu0] [ 809/3000] samples:  40450 | chain(game/max/avg): 2/5/2.5 | reward(game/avg): 2880/3548 | 0.72 games/s | ETA: 3048s
[gpu0] [ 810/3000] samples:  40500 | chain(game/max/avg): 3/5/2.5 | reward(game/avg): 3680/3548 | 0.72 games/s | ETA: 3043s
[gpu0] [ 811/3000] samples:  40550 | chain(game/max/avg): 3/5/2.5 | reward(game/avg): 2740/3547 | 0.72 games/s | ETA: 3038s
[gpu0] [ 812/3000] samples:  40600 | chain(game/max/avg): 2/5/2.5 | reward(game/avg): 3700/3547 | 0.72 games/s | ETA: 3032s
[gpu0] [ 813/3000] samples:  40650 | chain(game/max/avg): 4/5/2.5 | reward(game/avg): 5680/3550 | 0.72 games/s | ETA: 3027s
[gpu0] [ 814/3000] samples:  40700 | chain(game/max/avg): 3/5/2.5 | reward(game/avg): 3800/3550 | 0.72 games/s | ETA: 3022s
[gpu0] [ 815/3000] samples:  40750 | chain(game/max/avg): 3/5/2.5 | reward(game/avg): 4080/3551 | 0.72 games/s | ETA: 3017s
[gpu0] [ 816/3000] samples:  40800 | chain(game/max/avg): 2/5/2.5 | reward(game/avg): 2540/3550 | 0.73 games/s | ETA: 3012s
[gpu0] [ 818/3000] samples:  40900 | chain(game/max/avg): 2/5/2.5 | reward(game/avg): 3580/3554 | 0.73 games/s | ETA: 3002s
[gpu0] [ 817/3000] samples:  40900 | chain(game/max/avg): 5/5/2.5 | reward(game/avg): 7420/3559 | 0.73 games/s | ETA: 3007s
[gpu0] [ 819/3000] samples:  40950 | chain(game/max/avg): 2/5/2.5 | reward(game/avg): 3040/3554 | 0.73 games/s | ETA: 2997s
[gpu0] [ 820/3000] samples:  41000 | chain(game/max/avg): 3/5/2.5 | reward(game/avg): 2880/3553 | 0.73 games/s | ETA: 2992s
[gpu0] [ 821/3000] samples:  41050 | chain(game/max/avg): 3/5/2.5 | reward(game/avg): 3790/3553 | 0.73 games/s | ETA: 2987s
[gpu0] [ 822/3000] samples:  41100 | chain(game/max/avg): 2/5/2.5 | reward(game/avg): 3400/3553 | 0.73 games/s | ETA: 2982s
[gpu0] [ 823/3000] samples:  41150 | chain(game/max/avg): 2/5/2.5 | reward(game/avg): 4080/3554 | 0.73 games/s | ETA: 2977s
[gpu0] [ 824/3000] samples:  41200 | chain(game/max/avg): 3/5/2.5 | reward(game/avg): 4560/3555 | 0.73 games/s | ETA: 2972s
[gpu0] [ 825/3000] samples:  41250 | chain(game/max/avg): 2/5/2.5 | reward(game/avg): 3990/3555 | 0.73 games/s | ETA: 2967s
[gpu0] [ 826/3000] samples:  41300 | chain(game/max/avg): 3/5/2.5 | reward(game/avg): 3860/3556 | 0.73 games/s | ETA: 2962s
[gpu0] [ 827/3000] samples:  41350 | chain(game/max/avg): 3/5/2.5 | reward(game/avg): 3380/3556 | 0.73 games/s | ETA: 2957s
[gpu0] [ 828/3000] samples:  41400 | chain(game/max/avg): 2/5/2.5 | reward(game/avg): 3460/3555 | 0.74 games/s | ETA: 2952s
[gpu0] [ 829/3000] samples:  41450 | chain(game/max/avg): 2/5/2.5 | reward(game/avg): 3580/3555 | 0.74 games/s | ETA: 2947s
[gpu0] [ 830/3000] samples:  41500 | chain(game/max/avg): 3/5/2.5 | reward(game/avg): 3360/3555 | 0.74 games/s | ETA: 2942s
[gpu0] [ 831/3000] samples:  41550 | chain(game/max/avg): 2/5/2.5 | reward(game/avg): 3640/3555 | 0.74 games/s | ETA: 2937s
[gpu0] [ 832/3000] samples:  41600 | chain(game/max/avg): 3/5/2.5 | reward(game/avg): 4000/3556 | 0.74 games/s | ETA: 2932s
[gpu0] [ 833/3000] samples:  41650 | chain(game/max/avg): 3/5/2.5 | reward(game/avg): 3180/3555 | 0.74 games/s | ETA: 2928s
[gpu0] [ 834/3000] samples:  41700 | chain(game/max/avg): 2/5/2.5 | reward(game/avg): 1960/3554 | 0.74 games/s | ETA: 2923s
[gpu0] [ 835/3000] samples:  41750 | chain(game/max/avg): 3/5/2.5 | reward(game/avg): 3840/3554 | 0.74 games/s | ETA: 2918s
[gpu0] [ 836/3000] samples:  41800 | chain(game/max/avg): 2/5/2.5 | reward(game/avg): 2920/3553 | 0.74 games/s | ETA: 2913s
[gpu0] [ 839/3000] samples:  41950 | chain(game/max/avg): 2/5/2.5 | reward(game/avg): 3340/3554 | 0.75 games/s | ETA: 2899s
[gpu0] [ 838/3000] samples:  41900 | chain(game/max/avg): 3/5/2.5 | reward(game/avg): 2680/3554 | 0.74 games/s | ETA: 2904s
[gpu0] [ 837/3000] samples:  41900 | chain(game/max/avg): 3/5/2.5 | reward(game/avg): 5050/3558 | 0.74 games/s | ETA: 2908s
[gpu0] [ 840/3000] samples:  42000 | chain(game/max/avg): 3/5/2.5 | reward(game/avg): 4260/3554 | 0.75 games/s | ETA: 2894s
[gpu0] [ 841/3000] samples:  42050 | chain(game/max/avg): 2/5/2.5 | reward(game/avg): 3950/3555 | 0.75 games/s | ETA: 2889s
[gpu0] [ 842/3000] samples:  42100 | chain(game/max/avg): 3/5/2.5 | reward(game/avg): 3660/3555 | 0.75 games/s | ETA: 2884s
[gpu0] [ 843/3000] samples:  42150 | chain(game/max/avg): 3/5/2.5 | reward(game/avg): 3280/3555 | 0.75 games/s | ETA: 2880s
[gpu0] [ 844/3000] samples:  42200 | chain(game/max/avg): 3/5/2.5 | reward(game/avg): 3840/3555 | 0.75 games/s | ETA: 2875s
[gpu0] [ 845/3000] samples:  42250 | chain(game/max/avg): 3/5/2.5 | reward(game/avg): 4360/3556 | 0.75 games/s | ETA: 2870s
[gpu0] [ 846/3000] samples:  42300 | chain(game/max/avg): 3/5/2.5 | reward(game/avg): 3040/3555 | 0.75 games/s | ETA: 2865s
[gpu0] [ 847/3000] samples:  42350 | chain(game/max/avg): 2/5/2.5 | reward(game/avg): 4740/3557 | 0.75 games/s | ETA: 2861s
[gpu0] [ 848/3000] samples:  42400 | chain(game/max/avg): 2/5/2.5 | reward(game/avg): 2520/3556 | 0.75 games/s | ETA: 2856s
[gpu0] [ 850/3000] samples:  42500 | chain(game/max/avg): 2/5/2.5 | reward(game/avg): 2580/3556 | 0.76 games/s | ETA: 2847s
[gpu0] [ 849/3000] samples:  42450 | chain(game/max/avg): 3/5/2.5 | reward(game/avg): 4840/3557 | 0.75 games/s | ETA: 2851s
[gpu0] [ 851/3000] samples:  42550 | chain(game/max/avg): 2/5/2.5 | reward(game/avg): 3080/3555 | 0.76 games/s | ETA: 2842s
[gpu0] [ 852/3000] samples:  42600 | chain(game/max/avg): 2/5/2.5 | reward(game/avg): 2740/3554 | 0.76 games/s | ETA: 2837s
[gpu0] [ 853/3000] samples:  42650 | chain(game/max/avg): 3/5/2.5 | reward(game/avg): 4180/3555 | 0.76 games/s | ETA: 2833s
[gpu0] [ 854/3000] samples:  42700 | chain(game/max/avg): 2/5/2.5 | reward(game/avg): 2980/3554 | 0.76 games/s | ETA: 2828s
[gpu0] [ 855/3000] samples:  42750 | chain(game/max/avg): 2/5/2.5 | reward(game/avg): 2820/3554 | 0.76 games/s | ETA: 2823s
[gpu0] [ 856/3000] samples:  42800 | chain(game/max/avg): 3/5/2.5 | reward(game/avg): 4230/3554 | 0.76 games/s | ETA: 2819s
[gpu0] [ 857/3000] samples:  42850 | chain(game/max/avg): 2/5/2.5 | reward(game/avg): 2910/3554 | 0.76 games/s | ETA: 2814s
[gpu0] [ 858/3000] samples:  42900 | chain(game/max/avg): 3/5/2.5 | reward(game/avg): 3640/3554 | 0.76 games/s | ETA: 2810s
[gpu0] [ 859/3000] samples:  42950 | chain(game/max/avg): 3/5/2.5 | reward(game/avg): 3560/3554 | 0.76 games/s | ETA: 2805s
[gpu0] [ 860/3000] samples:  43000 | chain(game/max/avg): 2/5/2.5 | reward(game/avg): 3140/3553 | 0.76 games/s | ETA: 2800s
[gpu0] [ 861/3000] samples:  43050 | chain(game/max/avg): 4/5/2.5 | reward(game/avg): 5700/3556 | 0.77 games/s | ETA: 2796s
[gpu0] [ 862/3000] samples:  43100 | chain(game/max/avg): 2/5/2.5 | reward(game/avg): 3440/3556 | 0.77 games/s | ETA: 2791s
[gpu0] [ 863/3000] samples:  43150 | chain(game/max/avg): 2/5/2.5 | reward(game/avg): 4040/3556 | 0.77 games/s | ETA: 2787s
[gpu0] [ 864/3000] samples:  43200 | chain(game/max/avg): 2/5/2.5 | reward(game/avg): 2410/3555 | 0.77 games/s | ETA: 2782s
[gpu0] [ 865/3000] samples:  43250 | chain(game/max/avg): 3/5/2.5 | reward(game/avg): 3580/3555 | 0.77 games/s | ETA: 2778s
[gpu0] [ 866/3000] samples:  43300 | chain(game/max/avg): 2/5/2.5 | reward(game/avg): 2940/3554 | 0.77 games/s | ETA: 2773s
[gpu0] [ 867/3000] samples:  43350 | chain(game/max/avg): 3/5/2.5 | reward(game/avg): 4640/3555 | 0.77 games/s | ETA: 2769s
[gpu0] [ 868/3000] samples:  43400 | chain(game/max/avg): 3/5/2.5 | reward(game/avg): 3160/3555 | 0.77 games/s | ETA: 2764s
[gpu0] [ 869/3000] samples:  43450 | chain(game/max/avg): 3/5/2.5 | reward(game/avg): 3640/3555 | 0.77 games/s | ETA: 2760s
[gpu0] [ 870/3000] samples:  43500 | chain(game/max/avg): 3/5/2.5 | reward(game/avg): 4200/3556 | 0.77 games/s | ETA: 2755s
[gpu0] [ 871/3000] samples:  43550 | chain(game/max/avg): 2/5/2.5 | reward(game/avg): 3000/3555 | 0.77 games/s | ETA: 2751s
[gpu0] [ 872/3000] samples:  43600 | chain(game/max/avg): 3/5/2.5 | reward(game/avg): 3800/3555 | 0.77 games/s | ETA: 2746s
[gpu0] [ 873/3000] samples:  43650 | chain(game/max/avg): 4/5/2.5 | reward(game/avg): 5220/3557 | 0.78 games/s | ETA: 2742s
[gpu0] [ 874/3000] samples:  43700 | chain(game/max/avg): 2/5/2.5 | reward(game/avg): 2500/3556 | 0.78 games/s | ETA: 2738s
[gpu0] [ 875/3000] samples:  43750 | chain(game/max/avg): 3/5/2.5 | reward(game/avg): 5080/3558 | 0.78 games/s | ETA: 2733s
[gpu0] [ 876/3000] samples:  43800 | chain(game/max/avg): 2/5/2.5 | reward(game/avg): 3240/3558 | 0.78 games/s | ETA: 2729s
[gpu0] [ 877/3000] samples:  43850 | chain(game/max/avg): 3/5/2.5 | reward(game/avg): 3680/3558 | 0.78 games/s | ETA: 2724s
[gpu0] [ 878/3000] samples:  43900 | chain(game/max/avg): 2/5/2.5 | reward(game/avg): 2820/3557 | 0.78 games/s | ETA: 2720s
[gpu0] [ 879/3000] samples:  43950 | chain(game/max/avg): 2/5/2.5 | reward(game/avg): 3440/3557 | 0.78 games/s | ETA: 2716s
[gpu0] [ 880/3000] samples:  44000 | chain(game/max/avg): 2/5/2.5 | reward(game/avg): 3170/3556 | 0.78 games/s | ETA: 2711s
[gpu0] [ 881/3000] samples:  44050 | chain(game/max/avg): 2/5/2.5 | reward(game/avg): 2320/3555 | 0.78 games/s | ETA: 2707s
[gpu0] [ 882/3000] samples:  44100 | chain(game/max/avg): 2/5/2.5 | reward(game/avg): 2120/3553 | 0.78 games/s | ETA: 2703s
[gpu0] [ 883/3000] samples:  44150 | chain(game/max/avg): 3/5/2.5 | reward(game/avg): 4400/3554 | 0.78 games/s | ETA: 2698s
[gpu0] [ 884/3000] samples:  44200 | chain(game/max/avg): 2/5/2.5 | reward(game/avg): 3220/3554 | 0.79 games/s | ETA: 2694s
[gpu0] [ 885/3000] samples:  44250 | chain(game/max/avg): 4/5/2.5 | reward(game/avg): 5720/3556 | 0.79 games/s | ETA: 2690s
[gpu0] [ 886/3000] samples:  44300 | chain(game/max/avg): 2/5/2.5 | reward(game/avg): 3560/3556 | 0.79 games/s | ETA: 2685s
[gpu0] [ 887/3000] samples:  44350 | chain(game/max/avg): 3/5/2.5 | reward(game/avg): 3920/3557 | 0.79 games/s | ETA: 2681s
[gpu0] [ 888/3000] samples:  44400 | chain(game/max/avg): 2/5/2.5 | reward(game/avg): 4070/3557 | 0.79 games/s | ETA: 2677s
[gpu0] [ 889/3000] samples:  44450 | chain(game/max/avg): 2/5/2.5 | reward(game/avg): 2440/3556 | 0.79 games/s | ETA: 2673s
[gpu0] [ 890/3000] samples:  44500 | chain(game/max/avg): 3/5/2.5 | reward(game/avg): 4540/3557 | 0.79 games/s | ETA: 2668s
[gpu0] [ 891/3000] samples:  44550 | chain(game/max/avg): 2/5/2.5 | reward(game/avg): 4580/3558 | 0.79 games/s | ETA: 2664s
[gpu0] [ 892/3000] samples:  44600 | chain(game/max/avg): 3/5/2.5 | reward(game/avg): 3360/3558 | 0.79 games/s | ETA: 2660s
[gpu0] [ 893/3000] samples:  44650 | chain(game/max/avg): 3/5/2.5 | reward(game/avg): 4400/3559 | 0.79 games/s | ETA: 2656s
[gpu0] [ 894/3000] samples:  44700 | chain(game/max/avg): 3/5/2.5 | reward(game/avg): 3200/3559 | 0.79 games/s | ETA: 2651s
[gpu0] [ 895/3000] samples:  44750 | chain(game/max/avg): 3/5/2.5 | reward(game/avg): 3100/3558 | 0.80 games/s | ETA: 2647s
[gpu0] [ 896/3000] samples:  44800 | chain(game/max/avg): 2/5/2.5 | reward(game/avg): 3000/3557 | 0.80 games/s | ETA: 2643s
[gpu0] [ 897/3000] samples:  44850 | chain(game/max/avg): 2/5/2.5 | reward(game/avg): 3380/3557 | 0.80 games/s | ETA: 2639s
[gpu0] [ 898/3000] samples:  44900 | chain(game/max/avg): 2/5/2.5 | reward(game/avg): 3220/3557 | 0.80 games/s | ETA: 2634s
[gpu0] [ 899/3000] samples:  44950 | chain(game/max/avg): 3/5/2.5 | reward(game/avg): 3500/3557 | 0.80 games/s | ETA: 2630s
[gpu0] [ 900/3000] samples:  45000 | chain(game/max/avg): 2/5/2.5 | reward(game/avg): 2480/3556 | 0.80 games/s | ETA: 2626s
[gpu0] [ 901/3000] samples:  45050 | chain(game/max/avg): 3/5/2.5 | reward(game/avg): 4620/3557 | 0.80 games/s | ETA: 2622s
[gpu0] [ 903/3000] samples:  45150 | chain(game/max/avg): 2/5/2.5 | reward(game/avg): 3270/3556 | 0.80 games/s | ETA: 2614s
[gpu0] [ 902/3000] samples:  45100 | chain(game/max/avg): 3/5/2.5 | reward(game/avg): 3100/3556 | 0.80 games/s | ETA: 2618s
[gpu0] [ 904/3000] samples:  45200 | chain(game/max/avg): 4/5/2.5 | reward(game/avg): 4880/3557 | 0.80 games/s | ETA: 2610s
[gpu0] [ 905/3000] samples:  45250 | chain(game/max/avg): 3/5/2.5 | reward(game/avg): 4000/3558 | 0.80 games/s | ETA: 2605s
[gpu0] [ 906/3000] samples:  45300 | chain(game/max/avg): 3/5/2.5 | reward(game/avg): 3560/3558 | 0.80 games/s | ETA: 2601s
[gpu0] [ 907/3000] samples:  45350 | chain(game/max/avg): 2/5/2.5 | reward(game/avg): 3280/3558 | 0.81 games/s | ETA: 2597s
[gpu0] [ 908/3000] samples:  45400 | chain(game/max/avg): 2/5/2.5 | reward(game/avg): 4330/3558 | 0.81 games/s | ETA: 2593s
[gpu0] [ 909/3000] samples:  45450 | chain(game/max/avg): 3/5/2.5 | reward(game/avg): 3900/3559 | 0.81 games/s | ETA: 2589s
[gpu0] [ 911/3000] samples:  45550 | chain(game/max/avg): 2/5/2.5 | reward(game/avg): 3720/3558 | 0.81 games/s | ETA: 2581s
[gpu0] [ 910/3000] samples:  45550 | chain(game/max/avg): 3/5/2.5 | reward(game/avg): 2840/3562 | 0.81 games/s | ETA: 2585s
[gpu0] [ 912/3000] samples:  45600 | chain(game/max/avg): 2/5/2.5 | reward(game/avg): 2920/3558 | 0.81 games/s | ETA: 2577s
[gpu0] [ 913/3000] samples:  45650 | chain(game/max/avg): 3/5/2.5 | reward(game/avg): 3480/3557 | 0.81 games/s | ETA: 2573s
[gpu0] [ 914/3000] samples:  45700 | chain(game/max/avg): 3/5/2.5 | reward(game/avg): 4150/3558 | 0.81 games/s | ETA: 2569s
[gpu0] [ 915/3000] samples:  45750 | chain(game/max/avg): 3/5/2.5 | reward(game/avg): 3320/3558 | 0.81 games/s | ETA: 2565s
[gpu0] [ 916/3000] samples:  45800 | chain(game/max/avg): 2/5/2.5 | reward(game/avg): 3420/3558 | 0.81 games/s | ETA: 2561s
[gpu0] [ 917/3000] samples:  45850 | chain(game/max/avg): 3/5/2.5 | reward(game/avg): 3900/3558 | 0.81 games/s | ETA: 2557s
[gpu0] [ 918/3000] samples:  45900 | chain(game/max/avg): 2/5/2.5 | reward(game/avg): 3100/3558 | 0.82 games/s | ETA: 2553s
[gpu0] [ 920/3000] samples:  46000 | chain(game/max/avg): 2/5/2.5 | reward(game/avg): 2060/3554 | 0.82 games/s | ETA: 2545s
[gpu0] [ 919/3000] samples:  45950 | chain(game/max/avg): 2/5/2.5 | reward(game/avg): 2060/3556 | 0.82 games/s | ETA: 2549s
[gpu0] [ 921/3000] samples:  46050 | chain(game/max/avg): 3/5/2.5 | reward(game/avg): 5540/3556 | 0.82 games/s | ETA: 2541s
[gpu0] [ 922/3000] samples:  46100 | chain(game/max/avg): 2/5/2.5 | reward(game/avg): 4120/3557 | 0.82 games/s | ETA: 2537s
[gpu0] [ 923/3000] samples:  46150 | chain(game/max/avg): 3/5/2.5 | reward(game/avg): 4240/3558 | 0.82 games/s | ETA: 2533s
[gpu0] [ 924/3000] samples:  46200 | chain(game/max/avg): 2/5/2.5 | reward(game/avg): 3280/3557 | 0.82 games/s | ETA: 2529s
[gpu0] [ 925/3000] samples:  46250 | chain(game/max/avg): 3/5/2.5 | reward(game/avg): 3400/3557 | 0.82 games/s | ETA: 2525s
[gpu0] [ 926/3000] samples:  46300 | chain(game/max/avg): 2/5/2.5 | reward(game/avg): 3200/3557 | 0.82 games/s | ETA: 2521s
[gpu0] [ 927/3000] samples:  46350 | chain(game/max/avg): 3/5/2.5 | reward(game/avg): 3700/3557 | 0.82 games/s | ETA: 2517s
[gpu0] [ 928/3000] samples:  46400 | chain(game/max/avg): 2/5/2.5 | reward(game/avg): 2220/3556 | 0.82 games/s | ETA: 2513s
[gpu0] [ 929/3000] samples:  46450 | chain(game/max/avg): 3/5/2.5 | reward(game/avg): 3740/3556 | 0.83 games/s | ETA: 2509s
[gpu0] [ 930/3000] samples:  46500 | chain(game/max/avg): 3/5/2.5 | reward(game/avg): 3060/3555 | 0.83 games/s | ETA: 2505s
[gpu0] [ 931/3000] samples:  46550 | chain(game/max/avg): 2/5/2.5 | reward(game/avg): 3240/3555 | 0.83 games/s | ETA: 2501s
[gpu0] [ 932/3000] samples:  46600 | chain(game/max/avg): 2/5/2.5 | reward(game/avg): 2580/3554 | 0.83 games/s | ETA: 2497s
[gpu0] [ 933/3000] samples:  46650 | chain(game/max/avg): 2/5/2.5 | reward(game/avg): 3040/3553 | 0.83 games/s | ETA: 2494s
[gpu0] [ 934/3000] samples:  46700 | chain(game/max/avg): 2/5/2.5 | reward(game/avg): 2980/3553 | 0.83 games/s | ETA: 2490s
[gpu0] [ 935/3000] samples:  46750 | chain(game/max/avg): 3/5/2.5 | reward(game/avg): 3720/3553 | 0.83 games/s | ETA: 2486s
[gpu0] [ 936/3000] samples:  46800 | chain(game/max/avg): 2/5/2.5 | reward(game/avg): 3010/3552 | 0.83 games/s | ETA: 2482s
[gpu0] [ 938/3000] samples:  46900 | chain(game/max/avg): 3/5/2.5 | reward(game/avg): 4540/3553 | 0.83 games/s | ETA: 2474s
[gpu0] [ 940/3000] samples:  47000 | chain(game/max/avg): 3/5/2.5 | reward(game/avg): 5370/3555 | 0.84 games/s | ETA: 2467s
[gpu0] [ 939/3000] samples:  46950 | chain(game/max/avg): 3/5/2.5 | reward(game/avg): 3900/3553 | 0.83 games/s | ETA: 2470s
[gpu0] [ 937/3000] samples:  46850 | chain(game/max/avg): 2/5/2.5 | reward(game/avg): 2740/3551 | 0.83 games/s | ETA: 2478s
[gpu0] [ 941/3000] samples:  47050 | chain(game/max/avg): 3/5/2.5 | reward(game/avg): 3920/3555 | 0.84 games/s | ETA: 2463s
[gpu0] [ 942/3000] samples:  47100 | chain(game/max/avg): 3/5/2.5 | reward(game/avg): 3800/3555 | 0.84 games/s | ETA: 2459s
[gpu0] [ 943/3000] samples:  47150 | chain(game/max/avg): 3/5/2.5 | reward(game/avg): 3380/3555 | 0.84 games/s | ETA: 2455s
[gpu0] [ 944/3000] samples:  47200 | chain(game/max/avg): 3/5/2.5 | reward(game/avg): 4140/3556 | 0.84 games/s | ETA: 2451s
[gpu0] [ 945/3000] samples:  47250 | chain(game/max/avg): 4/5/2.5 | reward(game/avg): 4280/3557 | 0.84 games/s | ETA: 2448s
[gpu0] [ 946/3000] samples:  47300 | chain(game/max/avg): 3/5/2.5 | reward(game/avg): 4380/3558 | 0.84 games/s | ETA: 2444s
[gpu0] [ 947/3000] samples:  47350 | chain(game/max/avg): 3/5/2.5 | reward(game/avg): 4520/3559 | 0.84 games/s | ETA: 2440s
[gpu0] [ 948/3000] samples:  47400 | chain(game/max/avg): 3/5/2.5 | reward(game/avg): 3840/3559 | 0.84 games/s | ETA: 2436s
[gpu0] [ 949/3000] samples:  47450 | chain(game/max/avg): 3/5/2.5 | reward(game/avg): 4980/3560 | 0.84 games/s | ETA: 2433s
[gpu0] [ 950/3000] samples:  47500 | chain(game/max/avg): 2/5/2.5 | reward(game/avg): 2980/3560 | 0.84 games/s | ETA: 2429s
[gpu0] [ 951/3000] samples:  47550 | chain(game/max/avg): 3/5/2.5 | reward(game/avg): 3900/3560 | 0.84 games/s | ETA: 2425s
[gpu0] [ 952/3000] samples:  47600 | chain(game/max/avg): 3/5/2.5 | reward(game/avg): 4720/3561 | 0.85 games/s | ETA: 2421s
[gpu0] [ 953/3000] samples:  47650 | chain(game/max/avg): 2/5/2.5 | reward(game/avg): 3160/3561 | 0.85 games/s | ETA: 2418s
[gpu0] [ 954/3000] samples:  47700 | chain(game/max/avg): 3/5/2.5 | reward(game/avg): 3500/3561 | 0.85 games/s | ETA: 2414s
[gpu0] [ 955/3000] samples:  47750 | chain(game/max/avg): 2/5/2.5 | reward(game/avg): 3800/3561 | 0.85 games/s | ETA: 2410s
[gpu0] [ 956/3000] samples:  47800 | chain(game/max/avg): 3/5/2.5 | reward(game/avg): 4000/3562 | 0.85 games/s | ETA: 2407s
[gpu0] [ 957/3000] samples:  47850 | chain(game/max/avg): 3/5/2.5 | reward(game/avg): 4060/3562 | 0.85 games/s | ETA: 2403s
[gpu0] [ 958/3000] samples:  47900 | chain(game/max/avg): 2/5/2.5 | reward(game/avg): 3060/3562 | 0.85 games/s | ETA: 2399s
[gpu0] [ 959/3000] samples:  47950 | chain(game/max/avg): 3/5/2.5 | reward(game/avg): 3940/3562 | 0.85 games/s | ETA: 2396s
[gpu0] [ 960/3000] samples:  48000 | chain(game/max/avg): 2/5/2.5 | reward(game/avg): 4140/3563 | 0.85 games/s | ETA: 2392s
[gpu0] [ 961/3000] samples:  48050 | chain(game/max/avg): 2/5/2.5 | reward(game/avg): 1960/3561 | 0.85 games/s | ETA: 2388s
[gpu0] [ 962/3000] samples:  48100 | chain(game/max/avg): 3/5/2.5 | reward(game/avg): 2760/3560 | 0.85 games/s | ETA: 2385s
[gpu0] [ 963/3000] samples:  48150 | chain(game/max/avg): 3/5/2.5 | reward(game/avg): 4080/3561 | 0.86 games/s | ETA: 2381s
[gpu0] [ 964/3000] samples:  48200 | chain(game/max/avg): 2/5/2.5 | reward(game/avg): 2740/3560 | 0.86 games/s | ETA: 2377s
[gpu0] [ 965/3000] samples:  48250 | chain(game/max/avg): 2/5/2.5 | reward(game/avg): 3040/3559 | 0.86 games/s | ETA: 2374s
[gpu0] [ 966/3000] samples:  48300 | chain(game/max/avg): 3/5/2.5 | reward(game/avg): 4200/3560 | 0.86 games/s | ETA: 2370s
[gpu0] [ 967/3000] samples:  48350 | chain(game/max/avg): 2/5/2.5 | reward(game/avg): 4160/3560 | 0.86 games/s | ETA: 2367s
[gpu0] [ 968/3000] samples:  48400 | chain(game/max/avg): 3/5/2.5 | reward(game/avg): 4360/3561 | 0.86 games/s | ETA: 2363s
[gpu0] [ 969/3000] samples:  48450 | chain(game/max/avg): 3/5/2.5 | reward(game/avg): 4040/3562 | 0.86 games/s | ETA: 2359s
[gpu0] [ 970/3000] samples:  48500 | chain(game/max/avg): 2/5/2.5 | reward(game/avg): 3120/3561 | 0.86 games/s | ETA: 2356s
[gpu0] [ 971/3000] samples:  48550 | chain(game/max/avg): 3/5/2.5 | reward(game/avg): 4220/3562 | 0.86 games/s | ETA: 2352s
[gpu0] [ 972/3000] samples:  48600 | chain(game/max/avg): 2/5/2.5 | reward(game/avg): 3080/3562 | 0.86 games/s | ETA: 2349s
[gpu0] [ 973/3000] samples:  48650 | chain(game/max/avg): 2/5/2.5 | reward(game/avg): 3300/3561 | 0.86 games/s | ETA: 2345s
[gpu0] [ 974/3000] samples:  48700 | chain(game/max/avg): 3/5/2.5 | reward(game/avg): 5220/3563 | 0.87 games/s | ETA: 2342s
[gpu0] [ 975/3000] samples:  48750 | chain(game/max/avg): 2/5/2.5 | reward(game/avg): 4040/3563 | 0.87 games/s | ETA: 2338s
[gpu0] [ 976/3000] samples:  48800 | chain(game/max/avg): 2/5/2.5 | reward(game/avg): 2860/3563 | 0.87 games/s | ETA: 2334s
[gpu0] [ 977/3000] samples:  48850 | chain(game/max/avg): 2/5/2.5 | reward(game/avg): 3220/3562 | 0.87 games/s | ETA: 2331s
[gpu0] [ 978/3000] samples:  48900 | chain(game/max/avg): 3/5/2.5 | reward(game/avg): 3880/3563 | 0.87 games/s | ETA: 2327s
[gpu0] [ 979/3000] samples:  48950 | chain(game/max/avg): 2/5/2.5 | reward(game/avg): 2700/3562 | 0.87 games/s | ETA: 2324s
[gpu0] [ 980/3000] samples:  49000 | chain(game/max/avg): 2/5/2.5 | reward(game/avg): 3040/3561 | 0.87 games/s | ETA: 2320s
[gpu0] [ 981/3000] samples:  49050 | chain(game/max/avg): 2/5/2.5 | reward(game/avg): 3710/3561 | 0.87 games/s | ETA: 2317s
[gpu0] [ 982/3000] samples:  49100 | chain(game/max/avg): 2/5/2.5 | reward(game/avg): 4220/3562 | 0.87 games/s | ETA: 2313s
[gpu0] [ 983/3000] samples:  49150 | chain(game/max/avg): 2/5/2.5 | reward(game/avg): 3080/3562 | 0.87 games/s | ETA: 2310s
[gpu0] [ 984/3000] samples:  49200 | chain(game/max/avg): 2/5/2.5 | reward(game/avg): 3340/3561 | 0.87 games/s | ETA: 2306s
[gpu0] [ 985/3000] samples:  49250 | chain(game/max/avg): 3/5/2.5 | reward(game/avg): 3000/3561 | 0.87 games/s | ETA: 2303s
[gpu0] [ 986/3000] samples:  49300 | chain(game/max/avg): 3/5/2.5 | reward(game/avg): 4840/3562 | 0.88 games/s | ETA: 2300s
[gpu0] [ 987/3000] samples:  49350 | chain(game/max/avg): 4/5/2.5 | reward(game/avg): 5650/3564 | 0.88 games/s | ETA: 2296s
[gpu0] [ 988/3000] samples:  49400 | chain(game/max/avg): 4/5/2.5 | reward(game/avg): 7870/3569 | 0.88 games/s | ETA: 2293s
[gpu0] [ 989/3000] samples:  49450 | chain(game/max/avg): 2/5/2.5 | reward(game/avg): 2860/3568 | 0.88 games/s | ETA: 2289s
[gpu0] [ 990/3000] samples:  49500 | chain(game/max/avg): 3/5/2.5 | reward(game/avg): 3860/3568 | 0.88 games/s | ETA: 2286s
[gpu0] [ 991/3000] samples:  49550 | chain(game/max/avg): 3/5/2.5 | reward(game/avg): 3760/3568 | 0.88 games/s | ETA: 2282s
[gpu0] [ 992/3000] samples:  49600 | chain(game/max/avg): 2/5/2.5 | reward(game/avg): 3620/3568 | 0.88 games/s | ETA: 2279s
[gpu0] [ 993/3000] samples:  49650 | chain(game/max/avg): 2/5/2.5 | reward(game/avg): 2780/3568 | 0.88 games/s | ETA: 2276s
[gpu0] [ 994/3000] samples:  49700 | chain(game/max/avg): 2/5/2.5 | reward(game/avg): 2720/3567 | 0.88 games/s | ETA: 2272s
[gpu0] [ 995/3000] samples:  49750 | chain(game/max/avg): 2/5/2.5 | reward(game/avg): 3340/3567 | 0.88 games/s | ETA: 2269s
[gpu0] [ 996/3000] samples:  49800 | chain(game/max/avg): 2/5/2.5 | reward(game/avg): 2360/3565 | 0.88 games/s | ETA: 2265s
[gpu0] [ 997/3000] samples:  49850 | chain(game/max/avg): 3/5/2.5 | reward(game/avg): 3540/3565 | 0.89 games/s | ETA: 2262s
[gpu0] [ 998/3000] samples:  49900 | chain(game/max/avg): 2/5/2.5 | reward(game/avg): 3460/3565 | 0.89 games/s | ETA: 2259s
[gpu0] [ 999/3000] samples:  49950 | chain(game/max/avg): 3/5/2.5 | reward(game/avg): 3560/3565 | 0.89 games/s | ETA: 2255s
[gpu0] [1000/3000] samples:  50000 | chain(game/max/avg): 3/5/2.5 | reward(game/avg): 3380/3565 | 0.89 games/s | ETA: 2252s
[gpu0] [1001/3000] samples:  50050 | chain(game/max/avg): 2/5/2.5 | reward(game/avg): 3420/3565 | 0.45 games/s | ETA: 4475s
[gpu0] [1002/3000] samples:  50100 | chain(game/max/avg): 2/5/2.5 | reward(game/avg): 5280/3567 | 0.45 games/s | ETA: 4470s
[gpu0] [1003/3000] samples:  50150 | chain(game/max/avg): 3/5/2.5 | reward(game/avg): 4080/3567 | 0.45 games/s | ETA: 4466s
[gpu0] [1004/3000] samples:  50200 | chain(game/max/avg): 3/5/2.5 | reward(game/avg): 3160/3567 | 0.45 games/s | ETA: 4459s
[gpu0] [1005/3000] samples:  50250 | chain(game/max/avg): 2/5/2.5 | reward(game/avg): 3400/3567 | 0.45 games/s | ETA: 4453s
[gpu0] [1006/3000] samples:  50300 | chain(game/max/avg): 2/5/2.5 | reward(game/avg): 3280/3566 | 0.45 games/s | ETA: 4446s
[gpu0] [1007/3000] samples:  50350 | chain(game/max/avg): 2/5/2.5 | reward(game/avg): 4000/3567 | 0.45 games/s | ETA: 4440s
[gpu0] [1008/3000] samples:  50400 | chain(game/max/avg): 3/5/2.5 | reward(game/avg): 3900/3567 | 0.45 games/s | ETA: 4433s
[gpu0] [1009/3000] samples:  50450 | chain(game/max/avg): 2/5/2.5 | reward(game/avg): 3060/3567 | 0.45 games/s | ETA: 4426s
[gpu0] [1010/3000] samples:  50500 | chain(game/max/avg): 3/5/2.5 | reward(game/avg): 3690/3567 | 0.45 games/s | ETA: 4420s
[gpu0] [1011/3000] samples:  50550 | chain(game/max/avg): 2/5/2.5 | reward(game/avg): 2860/3566 | 0.45 games/s | ETA: 4413s
[gpu0] [1012/3000] samples:  50600 | chain(game/max/avg): 3/5/2.5 | reward(game/avg): 4720/3567 | 0.45 games/s | ETA: 4407s
[gpu0] [1013/3000] samples:  50650 | chain(game/max/avg): 2/5/2.5 | reward(game/avg): 2760/3566 | 0.45 games/s | ETA: 4400s
[gpu0] [1014/3000] samples:  50700 | chain(game/max/avg): 4/5/2.5 | reward(game/avg): 4470/3567 | 0.45 games/s | ETA: 4394s
[gpu0] [1015/3000] samples:  50750 | chain(game/max/avg): 2/5/2.5 | reward(game/avg): 3600/3567 | 0.45 games/s | ETA: 4387s
[gpu0] [1016/3000] samples:  50800 | chain(game/max/avg): 4/5/2.5 | reward(game/avg): 5520/3569 | 0.45 games/s | ETA: 4381s
[gpu0] [1017/3000] samples:  50850 | chain(game/max/avg): 2/5/2.5 | reward(game/avg): 3180/3569 | 0.45 games/s | ETA: 4374s
[gpu0] [1018/3000] samples:  50900 | chain(game/max/avg): 3/5/2.5 | reward(game/avg): 3780/3569 | 0.45 games/s | ETA: 4368s
[gpu0] [1019/3000] samples:  50950 | chain(game/max/avg): 2/5/2.5 | reward(game/avg): 2980/3568 | 0.45 games/s | ETA: 4361s
[gpu0] [1020/3000] samples:  51000 | chain(game/max/avg): 2/5/2.5 | reward(game/avg): 2980/3568 | 0.45 games/s | ETA: 4355s
[gpu0] [1021/3000] samples:  51050 | chain(game/max/avg): 4/5/2.5 | reward(game/avg): 5220/3569 | 0.46 games/s | ETA: 4348s
[gpu0] [1022/3000] samples:  51100 | chain(game/max/avg): 2/5/2.5 | reward(game/avg): 2360/3568 | 0.46 games/s | ETA: 4342s
[gpu0] [1023/3000] samples:  51150 | chain(game/max/avg): 2/5/2.5 | reward(game/avg): 3420/3568 | 0.46 games/s | ETA: 4336s
[gpu0] [1024/3000] samples:  51200 | chain(game/max/avg): 3/5/2.5 | reward(game/avg): 3880/3568 | 0.46 games/s | ETA: 4329s
[gpu0] [1025/3000] samples:  51250 | chain(game/max/avg): 2/5/2.5 | reward(game/avg): 3660/3568 | 0.46 games/s | ETA: 4323s
[gpu0] [1026/3000] samples:  51300 | chain(game/max/avg): 3/5/2.5 | reward(game/avg): 4640/3570 | 0.46 games/s | ETA: 4316s
[gpu0] [1027/3000] samples:  51350 | chain(game/max/avg): 3/5/2.5 | reward(game/avg): 4180/3570 | 0.46 games/s | ETA: 4310s
[gpu0] [1028/3000] samples:  51400 | chain(game/max/avg): 2/5/2.5 | reward(game/avg): 3220/3570 | 0.46 games/s | ETA: 4304s
[gpu0] [1029/3000] samples:  51450 | chain(game/max/avg): 2/5/2.5 | reward(game/avg): 3040/3569 | 0.46 games/s | ETA: 4297s
[gpu0] [1030/3000] samples:  51500 | chain(game/max/avg): 2/5/2.5 | reward(game/avg): 3520/3569 | 0.46 games/s | ETA: 4291s
[gpu0] [1031/3000] samples:  51550 | chain(game/max/avg): 3/5/2.5 | reward(game/avg): 4580/3570 | 0.46 games/s | ETA: 4285s
[gpu0] [1032/3000] samples:  51600 | chain(game/max/avg): 3/5/2.5 | reward(game/avg): 3860/3570 | 0.46 games/s | ETA: 4278s
[gpu0] [1033/3000] samples:  51650 | chain(game/max/avg): 3/5/2.5 | reward(game/avg): 4040/3571 | 0.46 games/s | ETA: 4272s
[gpu0] [1034/3000] samples:  51700 | chain(game/max/avg): 3/5/2.5 | reward(game/avg): 3100/3570 | 0.46 games/s | ETA: 4266s
[gpu0] [1035/3000] samples:  51750 | chain(game/max/avg): 2/5/2.5 | reward(game/avg): 3420/3570 | 0.46 games/s | ETA: 4259s
[gpu0] [1036/3000] samples:  51800 | chain(game/max/avg): 3/5/2.5 | reward(game/avg): 4000/3571 | 0.46 games/s | ETA: 4253s
[gpu0] [1037/3000] samples:  51850 | chain(game/max/avg): 3/5/2.5 | reward(game/avg): 3620/3571 | 0.46 games/s | ETA: 4247s
[gpu0] [1038/3000] samples:  51900 | chain(game/max/avg): 2/5/2.5 | reward(game/avg): 3500/3571 | 0.46 games/s | ETA: 4241s
[gpu0] [1039/3000] samples:  51950 | chain(game/max/avg): 2/5/2.5 | reward(game/avg): 2700/3570 | 0.46 games/s | ETA: 4234s
[gpu0] [1040/3000] samples:  52000 | chain(game/max/avg): 3/5/2.5 | reward(game/avg): 4800/3571 | 0.46 games/s | ETA: 4228s
[gpu0] [1041/3000] samples:  52050 | chain(game/max/avg): 3/5/2.5 | reward(game/avg): 2960/3570 | 0.46 games/s | ETA: 4222s
[gpu0] [1042/3000] samples:  52100 | chain(game/max/avg): 3/5/2.5 | reward(game/avg): 4120/3571 | 0.46 games/s | ETA: 4216s
[gpu0] [1043/3000] samples:  52150 | chain(game/max/avg): 3/5/2.5 | reward(game/avg): 4080/3571 | 0.46 games/s | ETA: 4210s
[gpu0] [1044/3000] samples:  52200 | chain(game/max/avg): 3/5/2.5 | reward(game/avg): 4110/3572 | 0.47 games/s | ETA: 4203s
[gpu0] [1045/3000] samples:  52250 | chain(game/max/avg): 3/5/2.5 | reward(game/avg): 3480/3572 | 0.47 games/s | ETA: 4197s
[gpu0] [1046/3000] samples:  52300 | chain(game/max/avg): 3/5/2.5 | reward(game/avg): 2760/3571 | 0.47 games/s | ETA: 4191s
[gpu0] [1047/3000] samples:  52350 | chain(game/max/avg): 3/5/2.5 | reward(game/avg): 3280/3571 | 0.47 games/s | ETA: 4185s
[gpu0] [1048/3000] samples:  52400 | chain(game/max/avg): 3/5/2.5 | reward(game/avg): 3960/3571 | 0.47 games/s | ETA: 4179s
[gpu0] [1049/3000] samples:  52450 | chain(game/max/avg): 4/5/2.5 | reward(game/avg): 6580/3574 | 0.47 games/s | ETA: 4173s
[gpu0] [1050/3000] samples:  52500 | chain(game/max/avg): 2/5/2.5 | reward(game/avg): 2920/3573 | 0.47 games/s | ETA: 4167s
[gpu0] [1051/3000] samples:  52550 | chain(game/max/avg): 5/5/2.5 | reward(game/avg): 7980/3578 | 0.47 games/s | ETA: 4161s
[gpu0] [1052/3000] samples:  52600 | chain(game/max/avg): 3/5/2.5 | reward(game/avg): 3840/3578 | 0.47 games/s | ETA: 4155s
[gpu0] [1053/3000] samples:  52650 | chain(game/max/avg): 2/5/2.5 | reward(game/avg): 3610/3578 | 0.47 games/s | ETA: 4148s
[gpu0] [1054/3000] samples:  52700 | chain(game/max/avg): 3/5/2.5 | reward(game/avg): 3640/3578 | 0.47 games/s | ETA: 4142s
[gpu0] [1055/3000] samples:  52750 | chain(game/max/avg): 3/5/2.5 | reward(game/avg): 3680/3578 | 0.47 games/s | ETA: 4136s
[gpu0] [1056/3000] samples:  52800 | chain(game/max/avg): 3/5/2.5 | reward(game/avg): 4220/3579 | 0.47 games/s | ETA: 4130s
[gpu0] [1057/3000] samples:  52850 | chain(game/max/avg): 2/5/2.5 | reward(game/avg): 2760/3578 | 0.47 games/s | ETA: 4124s
[gpu0] [1058/3000] samples:  52900 | chain(game/max/avg): 3/5/2.5 | reward(game/avg): 3180/3578 | 0.47 games/s | ETA: 4118s
[gpu0] [1059/3000] samples:  52950 | chain(game/max/avg): 2/5/2.5 | reward(game/avg): 3380/3577 | 0.47 games/s | ETA: 4112s
[gpu0] [1060/3000] samples:  53000 | chain(game/max/avg): 3/5/2.5 | reward(game/avg): 5060/3579 | 0.47 games/s | ETA: 4106s
[gpu0] [1061/3000] samples:  53050 | chain(game/max/avg): 3/5/2.5 | reward(game/avg): 3440/3579 | 0.47 games/s | ETA: 4100s
[gpu0] [1062/3000] samples:  53100 | chain(game/max/avg): 3/5/2.5 | reward(game/avg): 4940/3580 | 0.47 games/s | ETA: 4094s
[gpu0] [1063/3000] samples:  53150 | chain(game/max/avg): 3/5/2.5 | reward(game/avg): 3860/3580 | 0.47 games/s | ETA: 4088s
[gpu0] [1064/3000] samples:  53200 | chain(game/max/avg): 2/5/2.5 | reward(game/avg): 2390/3579 | 0.47 games/s | ETA: 4082s
[gpu0] [1065/3000] samples:  53250 | chain(game/max/avg): 4/5/2.5 | reward(game/avg): 5410/3581 | 0.47 games/s | ETA: 4076s
[gpu0] [1066/3000] samples:  53300 | chain(game/max/avg): 2/5/2.5 | reward(game/avg): 3100/3580 | 0.48 games/s | ETA: 4071s
[gpu0] [1067/3000] samples:  53350 | chain(game/max/avg): 2/5/2.5 | reward(game/avg): 2660/3579 | 0.48 games/s | ETA: 4065s
[gpu0] [1068/3000] samples:  53400 | chain(game/max/avg): 2/5/2.5 | reward(game/avg): 3220/3579 | 0.48 games/s | ETA: 4059s
[gpu0] [1069/3000] samples:  53450 | chain(game/max/avg): 3/5/2.5 | reward(game/avg): 3660/3579 | 0.48 games/s | ETA: 4053s
[gpu0] [1070/3000] samples:  53500 | chain(game/max/avg): 3/5/2.5 | reward(game/avg): 3580/3579 | 0.48 games/s | ETA: 4047s
[gpu0] [1071/3000] samples:  53550 | chain(game/max/avg): 3/5/2.5 | reward(game/avg): 3420/3579 | 0.48 games/s | ETA: 4041s
[gpu0] [1072/3000] samples:  53600 | chain(game/max/avg): 3/5/2.5 | reward(game/avg): 3820/3579 | 0.48 games/s | ETA: 4035s
[gpu0] [1073/3000] samples:  53650 | chain(game/max/avg): 4/5/2.5 | reward(game/avg): 6240/3582 | 0.48 games/s | ETA: 4029s
[gpu0] [1074/3000] samples:  53700 | chain(game/max/avg): 2/5/2.5 | reward(game/avg): 3620/3582 | 0.48 games/s | ETA: 4024s
[gpu0] [1075/3000] samples:  53750 | chain(game/max/avg): 3/5/2.5 | reward(game/avg): 4140/3582 | 0.48 games/s | ETA: 4018s
[gpu0] [1076/3000] samples:  53800 | chain(game/max/avg): 3/5/2.5 | reward(game/avg): 3180/3582 | 0.48 games/s | ETA: 4012s
[gpu0] [1077/3000] samples:  53850 | chain(game/max/avg): 2/5/2.5 | reward(game/avg): 2940/3581 | 0.48 games/s | ETA: 4006s
[gpu0] [1078/3000] samples:  53900 | chain(game/max/avg): 2/5/2.5 | reward(game/avg): 3640/3581 | 0.48 games/s | ETA: 4000s
[gpu0] [1079/3000] samples:  53950 | chain(game/max/avg): 3/5/2.5 | reward(game/avg): 3860/3582 | 0.48 games/s | ETA: 3995s
[gpu0] [1080/3000] samples:  54000 | chain(game/max/avg): 3/5/2.5 | reward(game/avg): 3600/3582 | 0.48 games/s | ETA: 3989s
[gpu0] [1081/3000] samples:  54050 | chain(game/max/avg): 2/5/2.5 | reward(game/avg): 3490/3582 | 0.48 games/s | ETA: 3983s
[gpu0] [1082/3000] samples:  54100 | chain(game/max/avg): 2/5/2.5 | reward(game/avg): 3670/3582 | 0.48 games/s | ETA: 3977s
[gpu0] [1083/3000] samples:  54150 | chain(game/max/avg): 3/5/2.5 | reward(game/avg): 4570/3583 | 0.48 games/s | ETA: 3972s
[gpu0] [1084/3000] samples:  54200 | chain(game/max/avg): 2/5/2.5 | reward(game/avg): 2700/3582 | 0.48 games/s | ETA: 3966s
[gpu0] [1085/3000] samples:  54250 | chain(game/max/avg): 2/5/2.5 | reward(game/avg): 3580/3582 | 0.48 games/s | ETA: 3960s
[gpu0] [1086/3000] samples:  54300 | chain(game/max/avg): 3/5/2.5 | reward(game/avg): 3400/3582 | 0.48 games/s | ETA: 3954s
[gpu0] [1087/3000] samples:  54350 | chain(game/max/avg): 2/5/2.5 | reward(game/avg): 2820/3581 | 0.48 games/s | ETA: 3949s
[gpu0] [1088/3000] samples:  54400 | chain(game/max/avg): 3/5/2.5 | reward(game/avg): 4220/3582 | 0.48 games/s | ETA: 3943s
[gpu0] [1089/3000] samples:  54450 | chain(game/max/avg): 2/5/2.5 | reward(game/avg): 4090/3582 | 0.49 games/s | ETA: 3937s
[gpu0] [1090/3000] samples:  54500 | chain(game/max/avg): 2/5/2.5 | reward(game/avg): 3960/3582 | 0.49 games/s | ETA: 3932s
[gpu0] [1091/3000] samples:  54550 | chain(game/max/avg): 2/5/2.5 | reward(game/avg): 3490/3582 | 0.49 games/s | ETA: 3926s
[gpu0] [1092/3000] samples:  54600 | chain(game/max/avg): 4/5/2.5 | reward(game/avg): 5000/3584 | 0.49 games/s | ETA: 3920s
[gpu0] [1093/3000] samples:  54650 | chain(game/max/avg): 3/5/2.5 | reward(game/avg): 4040/3584 | 0.49 games/s | ETA: 3915s
[gpu0] [1094/3000] samples:  54700 | chain(game/max/avg): 3/5/2.5 | reward(game/avg): 4760/3585 | 0.49 games/s | ETA: 3909s
[gpu0] [1095/3000] samples:  54750 | chain(game/max/avg): 2/5/2.5 | reward(game/avg): 3180/3585 | 0.49 games/s | ETA: 3903s
[gpu0] [1096/3000] samples:  54800 | chain(game/max/avg): 3/5/2.5 | reward(game/avg): 3780/3585 | 0.49 games/s | ETA: 3898s
[gpu0] [1097/3000] samples:  54850 | chain(game/max/avg): 2/5/2.5 | reward(game/avg): 2680/3584 | 0.49 games/s | ETA: 3892s
[gpu0] [1098/3000] samples:  54900 | chain(game/max/avg): 2/5/2.5 | reward(game/avg): 2700/3583 | 0.49 games/s | ETA: 3887s
[gpu0] [1099/3000] samples:  54950 | chain(game/max/avg): 3/5/2.5 | reward(game/avg): 3020/3583 | 0.49 games/s | ETA: 3881s
[gpu0] [1100/3000] samples:  55000 | chain(game/max/avg): 2/5/2.5 | reward(game/avg): 2540/3582 | 0.49 games/s | ETA: 3876s
[gpu0] [1101/3000] samples:  55050 | chain(game/max/avg): 3/5/2.5 | reward(game/avg): 3920/3582 | 0.49 games/s | ETA: 3870s
[gpu0] [1102/3000] samples:  55100 | chain(game/max/avg): 3/5/2.5 | reward(game/avg): 4300/3583 | 0.49 games/s | ETA: 3865s
[gpu0] [1103/3000] samples:  55150 | chain(game/max/avg): 3/5/2.5 | reward(game/avg): 3880/3583 | 0.49 games/s | ETA: 3859s
[gpu0] [1104/3000] samples:  55200 | chain(game/max/avg): 3/5/2.5 | reward(game/avg): 3600/3583 | 0.49 games/s | ETA: 3853s
[gpu0] [1105/3000] samples:  55250 | chain(game/max/avg): 2/5/2.5 | reward(game/avg): 2620/3582 | 0.49 games/s | ETA: 3848s
[gpu0] [1106/3000] samples:  55300 | chain(game/max/avg): 2/5/2.5 | reward(game/avg): 3230/3582 | 0.49 games/s | ETA: 3842s
[gpu0] [1107/3000] samples:  55350 | chain(game/max/avg): 2/5/2.5 | reward(game/avg): 3900/3582 | 0.49 games/s | ETA: 3837s
[gpu0] [1108/3000] samples:  55400 | chain(game/max/avg): 2/5/2.5 | reward(game/avg): 3160/3582 | 0.49 games/s | ETA: 3831s
[gpu0] [1109/3000] samples:  55450 | chain(game/max/avg): 3/5/2.5 | reward(game/avg): 4220/3582 | 0.49 games/s | ETA: 3826s
[gpu0] [1110/3000] samples:  55500 | chain(game/max/avg): 2/5/2.5 | reward(game/avg): 3560/3582 | 0.49 games/s | ETA: 3820s
[gpu0] [1111/3000] samples:  55550 | chain(game/max/avg): 2/5/2.5 | reward(game/avg): 3120/3582 | 0.50 games/s | ETA: 3815s
[gpu0] [1112/3000] samples:  55600 | chain(game/max/avg): 4/5/2.5 | reward(game/avg): 5100/3583 | 0.50 games/s | ETA: 3810s
[gpu0] [1113/3000] samples:  55650 | chain(game/max/avg): 3/5/2.5 | reward(game/avg): 3360/3583 | 0.50 games/s | ETA: 3804s
[gpu0] [1114/3000] samples:  55700 | chain(game/max/avg): 2/5/2.5 | reward(game/avg): 2800/3582 | 0.50 games/s | ETA: 3799s
[gpu0] [1115/3000] samples:  55750 | chain(game/max/avg): 2/5/2.5 | reward(game/avg): 4430/3583 | 0.50 games/s | ETA: 3793s
[gpu0] [1116/3000] samples:  55800 | chain(game/max/avg): 2/5/2.5 | reward(game/avg): 2480/3582 | 0.50 games/s | ETA: 3788s
[gpu0] [1117/3000] samples:  55850 | chain(game/max/avg): 3/5/2.5 | reward(game/avg): 4160/3583 | 0.50 games/s | ETA: 3783s
[gpu0] [1118/3000] samples:  55900 | chain(game/max/avg): 2/5/2.5 | reward(game/avg): 3440/3582 | 0.50 games/s | ETA: 3777s
[gpu0] [1119/3000] samples:  55950 | chain(game/max/avg): 2/5/2.5 | reward(game/avg): 2440/3581 | 0.50 games/s | ETA: 3772s
[gpu0] [1120/3000] samples:  56000 | chain(game/max/avg): 2/5/2.5 | reward(game/avg): 3600/3581 | 0.50 games/s | ETA: 3766s
[gpu0] [1121/3000] samples:  56050 | chain(game/max/avg): 2/5/2.5 | reward(game/avg): 4130/3582 | 0.50 games/s | ETA: 3761s
[gpu0] [1122/3000] samples:  56100 | chain(game/max/avg): 2/5/2.5 | reward(game/avg): 3400/3582 | 0.50 games/s | ETA: 3756s
[gpu0] [1123/3000] samples:  56150 | chain(game/max/avg): 3/5/2.5 | reward(game/avg): 4450/3583 | 0.50 games/s | ETA: 3750s
[gpu0] [1124/3000] samples:  56200 | chain(game/max/avg): 2/5/2.5 | reward(game/avg): 3440/3582 | 0.50 games/s | ETA: 3745s
[gpu0] [1125/3000] samples:  56250 | chain(game/max/avg): 2/5/2.5 | reward(game/avg): 3040/3582 | 0.50 games/s | ETA: 3740s
[gpu0] [1126/3000] samples:  56300 | chain(game/max/avg): 2/5/2.5 | reward(game/avg): 1920/3580 | 0.50 games/s | ETA: 3734s
[gpu0] [1127/3000] samples:  56350 | chain(game/max/avg): 2/5/2.5 | reward(game/avg): 2890/3580 | 0.50 games/s | ETA: 3729s
[gpu0] [1128/3000] samples:  56400 | chain(game/max/avg): 2/5/2.5 | reward(game/avg): 3380/3580 | 0.50 games/s | ETA: 3724s
[gpu0] [1129/3000] samples:  56450 | chain(game/max/avg): 3/5/2.5 | reward(game/avg): 3600/3580 | 0.50 games/s | ETA: 3719s
[gpu0] [1130/3000] samples:  56500 | chain(game/max/avg): 2/5/2.5 | reward(game/avg): 4430/3580 | 0.50 games/s | ETA: 3713s
[gpu0] [1131/3000] samples:  56550 | chain(game/max/avg): 3/5/2.5 | reward(game/avg): 3780/3581 | 0.50 games/s | ETA: 3708s
[gpu0] [1132/3000] samples:  56600 | chain(game/max/avg): 2/5/2.5 | reward(game/avg): 3200/3580 | 0.50 games/s | ETA: 3703s
[gpu0] [1134/3000] samples:  56700 | chain(game/max/avg): 2/5/2.5 | reward(game/avg): 2620/3579 | 0.51 games/s | ETA: 3692s
[gpu0] [1133/3000] samples:  56650 | chain(game/max/avg): 2/5/2.5 | reward(game/avg): 3200/3580 | 0.50 games/s | ETA: 3697s
[gpu0] [1135/3000] samples:  56750 | chain(game/max/avg): 2/5/2.5 | reward(game/avg): 3260/3579 | 0.51 games/s | ETA: 3687s
[gpu0] [1136/3000] samples:  56800 | chain(game/max/avg): 3/5/2.5 | reward(game/avg): 4100/3579 | 0.51 games/s | ETA: 3682s
[gpu0] [1137/3000] samples:  56850 | chain(game/max/avg): 2/5/2.5 | reward(game/avg): 3050/3579 | 0.51 games/s | ETA: 3677s
[gpu0] [1138/3000] samples:  56900 | chain(game/max/avg): 3/5/2.5 | reward(game/avg): 4580/3580 | 0.51 games/s | ETA: 3671s
[gpu0] [1139/3000] samples:  56950 | chain(game/max/avg): 3/5/2.5 | reward(game/avg): 3280/3579 | 0.51 games/s | ETA: 3666s
[gpu0] [1140/3000] samples:  57000 | chain(game/max/avg): 3/5/2.5 | reward(game/avg): 4440/3580 | 0.51 games/s | ETA: 3661s
[gpu0] [1141/3000] samples:  57050 | chain(game/max/avg): 2/5/2.5 | reward(game/avg): 3460/3580 | 0.51 games/s | ETA: 3656s
[gpu0] [1142/3000] samples:  57100 | chain(game/max/avg): 3/5/2.5 | reward(game/avg): 3840/3580 | 0.51 games/s | ETA: 3651s
[gpu0] [1143/3000] samples:  57150 | chain(game/max/avg): 2/5/2.5 | reward(game/avg): 2920/3580 | 0.51 games/s | ETA: 3646s
[gpu0] [1144/3000] samples:  57200 | chain(game/max/avg): 2/5/2.5 | reward(game/avg): 3500/3580 | 0.51 games/s | ETA: 3640s
[gpu0] [1145/3000] samples:  57250 | chain(game/max/avg): 3/5/2.5 | reward(game/avg): 3270/3579 | 0.51 games/s | ETA: 3635s
[gpu0] [1146/3000] samples:  57300 | chain(game/max/avg): 2/5/2.5 | reward(game/avg): 3760/3580 | 0.51 games/s | ETA: 3630s
[gpu0] [1147/3000] samples:  57350 | chain(game/max/avg): 4/5/2.5 | reward(game/avg): 5720/3581 | 0.51 games/s | ETA: 3625s
[gpu0] [1148/3000] samples:  57400 | chain(game/max/avg): 2/5/2.5 | reward(game/avg): 2620/3581 | 0.51 games/s | ETA: 3620s
[gpu0] [1149/3000] samples:  57450 | chain(game/max/avg): 2/5/2.5 | reward(game/avg): 3780/3581 | 0.51 games/s | ETA: 3615s
[gpu0] [1150/3000] samples:  57500 | chain(game/max/avg): 2/5/2.5 | reward(game/avg): 3740/3581 | 0.51 games/s | ETA: 3610s
[gpu0] [1151/3000] samples:  57550 | chain(game/max/avg): 3/5/2.5 | reward(game/avg): 3760/3581 | 0.51 games/s | ETA: 3605s
[gpu0] [1152/3000] samples:  57600 | chain(game/max/avg): 2/5/2.5 | reward(game/avg): 3700/3581 | 0.51 games/s | ETA: 3600s
[gpu0] [1153/3000] samples:  57650 | chain(game/max/avg): 3/5/2.5 | reward(game/avg): 4420/3582 | 0.51 games/s | ETA: 3594s
[gpu0] [1154/3000] samples:  57700 | chain(game/max/avg): 2/5/2.5 | reward(game/avg): 2980/3581 | 0.51 games/s | ETA: 3589s
[gpu0] [1155/3000] samples:  57750 | chain(game/max/avg): 3/5/2.5 | reward(game/avg): 4420/3582 | 0.51 games/s | ETA: 3584s
[gpu0] [1156/3000] samples:  57800 | chain(game/max/avg): 2/5/2.5 | reward(game/avg): 2920/3582 | 0.52 games/s | ETA: 3579s
[gpu0] [1157/3000] samples:  57850 | chain(game/max/avg): 3/5/2.5 | reward(game/avg): 5300/3583 | 0.52 games/s | ETA: 3574s
[gpu0] [1158/3000] samples:  57900 | chain(game/max/avg): 3/5/2.5 | reward(game/avg): 4380/3584 | 0.52 games/s | ETA: 3569s
[gpu0] [1159/3000] samples:  57950 | chain(game/max/avg): 3/5/2.5 | reward(game/avg): 3780/3584 | 0.52 games/s | ETA: 3564s
[gpu0] [1160/3000] samples:  58000 | chain(game/max/avg): 2/5/2.5 | reward(game/avg): 4130/3584 | 0.52 games/s | ETA: 3559s
[gpu0] [1161/3000] samples:  58050 | chain(game/max/avg): 4/5/2.5 | reward(game/avg): 4900/3585 | 0.52 games/s | ETA: 3554s
[gpu0] [1162/3000] samples:  58100 | chain(game/max/avg): 2/5/2.5 | reward(game/avg): 3300/3585 | 0.52 games/s | ETA: 3549s
[gpu0] [1163/3000] samples:  58200 | chain(game/max/avg): 2/5/2.5 | reward(game/avg): 2680/3587 | 0.52 games/s | ETA: 3544s
[gpu0] [1164/3000] samples:  58200 | chain(game/max/avg): 2/5/2.5 | reward(game/avg): 2800/3584 | 0.52 games/s | ETA: 3539s
[gpu0] [1165/3000] samples:  58250 | chain(game/max/avg): 3/5/2.5 | reward(game/avg): 4040/3584 | 0.52 games/s | ETA: 3534s
[gpu0] [1166/3000] samples:  58300 | chain(game/max/avg): 3/5/2.5 | reward(game/avg): 3560/3584 | 0.52 games/s | ETA: 3529s
[gpu0] [1167/3000] samples:  58350 | chain(game/max/avg): 2/5/2.5 | reward(game/avg): 3570/3584 | 0.52 games/s | ETA: 3524s
[gpu0] [1168/3000] samples:  58400 | chain(game/max/avg): 2/5/2.5 | reward(game/avg): 2720/3583 | 0.52 games/s | ETA: 3520s
[gpu0] [1169/3000] samples:  58450 | chain(game/max/avg): 2/5/2.5 | reward(game/avg): 3590/3583 | 0.52 games/s | ETA: 3515s
[gpu0] [1170/3000] samples:  58500 | chain(game/max/avg): 2/5/2.5 | reward(game/avg): 3000/3583 | 0.52 games/s | ETA: 3510s
[gpu0] [1171/3000] samples:  58550 | chain(game/max/avg): 5/5/2.5 | reward(game/avg): 7470/3586 | 0.52 games/s | ETA: 3505s
[gpu0] [1172/3000] samples:  58600 | chain(game/max/avg): 2/5/2.5 | reward(game/avg): 3440/3586 | 0.52 games/s | ETA: 3500s
[gpu0] [1173/3000] samples:  58650 | chain(game/max/avg): 2/5/2.5 | reward(game/avg): 3000/3586 | 0.52 games/s | ETA: 3495s
[gpu0] [1174/3000] samples:  58700 | chain(game/max/avg): 2/5/2.5 | reward(game/avg): 3560/3586 | 0.52 games/s | ETA: 3490s
[gpu0] [1175/3000] samples:  58750 | chain(game/max/avg): 3/5/2.5 | reward(game/avg): 4460/3586 | 0.52 games/s | ETA: 3485s
[gpu0] [1176/3000] samples:  58800 | chain(game/max/avg): 3/5/2.5 | reward(game/avg): 4860/3587 | 0.52 games/s | ETA: 3480s
[gpu0] [1177/3000] samples:  58850 | chain(game/max/avg): 2/5/2.5 | reward(game/avg): 3020/3587 | 0.52 games/s | ETA: 3475s
[gpu0] [1178/3000] samples:  58900 | chain(game/max/avg): 3/5/2.5 | reward(game/avg): 4200/3587 | 0.52 games/s | ETA: 3471s
[gpu0] [1179/3000] samples:  58950 | chain(game/max/avg): 2/5/2.5 | reward(game/avg): 3860/3588 | 0.53 games/s | ETA: 3466s
[gpu0] [1180/3000] samples:  59000 | chain(game/max/avg): 5/5/2.5 | reward(game/avg): 8480/3592 | 0.53 games/s | ETA: 3461s
[gpu0] [1181/3000] samples:  59050 | chain(game/max/avg): 3/5/2.5 | reward(game/avg): 4640/3593 | 0.53 games/s | ETA: 3456s
[gpu0] [1182/3000] samples:  59100 | chain(game/max/avg): 2/5/2.5 | reward(game/avg): 3420/3593 | 0.53 games/s | ETA: 3451s
[gpu0] [1183/3000] samples:  59150 | chain(game/max/avg): 2/5/2.5 | reward(game/avg): 3220/3592 | 0.53 games/s | ETA: 3446s
[gpu0] [1184/3000] samples:  59200 | chain(game/max/avg): 3/5/2.5 | reward(game/avg): 3660/3592 | 0.53 games/s | ETA: 3442s
[gpu0] [1185/3000] samples:  59250 | chain(game/max/avg): 2/5/2.5 | reward(game/avg): 3120/3592 | 0.53 games/s | ETA: 3437s
[gpu0] [1186/3000] samples:  59300 | chain(game/max/avg): 2/5/2.5 | reward(game/avg): 3020/3591 | 0.53 games/s | ETA: 3432s
[gpu0] [1187/3000] samples:  59350 | chain(game/max/avg): 4/5/2.5 | reward(game/avg): 5220/3593 | 0.53 games/s | ETA: 3427s
[gpu0] [1188/3000] samples:  59400 | chain(game/max/avg): 2/5/2.5 | reward(game/avg): 3220/3592 | 0.53 games/s | ETA: 3423s
[gpu0] [1189/3000] samples:  59450 | chain(game/max/avg): 3/5/2.5 | reward(game/avg): 4140/3593 | 0.53 games/s | ETA: 3418s
[gpu0] [1190/3000] samples:  59500 | chain(game/max/avg): 2/5/2.5 | reward(game/avg): 2680/3592 | 0.53 games/s | ETA: 3413s
[gpu0] [1191/3000] samples:  59550 | chain(game/max/avg): 3/5/2.5 | reward(game/avg): 4180/3593 | 0.53 games/s | ETA: 3408s
[gpu0] [1192/3000] samples:  59600 | chain(game/max/avg): 2/5/2.5 | reward(game/avg): 2980/3592 | 0.53 games/s | ETA: 3404s
[gpu0] [1193/3000] samples:  59650 | chain(game/max/avg): 2/5/2.5 | reward(game/avg): 3500/3592 | 0.53 games/s | ETA: 3399s
[gpu0] [1194/3000] samples:  59700 | chain(game/max/avg): 5/5/2.5 | reward(game/avg): 10060/3597 | 0.53 games/s | ETA: 3394s
[gpu0] [1195/3000] samples:  59750 | chain(game/max/avg): 3/5/2.5 | reward(game/avg): 4480/3598 | 0.53 games/s | ETA: 3389s
[gpu0] [1196/3000] samples:  59800 | chain(game/max/avg): 2/5/2.5 | reward(game/avg): 3200/3598 | 0.53 games/s | ETA: 3385s
[gpu0] [1197/3000] samples:  59850 | chain(game/max/avg): 3/5/2.5 | reward(game/avg): 4150/3598 | 0.53 games/s | ETA: 3380s
[gpu0] [1198/3000] samples:  59900 | chain(game/max/avg): 3/5/2.5 | reward(game/avg): 4140/3599 | 0.53 games/s | ETA: 3375s
[gpu0] [1199/3000] samples:  59950 | chain(game/max/avg): 2/5/2.5 | reward(game/avg): 2820/3598 | 0.53 games/s | ETA: 3371s
[gpu0] [1200/3000] samples:  60000 | chain(game/max/avg): 3/5/2.5 | reward(game/avg): 4770/3599 | 0.53 games/s | ETA: 3366s
[gpu0] [1201/3000] samples:  60050 | chain(game/max/avg): 2/5/2.5 | reward(game/avg): 4000/3599 | 0.54 games/s | ETA: 3361s
[gpu0] [1202/3000] samples:  60100 | chain(game/max/avg): 2/5/2.5 | reward(game/avg): 2440/3599 | 0.54 games/s | ETA: 3357s
[gpu0] [1203/3000] samples:  60150 | chain(game/max/avg): 3/5/2.5 | reward(game/avg): 3980/3599 | 0.54 games/s | ETA: 3352s
[gpu0] [1204/3000] samples:  60200 | chain(game/max/avg): 2/5/2.5 | reward(game/avg): 2720/3598 | 0.54 games/s | ETA: 3347s
[gpu0] [1205/3000] samples:  60250 | chain(game/max/avg): 3/5/2.5 | reward(game/avg): 4920/3599 | 0.54 games/s | ETA: 3343s
[gpu0] [1206/3000] samples:  60300 | chain(game/max/avg): 2/5/2.5 | reward(game/avg): 2860/3599 | 0.54 games/s | ETA: 3338s
[gpu0] [1207/3000] samples:  60350 | chain(game/max/avg): 3/5/2.5 | reward(game/avg): 3220/3598 | 0.54 games/s | ETA: 3333s
[gpu0] [1208/3000] samples:  60400 | chain(game/max/avg): 2/5/2.5 | reward(game/avg): 2920/3598 | 0.54 games/s | ETA: 3329s
[gpu0] [1209/3000] samples:  60450 | chain(game/max/avg): 2/5/2.5 | reward(game/avg): 2650/3597 | 0.54 games/s | ETA: 3324s
[gpu0] [1210/3000] samples:  60500 | chain(game/max/avg): 2/5/2.5 | reward(game/avg): 3220/3597 | 0.54 games/s | ETA: 3320s
[gpu0] [1211/3000] samples:  60550 | chain(game/max/avg): 2/5/2.5 | reward(game/avg): 3660/3597 | 0.54 games/s | ETA: 3315s
[gpu0] [1212/3000] samples:  60600 | chain(game/max/avg): 3/5/2.5 | reward(game/avg): 4000/3597 | 0.54 games/s | ETA: 3310s
[gpu0] [1213/3000] samples:  60650 | chain(game/max/avg): 3/5/2.5 | reward(game/avg): 4130/3597 | 0.54 games/s | ETA: 3306s
[gpu0] [1214/3000] samples:  60700 | chain(game/max/avg): 3/5/2.5 | reward(game/avg): 3980/3598 | 0.54 games/s | ETA: 3301s
[gpu0] [1215/3000] samples:  60750 | chain(game/max/avg): 3/5/2.5 | reward(game/avg): 4040/3598 | 0.54 games/s | ETA: 3297s
[gpu0] [1216/3000] samples:  60800 | chain(game/max/avg): 3/5/2.5 | reward(game/avg): 3100/3598 | 0.54 games/s | ETA: 3292s
[gpu0] [1217/3000] samples:  60850 | chain(game/max/avg): 3/5/2.5 | reward(game/avg): 4500/3598 | 0.54 games/s | ETA: 3288s
[gpu0] [1218/3000] samples:  60900 | chain(game/max/avg): 2/5/2.5 | reward(game/avg): 3280/3598 | 0.54 games/s | ETA: 3283s
[gpu0] [1219/3000] samples:  60950 | chain(game/max/avg): 2/5/2.5 | reward(game/avg): 3040/3598 | 0.54 games/s | ETA: 3278s
[gpu0] [1220/3000] samples:  61000 | chain(game/max/avg): 2/5/2.5 | reward(game/avg): 3800/3598 | 0.54 games/s | ETA: 3274s
[gpu0] [1221/3000] samples:  61050 | chain(game/max/avg): 3/5/2.5 | reward(game/avg): 3750/3598 | 0.54 games/s | ETA: 3269s
[gpu0] [1222/3000] samples:  61100 | chain(game/max/avg): 3/5/2.5 | reward(game/avg): 4560/3599 | 0.54 games/s | ETA: 3265s
[gpu0] [1223/3000] samples:  61150 | chain(game/max/avg): 2/5/2.5 | reward(game/avg): 3420/3599 | 0.55 games/s | ETA: 3260s
[gpu0] [1226/3000] samples:  61300 | chain(game/max/avg): 2/5/2.5 | reward(game/avg): 3480/3598 | 0.55 games/s | ETA: 3247s
[gpu0] [1227/3000] samples:  61350 | chain(game/max/avg): 3/5/2.5 | reward(game/avg): 4340/3599 | 0.55 games/s | ETA: 3243s
[gpu0] [1225/3000] samples:  61250 | chain(game/max/avg): 3/5/2.5 | reward(game/avg): 3380/3598 | 0.55 games/s | ETA: 3252s
[gpu0] [1224/3000] samples:  61200 | chain(game/max/avg): 2/5/2.5 | reward(game/avg): 3120/3598 | 0.55 games/s | ETA: 3256s
[gpu0] [1228/3000] samples:  61400 | chain(game/max/avg): 3/5/2.5 | reward(game/avg): 4480/3599 | 0.55 games/s | ETA: 3238s
[gpu0] [1229/3000] samples:  61450 | chain(game/max/avg): 3/5/2.5 | reward(game/avg): 4980/3600 | 0.55 games/s | ETA: 3234s
[gpu0] [1230/3000] samples:  61500 | chain(game/max/avg): 4/5/2.5 | reward(game/avg): 6120/3602 | 0.55 games/s | ETA: 3229s
[gpu0] [1231/3000] samples:  61550 | chain(game/max/avg): 3/5/2.5 | reward(game/avg): 2680/3602 | 0.55 games/s | ETA: 3225s
[gpu0] [1232/3000] samples:  61600 | chain(game/max/avg): 2/5/2.5 | reward(game/avg): 4120/3602 | 0.55 games/s | ETA: 3220s
[gpu0] [1233/3000] samples:  61650 | chain(game/max/avg): 2/5/2.5 | reward(game/avg): 3100/3602 | 0.55 games/s | ETA: 3216s
[gpu0] [1234/3000] samples:  61700 | chain(game/max/avg): 2/5/2.5 | reward(game/avg): 3080/3601 | 0.55 games/s | ETA: 3211s
[gpu0] [1235/3000] samples:  61750 | chain(game/max/avg): 3/5/2.5 | reward(game/avg): 3760/3601 | 0.55 games/s | ETA: 3207s
[gpu0] [1236/3000] samples:  61800 | chain(game/max/avg): 3/5/2.5 | reward(game/avg): 3400/3601 | 0.55 games/s | ETA: 3203s
[gpu0] [1237/3000] samples:  61850 | chain(game/max/avg): 2/5/2.5 | reward(game/avg): 2200/3600 | 0.55 games/s | ETA: 3198s
[gpu0] [1238/3000] samples:  61900 | chain(game/max/avg): 3/5/2.5 | reward(game/avg): 3750/3600 | 0.55 games/s | ETA: 3194s
[gpu0] [1239/3000] samples:  61950 | chain(game/max/avg): 2/5/2.5 | reward(game/avg): 3040/3600 | 0.55 games/s | ETA: 3189s
[gpu0] [1240/3000] samples:  62000 | chain(game/max/avg): 2/5/2.5 | reward(game/avg): 3800/3600 | 0.55 games/s | ETA: 3185s
[gpu0] [1241/3000] samples:  62050 | chain(game/max/avg): 2/5/2.5 | reward(game/avg): 3180/3600 | 0.55 games/s | ETA: 3181s
[gpu0] [1242/3000] samples:  62100 | chain(game/max/avg): 2/5/2.5 | reward(game/avg): 2720/3599 | 0.55 games/s | ETA: 3176s
[gpu0] [1243/3000] samples:  62150 | chain(game/max/avg): 2/5/2.5 | reward(game/avg): 3760/3599 | 0.55 games/s | ETA: 3172s
[gpu0] [1244/3000] samples:  62200 | chain(game/max/avg): 4/5/2.5 | reward(game/avg): 5860/3601 | 0.55 games/s | ETA: 3168s
[gpu0] [1245/3000] samples:  62250 | chain(game/max/avg): 2/5/2.5 | reward(game/avg): 2970/3600 | 0.55 games/s | ETA: 3163s
[gpu0] [1246/3000] samples:  62300 | chain(game/max/avg): 2/5/2.5 | reward(game/avg): 3100/3600 | 0.56 games/s | ETA: 3159s
[gpu0] [1247/3000] samples:  62350 | chain(game/max/avg): 3/5/2.5 | reward(game/avg): 3720/3600 | 0.56 games/s | ETA: 3155s
[gpu0] [1248/3000] samples:  62400 | chain(game/max/avg): 2/5/2.5 | reward(game/avg): 4180/3601 | 0.56 games/s | ETA: 3150s
[gpu0] [1249/3000] samples:  62450 | chain(game/max/avg): 3/5/2.5 | reward(game/avg): 3780/3601 | 0.56 games/s | ETA: 3146s
[gpu0] [1250/3000] samples:  62500 | chain(game/max/avg): 3/5/2.5 | reward(game/avg): 3560/3601 | 0.56 games/s | ETA: 3142s
[gpu0] [1251/3000] samples:  62550 | chain(game/max/avg): 3/5/2.5 | reward(game/avg): 4540/3601 | 0.56 games/s | ETA: 3137s
[gpu0] [1252/3000] samples:  62600 | chain(game/max/avg): 2/5/2.5 | reward(game/avg): 2840/3601 | 0.56 games/s | ETA: 3133s
[gpu0] [1253/3000] samples:  62650 | chain(game/max/avg): 3/5/2.5 | reward(game/avg): 2960/3600 | 0.56 games/s | ETA: 3129s
[gpu0] [1254/3000] samples:  62700 | chain(game/max/avg): 2/5/2.5 | reward(game/avg): 2640/3600 | 0.56 games/s | ETA: 3124s
[gpu0] [1255/3000] samples:  62750 | chain(game/max/avg): 3/5/2.5 | reward(game/avg): 3520/3599 | 0.56 games/s | ETA: 3120s
[gpu0] [1256/3000] samples:  62800 | chain(game/max/avg): 2/5/2.5 | reward(game/avg): 3240/3599 | 0.56 games/s | ETA: 3116s
[gpu0] [1257/3000] samples:  62850 | chain(game/max/avg): 3/5/2.5 | reward(game/avg): 3920/3599 | 0.56 games/s | ETA: 3112s
[gpu0] [1258/3000] samples:  62900 | chain(game/max/avg): 3/5/2.5 | reward(game/avg): 3950/3600 | 0.56 games/s | ETA: 3107s
[gpu0] [1260/3000] samples:  63000 | chain(game/max/avg): 3/5/2.5 | reward(game/avg): 3640/3599 | 0.56 games/s | ETA: 3099s
[gpu0] [1259/3000] samples:  62950 | chain(game/max/avg): 2/5/2.5 | reward(game/avg): 3170/3599 | 0.56 games/s | ETA: 3103s
[gpu0] [1261/3000] samples:  63050 | chain(game/max/avg): 2/5/2.5 | reward(game/avg): 2820/3599 | 0.56 games/s | ETA: 3095s
[gpu0] [1262/3000] samples:  63100 | chain(game/max/avg): 3/5/2.5 | reward(game/avg): 4480/3599 | 0.56 games/s | ETA: 3090s
[gpu0] [1263/3000] samples:  63150 | chain(game/max/avg): 2/5/2.5 | reward(game/avg): 3320/3599 | 0.56 games/s | ETA: 3086s
[gpu0] [1264/3000] samples:  63200 | chain(game/max/avg): 3/5/2.5 | reward(game/avg): 4180/3600 | 0.56 games/s | ETA: 3082s
[gpu0] [1265/3000] samples:  63250 | chain(game/max/avg): 2/5/2.5 | reward(game/avg): 2780/3599 | 0.56 games/s | ETA: 3078s
[gpu0] [1266/3000] samples:  63300 | chain(game/max/avg): 2/5/2.5 | reward(game/avg): 3040/3599 | 0.56 games/s | ETA: 3074s
[gpu0] [1267/3000] samples:  63350 | chain(game/max/avg): 2/5/2.5 | reward(game/avg): 3680/3599 | 0.56 games/s | ETA: 3069s
[gpu0] [1268/3000] samples:  63400 | chain(game/max/avg): 4/5/2.5 | reward(game/avg): 6080/3601 | 0.57 games/s | ETA: 3065s
[gpu0] [1269/3000] samples:  63450 | chain(game/max/avg): 2/5/2.5 | reward(game/avg): 2960/3600 | 0.57 games/s | ETA: 3061s
[gpu0] [1270/3000] samples:  63500 | chain(game/max/avg): 3/5/2.5 | reward(game/avg): 5080/3601 | 0.57 games/s | ETA: 3057s
[gpu0] [1272/3000] samples:  63600 | chain(game/max/avg): 2/5/2.5 | reward(game/avg): 2720/3600 | 0.57 games/s | ETA: 3049s
[gpu0] [1273/3000] samples:  63650 | chain(game/max/avg): 2/5/2.5 | reward(game/avg): 2380/3599 | 0.57 games/s | ETA: 3044s
[gpu0] [1271/3000] samples:  63550 | chain(game/max/avg): 2/5/2.5 | reward(game/avg): 3410/3601 | 0.57 games/s | ETA: 3053s
[gpu0] [1274/3000] samples:  63700 | chain(game/max/avg): 2/5/2.5 | reward(game/avg): 2590/3599 | 0.57 games/s | ETA: 3040s
[gpu0] [1275/3000] samples:  63750 | chain(game/max/avg): 3/5/2.5 | reward(game/avg): 4720/3600 | 0.57 games/s | ETA: 3036s
[gpu0] [1276/3000] samples:  63800 | chain(game/max/avg): 2/5/2.5 | reward(game/avg): 2020/3598 | 0.57 games/s | ETA: 3032s
[gpu0] [1277/3000] samples:  63850 | chain(game/max/avg): 2/5/2.5 | reward(game/avg): 2660/3598 | 0.57 games/s | ETA: 3028s
[gpu0] [1278/3000] samples:  63900 | chain(game/max/avg): 2/5/2.5 | reward(game/avg): 2420/3597 | 0.57 games/s | ETA: 3024s
[gpu0] [1279/3000] samples:  63950 | chain(game/max/avg): 2/5/2.5 | reward(game/avg): 2800/3596 | 0.57 games/s | ETA: 3020s
[gpu0] [1280/3000] samples:  64000 | chain(game/max/avg): 2/5/2.5 | reward(game/avg): 2800/3595 | 0.57 games/s | ETA: 3015s
[gpu0] [1281/3000] samples:  64050 | chain(game/max/avg): 3/5/2.5 | reward(game/avg): 6110/3597 | 0.57 games/s | ETA: 3011s
[gpu0] [1282/3000] samples:  64100 | chain(game/max/avg): 2/5/2.5 | reward(game/avg): 3040/3597 | 0.57 games/s | ETA: 3007s
[gpu0] [1283/3000] samples:  64150 | chain(game/max/avg): 2/5/2.5 | reward(game/avg): 2740/3596 | 0.57 games/s | ETA: 3003s
[gpu0] [1284/3000] samples:  64250 | chain(game/max/avg): 3/5/2.5 | reward(game/avg): 4700/3599 | 0.57 games/s | ETA: 2999s
[gpu0] [1286/3000] samples:  64300 | chain(game/max/avg): 2/5/2.5 | reward(game/avg): 3370/3596 | 0.57 games/s | ETA: 2991s
[gpu0] [1285/3000] samples:  64250 | chain(game/max/avg): 2/5/2.5 | reward(game/avg): 2680/3596 | 0.57 games/s | ETA: 2995s
[gpu0] [1287/3000] samples:  64350 | chain(game/max/avg): 2/5/2.5 | reward(game/avg): 2540/3595 | 0.57 games/s | ETA: 2987s
[gpu0] [1288/3000] samples:  64400 | chain(game/max/avg): 2/5/2.5 | reward(game/avg): 3460/3595 | 0.57 games/s | ETA: 2983s
[gpu0] [1289/3000] samples:  64450 | chain(game/max/avg): 2/5/2.5 | reward(game/avg): 3440/3595 | 0.57 games/s | ETA: 2979s
[gpu0] [1290/3000] samples:  64500 | chain(game/max/avg): 2/5/2.5 | reward(game/avg): 3210/3595 | 0.57 games/s | ETA: 2975s
[gpu0] [1291/3000] samples:  64550 | chain(game/max/avg): 2/5/2.5 | reward(game/avg): 2940/3594 | 0.58 games/s | ETA: 2971s
[gpu0] [1292/3000] samples:  64600 | chain(game/max/avg): 2/5/2.5 | reward(game/avg): 4580/3595 | 0.58 games/s | ETA: 2967s
[gpu0] [1293/3000] samples:  64650 | chain(game/max/avg): 2/5/2.5 | reward(game/avg): 3040/3595 | 0.58 games/s | ETA: 2963s
[gpu0] [1294/3000] samples:  64700 | chain(game/max/avg): 2/5/2.5 | reward(game/avg): 3220/3594 | 0.58 games/s | ETA: 2959s
[gpu0] [1295/3000] samples:  64750 | chain(game/max/avg): 2/5/2.5 | reward(game/avg): 2980/3594 | 0.58 games/s | ETA: 2955s
[gpu0] [1297/3000] samples:  64850 | chain(game/max/avg): 2/5/2.5 | reward(game/avg): 2460/3592 | 0.58 games/s | ETA: 2947s
[gpu0] [1296/3000] samples:  64800 | chain(game/max/avg): 2/5/2.5 | reward(game/avg): 2020/3593 | 0.58 games/s | ETA: 2951s
[gpu0] [1298/3000] samples:  64900 | chain(game/max/avg): 3/5/2.5 | reward(game/avg): 5700/3594 | 0.58 games/s | ETA: 2943s
[gpu0] [1299/3000] samples:  64950 | chain(game/max/avg): 2/5/2.5 | reward(game/avg): 2620/3593 | 0.58 games/s | ETA: 2939s
[gpu0] [1300/3000] samples:  65000 | chain(game/max/avg): 3/5/2.5 | reward(game/avg): 4000/3593 | 0.58 games/s | ETA: 2935s
[gpu0] [1301/3000] samples:  65050 | chain(game/max/avg): 3/5/2.5 | reward(game/avg): 2800/3592 | 0.58 games/s | ETA: 2931s
[gpu0] [1302/3000] samples:  65100 | chain(game/max/avg): 2/5/2.5 | reward(game/avg): 2920/3592 | 0.58 games/s | ETA: 2927s
[gpu0] [1303/3000] samples:  65150 | chain(game/max/avg): 3/5/2.5 | reward(game/avg): 4140/3592 | 0.58 games/s | ETA: 2923s
[gpu0] [1304/3000] samples:  65200 | chain(game/max/avg): 2/5/2.5 | reward(game/avg): 4040/3593 | 0.58 games/s | ETA: 2919s
[gpu0] [1305/3000] samples:  65250 | chain(game/max/avg): 2/5/2.5 | reward(game/avg): 2900/3592 | 0.58 games/s | ETA: 2915s
[gpu0] [1306/3000] samples:  65300 | chain(game/max/avg): 3/5/2.5 | reward(game/avg): 3400/3592 | 0.58 games/s | ETA: 2911s
[gpu0] [1307/3000] samples:  65350 | chain(game/max/avg): 2/5/2.5 | reward(game/avg): 2760/3591 | 0.58 games/s | ETA: 2907s
[gpu0] [1308/3000] samples:  65400 | chain(game/max/avg): 2/5/2.5 | reward(game/avg): 3060/3591 | 0.58 games/s | ETA: 2903s
[gpu0] [1309/3000] samples:  65450 | chain(game/max/avg): 2/5/2.5 | reward(game/avg): 3260/3591 | 0.58 games/s | ETA: 2899s
[gpu0] [1310/3000] samples:  65500 | chain(game/max/avg): 2/5/2.5 | reward(game/avg): 3480/3591 | 0.58 games/s | ETA: 2895s
[gpu0] [1311/3000] samples:  65550 | chain(game/max/avg): 3/5/2.5 | reward(game/avg): 3760/3591 | 0.58 games/s | ETA: 2891s
[gpu0] [1312/3000] samples:  65600 | chain(game/max/avg): 3/5/2.5 | reward(game/avg): 4340/3591 | 0.58 games/s | ETA: 2887s
[gpu0] [1313/3000] samples:  65650 | chain(game/max/avg): 3/5/2.5 | reward(game/avg): 3020/3591 | 0.59 games/s | ETA: 2883s
[gpu0] [1314/3000] samples:  65700 | chain(game/max/avg): 3/5/2.5 | reward(game/avg): 3820/3591 | 0.59 games/s | ETA: 2879s
[gpu0] [1315/3000] samples:  65750 | chain(game/max/avg): 3/5/2.5 | reward(game/avg): 4440/3592 | 0.59 games/s | ETA: 2876s
[gpu0] [1316/3000] samples:  65800 | chain(game/max/avg): 3/5/2.5 | reward(game/avg): 3180/3591 | 0.59 games/s | ETA: 2872s
[gpu0] [1317/3000] samples:  65850 | chain(game/max/avg): 2/5/2.5 | reward(game/avg): 2380/3591 | 0.59 games/s | ETA: 2868s
[gpu0] [1318/3000] samples:  65900 | chain(game/max/avg): 2/5/2.5 | reward(game/avg): 3500/3590 | 0.59 games/s | ETA: 2864s
[gpu0] [1319/3000] samples:  65950 | chain(game/max/avg): 2/5/2.5 | reward(game/avg): 2480/3590 | 0.59 games/s | ETA: 2860s
[gpu0] [1320/3000] samples:  66000 | chain(game/max/avg): 2/5/2.5 | reward(game/avg): 3160/3589 | 0.59 games/s | ETA: 2856s
[gpu0] [1324/3000] samples:  66200 | chain(game/max/avg): 3/5/2.5 | reward(game/avg): 3340/3590 | 0.59 games/s | ETA: 2841s
[gpu0] [1321/3000] samples:  66050 | chain(game/max/avg): 3/5/2.5 | reward(game/avg): 3600/3589 | 0.59 games/s | ETA: 2852s
[gpu0] [1322/3000] samples:  66100 | chain(game/max/avg): 3/5/2.5 | reward(game/avg): 4000/3590 | 0.59 games/s | ETA: 2848s
[gpu0] [1323/3000] samples:  66150 | chain(game/max/avg): 2/5/2.5 | reward(game/avg): 3840/3590 | 0.59 games/s | ETA: 2845s
[gpu0] [1325/3000] samples:  66250 | chain(game/max/avg): 2/5/2.5 | reward(game/avg): 2900/3589 | 0.59 games/s | ETA: 2837s
[gpu0] [1326/3000] samples:  66300 | chain(game/max/avg): 3/5/2.5 | reward(game/avg): 4200/3590 | 0.59 games/s | ETA: 2833s
[gpu0] [1327/3000] samples:  66350 | chain(game/max/avg): 3/5/2.5 | reward(game/avg): 3660/3590 | 0.59 games/s | ETA: 2829s
[gpu0] [1328/3000] samples:  66400 | chain(game/max/avg): 2/5/2.5 | reward(game/avg): 1900/3588 | 0.59 games/s | ETA: 2825s
[gpu0] [1329/3000] samples:  66450 | chain(game/max/avg): 3/5/2.5 | reward(game/avg): 3460/3588 | 0.59 games/s | ETA: 2822s
[gpu0] [1330/3000] samples:  66500 | chain(game/max/avg): 2/5/2.5 | reward(game/avg): 2960/3588 | 0.59 games/s | ETA: 2818s
[gpu0] [1331/3000] samples:  66550 | chain(game/max/avg): 3/5/2.5 | reward(game/avg): 4180/3588 | 0.59 games/s | ETA: 2814s
[gpu0] [1332/3000] samples:  66600 | chain(game/max/avg): 3/5/2.5 | reward(game/avg): 3340/3588 | 0.59 games/s | ETA: 2810s
[gpu0] [1334/3000] samples:  66700 | chain(game/max/avg): 2/5/2.5 | reward(game/avg): 2980/3587 | 0.59 games/s | ETA: 2803s
[gpu0] [1333/3000] samples:  66650 | chain(game/max/avg): 2/5/2.5 | reward(game/avg): 3030/3588 | 0.59 games/s | ETA: 2806s
[gpu0] [1335/3000] samples:  66750 | chain(game/max/avg): 3/5/2.5 | reward(game/avg): 3930/3587 | 0.59 games/s | ETA: 2799s
[gpu0] [1336/3000] samples:  66800 | chain(game/max/avg): 4/5/2.5 | reward(game/avg): 4340/3588 | 0.60 games/s | ETA: 2795s
[gpu0] [1337/3000] samples:  66850 | chain(game/max/avg): 2/5/2.5 | reward(game/avg): 2220/3587 | 0.60 games/s | ETA: 2791s
[gpu0] [1338/3000] samples:  66900 | chain(game/max/avg): 2/5/2.5 | reward(game/avg): 3680/3587 | 0.60 games/s | ETA: 2788s
[gpu0] [1339/3000] samples:  66950 | chain(game/max/avg): 3/5/2.5 | reward(game/avg): 3460/3587 | 0.60 games/s | ETA: 2784s
[gpu0] [1340/3000] samples:  67000 | chain(game/max/avg): 3/5/2.5 | reward(game/avg): 4040/3587 | 0.60 games/s | ETA: 2780s
[gpu0] [1341/3000] samples:  67050 | chain(game/max/avg): 2/5/2.5 | reward(game/avg): 3140/3587 | 0.60 games/s | ETA: 2776s
[gpu0] [1342/3000] samples:  67100 | chain(game/max/avg): 3/5/2.5 | reward(game/avg): 4860/3588 | 0.60 games/s | ETA: 2773s
[gpu0] [1343/3000] samples:  67150 | chain(game/max/avg): 2/5/2.5 | reward(game/avg): 4360/3588 | 0.60 games/s | ETA: 2769s
[gpu0] [1344/3000] samples:  67200 | chain(game/max/avg): 3/5/2.5 | reward(game/avg): 3320/3588 | 0.60 games/s | ETA: 2765s
[gpu0] [1345/3000] samples:  67250 | chain(game/max/avg): 3/5/2.5 | reward(game/avg): 3880/3588 | 0.60 games/s | ETA: 2761s
[gpu0] [1346/3000] samples:  67300 | chain(game/max/avg): 2/5/2.5 | reward(game/avg): 3260/3588 | 0.60 games/s | ETA: 2758s
[gpu0] [1347/3000] samples:  67350 | chain(game/max/avg): 2/5/2.5 | reward(game/avg): 3020/3588 | 0.60 games/s | ETA: 2754s
[gpu0] [1348/3000] samples:  67400 | chain(game/max/avg): 2/5/2.5 | reward(game/avg): 4040/3588 | 0.60 games/s | ETA: 2750s
[gpu0] [1349/3000] samples:  67450 | chain(game/max/avg): 3/5/2.5 | reward(game/avg): 5160/3589 | 0.60 games/s | ETA: 2747s
[gpu0] [1350/3000] samples:  67500 | chain(game/max/avg): 2/5/2.5 | reward(game/avg): 2580/3589 | 0.60 games/s | ETA: 2743s
[gpu0] [1351/3000] samples:  67550 | chain(game/max/avg): 3/5/2.5 | reward(game/avg): 3640/3589 | 0.60 games/s | ETA: 2739s
[gpu0] [1352/3000] samples:  67600 | chain(game/max/avg): 3/5/2.5 | reward(game/avg): 3240/3588 | 0.60 games/s | ETA: 2735s
[gpu0] [1353/3000] samples:  67650 | chain(game/max/avg): 2/5/2.5 | reward(game/avg): 3460/3588 | 0.60 games/s | ETA: 2732s
[gpu0] [1355/3000] samples:  67750 | chain(game/max/avg): 2/5/2.5 | reward(game/avg): 3460/3588 | 0.60 games/s | ETA: 2724s
[gpu0] [1356/3000] samples:  67800 | chain(game/max/avg): 2/5/2.5 | reward(game/avg): 3640/3588 | 0.60 games/s | ETA: 2721s
[gpu0] [1354/3000] samples:  67750 | chain(game/max/avg): 2/5/2.5 | reward(game/avg): 2840/3590 | 0.60 games/s | ETA: 2728s
[gpu0] [1357/3000] samples:  67850 | chain(game/max/avg): 3/5/2.5 | reward(game/avg): 4260/3588 | 0.60 games/s | ETA: 2717s
[gpu0] [1358/3000] samples:  67900 | chain(game/max/avg): 3/5/2.5 | reward(game/avg): 3640/3588 | 0.61 games/s | ETA: 2713s
[gpu0] [1360/3000] samples:  68000 | chain(game/max/avg): 2/5/2.5 | reward(game/avg): 4140/3590 | 0.61 games/s | ETA: 2706s
[gpu0] [1359/3000] samples:  68000 | chain(game/max/avg): 4/5/2.5 | reward(game/avg): 5140/3592 | 0.61 games/s | ETA: 2710s
[gpu0] [1361/3000] samples:  68050 | chain(game/max/avg): 2/5/2.5 | reward(game/avg): 3680/3590 | 0.61 games/s | ETA: 2703s
[gpu0] [1362/3000] samples:  68100 | chain(game/max/avg): 2/5/2.5 | reward(game/avg): 3250/3590 | 0.61 games/s | ETA: 2699s
[gpu0] [1363/3000] samples:  68150 | chain(game/max/avg): 2/5/2.5 | reward(game/avg): 3060/3589 | 0.61 games/s | ETA: 2695s
[gpu0] [1364/3000] samples:  68200 | chain(game/max/avg): 2/5/2.5 | reward(game/avg): 2830/3589 | 0.61 games/s | ETA: 2692s
[gpu0] [1365/3000] samples:  68250 | chain(game/max/avg): 2/5/2.5 | reward(game/avg): 2860/3588 | 0.61 games/s | ETA: 2688s
[gpu0] [1366/3000] samples:  68350 | chain(game/max/avg): 2/5/2.5 | reward(game/avg): 3140/3589 | 0.61 games/s | ETA: 2684s
[gpu0] [1368/3000] samples:  68400 | chain(game/max/avg): 3/5/2.5 | reward(game/avg): 3400/3587 | 0.61 games/s | ETA: 2677s
[gpu0] [1369/3000] samples:  68450 | chain(game/max/avg): 3/5/2.5 | reward(game/avg): 3770/3587 | 0.61 games/s | ETA: 2674s
[gpu0] [1367/3000] samples:  68350 | chain(game/max/avg): 2/5/2.5 | reward(game/avg): 2200/3587 | 0.61 games/s | ETA: 2681s
[gpu0] [1370/3000] samples:  68500 | chain(game/max/avg): 4/5/2.5 | reward(game/avg): 4720/3588 | 0.61 games/s | ETA: 2670s
[gpu0] [1371/3000] samples:  68550 | chain(game/max/avg): 2/5/2.5 | reward(game/avg): 2500/3587 | 0.61 games/s | ETA: 2666s
[gpu0] [1372/3000] samples:  68600 | chain(game/max/avg): 3/5/2.5 | reward(game/avg): 4760/3588 | 0.61 games/s | ETA: 2663s
[gpu0] [1373/3000] samples:  68650 | chain(game/max/avg): 2/5/2.5 | reward(game/avg): 2820/3587 | 0.61 games/s | ETA: 2659s
[gpu0] [1374/3000] samples:  68700 | chain(game/max/avg): 3/5/2.5 | reward(game/avg): 3320/3587 | 0.61 games/s | ETA: 2656s
[gpu0] [1375/3000] samples:  68750 | chain(game/max/avg): 2/5/2.5 | reward(game/avg): 3010/3586 | 0.61 games/s | ETA: 2652s
[gpu0] [1376/3000] samples:  68800 | chain(game/max/avg): 2/5/2.5 | reward(game/avg): 4270/3587 | 0.61 games/s | ETA: 2649s
[gpu0] [1377/3000] samples:  68850 | chain(game/max/avg): 2/5/2.5 | reward(game/avg): 2440/3586 | 0.61 games/s | ETA: 2645s
[gpu0] [1378/3000] samples:  68900 | chain(game/max/avg): 2/5/2.5 | reward(game/avg): 2440/3585 | 0.61 games/s | ETA: 2642s
[gpu0] [1379/3000] samples:  68950 | chain(game/max/avg): 3/5/2.5 | reward(game/avg): 4320/3586 | 0.61 games/s | ETA: 2638s
[gpu0] [1380/3000] samples:  69000 | chain(game/max/avg): 3/5/2.5 | reward(game/avg): 5520/3587 | 0.61 games/s | ETA: 2634s
[gpu0] [1381/3000] samples:  69050 | chain(game/max/avg): 2/5/2.5 | reward(game/avg): 2950/3587 | 0.62 games/s | ETA: 2631s
[gpu0] [1382/3000] samples:  69100 | chain(game/max/avg): 2/5/2.5 | reward(game/avg): 2280/3586 | 0.62 games/s | ETA: 2627s
[gpu0] [1383/3000] samples:  69150 | chain(game/max/avg): 2/5/2.5 | reward(game/avg): 1920/3585 | 0.62 games/s | ETA: 2624s
[gpu0] [1384/3000] samples:  69200 | chain(game/max/avg): 3/5/2.5 | reward(game/avg): 4320/3585 | 0.62 games/s | ETA: 2620s
[gpu0] [1385/3000] samples:  69250 | chain(game/max/avg): 2/5/2.5 | reward(game/avg): 3460/3585 | 0.62 games/s | ETA: 2617s
[gpu0] [1386/3000] samples:  69300 | chain(game/max/avg): 2/5/2.5 | reward(game/avg): 2590/3584 | 0.62 games/s | ETA: 2613s
[gpu0] [1387/3000] samples:  69350 | chain(game/max/avg): 2/5/2.5 | reward(game/avg): 2780/3584 | 0.62 games/s | ETA: 2610s
[gpu0] [1388/3000] samples:  69400 | chain(game/max/avg): 2/5/2.5 | reward(game/avg): 2700/3583 | 0.62 games/s | ETA: 2606s
[gpu0] [1389/3000] samples:  69450 | chain(game/max/avg): 3/5/2.5 | reward(game/avg): 5160/3584 | 0.62 games/s | ETA: 2603s
[gpu0] [1390/3000] samples:  69500 | chain(game/max/avg): 2/5/2.5 | reward(game/avg): 3300/3584 | 0.62 games/s | ETA: 2599s
[gpu0] [1391/3000] samples:  69550 | chain(game/max/avg): 3/5/2.5 | reward(game/avg): 3640/3584 | 0.62 games/s | ETA: 2596s
[gpu0] [1392/3000] samples:  69600 | chain(game/max/avg): 2/5/2.5 | reward(game/avg): 3200/3584 | 0.62 games/s | ETA: 2592s
[gpu0] [1393/3000] samples:  69650 | chain(game/max/avg): 2/5/2.5 | reward(game/avg): 2780/3583 | 0.62 games/s | ETA: 2589s
[gpu0] [1394/3000] samples:  69700 | chain(game/max/avg): 2/5/2.5 | reward(game/avg): 2720/3583 | 0.62 games/s | ETA: 2586s
[gpu0] [1395/3000] samples:  69750 | chain(game/max/avg): 2/5/2.5 | reward(game/avg): 3580/3583 | 0.62 games/s | ETA: 2582s
[gpu0] [1396/3000] samples:  69800 | chain(game/max/avg): 3/5/2.5 | reward(game/avg): 4220/3583 | 0.62 games/s | ETA: 2579s
[gpu0] [1397/3000] samples:  69850 | chain(game/max/avg): 2/5/2.5 | reward(game/avg): 3620/3583 | 0.62 games/s | ETA: 2575s
[gpu0] [1398/3000] samples:  69900 | chain(game/max/avg): 2/5/2.5 | reward(game/avg): 2800/3582 | 0.62 games/s | ETA: 2572s
[gpu0] [1399/3000] samples:  69950 | chain(game/max/avg): 3/5/2.5 | reward(game/avg): 3220/3582 | 0.62 games/s | ETA: 2568s
[gpu0] [1400/3000] samples:  70000 | chain(game/max/avg): 2/5/2.5 | reward(game/avg): 3480/3582 | 0.62 games/s | ETA: 2565s
[gpu0] [1401/3000] samples:  70050 | chain(game/max/avg): 3/5/2.5 | reward(game/avg): 3330/3582 | 0.62 games/s | ETA: 2561s
[gpu0] [1402/3000] samples:  70100 | chain(game/max/avg): 3/5/2.5 | reward(game/avg): 4560/3583 | 0.62 games/s | ETA: 2558s
[gpu0] [1403/3000] samples:  70150 | chain(game/max/avg): 2/5/2.5 | reward(game/avg): 2680/3582 | 0.63 games/s | ETA: 2555s
[gpu0] [1406/3000] samples:  70300 | chain(game/max/avg): 2/5/2.5 | reward(game/avg): 2900/3580 | 0.63 games/s | ETA: 2544s
[gpu0] [1405/3000] samples:  70250 | chain(game/max/avg): 2/5/2.5 | reward(game/avg): 3300/3581 | 0.63 games/s | ETA: 2548s
[gpu0] [1404/3000] samples:  70200 | chain(game/max/avg): 2/5/2.5 | reward(game/avg): 2180/3581 | 0.63 games/s | ETA: 2551s
[gpu0] [1407/3000] samples:  70350 | chain(game/max/avg): 3/5/2.5 | reward(game/avg): 4860/3581 | 0.63 games/s | ETA: 2541s
[gpu0] [1408/3000] samples:  70400 | chain(game/max/avg): 3/5/2.5 | reward(game/avg): 2660/3581 | 0.63 games/s | ETA: 2537s
[gpu0] [1409/3000] samples:  70450 | chain(game/max/avg): 3/5/2.5 | reward(game/avg): 3520/3581 | 0.63 games/s | ETA: 2534s
[gpu0] [1410/3000] samples:  70500 | chain(game/max/avg): 2/5/2.5 | reward(game/avg): 3040/3580 | 0.63 games/s | ETA: 2531s
[gpu0] [1411/3000] samples:  70550 | chain(game/max/avg): 2/5/2.5 | reward(game/avg): 3330/3580 | 0.63 games/s | ETA: 2527s
[gpu0] [1412/3000] samples:  70600 | chain(game/max/avg): 2/5/2.5 | reward(game/avg): 3370/3580 | 0.63 games/s | ETA: 2524s
[gpu0] [1413/3000] samples:  70650 | chain(game/max/avg): 2/5/2.5 | reward(game/avg): 2590/3579 | 0.63 games/s | ETA: 2521s
[gpu0] [1414/3000] samples:  70700 | chain(game/max/avg): 3/5/2.5 | reward(game/avg): 4180/3580 | 0.63 games/s | ETA: 2517s
[gpu0] [1415/3000] samples:  70750 | chain(game/max/avg): 2/5/2.5 | reward(game/avg): 3120/3579 | 0.63 games/s | ETA: 2514s
[gpu0] [1416/3000] samples:  70800 | chain(game/max/avg): 2/5/2.5 | reward(game/avg): 2860/3579 | 0.63 games/s | ETA: 2510s
[gpu0] [1417/3000] samples:  70850 | chain(game/max/avg): 2/5/2.5 | reward(game/avg): 2900/3578 | 0.63 games/s | ETA: 2507s
[gpu0] [1419/3000] samples:  70950 | chain(game/max/avg): 3/5/2.5 | reward(game/avg): 4640/3578 | 0.63 games/s | ETA: 2500s
[gpu0] [1420/3000] samples:  71000 | chain(game/max/avg): 2/5/2.5 | reward(game/avg): 2210/3577 | 0.63 games/s | ETA: 2497s
[gpu0] [1418/3000] samples:  70950 | chain(game/max/avg): 2/5/2.5 | reward(game/avg): 2000/3580 | 0.63 games/s | ETA: 2504s
[gpu0] [1421/3000] samples:  71050 | chain(game/max/avg): 2/5/2.5 | reward(game/avg): 2860/3576 | 0.63 games/s | ETA: 2494s
[gpu0] [1422/3000] samples:  71100 | chain(game/max/avg): 2/5/2.5 | reward(game/avg): 2990/3576 | 0.63 games/s | ETA: 2490s
[gpu0] [1423/3000] samples:  71150 | chain(game/max/avg): 2/5/2.5 | reward(game/avg): 3100/3576 | 0.63 games/s | ETA: 2487s
[gpu0] [1424/3000] samples:  71200 | chain(game/max/avg): 2/5/2.5 | reward(game/avg): 3100/3575 | 0.63 games/s | ETA: 2484s
[gpu0] [1425/3000] samples:  71250 | chain(game/max/avg): 2/5/2.5 | reward(game/avg): 3160/3575 | 0.63 games/s | ETA: 2480s
[gpu0] [1426/3000] samples:  71300 | chain(game/max/avg): 2/5/2.5 | reward(game/avg): 4140/3575 | 0.64 games/s | ETA: 2477s
[gpu0] [1427/3000] samples:  71350 | chain(game/max/avg): 2/5/2.5 | reward(game/avg): 3600/3575 | 0.64 games/s | ETA: 2474s
[gpu0] [1428/3000] samples:  71400 | chain(game/max/avg): 2/5/2.5 | reward(game/avg): 3200/3575 | 0.64 games/s | ETA: 2471s
[gpu0] [1429/3000] samples:  71450 | chain(game/max/avg): 2/5/2.5 | reward(game/avg): 2850/3575 | 0.64 games/s | ETA: 2467s
[gpu0] [1430/3000] samples:  71500 | chain(game/max/avg): 2/5/2.5 | reward(game/avg): 3320/3575 | 0.64 games/s | ETA: 2464s
[gpu0] [1431/3000] samples:  71550 | chain(game/max/avg): 2/5/2.5 | reward(game/avg): 3800/3575 | 0.64 games/s | ETA: 2461s
[gpu0] [1432/3000] samples:  71600 | chain(game/max/avg): 3/5/2.5 | reward(game/avg): 6120/3576 | 0.64 games/s | ETA: 2457s
[gpu0] [1433/3000] samples:  71650 | chain(game/max/avg): 2/5/2.5 | reward(game/avg): 3240/3576 | 0.64 games/s | ETA: 2454s
[gpu0] [1434/3000] samples:  71700 | chain(game/max/avg): 2/5/2.5 | reward(game/avg): 3260/3576 | 0.64 games/s | ETA: 2451s
[gpu0] [1435/3000] samples:  71750 | chain(game/max/avg): 3/5/2.5 | reward(game/avg): 4100/3576 | 0.64 games/s | ETA: 2448s
[gpu0] [1436/3000] samples:  71800 | chain(game/max/avg): 3/5/2.5 | reward(game/avg): 3460/3576 | 0.64 games/s | ETA: 2444s
[gpu0] [1437/3000] samples:  71850 | chain(game/max/avg): 4/5/2.5 | reward(game/avg): 6080/3578 | 0.64 games/s | ETA: 2441s
[gpu0] [1438/3000] samples:  71900 | chain(game/max/avg): 2/5/2.5 | reward(game/avg): 3000/3578 | 0.64 games/s | ETA: 2438s
[gpu0] [1439/3000] samples:  71950 | chain(game/max/avg): 3/5/2.5 | reward(game/avg): 3440/3578 | 0.64 games/s | ETA: 2434s
[gpu0] [1440/3000] samples:  72000 | chain(game/max/avg): 4/5/2.5 | reward(game/avg): 4760/3578 | 0.64 games/s | ETA: 2431s
[gpu0] [1441/3000] samples:  72050 | chain(game/max/avg): 2/5/2.5 | reward(game/avg): 2680/3578 | 0.64 games/s | ETA: 2428s
[gpu0] [1442/3000] samples:  72100 | chain(game/max/avg): 2/5/2.5 | reward(game/avg): 3270/3578 | 0.64 games/s | ETA: 2425s
[gpu0] [1444/3000] samples:  72200 | chain(game/max/avg): 2/5/2.5 | reward(game/avg): 2680/3576 | 0.64 games/s | ETA: 2418s
[gpu0] [1443/3000] samples:  72150 | chain(game/max/avg): 2/5/2.5 | reward(game/avg): 2260/3577 | 0.64 games/s | ETA: 2422s
[gpu0] [1445/3000] samples:  72250 | chain(game/max/avg): 3/5/2.5 | reward(game/avg): 3720/3576 | 0.64 games/s | ETA: 2415s
[gpu0] [1449/3000] samples:  72450 | chain(game/max/avg): 2/5/2.5 | reward(game/avg): 3220/3579 | 0.65 games/s | ETA: 2402s
[gpu0] [1447/3000] samples:  72350 | chain(game/max/avg): 5/5/2.5 | reward(game/avg): 7360/3579 | 0.64 games/s | ETA: 2409s
[gpu0] [1448/3000] samples:  72400 | chain(game/max/avg): 2/5/2.5 | reward(game/avg): 3000/3579 | 0.65 games/s | ETA: 2405s
[gpu0] [1450/3000] samples:  72500 | chain(game/max/avg): 2/5/2.5 | reward(game/avg): 3070/3578 | 0.65 games/s | ETA: 2399s
[gpu0] [1446/3000] samples:  72300 | chain(game/max/avg): 3/5/2.5 | reward(game/avg): 4290/3577 | 0.64 games/s | ETA: 2412s
[gpu0] [1451/3000] samples:  72550 | chain(game/max/avg): 2/5/2.5 | reward(game/avg): 3580/3578 | 0.65 games/s | ETA: 2396s
[gpu0] [1452/3000] samples:  72600 | chain(game/max/avg): 2/5/2.5 | reward(game/avg): 2910/3578 | 0.65 games/s | ETA: 2393s
[gpu0] [1453/3000] samples:  72650 | chain(game/max/avg): 3/5/2.5 | reward(game/avg): 4740/3579 | 0.65 games/s | ETA: 2389s
[gpu0] [1454/3000] samples:  72700 | chain(game/max/avg): 3/5/2.5 | reward(game/avg): 3420/3578 | 0.65 games/s | ETA: 2386s
[gpu0] [1455/3000] samples:  72750 | chain(game/max/avg): 3/5/2.5 | reward(game/avg): 3040/3578 | 0.65 games/s | ETA: 2383s
[gpu0] [1456/3000] samples:  72800 | chain(game/max/avg): 3/5/2.5 | reward(game/avg): 3240/3578 | 0.65 games/s | ETA: 2380s
[gpu0] [1457/3000] samples:  72850 | chain(game/max/avg): 2/5/2.5 | reward(game/avg): 3820/3578 | 0.65 games/s | ETA: 2377s
[gpu0] [1458/3000] samples:  72900 | chain(game/max/avg): 3/5/2.5 | reward(game/avg): 5720/3579 | 0.65 games/s | ETA: 2374s
[gpu0] [1459/3000] samples:  72950 | chain(game/max/avg): 3/5/2.5 | reward(game/avg): 3780/3580 | 0.65 games/s | ETA: 2370s
[gpu0] [1460/3000] samples:  73000 | chain(game/max/avg): 2/5/2.5 | reward(game/avg): 3140/3579 | 0.65 games/s | ETA: 2367s
[gpu0] [1461/3000] samples:  73050 | chain(game/max/avg): 2/5/2.5 | reward(game/avg): 3040/3579 | 0.65 games/s | ETA: 2364s
[gpu0] [1462/3000] samples:  73100 | chain(game/max/avg): 2/5/2.5 | reward(game/avg): 3280/3579 | 0.65 games/s | ETA: 2361s
[gpu0] [1463/3000] samples:  73150 | chain(game/max/avg): 3/5/2.5 | reward(game/avg): 3840/3579 | 0.65 games/s | ETA: 2358s
[gpu0] [1464/3000] samples:  73200 | chain(game/max/avg): 2/5/2.5 | reward(game/avg): 2540/3578 | 0.65 games/s | ETA: 2355s
[gpu0] [1465/3000] samples:  73250 | chain(game/max/avg): 2/5/2.5 | reward(game/avg): 2700/3578 | 0.65 games/s | ETA: 2351s
[gpu0] [1466/3000] samples:  73300 | chain(game/max/avg): 3/5/2.5 | reward(game/avg): 4460/3578 | 0.65 games/s | ETA: 2348s
[gpu0] [1467/3000] samples:  73350 | chain(game/max/avg): 3/5/2.5 | reward(game/avg): 3760/3578 | 0.65 games/s | ETA: 2345s
[gpu0] [1468/3000] samples:  73400 | chain(game/max/avg): 2/5/2.5 | reward(game/avg): 3360/3578 | 0.65 games/s | ETA: 2342s
[gpu0] [1469/3000] samples:  73450 | chain(game/max/avg): 3/5/2.5 | reward(game/avg): 4700/3579 | 0.65 games/s | ETA: 2339s
[gpu0] [1470/3000] samples:  73500 | chain(game/max/avg): 2/5/2.5 | reward(game/avg): 2300/3578 | 0.66 games/s | ETA: 2336s
[gpu0] [1471/3000] samples:  73550 | chain(game/max/avg): 3/5/2.5 | reward(game/avg): 3320/3578 | 0.66 games/s | ETA: 2333s
[gpu0] [1472/3000] samples:  73600 | chain(game/max/avg): 2/5/2.5 | reward(game/avg): 2420/3577 | 0.66 games/s | ETA: 2330s
[gpu0] [1473/3000] samples:  73650 | chain(game/max/avg): 2/5/2.5 | reward(game/avg): 4310/3578 | 0.66 games/s | ETA: 2327s
[gpu0] [1474/3000] samples:  73700 | chain(game/max/avg): 3/5/2.5 | reward(game/avg): 3480/3578 | 0.66 games/s | ETA: 2323s
[gpu0] [1475/3000] samples:  73750 | chain(game/max/avg): 3/5/2.5 | reward(game/avg): 4140/3578 | 0.66 games/s | ETA: 2320s
[gpu0] [1476/3000] samples:  73800 | chain(game/max/avg): 2/5/2.5 | reward(game/avg): 4310/3578 | 0.66 games/s | ETA: 2317s
[gpu0] [1477/3000] samples:  73850 | chain(game/max/avg): 3/5/2.5 | reward(game/avg): 5340/3580 | 0.66 games/s | ETA: 2314s
[gpu0] [1478/3000] samples:  73900 | chain(game/max/avg): 3/5/2.5 | reward(game/avg): 3990/3580 | 0.66 games/s | ETA: 2311s
[gpu0] [1479/3000] samples:  73950 | chain(game/max/avg): 2/5/2.5 | reward(game/avg): 3120/3580 | 0.66 games/s | ETA: 2308s
[gpu0] [1480/3000] samples:  74000 | chain(game/max/avg): 2/5/2.5 | reward(game/avg): 2840/3579 | 0.66 games/s | ETA: 2305s
[gpu0] [1481/3000] samples:  74050 | chain(game/max/avg): 3/5/2.5 | reward(game/avg): 4900/3580 | 0.66 games/s | ETA: 2302s
[gpu0] [1482/3000] samples:  74100 | chain(game/max/avg): 2/5/2.5 | reward(game/avg): 2680/3579 | 0.66 games/s | ETA: 2299s
[gpu0] [1483/3000] samples:  74150 | chain(game/max/avg): 3/5/2.5 | reward(game/avg): 3520/3579 | 0.66 games/s | ETA: 2296s
[gpu0] [1484/3000] samples:  74200 | chain(game/max/avg): 3/5/2.5 | reward(game/avg): 3480/3579 | 0.66 games/s | ETA: 2293s
[gpu0] [1485/3000] samples:  74250 | chain(game/max/avg): 2/5/2.5 | reward(game/avg): 3380/3579 | 0.66 games/s | ETA: 2290s
[gpu0] [1486/3000] samples:  74300 | chain(game/max/avg): 2/5/2.5 | reward(game/avg): 2400/3578 | 0.66 games/s | ETA: 2287s
[gpu0] [1487/3000] samples:  74350 | chain(game/max/avg): 3/5/2.5 | reward(game/avg): 3300/3578 | 0.66 games/s | ETA: 2284s
[gpu0] [1488/3000] samples:  74400 | chain(game/max/avg): 3/5/2.5 | reward(game/avg): 3820/3578 | 0.66 games/s | ETA: 2280s
[gpu0] [1489/3000] samples:  74450 | chain(game/max/avg): 3/5/2.5 | reward(game/avg): 3600/3578 | 0.66 games/s | ETA: 2277s
[gpu0] [1490/3000] samples:  74500 | chain(game/max/avg): 2/5/2.5 | reward(game/avg): 2440/3578 | 0.66 games/s | ETA: 2274s
[gpu0] [1491/3000] samples:  74550 | chain(game/max/avg): 3/5/2.5 | reward(game/avg): 3840/3578 | 0.66 games/s | ETA: 2271s
[gpu0] [1492/3000] samples:  74600 | chain(game/max/avg): 3/5/2.5 | reward(game/avg): 3560/3578 | 0.66 games/s | ETA: 2268s
[gpu0] [1493/3000] samples:  74650 | chain(game/max/avg): 3/5/2.5 | reward(game/avg): 3640/3578 | 0.67 games/s | ETA: 2265s
[gpu0] [1494/3000] samples:  74700 | chain(game/max/avg): 3/5/2.5 | reward(game/avg): 4200/3578 | 0.67 games/s | ETA: 2262s
[gpu0] [1495/3000] samples:  74750 | chain(game/max/avg): 3/5/2.5 | reward(game/avg): 4060/3578 | 0.67 games/s | ETA: 2259s
[gpu0] [1496/3000] samples:  74800 | chain(game/max/avg): 2/5/2.5 | reward(game/avg): 2620/3578 | 0.67 games/s | ETA: 2256s
[gpu0] [1497/3000] samples:  74850 | chain(game/max/avg): 3/5/2.5 | reward(game/avg): 3520/3578 | 0.67 games/s | ETA: 2253s
[gpu0] [1498/3000] samples:  74900 | chain(game/max/avg): 3/5/2.5 | reward(game/avg): 3720/3578 | 0.67 games/s | ETA: 2250s
[gpu0] [1499/3000] samples:  74950 | chain(game/max/avg): 2/5/2.5 | reward(game/avg): 2020/3577 | 0.67 games/s | ETA: 2247s
[gpu0] [1500/3000] samples:  75000 | chain(game/max/avg): 2/5/2.5 | reward(game/avg): 3600/3577 | 0.67 games/s | ETA: 2244s
[gpu0] [1501/3000] samples:  75050 | chain(game/max/avg): 2/5/2.5 | reward(game/avg): 2940/3576 | 0.67 games/s | ETA: 2241s
[gpu0] [1502/3000] samples:  75100 | chain(game/max/avg): 3/5/2.5 | reward(game/avg): 3540/3576 | 0.67 games/s | ETA: 2238s
[gpu0] [1507/3000] samples:  75350 | chain(game/max/avg): 2/5/2.5 | reward(game/avg): 2180/3574 | 0.67 games/s | ETA: 2223s
[gpu0] [1503/3000] samples:  75150 | chain(game/max/avg): 3/5/2.5 | reward(game/avg): 3460/3576 | 0.67 games/s | ETA: 2235s
[gpu0] [1504/3000] samples:  75200 | chain(game/max/avg): 2/5/2.5 | reward(game/avg): 3000/3576 | 0.67 games/s | ETA: 2232s
[gpu0] [1506/3000] samples:  75300 | chain(game/max/avg): 2/5/2.5 | reward(game/avg): 2760/3575 | 0.67 games/s | ETA: 2226s
[gpu0] [1505/3000] samples:  75250 | chain(game/max/avg): 2/5/2.5 | reward(game/avg): 3350/3576 | 0.67 games/s | ETA: 2229s
[gpu0] [1508/3000] samples:  75400 | chain(game/max/avg): 2/5/2.5 | reward(game/avg): 3220/3574 | 0.67 games/s | ETA: 2220s
[gpu0] [1509/3000] samples:  75450 | chain(game/max/avg): 2/5/2.5 | reward(game/avg): 2900/3574 | 0.67 games/s | ETA: 2218s
[gpu0] [1510/3000] samples:  75500 | chain(game/max/avg): 2/5/2.5 | reward(game/avg): 3670/3574 | 0.67 games/s | ETA: 2215s
[gpu0] [1511/3000] samples:  75550 | chain(game/max/avg): 2/5/2.5 | reward(game/avg): 2680/3573 | 0.67 games/s | ETA: 2212s
[gpu0] [1512/3000] samples:  75600 | chain(game/max/avg): 3/5/2.5 | reward(game/avg): 3380/3573 | 0.67 games/s | ETA: 2209s
[gpu0] [1513/3000] samples:  75650 | chain(game/max/avg): 2/5/2.5 | reward(game/avg): 4190/3573 | 0.67 games/s | ETA: 2206s
[gpu0] [1514/3000] samples:  75700 | chain(game/max/avg): 3/5/2.5 | reward(game/avg): 4340/3574 | 0.67 games/s | ETA: 2203s
[gpu0] [1515/3000] samples:  75750 | chain(game/max/avg): 2/5/2.5 | reward(game/avg): 2880/3573 | 0.68 games/s | ETA: 2200s
[gpu0] [1516/3000] samples:  75800 | chain(game/max/avg): 3/5/2.5 | reward(game/avg): 5560/3575 | 0.68 games/s | ETA: 2197s
[gpu0] [1518/3000] samples:  75900 | chain(game/max/avg): 3/5/2.5 | reward(game/avg): 3920/3575 | 0.68 games/s | ETA: 2191s
[gpu0] [1517/3000] samples:  75900 | chain(game/max/avg): 3/5/2.5 | reward(game/avg): 4240/3578 | 0.68 games/s | ETA: 2194s
[gpu0] [1519/3000] samples:  75950 | chain(game/max/avg): 3/5/2.5 | reward(game/avg): 4080/3576 | 0.68 games/s | ETA: 2188s
[gpu0] [1520/3000] samples:  76000 | chain(game/max/avg): 2/5/2.5 | reward(game/avg): 3240/3576 | 0.68 games/s | ETA: 2185s
[gpu0] [1521/3000] samples:  76050 | chain(game/max/avg): 4/5/2.5 | reward(game/avg): 4860/3576 | 0.68 games/s | ETA: 2182s
[gpu0] [1522/3000] samples:  76100 | chain(game/max/avg): 2/5/2.5 | reward(game/avg): 2860/3576 | 0.68 games/s | ETA: 2179s
[gpu0] [1523/3000] samples:  76150 | chain(game/max/avg): 2/5/2.5 | reward(game/avg): 2580/3575 | 0.68 games/s | ETA: 2177s
[gpu0] [1524/3000] samples:  76200 | chain(game/max/avg): 2/5/2.5 | reward(game/avg): 2700/3575 | 0.68 games/s | ETA: 2174s
[gpu0] [1525/3000] samples:  76250 | chain(game/max/avg): 2/5/2.5 | reward(game/avg): 3160/3574 | 0.68 games/s | ETA: 2171s
[gpu0] [1526/3000] samples:  76300 | chain(game/max/avg): 3/5/2.5 | reward(game/avg): 3800/3575 | 0.68 games/s | ETA: 2168s
[gpu0] [1527/3000] samples:  76350 | chain(game/max/avg): 2/5/2.5 | reward(game/avg): 2700/3574 | 0.68 games/s | ETA: 2165s
[gpu0] [1528/3000] samples:  76400 | chain(game/max/avg): 3/5/2.5 | reward(game/avg): 3720/3574 | 0.68 games/s | ETA: 2162s
[gpu0] [1529/3000] samples:  76450 | chain(game/max/avg): 2/5/2.5 | reward(game/avg): 3480/3574 | 0.68 games/s | ETA: 2159s
[gpu0] [1530/3000] samples:  76500 | chain(game/max/avg): 2/5/2.5 | reward(game/avg): 2920/3574 | 0.68 games/s | ETA: 2156s
[gpu0] [1531/3000] samples:  76550 | chain(game/max/avg): 3/5/2.5 | reward(game/avg): 3940/3574 | 0.68 games/s | ETA: 2153s
[gpu0] [1532/3000] samples:  76600 | chain(game/max/avg): 3/5/2.5 | reward(game/avg): 3110/3574 | 0.68 games/s | ETA: 2151s
[gpu0] [1533/3000] samples:  76650 | chain(game/max/avg): 3/5/2.5 | reward(game/avg): 4540/3574 | 0.68 games/s | ETA: 2148s
[gpu0] [1534/3000] samples:  76700 | chain(game/max/avg): 2/5/2.5 | reward(game/avg): 2540/3574 | 0.68 games/s | ETA: 2145s
[gpu0] [1535/3000] samples:  76750 | chain(game/max/avg): 3/5/2.5 | reward(game/avg): 4520/3574 | 0.68 games/s | ETA: 2142s
[gpu0] [1536/3000] samples:  76800 | chain(game/max/avg): 3/5/2.5 | reward(game/avg): 4320/3575 | 0.68 games/s | ETA: 2139s
[gpu0] [1537/3000] samples:  76850 | chain(game/max/avg): 2/5/2.5 | reward(game/avg): 1920/3574 | 0.68 games/s | ETA: 2136s
[gpu0] [1538/3000] samples:  76900 | chain(game/max/avg): 3/5/2.5 | reward(game/avg): 3940/3574 | 0.69 games/s | ETA: 2133s
[gpu0] [1539/3000] samples:  76950 | chain(game/max/avg): 2/5/2.5 | reward(game/avg): 3770/3574 | 0.69 games/s | ETA: 2131s
[gpu0] [1540/3000] samples:  77000 | chain(game/max/avg): 2/5/2.5 | reward(game/avg): 2660/3573 | 0.69 games/s | ETA: 2128s
[gpu0] [1541/3000] samples:  77050 | chain(game/max/avg): 3/5/2.5 | reward(game/avg): 3560/3573 | 0.69 games/s | ETA: 2125s
[gpu0] [1542/3000] samples:  77100 | chain(game/max/avg): 2/5/2.5 | reward(game/avg): 3440/3573 | 0.69 games/s | ETA: 2122s
[gpu0] [1543/3000] samples:  77150 | chain(game/max/avg): 2/5/2.5 | reward(game/avg): 3480/3573 | 0.69 games/s | ETA: 2119s
[gpu0] [1544/3000] samples:  77200 | chain(game/max/avg): 2/5/2.5 | reward(game/avg): 2820/3573 | 0.69 games/s | ETA: 2116s
[gpu0] [1545/3000] samples:  77250 | chain(game/max/avg): 4/5/2.5 | reward(game/avg): 6380/3574 | 0.69 games/s | ETA: 2114s
[gpu0] [1546/3000] samples:  77300 | chain(game/max/avg): 3/5/2.5 | reward(game/avg): 4110/3575 | 0.69 games/s | ETA: 2111s
[gpu0] [1547/3000] samples:  77350 | chain(game/max/avg): 2/5/2.5 | reward(game/avg): 4580/3575 | 0.69 games/s | ETA: 2108s
[gpu0] [1548/3000] samples:  77400 | chain(game/max/avg): 3/5/2.5 | reward(game/avg): 3360/3575 | 0.69 games/s | ETA: 2105s
[gpu0] [1549/3000] samples:  77450 | chain(game/max/avg): 2/5/2.5 | reward(game/avg): 4090/3576 | 0.69 games/s | ETA: 2102s
[gpu0] [1550/3000] samples:  77500 | chain(game/max/avg): 2/5/2.5 | reward(game/avg): 3500/3576 | 0.69 games/s | ETA: 2100s
[gpu0] [1551/3000] samples:  77550 | chain(game/max/avg): 2/5/2.5 | reward(game/avg): 2900/3575 | 0.69 games/s | ETA: 2097s
[gpu0] [1552/3000] samples:  77600 | chain(game/max/avg): 2/5/2.5 | reward(game/avg): 3400/3575 | 0.69 games/s | ETA: 2094s
[gpu0] [1553/3000] samples:  77650 | chain(game/max/avg): 2/5/2.5 | reward(game/avg): 3340/3575 | 0.69 games/s | ETA: 2091s
[gpu0] [1554/3000] samples:  77700 | chain(game/max/avg): 4/5/2.5 | reward(game/avg): 5460/3576 | 0.69 games/s | ETA: 2088s
[gpu0] [1555/3000] samples:  77850 | chain(game/max/avg): 3/5/2.5 | reward(game/avg): 3640/3581 | 0.69 games/s | ETA: 2086s
[gpu0] [1556/3000] samples:  77850 | chain(game/max/avg): 3/5/2.5 | reward(game/avg): 4280/3579 | 0.69 games/s | ETA: 2083s
[gpu0] [1557/3000] samples:  77850 | chain(game/max/avg): 2/5/2.5 | reward(game/avg): 3180/3576 | 0.69 games/s | ETA: 2080s
[gpu0] [1558/3000] samples:  77900 | chain(game/max/avg): 3/5/2.5 | reward(game/avg): 4560/3577 | 0.69 games/s | ETA: 2077s
[gpu0] [1559/3000] samples:  77950 | chain(game/max/avg): 3/5/2.5 | reward(game/avg): 4180/3577 | 0.69 games/s | ETA: 2074s
[gpu0] [1560/3000] samples:  78000 | chain(game/max/avg): 2/5/2.5 | reward(game/avg): 3160/3577 | 0.70 games/s | ETA: 2072s
[gpu0] [1561/3000] samples:  78050 | chain(game/max/avg): 2/5/2.5 | reward(game/avg): 3800/3577 | 0.70 games/s | ETA: 2069s
[gpu0] [1562/3000] samples:  78100 | chain(game/max/avg): 2/5/2.5 | reward(game/avg): 3780/3577 | 0.70 games/s | ETA: 2066s
[gpu0] [1563/3000] samples:  78150 | chain(game/max/avg): 3/5/2.5 | reward(game/avg): 3460/3577 | 0.70 games/s | ETA: 2063s
[gpu0] [1564/3000] samples:  78200 | chain(game/max/avg): 4/5/2.5 | reward(game/avg): 4220/3578 | 0.70 games/s | ETA: 2061s
[gpu0] [1565/3000] samples:  78250 | chain(game/max/avg): 3/5/2.5 | reward(game/avg): 2600/3577 | 0.70 games/s | ETA: 2058s
[gpu0] [1566/3000] samples:  78300 | chain(game/max/avg): 2/5/2.5 | reward(game/avg): 2600/3576 | 0.70 games/s | ETA: 2055s
[gpu0] [1567/3000] samples:  78350 | chain(game/max/avg): 3/5/2.5 | reward(game/avg): 5140/3577 | 0.70 games/s | ETA: 2052s
[gpu0] [1568/3000] samples:  78400 | chain(game/max/avg): 3/5/2.5 | reward(game/avg): 2880/3577 | 0.70 games/s | ETA: 2050s
[gpu0] [1569/3000] samples:  78450 | chain(game/max/avg): 3/5/2.5 | reward(game/avg): 4860/3578 | 0.70 games/s | ETA: 2047s
[gpu0] [1570/3000] samples:  78500 | chain(game/max/avg): 3/5/2.5 | reward(game/avg): 3710/3578 | 0.70 games/s | ETA: 2044s
[gpu0] [1571/3000] samples:  78550 | chain(game/max/avg): 2/5/2.5 | reward(game/avg): 3280/3578 | 0.70 games/s | ETA: 2041s
[gpu0] [1572/3000] samples:  78600 | chain(game/max/avg): 3/5/2.5 | reward(game/avg): 3540/3578 | 0.70 games/s | ETA: 2039s
[gpu0] [1573/3000] samples:  78650 | chain(game/max/avg): 2/5/2.5 | reward(game/avg): 3060/3577 | 0.70 games/s | ETA: 2036s
[gpu0] [1574/3000] samples:  78700 | chain(game/max/avg): 2/5/2.5 | reward(game/avg): 3040/3577 | 0.70 games/s | ETA: 2033s
[gpu0] [1576/3000] samples:  78800 | chain(game/max/avg): 3/5/2.5 | reward(game/avg): 3960/3577 | 0.70 games/s | ETA: 2028s
[gpu0] [1575/3000] samples:  78800 | chain(game/max/avg): 2/5/2.5 | reward(game/avg): 3700/3580 | 0.70 games/s | ETA: 2031s
[gpu0] [1577/3000] samples:  78850 | chain(game/max/avg): 2/5/2.5 | reward(game/avg): 2460/3577 | 0.70 games/s | ETA: 2025s
[gpu0] [1578/3000] samples:  78900 | chain(game/max/avg): 2/5/2.5 | reward(game/avg): 2920/3576 | 0.70 games/s | ETA: 2022s
[gpu0] [1579/3000] samples:  78950 | chain(game/max/avg): 2/5/2.5 | reward(game/avg): 2580/3576 | 0.70 games/s | ETA: 2020s
[gpu0] [1580/3000] samples:  79000 | chain(game/max/avg): 3/5/2.5 | reward(game/avg): 4040/3576 | 0.70 games/s | ETA: 2017s
[gpu0] [1581/3000] samples:  79050 | chain(game/max/avg): 2/5/2.5 | reward(game/avg): 2320/3575 | 0.70 games/s | ETA: 2014s
[gpu0] [1582/3000] samples:  79100 | chain(game/max/avg): 2/5/2.5 | reward(game/avg): 2070/3574 | 0.70 games/s | ETA: 2012s
[gpu0] [1583/3000] samples:  79150 | chain(game/max/avg): 3/5/2.5 | reward(game/avg): 4460/3575 | 0.71 games/s | ETA: 2009s
[gpu0] [1584/3000] samples:  79200 | chain(game/max/avg): 3/5/2.5 | reward(game/avg): 4440/3575 | 0.71 games/s | ETA: 2006s
[gpu0] [1585/3000] samples:  79250 | chain(game/max/avg): 2/5/2.5 | reward(game/avg): 3540/3575 | 0.71 games/s | ETA: 2004s
[gpu0] [1586/3000] samples:  79300 | chain(game/max/avg): 3/5/2.5 | reward(game/avg): 3970/3576 | 0.71 games/s | ETA: 2001s
[gpu0] [1587/3000] samples:  79350 | chain(game/max/avg): 3/5/2.5 | reward(game/avg): 3820/3576 | 0.71 games/s | ETA: 1998s
[gpu0] [1588/3000] samples:  79400 | chain(game/max/avg): 2/5/2.5 | reward(game/avg): 3100/3575 | 0.71 games/s | ETA: 1996s
[gpu0] [1589/3000] samples:  79450 | chain(game/max/avg): 3/5/2.5 | reward(game/avg): 4910/3576 | 0.71 games/s | ETA: 1993s
[gpu0] [1590/3000] samples:  79500 | chain(game/max/avg): 3/5/2.5 | reward(game/avg): 4240/3577 | 0.71 games/s | ETA: 1990s
[gpu0] [1591/3000] samples:  79550 | chain(game/max/avg): 3/5/2.5 | reward(game/avg): 3760/3577 | 0.71 games/s | ETA: 1988s
[gpu0] [1592/3000] samples:  79600 | chain(game/max/avg): 3/5/2.5 | reward(game/avg): 3440/3577 | 0.71 games/s | ETA: 1985s
[gpu0] [1593/3000] samples:  79650 | chain(game/max/avg): 3/5/2.5 | reward(game/avg): 4680/3577 | 0.71 games/s | ETA: 1982s
[gpu0] [1594/3000] samples:  79700 | chain(game/max/avg): 2/5/2.5 | reward(game/avg): 3420/3577 | 0.71 games/s | ETA: 1980s
[gpu0] [1596/3000] samples:  79800 | chain(game/max/avg): 3/5/2.5 | reward(game/avg): 4100/3577 | 0.71 games/s | ETA: 1974s
[gpu0] [1595/3000] samples:  79750 | chain(game/max/avg): 2/5/2.5 | reward(game/avg): 2960/3577 | 0.71 games/s | ETA: 1977s
[gpu0] [1597/3000] samples:  79850 | chain(game/max/avg): 2/5/2.5 | reward(game/avg): 4120/3578 | 0.71 games/s | ETA: 1972s
[gpu0] [1598/3000] samples:  79900 | chain(game/max/avg): 2/5/2.5 | reward(game/avg): 2680/3577 | 0.71 games/s | ETA: 1969s
[gpu0] [1600/3000] samples:  80000 | chain(game/max/avg): 2/5/2.5 | reward(game/avg): 3160/3577 | 0.71 games/s | ETA: 1964s
[gpu0] [1599/3000] samples:  79950 | chain(game/max/avg): 2/5/2.5 | reward(game/avg): 3990/3577 | 0.71 games/s | ETA: 1966s
[gpu0] [1601/3000] samples:  80050 | chain(game/max/avg): 2/5/2.5 | reward(game/avg): 3040/3577 | 0.71 games/s | ETA: 1961s
[gpu0] [1602/3000] samples:  80100 | chain(game/max/avg): 3/5/2.5 | reward(game/avg): 5230/3578 | 0.71 games/s | ETA: 1959s
[gpu0] [1603/3000] samples:  80150 | chain(game/max/avg): 2/5/2.5 | reward(game/avg): 2540/3577 | 0.71 games/s | ETA: 1956s
[gpu0] [1604/3000] samples:  80200 | chain(game/max/avg): 4/5/2.5 | reward(game/avg): 5300/3578 | 0.71 games/s | ETA: 1953s
[gpu0] [1605/3000] samples:  80250 | chain(game/max/avg): 2/5/2.5 | reward(game/avg): 2260/3577 | 0.72 games/s | ETA: 1951s
[gpu0] [1606/3000] samples:  80300 | chain(game/max/avg): 2/5/2.5 | reward(game/avg): 3320/3577 | 0.72 games/s | ETA: 1948s
[gpu0] [1607/3000] samples:  80350 | chain(game/max/avg): 2/5/2.5 | reward(game/avg): 3260/3577 | 0.72 games/s | ETA: 1946s
[gpu0] [1610/3000] samples:  80500 | chain(game/max/avg): 2/5/2.5 | reward(game/avg): 2660/3577 | 0.72 games/s | ETA: 1938s
[gpu0] [1612/3000] samples:  80600 | chain(game/max/avg): 2/5/2.5 | reward(game/avg): 4380/3577 | 0.72 games/s | ETA: 1933s
[gpu0] [1608/3000] samples:  80400 | chain(game/max/avg): 3/5/2.5 | reward(game/avg): 3960/3577 | 0.72 games/s | ETA: 1943s
[gpu0] [1609/3000] samples:  80450 | chain(game/max/avg): 3/5/2.5 | reward(game/avg): 4140/3577 | 0.72 games/s | ETA: 1940s
[gpu0] [1611/3000] samples:  80550 | chain(game/max/avg): 2/5/2.5 | reward(game/avg): 2740/3576 | 0.72 games/s | ETA: 1935s
[gpu0] [1613/3000] samples:  80650 | chain(game/max/avg): 2/5/2.5 | reward(game/avg): 2460/3576 | 0.72 games/s | ETA: 1930s
[gpu0] [1614/3000] samples:  80700 | chain(game/max/avg): 2/5/2.5 | reward(game/avg): 3080/3576 | 0.72 games/s | ETA: 1927s
[gpu0] [1615/3000] samples:  80750 | chain(game/max/avg): 3/5/2.5 | reward(game/avg): 3210/3576 | 0.72 games/s | ETA: 1925s
[gpu0] [1616/3000] samples:  80800 | chain(game/max/avg): 3/5/2.5 | reward(game/avg): 4600/3576 | 0.72 games/s | ETA: 1922s
[gpu0] [1617/3000] samples:  80850 | chain(game/max/avg): 3/5/2.5 | reward(game/avg): 3980/3577 | 0.72 games/s | ETA: 1920s
[gpu0] [1619/3000] samples:  80950 | chain(game/max/avg): 2/5/2.5 | reward(game/avg): 3480/3576 | 0.72 games/s | ETA: 1914s
[gpu0] [1621/3000] samples:  81050 | chain(game/max/avg): 3/5/2.5 | reward(game/avg): 4860/3576 | 0.72 games/s | ETA: 1909s
[gpu0] [1620/3000] samples:  81000 | chain(game/max/avg): 2/5/2.5 | reward(game/avg): 2720/3576 | 0.72 games/s | ETA: 1912s
[gpu0] [1624/3000] samples:  81200 | chain(game/max/avg): 2/5/2.5 | reward(game/avg): 2180/3576 | 0.72 games/s | ETA: 1902s
[gpu0] [1618/3000] samples:  80950 | chain(game/max/avg): 2/5/2.5 | reward(game/avg): 3120/3578 | 0.72 games/s | ETA: 1917s
[gpu0] [1625/3000] samples:  81250 | chain(game/max/avg): 3/5/2.5 | reward(game/avg): 3280/3576 | 0.72 games/s | ETA: 1899s
[gpu0] [1622/3000] samples:  81100 | chain(game/max/avg): 4/5/2.5 | reward(game/avg): 5260/3578 | 0.72 games/s | ETA: 1907s
[gpu0] [1623/3000] samples:  81150 | chain(game/max/avg): 2/5/2.5 | reward(game/avg): 2760/3577 | 0.72 games/s | ETA: 1904s
[gpu0] [1626/3000] samples:  81300 | chain(game/max/avg): 3/5/2.5 | reward(game/avg): 4320/3576 | 0.72 games/s | ETA: 1897s
[gpu0] [1627/3000] samples:  81350 | chain(game/max/avg): 2/5/2.5 | reward(game/avg): 2980/3576 | 0.72 games/s | ETA: 1894s
[gpu0] [1628/3000] samples:  81400 | chain(game/max/avg): 2/5/2.5 | reward(game/avg): 3180/3576 | 0.73 games/s | ETA: 1891s
[gpu0] [1629/3000] samples:  81450 | chain(game/max/avg): 3/5/2.5 | reward(game/avg): 3720/3576 | 0.73 games/s | ETA: 1889s
[gpu0] [1630/3000] samples:  81500 | chain(game/max/avg): 3/5/2.5 | reward(game/avg): 3920/3576 | 0.73 games/s | ETA: 1886s
[gpu0] [1631/3000] samples:  81550 | chain(game/max/avg): 3/5/2.5 | reward(game/avg): 3190/3576 | 0.73 games/s | ETA: 1884s
[gpu0] [1632/3000] samples:  81600 | chain(game/max/avg): 3/5/2.5 | reward(game/avg): 4780/3577 | 0.73 games/s | ETA: 1881s
[gpu0] [1633/3000] samples:  81650 | chain(game/max/avg): 3/5/2.5 | reward(game/avg): 5380/3578 | 0.73 games/s | ETA: 1879s
[gpu0] [1634/3000] samples:  81700 | chain(game/max/avg): 2/5/2.5 | reward(game/avg): 2640/3577 | 0.73 games/s | ETA: 1876s
[gpu0] [1635/3000] samples:  81750 | chain(game/max/avg): 2/5/2.5 | reward(game/avg): 2620/3577 | 0.73 games/s | ETA: 1874s
[gpu0] [1638/3000] samples:  81900 | chain(game/max/avg): 3/5/2.5 | reward(game/avg): 3180/3576 | 0.73 games/s | ETA: 1866s
[gpu0] [1636/3000] samples:  81800 | chain(game/max/avg): 2/5/2.5 | reward(game/avg): 3140/3576 | 0.73 games/s | ETA: 1871s
[gpu0] [1637/3000] samples:  81850 | chain(game/max/avg): 3/5/2.5 | reward(game/avg): 4180/3577 | 0.73 games/s | ETA: 1869s
[gpu0] [1639/3000] samples:  81950 | chain(game/max/avg): 2/5/2.5 | reward(game/avg): 3080/3576 | 0.73 games/s | ETA: 1864s
[gpu0] [1641/3000] samples:  82050 | chain(game/max/avg): 2/5/2.5 | reward(game/avg): 3420/3576 | 0.73 games/s | ETA: 1859s
[gpu0] [1640/3000] samples:  82000 | chain(game/max/avg): 3/5/2.5 | reward(game/avg): 3540/3576 | 0.73 games/s | ETA: 1861s
[gpu0] [1642/3000] samples:  82100 | chain(game/max/avg): 3/5/2.5 | reward(game/avg): 4380/3576 | 0.73 games/s | ETA: 1856s
[gpu0] [1643/3000] samples:  82150 | chain(game/max/avg): 2/5/2.5 | reward(game/avg): 2960/3576 | 0.73 games/s | ETA: 1854s
[gpu0] [1644/3000] samples:  82200 | chain(game/max/avg): 2/5/2.5 | reward(game/avg): 2920/3576 | 0.73 games/s | ETA: 1851s
[gpu0] [1645/3000] samples:  82250 | chain(game/max/avg): 2/5/2.5 | reward(game/avg): 3320/3576 | 0.73 games/s | ETA: 1849s
[gpu0] [1646/3000] samples:  82300 | chain(game/max/avg): 2/5/2.5 | reward(game/avg): 3600/3576 | 0.73 games/s | ETA: 1846s
[gpu0] [1647/3000] samples:  82350 | chain(game/max/avg): 2/5/2.5 | reward(game/avg): 3220/3575 | 0.73 games/s | ETA: 1844s
[gpu0] [1648/3000] samples:  82400 | chain(game/max/avg): 2/5/2.5 | reward(game/avg): 2800/3575 | 0.73 games/s | ETA: 1841s
[gpu0] [1649/3000] samples:  82450 | chain(game/max/avg): 3/5/2.5 | reward(game/avg): 3200/3575 | 0.73 games/s | ETA: 1839s
[gpu0] [1650/3000] samples:  82500 | chain(game/max/avg): 2/5/2.5 | reward(game/avg): 3720/3575 | 0.74 games/s | ETA: 1836s
[gpu0] [1651/3000] samples:  82550 | chain(game/max/avg): 4/5/2.5 | reward(game/avg): 5320/3576 | 0.74 games/s | ETA: 1834s
[gpu0] [1652/3000] samples:  82600 | chain(game/max/avg): 2/5/2.5 | reward(game/avg): 3460/3576 | 0.74 games/s | ETA: 1831s
[gpu0] [1653/3000] samples:  82650 | chain(game/max/avg): 4/5/2.5 | reward(game/avg): 4420/3576 | 0.74 games/s | ETA: 1829s
[gpu0] [1654/3000] samples:  82700 | chain(game/max/avg): 2/5/2.5 | reward(game/avg): 3960/3576 | 0.74 games/s | ETA: 1826s
[gpu0] [1655/3000] samples:  82750 | chain(game/max/avg): 2/5/2.5 | reward(game/avg): 3440/3576 | 0.74 games/s | ETA: 1824s
[gpu0] [1656/3000] samples:  82800 | chain(game/max/avg): 3/5/2.5 | reward(game/avg): 2980/3576 | 0.74 games/s | ETA: 1822s
[gpu0] [1657/3000] samples:  82850 | chain(game/max/avg): 2/5/2.5 | reward(game/avg): 3280/3576 | 0.74 games/s | ETA: 1819s
[gpu0] [1658/3000] samples:  82900 | chain(game/max/avg): 2/5/2.5 | reward(game/avg): 2490/3575 | 0.74 games/s | ETA: 1817s
[gpu0] [1659/3000] samples:  82950 | chain(game/max/avg): 2/5/2.5 | reward(game/avg): 3480/3575 | 0.74 games/s | ETA: 1814s
[gpu0] [1660/3000] samples:  83000 | chain(game/max/avg): 2/5/2.5 | reward(game/avg): 3300/3575 | 0.74 games/s | ETA: 1812s
[gpu0] [1661/3000] samples:  83050 | chain(game/max/avg): 2/5/2.5 | reward(game/avg): 3360/3575 | 0.74 games/s | ETA: 1809s
[gpu0] [1662/3000] samples:  83100 | chain(game/max/avg): 3/5/2.5 | reward(game/avg): 5300/3576 | 0.74 games/s | ETA: 1807s
[gpu0] [1663/3000] samples:  83150 | chain(game/max/avg): 2/5/2.5 | reward(game/avg): 3120/3576 | 0.74 games/s | ETA: 1804s
[gpu0] [1664/3000] samples:  83200 | chain(game/max/avg): 2/5/2.5 | reward(game/avg): 3220/3575 | 0.74 games/s | ETA: 1802s
[gpu0] [1665/3000] samples:  83250 | chain(game/max/avg): 3/5/2.5 | reward(game/avg): 4200/3576 | 0.74 games/s | ETA: 1800s
[gpu0] [1666/3000] samples:  83300 | chain(game/max/avg): 2/5/2.5 | reward(game/avg): 3360/3576 | 0.74 games/s | ETA: 1797s
[gpu0] [1667/3000] samples:  83350 | chain(game/max/avg): 3/5/2.5 | reward(game/avg): 4860/3576 | 0.74 games/s | ETA: 1795s
[gpu0] [1668/3000] samples:  83400 | chain(game/max/avg): 4/5/2.5 | reward(game/avg): 4920/3577 | 0.74 games/s | ETA: 1792s
[gpu0] [1669/3000] samples:  83450 | chain(game/max/avg): 3/5/2.5 | reward(game/avg): 4720/3578 | 0.74 games/s | ETA: 1790s
[gpu0] [1670/3000] samples:  83500 | chain(game/max/avg): 2/5/2.5 | reward(game/avg): 3540/3578 | 0.74 games/s | ETA: 1787s
[gpu0] [1671/3000] samples:  83550 | chain(game/max/avg): 2/5/2.5 | reward(game/avg): 3180/3578 | 0.74 games/s | ETA: 1785s
[gpu0] [1672/3000] samples:  83600 | chain(game/max/avg): 3/5/2.5 | reward(game/avg): 3160/3577 | 0.74 games/s | ETA: 1783s
[gpu0] [1673/3000] samples:  83650 | chain(game/max/avg): 2/5/2.5 | reward(game/avg): 2440/3577 | 0.75 games/s | ETA: 1780s
[gpu0] [1674/3000] samples:  83700 | chain(game/max/avg): 2/5/2.5 | reward(game/avg): 2980/3576 | 0.75 games/s | ETA: 1778s
[gpu0] [1675/3000] samples:  83750 | chain(game/max/avg): 3/5/2.5 | reward(game/avg): 4180/3577 | 0.75 games/s | ETA: 1775s
[gpu0] [1676/3000] samples:  83800 | chain(game/max/avg): 2/5/2.5 | reward(game/avg): 2600/3576 | 0.75 games/s | ETA: 1773s
[gpu0] [1677/3000] samples:  83850 | chain(game/max/avg): 2/5/2.5 | reward(game/avg): 2800/3576 | 0.75 games/s | ETA: 1771s
[gpu0] [1678/3000] samples:  83900 | chain(game/max/avg): 3/5/2.5 | reward(game/avg): 3320/3576 | 0.75 games/s | ETA: 1768s
[gpu0] [1679/3000] samples:  83950 | chain(game/max/avg): 3/5/2.5 | reward(game/avg): 3700/3576 | 0.75 games/s | ETA: 1766s
[gpu0] [1680/3000] samples:  84000 | chain(game/max/avg): 2/5/2.5 | reward(game/avg): 3220/3575 | 0.75 games/s | ETA: 1763s
[gpu0] [1681/3000] samples:  84050 | chain(game/max/avg): 3/5/2.5 | reward(game/avg): 4420/3576 | 0.75 games/s | ETA: 1761s
[gpu0] [1682/3000] samples:  84100 | chain(game/max/avg): 2/5/2.5 | reward(game/avg): 2820/3575 | 0.75 games/s | ETA: 1759s
[gpu0] [1683/3000] samples:  84150 | chain(game/max/avg): 3/5/2.5 | reward(game/avg): 3220/3575 | 0.75 games/s | ETA: 1756s
[gpu0] [1684/3000] samples:  84200 | chain(game/max/avg): 3/5/2.5 | reward(game/avg): 2860/3575 | 0.75 games/s | ETA: 1754s
[gpu0] [1685/3000] samples:  84250 | chain(game/max/avg): 3/5/2.5 | reward(game/avg): 4080/3575 | 0.75 games/s | ETA: 1752s
[gpu0] [1686/3000] samples:  84300 | chain(game/max/avg): 2/5/2.5 | reward(game/avg): 2210/3574 | 0.75 games/s | ETA: 1749s
[gpu0] [1687/3000] samples:  84350 | chain(game/max/avg): 2/5/2.5 | reward(game/avg): 3490/3574 | 0.75 games/s | ETA: 1747s
[gpu0] [1688/3000] samples:  84400 | chain(game/max/avg): 2/5/2.5 | reward(game/avg): 2340/3574 | 0.75 games/s | ETA: 1744s
[gpu0] [1689/3000] samples:  84450 | chain(game/max/avg): 2/5/2.5 | reward(game/avg): 3160/3573 | 0.75 games/s | ETA: 1742s
[gpu0] [1690/3000] samples:  84500 | chain(game/max/avg): 3/5/2.5 | reward(game/avg): 3630/3573 | 0.75 games/s | ETA: 1740s
[gpu0] [1691/3000] samples:  84550 | chain(game/max/avg): 2/5/2.5 | reward(game/avg): 3280/3573 | 0.75 games/s | ETA: 1737s
[gpu0] [1692/3000] samples:  84600 | chain(game/max/avg): 3/5/2.5 | reward(game/avg): 4820/3574 | 0.75 games/s | ETA: 1735s
[gpu0] [1693/3000] samples:  84650 | chain(game/max/avg): 4/5/2.5 | reward(game/avg): 4300/3574 | 0.75 games/s | ETA: 1733s
[gpu0] [1694/3000] samples:  84700 | chain(game/max/avg): 3/5/2.5 | reward(game/avg): 4140/3575 | 0.75 games/s | ETA: 1730s
[gpu0] [1695/3000] samples:  84750 | chain(game/max/avg): 3/5/2.5 | reward(game/avg): 3550/3575 | 0.76 games/s | ETA: 1728s
[gpu0] [1696/3000] samples:  84800 | chain(game/max/avg): 3/5/2.5 | reward(game/avg): 4000/3575 | 0.76 games/s | ETA: 1726s
[gpu0] [1697/3000] samples:  84900 | chain(game/max/avg): 3/5/2.5 | reward(game/avg): 3950/3578 | 0.76 games/s | ETA: 1723s
[gpu0] [1704/3000] samples:  85200 | chain(game/max/avg): 3/5/2.5 | reward(game/avg): 3610/3575 | 0.76 games/s | ETA: 1707s
[gpu0] [1698/3000] samples:  84900 | chain(game/max/avg): 3/5/2.5 | reward(game/avg): 4100/3575 | 0.76 games/s | ETA: 1721s
[gpu0] [1699/3000] samples:  84950 | chain(game/max/avg): 2/5/2.5 | reward(game/avg): 3660/3575 | 0.76 games/s | ETA: 1719s
[gpu0] [1700/3000] samples:  85000 | chain(game/max/avg): 2/5/2.5 | reward(game/avg): 3680/3576 | 0.76 games/s | ETA: 1716s
[gpu0] [1701/3000] samples:  85050 | chain(game/max/avg): 2/5/2.5 | reward(game/avg): 3210/3575 | 0.76 games/s | ETA: 1714s
[gpu0] [1703/3000] samples:  85200 | chain(game/max/avg): 2/5/2.5 | reward(game/avg): 3560/3577 | 0.76 games/s | ETA: 1709s
[gpu0] [1702/3000] samples:  85200 | chain(game/max/avg): 2/5/2.5 | reward(game/avg): 3020/3579 | 0.76 games/s | ETA: 1712s
[gpu0] [1705/3000] samples:  85250 | chain(game/max/avg): 2/5/2.5 | reward(game/avg): 3980/3575 | 0.76 games/s | ETA: 1705s
[gpu0] [1706/3000] samples:  85300 | chain(game/max/avg): 2/5/2.5 | reward(game/avg): 3500/3575 | 0.76 games/s | ETA: 1702s
[gpu0] [1707/3000] samples:  85350 | chain(game/max/avg): 2/5/2.5 | reward(game/avg): 4040/3575 | 0.76 games/s | ETA: 1700s
[gpu0] [1708/3000] samples:  85400 | chain(game/max/avg): 3/5/2.5 | reward(game/avg): 3960/3576 | 0.76 games/s | ETA: 1698s
[gpu0] [1709/3000] samples:  85450 | chain(game/max/avg): 3/5/2.5 | reward(game/avg): 3160/3575 | 0.76 games/s | ETA: 1696s
[gpu0] [1710/3000] samples:  85500 | chain(game/max/avg): 2/5/2.5 | reward(game/avg): 3440/3575 | 0.76 games/s | ETA: 1693s
[gpu0] [1711/3000] samples:  85550 | chain(game/max/avg): 3/5/2.5 | reward(game/avg): 3940/3576 | 0.76 games/s | ETA: 1691s
[gpu0] [1712/3000] samples:  85600 | chain(game/max/avg): 3/5/2.5 | reward(game/avg): 3540/3576 | 0.76 games/s | ETA: 1689s
[gpu0] [1713/3000] samples:  85650 | chain(game/max/avg): 2/5/2.5 | reward(game/avg): 3890/3576 | 0.76 games/s | ETA: 1686s
[gpu0] [1714/3000] samples:  85700 | chain(game/max/avg): 4/5/2.5 | reward(game/avg): 5160/3577 | 0.76 games/s | ETA: 1684s
[gpu0] [1715/3000] samples:  85750 | chain(game/max/avg): 3/5/2.5 | reward(game/avg): 4340/3577 | 0.76 games/s | ETA: 1682s
[gpu0] [1716/3000] samples:  85800 | chain(game/max/avg): 2/5/2.5 | reward(game/avg): 3260/3577 | 0.76 games/s | ETA: 1679s
[gpu0] [1717/3000] samples:  85850 | chain(game/max/avg): 3/5/2.5 | reward(game/avg): 4420/3577 | 0.76 games/s | ETA: 1677s
[gpu0] [1718/3000] samples:  85900 | chain(game/max/avg): 3/5/2.5 | reward(game/avg): 4940/3578 | 0.77 games/s | ETA: 1675s
[gpu0] [1719/3000] samples:  85950 | chain(game/max/avg): 2/5/2.5 | reward(game/avg): 3400/3578 | 0.77 games/s | ETA: 1673s
[gpu0] [1720/3000] samples:  86000 | chain(game/max/avg): 2/5/2.5 | reward(game/avg): 3080/3578 | 0.77 games/s | ETA: 1670s
[gpu0] [1721/3000] samples:  86050 | chain(game/max/avg): 3/5/2.5 | reward(game/avg): 3640/3578 | 0.77 games/s | ETA: 1668s
[gpu0] [1722/3000] samples:  86100 | chain(game/max/avg): 2/5/2.5 | reward(game/avg): 2750/3577 | 0.77 games/s | ETA: 1666s
[gpu0] [1723/3000] samples:  86150 | chain(game/max/avg): 3/5/2.5 | reward(game/avg): 4340/3578 | 0.77 games/s | ETA: 1663s
[gpu0] [1724/3000] samples:  86200 | chain(game/max/avg): 4/5/2.5 | reward(game/avg): 4740/3578 | 0.77 games/s | ETA: 1661s
[gpu0] [1725/3000] samples:  86250 | chain(game/max/avg): 3/5/2.5 | reward(game/avg): 4160/3579 | 0.77 games/s | ETA: 1659s
[gpu0] [1726/3000] samples:  86300 | chain(game/max/avg): 3/5/2.5 | reward(game/avg): 3580/3579 | 0.77 games/s | ETA: 1657s
[gpu0] [1727/3000] samples:  86350 | chain(game/max/avg): 3/5/2.5 | reward(game/avg): 2860/3578 | 0.77 games/s | ETA: 1654s
[gpu0] [1728/3000] samples:  86400 | chain(game/max/avg): 2/5/2.5 | reward(game/avg): 3800/3579 | 0.77 games/s | ETA: 1652s
[gpu0] [1729/3000] samples:  86450 | chain(game/max/avg): 2/5/2.5 | reward(game/avg): 3660/3579 | 0.77 games/s | ETA: 1650s
[gpu0] [1730/3000] samples:  86500 | chain(game/max/avg): 2/5/2.5 | reward(game/avg): 2920/3578 | 0.77 games/s | ETA: 1648s
[gpu0] [1731/3000] samples:  86550 | chain(game/max/avg): 2/5/2.5 | reward(game/avg): 3680/3578 | 0.77 games/s | ETA: 1645s
[gpu0] [1732/3000] samples:  86600 | chain(game/max/avg): 3/5/2.5 | reward(game/avg): 4120/3579 | 0.77 games/s | ETA: 1643s
[gpu0] [1733/3000] samples:  86650 | chain(game/max/avg): 3/5/2.5 | reward(game/avg): 4460/3579 | 0.77 games/s | ETA: 1641s
[gpu0] [1734/3000] samples:  86700 | chain(game/max/avg): 2/5/2.5 | reward(game/avg): 3540/3579 | 0.77 games/s | ETA: 1639s
[gpu0] [1735/3000] samples:  86750 | chain(game/max/avg): 2/5/2.5 | reward(game/avg): 2880/3579 | 0.77 games/s | ETA: 1636s
[gpu0] [1736/3000] samples:  86800 | chain(game/max/avg): 2/5/2.5 | reward(game/avg): 2260/3578 | 0.77 games/s | ETA: 1634s
[gpu0] [1737/3000] samples:  86850 | chain(game/max/avg): 3/5/2.5 | reward(game/avg): 3460/3578 | 0.77 games/s | ETA: 1632s
[gpu0] [1738/3000] samples:  86900 | chain(game/max/avg): 3/5/2.5 | reward(game/avg): 3380/3578 | 0.77 games/s | ETA: 1630s
[gpu0] [1739/3000] samples:  86950 | chain(game/max/avg): 4/5/2.5 | reward(game/avg): 4400/3578 | 0.77 games/s | ETA: 1628s
[gpu0] [1743/3000] samples:  87150 | chain(game/max/avg): 2/5/2.5 | reward(game/avg): 2740/3578 | 0.78 games/s | ETA: 1619s
[gpu0] [1740/3000] samples:  87050 | chain(game/max/avg): 3/5/2.5 | reward(game/avg): 3960/3580 | 0.78 games/s | ETA: 1625s
[gpu0] [1742/3000] samples:  87100 | chain(game/max/avg): 3/5/2.5 | reward(game/avg): 4670/3579 | 0.78 games/s | ETA: 1621s
[gpu0] [1745/3000] samples:  87250 | chain(game/max/avg): 2/5/2.5 | reward(game/avg): 2940/3578 | 0.78 games/s | ETA: 1614s
[gpu0] [1744/3000] samples:  87200 | chain(game/max/avg): 2/5/2.5 | reward(game/avg): 3810/3578 | 0.78 games/s | ETA: 1616s
[gpu0] [1741/3000] samples:  87050 | chain(game/max/avg): 2/5/2.5 | reward(game/avg): 2680/3578 | 0.78 games/s | ETA: 1623s
[gpu0] [1746/3000] samples:  87300 | chain(game/max/avg): 3/5/2.5 | reward(game/avg): 3720/3578 | 0.78 games/s | ETA: 1612s
[gpu0] [1747/3000] samples:  87350 | chain(game/max/avg): 3/5/2.5 | reward(game/avg): 3400/3578 | 0.78 games/s | ETA: 1610s
[gpu0] [1748/3000] samples:  87400 | chain(game/max/avg): 3/5/2.5 | reward(game/avg): 4740/3578 | 0.78 games/s | ETA: 1608s
[gpu0] [1749/3000] samples:  87450 | chain(game/max/avg): 2/5/2.5 | reward(game/avg): 2880/3578 | 0.78 games/s | ETA: 1605s
[gpu0] [1750/3000] samples:  87500 | chain(game/max/avg): 2/5/2.5 | reward(game/avg): 2840/3578 | 0.78 games/s | ETA: 1603s
[gpu0] [1751/3000] samples:  87550 | chain(game/max/avg): 4/5/2.5 | reward(game/avg): 6100/3579 | 0.78 games/s | ETA: 1601s
[gpu0] [1752/3000] samples:  87600 | chain(game/max/avg): 2/5/2.5 | reward(game/avg): 3380/3579 | 0.78 games/s | ETA: 1599s
[gpu0] [1753/3000] samples:  87650 | chain(game/max/avg): 2/5/2.5 | reward(game/avg): 3820/3579 | 0.78 games/s | ETA: 1597s
[gpu0] [1754/3000] samples:  87700 | chain(game/max/avg): 2/5/2.5 | reward(game/avg): 3700/3579 | 0.78 games/s | ETA: 1594s
[gpu0] [1755/3000] samples:  87750 | chain(game/max/avg): 2/5/2.5 | reward(game/avg): 2710/3579 | 0.78 games/s | ETA: 1592s
[gpu0] [1757/3000] samples:  87850 | chain(game/max/avg): 2/5/2.5 | reward(game/avg): 3100/3579 | 0.78 games/s | ETA: 1588s
[gpu0] [1756/3000] samples:  87850 | chain(game/max/avg): 3/5/2.5 | reward(game/avg): 4380/3581 | 0.78 games/s | ETA: 1590s
[gpu0] [1758/3000] samples:  87900 | chain(game/max/avg): 2/5/2.5 | reward(game/avg): 3830/3579 | 0.78 games/s | ETA: 1586s
[gpu0] [1759/3000] samples:  87950 | chain(game/max/avg): 2/5/2.5 | reward(game/avg): 3460/3579 | 0.78 games/s | ETA: 1584s
[gpu0] [1760/3000] samples:  88000 | chain(game/max/avg): 2/5/2.5 | reward(game/avg): 2480/3578 | 0.78 games/s | ETA: 1581s
[gpu0] [1761/3000] samples:  88050 | chain(game/max/avg): 2/5/2.5 | reward(game/avg): 2560/3578 | 0.78 games/s | ETA: 1579s
[gpu0] [1762/3000] samples:  88100 | chain(game/max/avg): 3/5/2.5 | reward(game/avg): 3580/3578 | 0.79 games/s | ETA: 1577s
[gpu0] [1763/3000] samples:  88150 | chain(game/max/avg): 2/5/2.5 | reward(game/avg): 2600/3577 | 0.79 games/s | ETA: 1575s
[gpu0] [1764/3000] samples:  88200 | chain(game/max/avg): 3/5/2.5 | reward(game/avg): 4840/3578 | 0.79 games/s | ETA: 1573s
[gpu0] [1765/3000] samples:  88250 | chain(game/max/avg): 3/5/2.5 | reward(game/avg): 3440/3578 | 0.79 games/s | ETA: 1571s
[gpu0] [1766/3000] samples:  88300 | chain(game/max/avg): 3/5/2.5 | reward(game/avg): 3740/3578 | 0.79 games/s | ETA: 1568s
[gpu0] [1767/3000] samples:  88350 | chain(game/max/avg): 3/5/2.5 | reward(game/avg): 5160/3579 | 0.79 games/s | ETA: 1566s
[gpu0] [1768/3000] samples:  88400 | chain(game/max/avg): 3/5/2.5 | reward(game/avg): 4110/3579 | 0.79 games/s | ETA: 1564s
[gpu0] [1769/3000] samples:  88450 | chain(game/max/avg): 2/5/2.5 | reward(game/avg): 1900/3578 | 0.79 games/s | ETA: 1562s
[gpu0] [1770/3000] samples:  88500 | chain(game/max/avg): 4/5/2.5 | reward(game/avg): 5840/3579 | 0.79 games/s | ETA: 1560s
[gpu0] [1771/3000] samples:  88550 | chain(game/max/avg): 2/5/2.5 | reward(game/avg): 2660/3579 | 0.79 games/s | ETA: 1558s
[gpu0] [1772/3000] samples:  88600 | chain(game/max/avg): 3/5/2.5 | reward(game/avg): 3460/3579 | 0.79 games/s | ETA: 1555s
[gpu0] [1773/3000] samples:  88650 | chain(game/max/avg): 3/5/2.5 | reward(game/avg): 2940/3578 | 0.79 games/s | ETA: 1553s
[gpu0] [1774/3000] samples:  88700 | chain(game/max/avg): 3/5/2.5 | reward(game/avg): 3940/3579 | 0.79 games/s | ETA: 1551s
[gpu0] [1775/3000] samples:  88800 | chain(game/max/avg): 3/5/2.5 | reward(game/avg): 3780/3581 | 0.79 games/s | ETA: 1549s
[gpu0] [1776/3000] samples:  88800 | chain(game/max/avg): 3/5/2.5 | reward(game/avg): 3700/3579 | 0.79 games/s | ETA: 1547s
[gpu0] [1777/3000] samples:  88850 | chain(game/max/avg): 2/5/2.5 | reward(game/avg): 2480/3578 | 0.79 games/s | ETA: 1545s
[gpu0] [1778/3000] samples:  88900 | chain(game/max/avg): 2/5/2.5 | reward(game/avg): 3700/3578 | 0.79 games/s | ETA: 1543s
[gpu0] [1779/3000] samples:  88950 | chain(game/max/avg): 2/5/2.5 | reward(game/avg): 3170/3578 | 0.79 games/s | ETA: 1541s
[gpu0] [1780/3000] samples:  89000 | chain(game/max/avg): 3/5/2.5 | reward(game/avg): 3590/3578 | 0.79 games/s | ETA: 1538s
[gpu0] [1784/3000] samples:  89200 | chain(game/max/avg): 3/5/2.5 | reward(game/avg): 4200/3580 | 0.79 games/s | ETA: 1530s
[gpu0] [1781/3000] samples:  89050 | chain(game/max/avg): 2/5/2.5 | reward(game/avg): 3430/3578 | 0.79 games/s | ETA: 1536s
[gpu0] [1782/3000] samples:  89100 | chain(game/max/avg): 2/5/2.5 | reward(game/avg): 3420/3578 | 0.79 games/s | ETA: 1534s
[gpu0] [1787/3000] samples:  89350 | chain(game/max/avg): 2/5/2.5 | reward(game/avg): 2260/3580 | 0.80 games/s | ETA: 1524s
[gpu0] [1785/3000] samples:  89250 | chain(game/max/avg): 2/5/2.5 | reward(game/avg): 2680/3580 | 0.80 games/s | ETA: 1528s
[gpu0] [1789/3000] samples:  89450 | chain(game/max/avg): 2/5/2.5 | reward(game/avg): 3320/3579 | 0.80 games/s | ETA: 1519s
[gpu0] [1790/3000] samples:  89500 | chain(game/max/avg): 3/5/2.5 | reward(game/avg): 2780/3578 | 0.80 games/s | ETA: 1517s
[gpu0] [1788/3000] samples:  89400 | chain(game/max/avg): 2/5/2.5 | reward(game/avg): 2480/3579 | 0.80 games/s | ETA: 1521s
[gpu0] [1786/3000] samples:  89300 | chain(game/max/avg): 2/5/2.5 | reward(game/avg): 4200/3580 | 0.80 games/s | ETA: 1526s
[gpu0] [1783/3000] samples:  89150 | chain(game/max/avg): 4/5/2.5 | reward(game/avg): 7560/3580 | 0.79 games/s | ETA: 1532s
[gpu0] [1791/3000] samples:  89550 | chain(game/max/avg): 4/5/2.5 | reward(game/avg): 5040/3579 | 0.80 games/s | ETA: 1515s
[gpu0] [1792/3000] samples:  89600 | chain(game/max/avg): 2/5/2.5 | reward(game/avg): 3600/3579 | 0.80 games/s | ETA: 1513s
[gpu0] [1793/3000] samples:  89650 | chain(game/max/avg): 3/5/2.5 | reward(game/avg): 4460/3580 | 0.80 games/s | ETA: 1511s
[gpu0] [1794/3000] samples:  89700 | chain(game/max/avg): 2/5/2.5 | reward(game/avg): 3680/3580 | 0.80 games/s | ETA: 1509s
[gpu0] [1795/3000] samples:  89750 | chain(game/max/avg): 3/5/2.5 | reward(game/avg): 3980/3580 | 0.80 games/s | ETA: 1507s
[gpu0] [1796/3000] samples:  89800 | chain(game/max/avg): 2/5/2.5 | reward(game/avg): 2620/3579 | 0.80 games/s | ETA: 1505s
[gpu0] [1797/3000] samples:  89850 | chain(game/max/avg): 3/5/2.5 | reward(game/avg): 4940/3580 | 0.80 games/s | ETA: 1503s
[gpu0] [1798/3000] samples:  89900 | chain(game/max/avg): 3/5/2.5 | reward(game/avg): 4000/3580 | 0.80 games/s | ETA: 1501s
[gpu0] [1799/3000] samples:  89950 | chain(game/max/avg): 3/5/2.5 | reward(game/avg): 4870/3581 | 0.80 games/s | ETA: 1498s
[gpu0] [1800/3000] samples:  90000 | chain(game/max/avg): 2/5/2.5 | reward(game/avg): 4060/3581 | 0.80 games/s | ETA: 1496s
[gpu0] [1801/3000] samples:  90050 | chain(game/max/avg): 4/5/2.5 | reward(game/avg): 4380/3582 | 0.80 games/s | ETA: 1494s
[gpu0] [1802/3000] samples:  90100 | chain(game/max/avg): 4/5/2.5 | reward(game/avg): 5080/3583 | 0.80 games/s | ETA: 1492s
[gpu0] [1803/3000] samples:  90150 | chain(game/max/avg): 3/5/2.5 | reward(game/avg): 4660/3583 | 0.80 games/s | ETA: 1490s
[gpu0] [1804/3000] samples:  90200 | chain(game/max/avg): 2/5/2.5 | reward(game/avg): 2960/3583 | 0.80 games/s | ETA: 1488s
[gpu0] [1805/3000] samples:  90250 | chain(game/max/avg): 2/5/2.5 | reward(game/avg): 2560/3582 | 0.80 games/s | ETA: 1486s
[gpu0] [1806/3000] samples:  90300 | chain(game/max/avg): 3/5/2.5 | reward(game/avg): 3840/3583 | 0.80 games/s | ETA: 1484s
[gpu0] [1807/3000] samples:  90350 | chain(game/max/avg): 2/5/2.5 | reward(game/avg): 4190/3583 | 0.81 games/s | ETA: 1482s
[gpu0] [1809/3000] samples:  90450 | chain(game/max/avg): 3/5/2.5 | reward(game/avg): 4420/3583 | 0.81 games/s | ETA: 1478s
[gpu0] [1810/3000] samples:  90500 | chain(game/max/avg): 3/5/2.5 | reward(game/avg): 3000/3583 | 0.81 games/s | ETA: 1476s
[gpu0] [1812/3000] samples:  90600 | chain(game/max/avg): 2/5/2.5 | reward(game/avg): 3240/3582 | 0.81 games/s | ETA: 1472s
[gpu0] [1808/3000] samples:  90400 | chain(game/max/avg): 3/5/2.5 | reward(game/avg): 3290/3583 | 0.81 games/s | ETA: 1480s
[gpu0] [1811/3000] samples:  90550 | chain(game/max/avg): 2/5/2.5 | reward(game/avg): 2940/3582 | 0.81 games/s | ETA: 1474s
[gpu0] [1813/3000] samples:  90650 | chain(game/max/avg): 2/5/2.5 | reward(game/avg): 2380/3582 | 0.81 games/s | ETA: 1470s
[gpu0] [1814/3000] samples:  90700 | chain(game/max/avg): 3/5/2.5 | reward(game/avg): 4640/3582 | 0.81 games/s | ETA: 1468s
[gpu0] [1815/3000] samples:  90750 | chain(game/max/avg): 3/5/2.5 | reward(game/avg): 3770/3582 | 0.81 games/s | ETA: 1465s
[gpu0] [1816/3000] samples:  90800 | chain(game/max/avg): 3/5/2.5 | reward(game/avg): 3780/3582 | 0.81 games/s | ETA: 1463s
[gpu0] [1817/3000] samples:  90850 | chain(game/max/avg): 2/5/2.5 | reward(game/avg): 3280/3582 | 0.81 games/s | ETA: 1461s
[gpu0] [1818/3000] samples:  90900 | chain(game/max/avg): 4/5/2.5 | reward(game/avg): 5980/3584 | 0.81 games/s | ETA: 1459s
[gpu0] [1819/3000] samples:  90950 | chain(game/max/avg): 3/5/2.5 | reward(game/avg): 3630/3584 | 0.81 games/s | ETA: 1457s
[gpu0] [1820/3000] samples:  91000 | chain(game/max/avg): 3/5/2.5 | reward(game/avg): 3250/3583 | 0.81 games/s | ETA: 1455s
[gpu0] [1821/3000] samples:  91050 | chain(game/max/avg): 3/5/2.5 | reward(game/avg): 3460/3583 | 0.81 games/s | ETA: 1453s
[gpu0] [1822/3000] samples:  91100 | chain(game/max/avg): 2/5/2.5 | reward(game/avg): 2980/3583 | 0.81 games/s | ETA: 1451s
[gpu0] [1823/3000] samples:  91150 | chain(game/max/avg): 3/5/2.5 | reward(game/avg): 3700/3583 | 0.81 games/s | ETA: 1449s
[gpu0] [1824/3000] samples:  91200 | chain(game/max/avg): 3/5/2.5 | reward(game/avg): 4040/3583 | 0.81 games/s | ETA: 1447s
[gpu0] [1825/3000] samples:  91250 | chain(game/max/avg): 3/5/2.5 | reward(game/avg): 4180/3584 | 0.81 games/s | ETA: 1445s
[gpu0] [1826/3000] samples:  91300 | chain(game/max/avg): 2/5/2.5 | reward(game/avg): 3490/3584 | 0.81 games/s | ETA: 1443s
[gpu0] [1827/3000] samples:  91350 | chain(game/max/avg): 3/5/2.5 | reward(game/avg): 4080/3584 | 0.81 games/s | ETA: 1441s
[gpu0] [1828/3000] samples:  91400 | chain(game/max/avg): 3/5/2.5 | reward(game/avg): 2800/3583 | 0.81 games/s | ETA: 1439s
[gpu0] [1829/3000] samples:  91450 | chain(game/max/avg): 3/5/2.5 | reward(game/avg): 3860/3584 | 0.81 games/s | ETA: 1437s
[gpu0] [1830/3000] samples:  91500 | chain(game/max/avg): 2/5/2.5 | reward(game/avg): 3740/3584 | 0.82 games/s | ETA: 1435s
[gpu0] [1831/3000] samples:  91550 | chain(game/max/avg): 2/5/2.5 | reward(game/avg): 2500/3583 | 0.82 games/s | ETA: 1433s
[gpu0] [1832/3000] samples:  91600 | chain(game/max/avg): 3/5/2.5 | reward(game/avg): 4420/3584 | 0.82 games/s | ETA: 1431s
[gpu0] [1833/3000] samples:  91650 | chain(game/max/avg): 2/5/2.5 | reward(game/avg): 3300/3583 | 0.82 games/s | ETA: 1429s
[gpu0] [1834/3000] samples:  91700 | chain(game/max/avg): 2/5/2.5 | reward(game/avg): 2230/3583 | 0.82 games/s | ETA: 1427s
[gpu0] [1835/3000] samples:  91750 | chain(game/max/avg): 3/5/2.5 | reward(game/avg): 3660/3583 | 0.82 games/s | ETA: 1425s
[gpu0] [1836/3000] samples:  91800 | chain(game/max/avg): 2/5/2.5 | reward(game/avg): 3340/3583 | 0.82 games/s | ETA: 1423s
[gpu0] [1837/3000] samples:  91850 | chain(game/max/avg): 3/5/2.5 | reward(game/avg): 4320/3583 | 0.82 games/s | ETA: 1421s
[gpu0] [1838/3000] samples:  91900 | chain(game/max/avg): 4/5/2.5 | reward(game/avg): 5300/3584 | 0.82 games/s | ETA: 1419s
[gpu0] [1839/3000] samples:  91950 | chain(game/max/avg): 2/5/2.5 | reward(game/avg): 2830/3583 | 0.82 games/s | ETA: 1417s
[gpu0] [1840/3000] samples:  92000 | chain(game/max/avg): 3/5/2.5 | reward(game/avg): 4500/3584 | 0.82 games/s | ETA: 1415s
[gpu0] [1841/3000] samples:  92050 | chain(game/max/avg): 2/5/2.5 | reward(game/avg): 3060/3584 | 0.82 games/s | ETA: 1413s
[gpu0] [1842/3000] samples:  92100 | chain(game/max/avg): 3/5/2.5 | reward(game/avg): 3720/3584 | 0.82 games/s | ETA: 1411s
[gpu0] [1843/3000] samples:  92150 | chain(game/max/avg): 2/5/2.5 | reward(game/avg): 3380/3584 | 0.82 games/s | ETA: 1409s
[gpu0] [1844/3000] samples:  92200 | chain(game/max/avg): 3/5/2.5 | reward(game/avg): 3320/3584 | 0.82 games/s | ETA: 1407s
[gpu0] [1845/3000] samples:  92250 | chain(game/max/avg): 3/5/2.5 | reward(game/avg): 3840/3584 | 0.82 games/s | ETA: 1405s
[gpu0] [1846/3000] samples:  92300 | chain(game/max/avg): 3/5/2.5 | reward(game/avg): 3820/3584 | 0.82 games/s | ETA: 1403s
[gpu0] [1847/3000] samples:  92350 | chain(game/max/avg): 2/5/2.5 | reward(game/avg): 2440/3583 | 0.82 games/s | ETA: 1401s
[gpu0] [1848/3000] samples:  92400 | chain(game/max/avg): 3/5/2.5 | reward(game/avg): 3300/3583 | 0.82 games/s | ETA: 1399s
[gpu0] [1849/3000] samples:  92450 | chain(game/max/avg): 2/5/2.5 | reward(game/avg): 3420/3583 | 0.82 games/s | ETA: 1397s
[gpu0] [1850/3000] samples:  92500 | chain(game/max/avg): 3/5/2.5 | reward(game/avg): 4120/3583 | 0.82 games/s | ETA: 1395s
[gpu0] [1851/3000] samples:  92550 | chain(game/max/avg): 2/5/2.5 | reward(game/avg): 3590/3583 | 0.82 games/s | ETA: 1393s
[gpu0] [1852/3000] samples:  92600 | chain(game/max/avg): 3/5/2.5 | reward(game/avg): 3360/3583 | 0.83 games/s | ETA: 1391s
[gpu0] [1853/3000] samples:  92650 | chain(game/max/avg): 2/5/2.5 | reward(game/avg): 4080/3583 | 0.83 games/s | ETA: 1389s
[gpu0] [1854/3000] samples:  92700 | chain(game/max/avg): 2/5/2.5 | reward(game/avg): 2460/3583 | 0.83 games/s | ETA: 1387s
[gpu0] [1855/3000] samples:  92750 | chain(game/max/avg): 2/5/2.5 | reward(game/avg): 2580/3582 | 0.83 games/s | ETA: 1386s
[gpu0] [1856/3000] samples:  92800 | chain(game/max/avg): 2/5/2.5 | reward(game/avg): 2500/3582 | 0.83 games/s | ETA: 1384s
[gpu0] [1857/3000] samples:  92850 | chain(game/max/avg): 3/5/2.5 | reward(game/avg): 3070/3581 | 0.83 games/s | ETA: 1382s
[gpu0] [1858/3000] samples:  92900 | chain(game/max/avg): 3/5/2.5 | reward(game/avg): 3360/3581 | 0.83 games/s | ETA: 1380s
[gpu0] [1859/3000] samples:  92950 | chain(game/max/avg): 2/5/2.5 | reward(game/avg): 4020/3581 | 0.83 games/s | ETA: 1378s
[gpu0] [1860/3000] samples:  93000 | chain(game/max/avg): 3/5/2.5 | reward(game/avg): 4160/3582 | 0.83 games/s | ETA: 1376s
[gpu0] [1861/3000] samples:  93050 | chain(game/max/avg): 2/5/2.5 | reward(game/avg): 4260/3582 | 0.83 games/s | ETA: 1374s
[gpu0] [1862/3000] samples:  93100 | chain(game/max/avg): 2/5/2.5 | reward(game/avg): 3470/3582 | 0.83 games/s | ETA: 1372s
[gpu0] [1863/3000] samples:  93150 | chain(game/max/avg): 2/5/2.5 | reward(game/avg): 3710/3582 | 0.83 games/s | ETA: 1370s
[gpu0] [1864/3000] samples:  93200 | chain(game/max/avg): 2/5/2.5 | reward(game/avg): 3620/3582 | 0.83 games/s | ETA: 1368s
[gpu0] [1865/3000] samples:  93250 | chain(game/max/avg): 3/5/2.5 | reward(game/avg): 3600/3582 | 0.83 games/s | ETA: 1366s
[gpu0] [1866/3000] samples:  93300 | chain(game/max/avg): 3/5/2.5 | reward(game/avg): 3700/3582 | 0.83 games/s | ETA: 1364s
[gpu0] [1867/3000] samples:  93350 | chain(game/max/avg): 2/5/2.5 | reward(game/avg): 3240/3582 | 0.83 games/s | ETA: 1362s
[gpu0] [1868/3000] samples:  93400 | chain(game/max/avg): 2/5/2.5 | reward(game/avg): 2960/3582 | 0.83 games/s | ETA: 1360s
[gpu0] [1869/3000] samples:  93450 | chain(game/max/avg): 2/5/2.5 | reward(game/avg): 3800/3582 | 0.83 games/s | ETA: 1358s
[gpu0] [1870/3000] samples:  93500 | chain(game/max/avg): 2/5/2.5 | reward(game/avg): 2720/3581 | 0.83 games/s | ETA: 1356s
[gpu0] [1871/3000] samples:  93550 | chain(game/max/avg): 3/5/2.5 | reward(game/avg): 3560/3581 | 0.83 games/s | ETA: 1354s
[gpu0] [1872/3000] samples:  93600 | chain(game/max/avg): 3/5/2.5 | reward(game/avg): 3400/3581 | 0.83 games/s | ETA: 1353s
[gpu0] [1873/3000] samples:  93650 | chain(game/max/avg): 4/5/2.5 | reward(game/avg): 5400/3582 | 0.83 games/s | ETA: 1351s
[gpu0] [1874/3000] samples:  93700 | chain(game/max/avg): 3/5/2.5 | reward(game/avg): 3850/3582 | 0.83 games/s | ETA: 1349s
[gpu0] [1875/3000] samples:  93750 | chain(game/max/avg): 3/5/2.5 | reward(game/avg): 4120/3583 | 0.84 games/s | ETA: 1347s
[gpu0] [1876/3000] samples:  93800 | chain(game/max/avg): 2/5/2.5 | reward(game/avg): 2980/3582 | 0.84 games/s | ETA: 1345s
[gpu0] [1877/3000] samples:  93850 | chain(game/max/avg): 2/5/2.5 | reward(game/avg): 2760/3582 | 0.84 games/s | ETA: 1343s
[gpu0] [1878/3000] samples:  93900 | chain(game/max/avg): 3/5/2.5 | reward(game/avg): 3860/3582 | 0.84 games/s | ETA: 1341s
[gpu0] [1879/3000] samples:  93950 | chain(game/max/avg): 3/5/2.5 | reward(game/avg): 4640/3583 | 0.84 games/s | ETA: 1339s
[gpu0] [1880/3000] samples:  94000 | chain(game/max/avg): 3/5/2.5 | reward(game/avg): 4060/3583 | 0.84 games/s | ETA: 1337s
[gpu0] [1881/3000] samples:  94050 | chain(game/max/avg): 2/5/2.5 | reward(game/avg): 4010/3583 | 0.84 games/s | ETA: 1335s
[gpu0] [1882/3000] samples:  94100 | chain(game/max/avg): 2/5/2.5 | reward(game/avg): 2420/3583 | 0.84 games/s | ETA: 1333s
[gpu0] [1883/3000] samples:  94150 | chain(game/max/avg): 2/5/2.5 | reward(game/avg): 3080/3582 | 0.84 games/s | ETA: 1332s
[gpu0] [1884/3000] samples:  94200 | chain(game/max/avg): 2/5/2.5 | reward(game/avg): 4130/3583 | 0.84 games/s | ETA: 1330s
[gpu0] [1885/3000] samples:  94250 | chain(game/max/avg): 3/5/2.5 | reward(game/avg): 4260/3583 | 0.84 games/s | ETA: 1328s
[gpu0] [1886/3000] samples:  94300 | chain(game/max/avg): 2/5/2.5 | reward(game/avg): 3160/3583 | 0.84 games/s | ETA: 1326s
[gpu0] [1887/3000] samples:  94350 | chain(game/max/avg): 4/5/2.5 | reward(game/avg): 5400/3584 | 0.84 games/s | ETA: 1324s
[gpu0] [1888/3000] samples:  94400 | chain(game/max/avg): 2/5/2.5 | reward(game/avg): 3400/3584 | 0.84 games/s | ETA: 1322s
[gpu0] [1889/3000] samples:  94450 | chain(game/max/avg): 2/5/2.5 | reward(game/avg): 2360/3583 | 0.84 games/s | ETA: 1320s
[gpu0] [1890/3000] samples:  94550 | chain(game/max/avg): 3/5/2.5 | reward(game/avg): 5160/3585 | 0.84 games/s | ETA: 1318s
[gpu0] [1891/3000] samples:  94550 | chain(game/max/avg): 2/5/2.5 | reward(game/avg): 2480/3583 | 0.84 games/s | ETA: 1316s
[gpu0] [1892/3000] samples:  94600 | chain(game/max/avg): 2/5/2.5 | reward(game/avg): 4320/3584 | 0.84 games/s | ETA: 1315s
[gpu0] [1893/3000] samples:  94650 | chain(game/max/avg): 3/5/2.5 | reward(game/avg): 3620/3584 | 0.84 games/s | ETA: 1313s
[gpu0] [1894/3000] samples:  94700 | chain(game/max/avg): 3/5/2.5 | reward(game/avg): 3650/3584 | 0.84 games/s | ETA: 1311s
[gpu0] [1895/3000] samples:  94750 | chain(game/max/avg): 2/5/2.5 | reward(game/avg): 3400/3583 | 0.84 games/s | ETA: 1309s
[gpu0] [1896/3000] samples:  94800 | chain(game/max/avg): 2/5/2.5 | reward(game/avg): 3260/3583 | 0.84 games/s | ETA: 1307s
[gpu0] [1897/3000] samples:  94850 | chain(game/max/avg): 2/5/2.5 | reward(game/avg): 4070/3584 | 0.85 games/s | ETA: 1305s
[gpu0] [1898/3000] samples:  94900 | chain(game/max/avg): 3/5/2.5 | reward(game/avg): 4480/3584 | 0.85 games/s | ETA: 1303s
[gpu0] [1899/3000] samples:  94950 | chain(game/max/avg): 2/5/2.5 | reward(game/avg): 2200/3583 | 0.85 games/s | ETA: 1301s
[gpu0] [1900/3000] samples:  95000 | chain(game/max/avg): 2/5/2.5 | reward(game/avg): 3560/3583 | 0.85 games/s | ETA: 1300s
[gpu0] [1901/3000] samples:  95050 | chain(game/max/avg): 3/5/2.5 | reward(game/avg): 4660/3584 | 0.85 games/s | ETA: 1298s
[gpu0] [1902/3000] samples:  95100 | chain(game/max/avg): 2/5/2.5 | reward(game/avg): 2630/3583 | 0.85 games/s | ETA: 1296s
[gpu0] [1903/3000] samples:  95150 | chain(game/max/avg): 3/5/2.5 | reward(game/avg): 2400/3583 | 0.85 games/s | ETA: 1294s
[gpu0] [1904/3000] samples:  95200 | chain(game/max/avg): 3/5/2.5 | reward(game/avg): 5180/3584 | 0.85 games/s | ETA: 1292s
[gpu0] [1905/3000] samples:  95250 | chain(game/max/avg): 2/5/2.5 | reward(game/avg): 2800/3583 | 0.85 games/s | ETA: 1290s
[gpu0] [1906/3000] samples:  95300 | chain(game/max/avg): 2/5/2.5 | reward(game/avg): 3000/3583 | 0.85 games/s | ETA: 1288s
[gpu0] [1907/3000] samples:  95350 | chain(game/max/avg): 2/5/2.5 | reward(game/avg): 2720/3582 | 0.85 games/s | ETA: 1287s
[gpu0] [1908/3000] samples:  95400 | chain(game/max/avg): 2/5/2.5 | reward(game/avg): 3180/3582 | 0.85 games/s | ETA: 1285s
[gpu0] [1909/3000] samples:  95450 | chain(game/max/avg): 2/5/2.5 | reward(game/avg): 2180/3581 | 0.85 games/s | ETA: 1283s
[gpu0] [1910/3000] samples:  95500 | chain(game/max/avg): 2/5/2.5 | reward(game/avg): 3260/3581 | 0.85 games/s | ETA: 1281s
[gpu0] [1911/3000] samples:  95550 | chain(game/max/avg): 3/5/2.5 | reward(game/avg): 4440/3582 | 0.85 games/s | ETA: 1279s
[gpu0] [1912/3000] samples:  95600 | chain(game/max/avg): 2/5/2.5 | reward(game/avg): 3140/3582 | 0.85 games/s | ETA: 1277s
[gpu0] [1913/3000] samples:  95650 | chain(game/max/avg): 2/5/2.5 | reward(game/avg): 3300/3581 | 0.85 games/s | ETA: 1276s
[gpu0] [1914/3000] samples:  95700 | chain(game/max/avg): 4/5/2.5 | reward(game/avg): 6310/3583 | 0.85 games/s | ETA: 1274s
[gpu0] [1915/3000] samples:  95750 | chain(game/max/avg): 3/5/2.5 | reward(game/avg): 3760/3583 | 0.85 games/s | ETA: 1272s
[gpu0] [1916/3000] samples:  95800 | chain(game/max/avg): 2/5/2.5 | reward(game/avg): 2600/3582 | 0.85 games/s | ETA: 1270s
[gpu0] [1917/3000] samples:  95850 | chain(game/max/avg): 2/5/2.5 | reward(game/avg): 3720/3582 | 0.85 games/s | ETA: 1268s
[gpu0] [1918/3000] samples:  95900 | chain(game/max/avg): 3/5/2.5 | reward(game/avg): 4560/3583 | 0.85 games/s | ETA: 1266s
[gpu0] [1919/3000] samples:  95950 | chain(game/max/avg): 2/5/2.5 | reward(game/avg): 2990/3583 | 0.85 games/s | ETA: 1265s
[gpu0] [1920/3000] samples:  96000 | chain(game/max/avg): 3/5/2.5 | reward(game/avg): 3990/3583 | 0.86 games/s | ETA: 1263s
[gpu0] [1921/3000] samples:  96050 | chain(game/max/avg): 3/5/2.5 | reward(game/avg): 4850/3584 | 0.86 games/s | ETA: 1261s
[gpu0] [1922/3000] samples:  96100 | chain(game/max/avg): 2/5/2.5 | reward(game/avg): 2280/3583 | 0.86 games/s | ETA: 1259s
[gpu0] [1923/3000] samples:  96150 | chain(game/max/avg): 2/5/2.5 | reward(game/avg): 2520/3582 | 0.86 games/s | ETA: 1257s
[gpu0] [1924/3000] samples:  96200 | chain(game/max/avg): 3/5/2.5 | reward(game/avg): 3700/3582 | 0.86 games/s | ETA: 1255s
[gpu0] [1925/3000] samples:  96250 | chain(game/max/avg): 3/5/2.5 | reward(game/avg): 3280/3582 | 0.86 games/s | ETA: 1254s
[gpu0] [1926/3000] samples:  96300 | chain(game/max/avg): 3/5/2.5 | reward(game/avg): 4540/3583 | 0.86 games/s | ETA: 1252s
[gpu0] [1927/3000] samples:  96350 | chain(game/max/avg): 2/5/2.5 | reward(game/avg): 3020/3582 | 0.86 games/s | ETA: 1250s
[gpu0] [1928/3000] samples:  96400 | chain(game/max/avg): 3/5/2.5 | reward(game/avg): 4300/3583 | 0.86 games/s | ETA: 1248s
[gpu0] [1929/3000] samples:  96450 | chain(game/max/avg): 3/5/2.5 | reward(game/avg): 2800/3582 | 0.86 games/s | ETA: 1246s
[gpu0] [1930/3000] samples:  96500 | chain(game/max/avg): 2/5/2.5 | reward(game/avg): 2620/3582 | 0.86 games/s | ETA: 1245s
[gpu0] [1931/3000] samples:  96550 | chain(game/max/avg): 2/5/2.5 | reward(game/avg): 4470/3582 | 0.86 games/s | ETA: 1243s
[gpu0] [1932/3000] samples:  96600 | chain(game/max/avg): 3/5/2.5 | reward(game/avg): 3880/3582 | 0.86 games/s | ETA: 1241s
[gpu0] [1933/3000] samples:  96650 | chain(game/max/avg): 2/5/2.5 | reward(game/avg): 3060/3582 | 0.86 games/s | ETA: 1239s
[gpu0] [1934/3000] samples:  96700 | chain(game/max/avg): 3/5/2.5 | reward(game/avg): 4830/3583 | 0.86 games/s | ETA: 1237s
[gpu0] [1935/3000] samples:  96750 | chain(game/max/avg): 2/5/2.5 | reward(game/avg): 2320/3582 | 0.86 games/s | ETA: 1236s
[gpu0] [1936/3000] samples:  96800 | chain(game/max/avg): 3/5/2.5 | reward(game/avg): 3680/3582 | 0.86 games/s | ETA: 1234s
[gpu0] [1937/3000] samples:  96850 | chain(game/max/avg): 2/5/2.5 | reward(game/avg): 2260/3582 | 0.86 games/s | ETA: 1232s
[gpu0] [1938/3000] samples:  96900 | chain(game/max/avg): 2/5/2.5 | reward(game/avg): 2440/3581 | 0.86 games/s | ETA: 1230s
[gpu0] [1939/3000] samples:  96950 | chain(game/max/avg): 2/5/2.5 | reward(game/avg): 2880/3581 | 0.86 games/s | ETA: 1228s
[gpu0] [1940/3000] samples:  97000 | chain(game/max/avg): 3/5/2.5 | reward(game/avg): 4230/3581 | 0.86 games/s | ETA: 1227s
[gpu0] [1941/3000] samples:  97050 | chain(game/max/avg): 4/5/2.5 | reward(game/avg): 6560/3582 | 0.86 games/s | ETA: 1225s
[gpu0] [1942/3000] samples:  97100 | chain(game/max/avg): 3/5/2.5 | reward(game/avg): 4620/3583 | 0.87 games/s | ETA: 1223s
[gpu0] [1943/3000] samples:  97150 | chain(game/max/avg): 3/5/2.5 | reward(game/avg): 3540/3583 | 0.87 games/s | ETA: 1221s
[gpu0] [1944/3000] samples:  97200 | chain(game/max/avg): 2/5/2.5 | reward(game/avg): 3680/3583 | 0.87 games/s | ETA: 1219s
[gpu0] [1945/3000] samples:  97250 | chain(game/max/avg): 5/5/2.5 | reward(game/avg): 8860/3586 | 0.87 games/s | ETA: 1218s
[gpu0] [1946/3000] samples:  97300 | chain(game/max/avg): 3/5/2.5 | reward(game/avg): 3440/3586 | 0.87 games/s | ETA: 1216s
[gpu0] [1947/3000] samples:  97350 | chain(game/max/avg): 2/5/2.5 | reward(game/avg): 3890/3586 | 0.87 games/s | ETA: 1214s
[gpu0] [1948/3000] samples:  97400 | chain(game/max/avg): 3/5/2.5 | reward(game/avg): 3880/3586 | 0.87 games/s | ETA: 1212s
[gpu0] [1949/3000] samples:  97450 | chain(game/max/avg): 2/5/2.5 | reward(game/avg): 3340/3586 | 0.87 games/s | ETA: 1211s
[gpu0] [1950/3000] samples:  97500 | chain(game/max/avg): 2/5/2.5 | reward(game/avg): 2710/3585 | 0.87 games/s | ETA: 1209s
[gpu0] [1951/3000] samples:  97550 | chain(game/max/avg): 2/5/2.5 | reward(game/avg): 2720/3585 | 0.87 games/s | ETA: 1207s
[gpu0] [1952/3000] samples:  97600 | chain(game/max/avg): 2/5/2.5 | reward(game/avg): 2600/3584 | 0.87 games/s | ETA: 1205s
[gpu0] [1953/3000] samples:  97650 | chain(game/max/avg): 2/5/2.5 | reward(game/avg): 3380/3584 | 0.87 games/s | ETA: 1203s
[gpu0] [1954/3000] samples:  97700 | chain(game/max/avg): 2/5/2.5 | reward(game/avg): 3030/3584 | 0.87 games/s | ETA: 1202s
[gpu0] [1955/3000] samples:  97750 | chain(game/max/avg): 3/5/2.5 | reward(game/avg): 3900/3584 | 0.87 games/s | ETA: 1200s
[gpu0] [1956/3000] samples:  97800 | chain(game/max/avg): 4/5/2.5 | reward(game/avg): 5500/3585 | 0.87 games/s | ETA: 1198s
[gpu0] [1957/3000] samples:  97850 | chain(game/max/avg): 2/5/2.5 | reward(game/avg): 2560/3585 | 0.87 games/s | ETA: 1196s
[gpu0] [1958/3000] samples:  97900 | chain(game/max/avg): 2/5/2.5 | reward(game/avg): 3080/3584 | 0.87 games/s | ETA: 1195s
[gpu0] [1959/3000] samples:  97950 | chain(game/max/avg): 3/5/2.5 | reward(game/avg): 3630/3584 | 0.87 games/s | ETA: 1193s
[gpu0] [1960/3000] samples:  98000 | chain(game/max/avg): 3/5/2.5 | reward(game/avg): 5120/3585 | 0.87 games/s | ETA: 1191s
[gpu0] [1961/3000] samples:  98050 | chain(game/max/avg): 2/5/2.5 | reward(game/avg): 4360/3586 | 0.87 games/s | ETA: 1189s
[gpu0] [1962/3000] samples:  98100 | chain(game/max/avg): 3/5/2.5 | reward(game/avg): 4690/3586 | 0.87 games/s | ETA: 1188s
[gpu0] [1963/3000] samples:  98150 | chain(game/max/avg): 2/5/2.5 | reward(game/avg): 2860/3586 | 0.87 games/s | ETA: 1186s
[gpu0] [1964/3000] samples:  98200 | chain(game/max/avg): 3/5/2.5 | reward(game/avg): 4380/3586 | 0.87 games/s | ETA: 1184s
[gpu0] [1965/3000] samples:  98250 | chain(game/max/avg): 2/5/2.5 | reward(game/avg): 2840/3586 | 0.88 games/s | ETA: 1182s
[gpu0] [1966/3000] samples:  98300 | chain(game/max/avg): 4/5/2.5 | reward(game/avg): 7200/3588 | 0.88 games/s | ETA: 1181s
[gpu0] [1967/3000] samples:  98350 | chain(game/max/avg): 3/5/2.5 | reward(game/avg): 5020/3588 | 0.88 games/s | ETA: 1179s
[gpu0] [1968/3000] samples:  98400 | chain(game/max/avg): 4/5/2.5 | reward(game/avg): 5770/3590 | 0.88 games/s | ETA: 1177s
[gpu0] [1969/3000] samples:  98450 | chain(game/max/avg): 2/5/2.5 | reward(game/avg): 3940/3590 | 0.88 games/s | ETA: 1176s
[gpu0] [1970/3000] samples:  98500 | chain(game/max/avg): 4/5/2.5 | reward(game/avg): 4080/3590 | 0.88 games/s | ETA: 1174s
[gpu0] [1971/3000] samples:  98550 | chain(game/max/avg): 3/5/2.5 | reward(game/avg): 4140/3590 | 0.88 games/s | ETA: 1172s
[gpu0] [1972/3000] samples:  98600 | chain(game/max/avg): 2/5/2.5 | reward(game/avg): 2720/3590 | 0.88 games/s | ETA: 1170s
[gpu0] [1973/3000] samples:  98650 | chain(game/max/avg): 3/5/2.5 | reward(game/avg): 3720/3590 | 0.88 games/s | ETA: 1169s
[gpu0] [1974/3000] samples:  98700 | chain(game/max/avg): 2/5/2.5 | reward(game/avg): 3300/3590 | 0.88 games/s | ETA: 1167s
[gpu0] [1975/3000] samples:  98750 | chain(game/max/avg): 3/5/2.5 | reward(game/avg): 4260/3590 | 0.88 games/s | ETA: 1165s
[gpu0] [1976/3000] samples:  98800 | chain(game/max/avg): 2/5/2.5 | reward(game/avg): 3120/3590 | 0.88 games/s | ETA: 1163s
[gpu0] [1977/3000] samples:  98850 | chain(game/max/avg): 3/5/2.5 | reward(game/avg): 4210/3590 | 0.88 games/s | ETA: 1162s
[gpu0] [1978/3000] samples:  98900 | chain(game/max/avg): 3/5/2.5 | reward(game/avg): 3480/3590 | 0.88 games/s | ETA: 1160s
[gpu0] [1979/3000] samples:  98950 | chain(game/max/avg): 3/5/2.5 | reward(game/avg): 3420/3590 | 0.88 games/s | ETA: 1158s
[gpu0] [1980/3000] samples:  99000 | chain(game/max/avg): 2/5/2.5 | reward(game/avg): 3200/3590 | 0.88 games/s | ETA: 1157s
[gpu0] [1981/3000] samples:  99050 | chain(game/max/avg): 2/5/2.5 | reward(game/avg): 3080/3590 | 0.88 games/s | ETA: 1155s
[gpu0] [1982/3000] samples:  99100 | chain(game/max/avg): 3/5/2.5 | reward(game/avg): 6260/3591 | 0.88 games/s | ETA: 1153s
[gpu0] [1983/3000] samples:  99150 | chain(game/max/avg): 2/5/2.5 | reward(game/avg): 3080/3591 | 0.88 games/s | ETA: 1151s
[gpu0] [1984/3000] samples:  99200 | chain(game/max/avg): 2/5/2.5 | reward(game/avg): 3520/3591 | 0.88 games/s | ETA: 1150s
[gpu0] [1985/3000] samples:  99250 | chain(game/max/avg): 3/5/2.5 | reward(game/avg): 4020/3591 | 0.88 games/s | ETA: 1148s
[gpu0] [1986/3000] samples:  99300 | chain(game/max/avg): 2/5/2.5 | reward(game/avg): 4020/3591 | 0.88 games/s | ETA: 1146s
[gpu0] [1987/3000] samples:  99350 | chain(game/max/avg): 4/5/2.5 | reward(game/avg): 4660/3592 | 0.88 games/s | ETA: 1145s
[gpu0] [1988/3000] samples:  99400 | chain(game/max/avg): 2/5/2.5 | reward(game/avg): 2940/3591 | 0.89 games/s | ETA: 1143s
[gpu0] [1989/3000] samples:  99450 | chain(game/max/avg): 3/5/2.5 | reward(game/avg): 4000/3591 | 0.89 games/s | ETA: 1141s
[gpu0] [1990/3000] samples:  99500 | chain(game/max/avg): 2/5/2.5 | reward(game/avg): 4040/3592 | 0.89 games/s | ETA: 1140s
[gpu0] [1991/3000] samples:  99550 | chain(game/max/avg): 3/5/2.5 | reward(game/avg): 4060/3592 | 0.89 games/s | ETA: 1138s
[gpu0] [1992/3000] samples:  99600 | chain(game/max/avg): 3/5/2.5 | reward(game/avg): 4380/3592 | 0.89 games/s | ETA: 1136s
[gpu0] [1993/3000] samples:  99650 | chain(game/max/avg): 3/5/2.5 | reward(game/avg): 4430/3593 | 0.89 games/s | ETA: 1135s
[gpu0] [1994/3000] samples:  99700 | chain(game/max/avg): 2/5/2.5 | reward(game/avg): 2600/3592 | 0.89 games/s | ETA: 1133s
[gpu0] [1995/3000] samples:  99750 | chain(game/max/avg): 2/5/2.5 | reward(game/avg): 3020/3592 | 0.89 games/s | ETA: 1131s
[gpu0] [1996/3000] samples:  99800 | chain(game/max/avg): 2/5/2.5 | reward(game/avg): 3380/3592 | 0.89 games/s | ETA: 1129s
[gpu0] [1997/3000] samples:  99850 | chain(game/max/avg): 4/5/2.5 | reward(game/avg): 5150/3593 | 0.89 games/s | ETA: 1128s
[gpu0] [1998/3000] samples:  99900 | chain(game/max/avg): 2/5/2.5 | reward(game/avg): 2440/3592 | 0.89 games/s | ETA: 1126s
[gpu0] [1999/3000] samples:  99950 | chain(game/max/avg): 3/5/2.5 | reward(game/avg): 3260/3592 | 0.89 games/s | ETA: 1124s
[gpu0] [2000/3000] samples: 100000 | chain(game/max/avg): 3/5/2.5 | reward(game/avg): 5140/3593 | 0.89 games/s | ETA: 1123s
[gpu0] [2001/3000] samples: 100050 | chain(game/max/avg): 2/5/2.5 | reward(game/avg): 3380/3593 | 0.60 games/s | ETA: 1677s
[gpu0] [2002/3000] samples: 100100 | chain(game/max/avg): 2/5/2.5 | reward(game/avg): 2360/3592 | 0.60 games/s | ETA: 1675s
[gpu0] [2003/3000] samples: 100150 | chain(game/max/avg): 2/5/2.5 | reward(game/avg): 2700/3591 | 0.60 games/s | ETA: 1672s
[gpu0] [2004/3000] samples: 100200 | chain(game/max/avg): 2/5/2.5 | reward(game/avg): 2800/3591 | 0.60 games/s | ETA: 1670s
[gpu0] [2005/3000] samples: 100250 | chain(game/max/avg): 3/5/2.5 | reward(game/avg): 4040/3591 | 0.60 games/s | ETA: 1668s
[gpu0] [2006/3000] samples: 100300 | chain(game/max/avg): 2/5/2.5 | reward(game/avg): 3660/3591 | 0.60 games/s | ETA: 1665s
[gpu0] [2007/3000] samples: 100350 | chain(game/max/avg): 2/5/2.5 | reward(game/avg): 2820/3591 | 0.60 games/s | ETA: 1663s
[gpu0] [2008/3000] samples: 100400 | chain(game/max/avg): 3/5/2.5 | reward(game/avg): 3340/3591 | 0.60 games/s | ETA: 1660s
[gpu0] [2009/3000] samples: 100450 | chain(game/max/avg): 2/5/2.5 | reward(game/avg): 3140/3591 | 0.60 games/s | ETA: 1658s
[gpu0] [2010/3000] samples: 100500 | chain(game/max/avg): 2/5/2.5 | reward(game/avg): 2360/3590 | 0.60 games/s | ETA: 1655s
[gpu0] [2011/3000] samples: 100550 | chain(game/max/avg): 3/5/2.5 | reward(game/avg): 3880/3590 | 0.60 games/s | ETA: 1653s
[gpu0] [2012/3000] samples: 100600 | chain(game/max/avg): 2/5/2.5 | reward(game/avg): 3900/3590 | 0.60 games/s | ETA: 1650s
[gpu0] [2013/3000] samples: 100650 | chain(game/max/avg): 2/5/2.5 | reward(game/avg): 3220/3590 | 0.60 games/s | ETA: 1648s
[gpu0] [2014/3000] samples: 100700 | chain(game/max/avg): 2/5/2.5 | reward(game/avg): 2540/3590 | 0.60 games/s | ETA: 1646s
[gpu0] [2015/3000] samples: 100750 | chain(game/max/avg): 2/5/2.5 | reward(game/avg): 2840/3589 | 0.60 games/s | ETA: 1643s
[gpu0] [2016/3000] samples: 100800 | chain(game/max/avg): 4/5/2.5 | reward(game/avg): 4540/3590 | 0.60 games/s | ETA: 1641s
[gpu0] [2017/3000] samples: 100850 | chain(game/max/avg): 3/5/2.5 | reward(game/avg): 5070/3590 | 0.60 games/s | ETA: 1638s
[gpu0] [2018/3000] samples: 100900 | chain(game/max/avg): 3/5/2.5 | reward(game/avg): 3860/3591 | 0.60 games/s | ETA: 1636s
[gpu0] [2019/3000] samples: 100950 | chain(game/max/avg): 2/5/2.5 | reward(game/avg): 3360/3590 | 0.60 games/s | ETA: 1633s
[gpu0] [2020/3000] samples: 101000 | chain(game/max/avg): 3/5/2.5 | reward(game/avg): 4280/3591 | 0.60 games/s | ETA: 1631s
[gpu0] [2021/3000] samples: 101050 | chain(game/max/avg): 2/5/2.5 | reward(game/avg): 2580/3590 | 0.60 games/s | ETA: 1628s
[gpu0] [2022/3000] samples: 101100 | chain(game/max/avg): 3/5/2.5 | reward(game/avg): 5080/3591 | 0.60 games/s | ETA: 1626s
[gpu0] [2023/3000] samples: 101150 | chain(game/max/avg): 3/5/2.5 | reward(game/avg): 3300/3591 | 0.60 games/s | ETA: 1623s
[gpu0] [2024/3000] samples: 101200 | chain(game/max/avg): 3/5/2.5 | reward(game/avg): 2700/3590 | 0.60 games/s | ETA: 1621s
[gpu0] [2025/3000] samples: 101250 | chain(game/max/avg): 3/5/2.5 | reward(game/avg): 5180/3591 | 0.60 games/s | ETA: 1618s
[gpu0] [2026/3000] samples: 101300 | chain(game/max/avg): 2/5/2.5 | reward(game/avg): 2860/3591 | 0.60 games/s | ETA: 1616s
[gpu0] [2027/3000] samples: 101350 | chain(game/max/avg): 3/5/2.5 | reward(game/avg): 4200/3591 | 0.60 games/s | ETA: 1613s
[gpu0] [2028/3000] samples: 101400 | chain(game/max/avg): 3/5/2.5 | reward(game/avg): 3220/3591 | 0.60 games/s | ETA: 1611s
[gpu0] [2029/3000] samples: 101450 | chain(game/max/avg): 2/5/2.5 | reward(game/avg): 3740/3591 | 0.60 games/s | ETA: 1609s
[gpu0] [2030/3000] samples: 101500 | chain(game/max/avg): 2/5/2.5 | reward(game/avg): 2740/3591 | 0.60 games/s | ETA: 1606s
[gpu0] [2031/3000] samples: 101550 | chain(game/max/avg): 2/5/2.5 | reward(game/avg): 2920/3590 | 0.60 games/s | ETA: 1604s
[gpu0] [2032/3000] samples: 101600 | chain(game/max/avg): 3/5/2.5 | reward(game/avg): 3640/3590 | 0.60 games/s | ETA: 1601s
[gpu0] [2033/3000] samples: 101650 | chain(game/max/avg): 3/5/2.5 | reward(game/avg): 4520/3591 | 0.60 games/s | ETA: 1599s
[gpu0] [2034/3000] samples: 101700 | chain(game/max/avg): 2/5/2.5 | reward(game/avg): 3400/3591 | 0.61 games/s | ETA: 1596s
[gpu0] [2035/3000] samples: 101750 | chain(game/max/avg): 3/5/2.5 | reward(game/avg): 3640/3591 | 0.61 games/s | ETA: 1594s
[gpu0] [2036/3000] samples: 101800 | chain(game/max/avg): 3/5/2.5 | reward(game/avg): 4240/3591 | 0.61 games/s | ETA: 1592s
[gpu0] [2037/3000] samples: 101850 | chain(game/max/avg): 4/5/2.5 | reward(game/avg): 7200/3593 | 0.61 games/s | ETA: 1589s
[gpu0] [2038/3000] samples: 101900 | chain(game/max/avg): 3/5/2.5 | reward(game/avg): 5100/3594 | 0.61 games/s | ETA: 1587s
[gpu0] [2039/3000] samples: 101950 | chain(game/max/avg): 2/5/2.5 | reward(game/avg): 5220/3594 | 0.61 games/s | ETA: 1584s
[gpu0] [2040/3000] samples: 102000 | chain(game/max/avg): 2/5/2.5 | reward(game/avg): 3760/3594 | 0.61 games/s | ETA: 1582s
[gpu0] [2041/3000] samples: 102050 | chain(game/max/avg): 4/5/2.5 | reward(game/avg): 5360/3595 | 0.61 games/s | ETA: 1579s
[gpu0] [2042/3000] samples: 102100 | chain(game/max/avg): 3/5/2.5 | reward(game/avg): 3350/3595 | 0.61 games/s | ETA: 1577s
[gpu0] [2043/3000] samples: 102150 | chain(game/max/avg): 3/5/2.5 | reward(game/avg): 3440/3595 | 0.61 games/s | ETA: 1575s
[gpu0] [2044/3000] samples: 102200 | chain(game/max/avg): 2/5/2.5 | reward(game/avg): 2980/3595 | 0.61 games/s | ETA: 1572s
[gpu0] [2045/3000] samples: 102250 | chain(game/max/avg): 2/5/2.5 | reward(game/avg): 1880/3594 | 0.61 games/s | ETA: 1570s
[gpu0] [2046/3000] samples: 102300 | chain(game/max/avg): 3/5/2.5 | reward(game/avg): 3660/3594 | 0.61 games/s | ETA: 1567s
[gpu0] [2047/3000] samples: 102350 | chain(game/max/avg): 2/5/2.5 | reward(game/avg): 2820/3594 | 0.61 games/s | ETA: 1565s
[gpu0] [2048/3000] samples: 102400 | chain(game/max/avg): 2/5/2.5 | reward(game/avg): 2840/3593 | 0.61 games/s | ETA: 1563s
[gpu0] [2049/3000] samples: 102450 | chain(game/max/avg): 2/5/2.5 | reward(game/avg): 3260/3593 | 0.61 games/s | ETA: 1560s
[gpu0] [2050/3000] samples: 102500 | chain(game/max/avg): 3/5/2.5 | reward(game/avg): 4630/3594 | 0.61 games/s | ETA: 1558s
[gpu0] [2051/3000] samples: 102550 | chain(game/max/avg): 2/5/2.5 | reward(game/avg): 3150/3593 | 0.61 games/s | ETA: 1555s
[gpu0] [2052/3000] samples: 102600 | chain(game/max/avg): 2/5/2.5 | reward(game/avg): 2980/3593 | 0.61 games/s | ETA: 1553s
[gpu0] [2053/3000] samples: 102650 | chain(game/max/avg): 2/5/2.5 | reward(game/avg): 4460/3593 | 0.61 games/s | ETA: 1551s
[gpu0] [2054/3000] samples: 102700 | chain(game/max/avg): 3/5/2.5 | reward(game/avg): 3640/3594 | 0.61 games/s | ETA: 1548s
[gpu0] [2055/3000] samples: 102750 | chain(game/max/avg): 3/5/2.5 | reward(game/avg): 4060/3594 | 0.61 games/s | ETA: 1546s
[gpu0] [2056/3000] samples: 102800 | chain(game/max/avg): 2/5/2.5 | reward(game/avg): 2360/3593 | 0.61 games/s | ETA: 1543s
[gpu0] [2057/3000] samples: 102850 | chain(game/max/avg): 2/5/2.5 | reward(game/avg): 3460/3593 | 0.61 games/s | ETA: 1541s
[gpu0] [2058/3000] samples: 102900 | chain(game/max/avg): 4/5/2.5 | reward(game/avg): 6160/3594 | 0.61 games/s | ETA: 1539s
[gpu0] [2059/3000] samples: 102950 | chain(game/max/avg): 2/5/2.5 | reward(game/avg): 3040/3594 | 0.61 games/s | ETA: 1536s
[gpu0] [2060/3000] samples: 103000 | chain(game/max/avg): 2/5/2.5 | reward(game/avg): 2740/3594 | 0.61 games/s | ETA: 1534s
[gpu0] [2061/3000] samples: 103050 | chain(game/max/avg): 2/5/2.5 | reward(game/avg): 3440/3594 | 0.61 games/s | ETA: 1531s
[gpu0] [2062/3000] samples: 103100 | chain(game/max/avg): 3/5/2.5 | reward(game/avg): 4660/3594 | 0.61 games/s | ETA: 1529s
[gpu0] [2063/3000] samples: 103150 | chain(game/max/avg): 3/5/2.5 | reward(game/avg): 4060/3594 | 0.61 games/s | ETA: 1527s
[gpu0] [2064/3000] samples: 103200 | chain(game/max/avg): 2/5/2.5 | reward(game/avg): 3540/3594 | 0.61 games/s | ETA: 1524s
[gpu0] [2065/3000] samples: 103250 | chain(game/max/avg): 3/5/2.5 | reward(game/avg): 3650/3594 | 0.61 games/s | ETA: 1522s
[gpu0] [2066/3000] samples: 103300 | chain(game/max/avg): 3/5/2.5 | reward(game/avg): 4330/3595 | 0.61 games/s | ETA: 1520s
[gpu0] [2067/3000] samples: 103350 | chain(game/max/avg): 3/5/2.5 | reward(game/avg): 4290/3595 | 0.61 games/s | ETA: 1517s
[gpu0] [2068/3000] samples: 103400 | chain(game/max/avg): 2/5/2.5 | reward(game/avg): 3060/3595 | 0.62 games/s | ETA: 1515s
[gpu0] [2069/3000] samples: 103450 | chain(game/max/avg): 3/5/2.5 | reward(game/avg): 4160/3595 | 0.62 games/s | ETA: 1513s
[gpu0] [2070/3000] samples: 103500 | chain(game/max/avg): 3/5/2.5 | reward(game/avg): 4900/3596 | 0.62 games/s | ETA: 1510s
[gpu0] [2071/3000] samples: 103550 | chain(game/max/avg): 3/5/2.5 | reward(game/avg): 5520/3597 | 0.62 games/s | ETA: 1508s
[gpu0] [2072/3000] samples: 103600 | chain(game/max/avg): 3/5/2.5 | reward(game/avg): 5460/3597 | 0.62 games/s | ETA: 1506s
[gpu0] [2073/3000] samples: 103650 | chain(game/max/avg): 3/5/2.5 | reward(game/avg): 3720/3598 | 0.62 games/s | ETA: 1503s
[gpu0] [2074/3000] samples: 103700 | chain(game/max/avg): 3/5/2.5 | reward(game/avg): 3900/3598 | 0.62 games/s | ETA: 1501s
[gpu0] [2075/3000] samples: 103750 | chain(game/max/avg): 2/5/2.5 | reward(game/avg): 3280/3598 | 0.62 games/s | ETA: 1498s
[gpu0] [2076/3000] samples: 103800 | chain(game/max/avg): 3/5/2.5 | reward(game/avg): 4140/3598 | 0.62 games/s | ETA: 1496s
[gpu0] [2077/3000] samples: 103850 | chain(game/max/avg): 3/5/2.5 | reward(game/avg): 4680/3598 | 0.62 games/s | ETA: 1494s
[gpu0] [2078/3000] samples: 103900 | chain(game/max/avg): 2/5/2.5 | reward(game/avg): 3560/3598 | 0.62 games/s | ETA: 1491s
[gpu0] [2079/3000] samples: 103950 | chain(game/max/avg): 3/5/2.5 | reward(game/avg): 4370/3599 | 0.62 games/s | ETA: 1489s
[gpu0] [2080/3000] samples: 104000 | chain(game/max/avg): 2/5/2.5 | reward(game/avg): 3180/3598 | 0.62 games/s | ETA: 1487s
[gpu0] [2081/3000] samples: 104050 | chain(game/max/avg): 2/5/2.5 | reward(game/avg): 3020/3598 | 0.62 games/s | ETA: 1484s
[gpu0] [2082/3000] samples: 104100 | chain(game/max/avg): 3/5/2.5 | reward(game/avg): 2860/3598 | 0.62 games/s | ETA: 1482s
[gpu0] [2083/3000] samples: 104150 | chain(game/max/avg): 2/5/2.5 | reward(game/avg): 2800/3597 | 0.62 games/s | ETA: 1480s
[gpu0] [2084/3000] samples: 104200 | chain(game/max/avg): 2/5/2.5 | reward(game/avg): 2800/3597 | 0.62 games/s | ETA: 1478s
[gpu0] [2085/3000] samples: 104250 | chain(game/max/avg): 2/5/2.5 | reward(game/avg): 2540/3597 | 0.62 games/s | ETA: 1475s
[gpu0] [2087/3000] samples: 104350 | chain(game/max/avg): 2/5/2.5 | reward(game/avg): 3640/3596 | 0.62 games/s | ETA: 1471s
[gpu0] [2088/3000] samples: 104400 | chain(game/max/avg): 2/5/2.5 | reward(game/avg): 2560/3596 | 0.62 games/s | ETA: 1468s
[gpu0] [2086/3000] samples: 104300 | chain(game/max/avg): 2/5/2.5 | reward(game/avg): 3260/3596 | 0.62 games/s | ETA: 1473s
[gpu0] [2089/3000] samples: 104450 | chain(game/max/avg): 2/5/2.5 | reward(game/avg): 2460/3595 | 0.62 games/s | ETA: 1466s
[gpu0] [2090/3000] samples: 104500 | chain(game/max/avg): 4/5/2.5 | reward(game/avg): 5940/3596 | 0.62 games/s | ETA: 1464s
[gpu0] [2091/3000] samples: 104550 | chain(game/max/avg): 2/5/2.5 | reward(game/avg): 3710/3597 | 0.62 games/s | ETA: 1461s
[gpu0] [2092/3000] samples: 104600 | chain(game/max/avg): 2/5/2.5 | reward(game/avg): 2120/3596 | 0.62 games/s | ETA: 1459s
[gpu0] [2093/3000] samples: 104650 | chain(game/max/avg): 4/5/2.5 | reward(game/avg): 4680/3596 | 0.62 games/s | ETA: 1457s
[gpu0] [2094/3000] samples: 104700 | chain(game/max/avg): 2/5/2.5 | reward(game/avg): 3880/3596 | 0.62 games/s | ETA: 1454s
[gpu0] [2095/3000] samples: 104750 | chain(game/max/avg): 2/5/2.5 | reward(game/avg): 3460/3596 | 0.62 games/s | ETA: 1452s
[gpu0] [2096/3000] samples: 104800 | chain(game/max/avg): 2/5/2.5 | reward(game/avg): 2760/3596 | 0.62 games/s | ETA: 1450s
[gpu0] [2097/3000] samples: 104850 | chain(game/max/avg): 2/5/2.5 | reward(game/avg): 2600/3596 | 0.62 games/s | ETA: 1448s
[gpu0] [2098/3000] samples: 104900 | chain(game/max/avg): 3/5/2.5 | reward(game/avg): 4400/3596 | 0.62 games/s | ETA: 1445s
[gpu0] [2099/3000] samples: 104950 | chain(game/max/avg): 3/5/2.5 | reward(game/avg): 4260/3596 | 0.62 games/s | ETA: 1443s
[gpu0] [2100/3000] samples: 105000 | chain(game/max/avg): 2/5/2.5 | reward(game/avg): 2980/3596 | 0.62 games/s | ETA: 1441s
[gpu0] [2101/3000] samples: 105050 | chain(game/max/avg): 3/5/2.5 | reward(game/avg): 3720/3596 | 0.63 games/s | ETA: 1438s
[gpu0] [2102/3000] samples: 105100 | chain(game/max/avg): 2/5/2.5 | reward(game/avg): 2540/3596 | 0.63 games/s | ETA: 1436s
[gpu0] [2103/3000] samples: 105150 | chain(game/max/avg): 3/5/2.5 | reward(game/avg): 3300/3595 | 0.63 games/s | ETA: 1434s
[gpu0] [2104/3000] samples: 105200 | chain(game/max/avg): 2/5/2.5 | reward(game/avg): 3420/3595 | 0.63 games/s | ETA: 1432s
[gpu0] [2105/3000] samples: 105250 | chain(game/max/avg): 3/5/2.5 | reward(game/avg): 4960/3596 | 0.63 games/s | ETA: 1429s
[gpu0] [2106/3000] samples: 105300 | chain(game/max/avg): 2/5/2.5 | reward(game/avg): 2440/3595 | 0.63 games/s | ETA: 1427s
[gpu0] [2107/3000] samples: 105350 | chain(game/max/avg): 3/5/2.5 | reward(game/avg): 5560/3596 | 0.63 games/s | ETA: 1425s
[gpu0] [2108/3000] samples: 105400 | chain(game/max/avg): 3/5/2.5 | reward(game/avg): 4240/3597 | 0.63 games/s | ETA: 1422s
[gpu0] [2109/3000] samples: 105450 | chain(game/max/avg): 3/5/2.5 | reward(game/avg): 4180/3597 | 0.63 games/s | ETA: 1420s
[gpu0] [2110/3000] samples: 105500 | chain(game/max/avg): 3/5/2.5 | reward(game/avg): 4480/3597 | 0.63 games/s | ETA: 1418s
[gpu0] [2111/3000] samples: 105550 | chain(game/max/avg): 3/5/2.5 | reward(game/avg): 4490/3598 | 0.63 games/s | ETA: 1416s
[gpu0] [2112/3000] samples: 105600 | chain(game/max/avg): 3/5/2.5 | reward(game/avg): 3730/3598 | 0.63 games/s | ETA: 1413s
[gpu0] [2113/3000] samples: 105650 | chain(game/max/avg): 3/5/2.5 | reward(game/avg): 4220/3598 | 0.63 games/s | ETA: 1411s
[gpu0] [2114/3000] samples: 105700 | chain(game/max/avg): 2/5/2.5 | reward(game/avg): 2820/3598 | 0.63 games/s | ETA: 1409s
[gpu0] [2115/3000] samples: 105750 | chain(game/max/avg): 3/5/2.5 | reward(game/avg): 3020/3597 | 0.63 games/s | ETA: 1407s
[gpu0] [2116/3000] samples: 105800 | chain(game/max/avg): 2/5/2.5 | reward(game/avg): 4790/3598 | 0.63 games/s | ETA: 1404s
[gpu0] [2117/3000] samples: 105850 | chain(game/max/avg): 2/5/2.5 | reward(game/avg): 3180/3598 | 0.63 games/s | ETA: 1402s
[gpu0] [2118/3000] samples: 105900 | chain(game/max/avg): 3/5/2.5 | reward(game/avg): 3890/3598 | 0.63 games/s | ETA: 1400s
[gpu0] [2119/3000] samples: 105950 | chain(game/max/avg): 3/5/2.5 | reward(game/avg): 4300/3598 | 0.63 games/s | ETA: 1398s
[gpu0] [2120/3000] samples: 106000 | chain(game/max/avg): 2/5/2.5 | reward(game/avg): 3360/3598 | 0.63 games/s | ETA: 1395s
[gpu0] [2121/3000] samples: 106050 | chain(game/max/avg): 3/5/2.5 | reward(game/avg): 4180/3598 | 0.63 games/s | ETA: 1393s
[gpu0] [2122/3000] samples: 106100 | chain(game/max/avg): 3/5/2.5 | reward(game/avg): 3320/3598 | 0.63 games/s | ETA: 1391s
[gpu0] [2123/3000] samples: 106150 | chain(game/max/avg): 2/5/2.5 | reward(game/avg): 3320/3598 | 0.63 games/s | ETA: 1389s
[gpu0] [2124/3000] samples: 106200 | chain(game/max/avg): 2/5/2.5 | reward(game/avg): 3920/3598 | 0.63 games/s | ETA: 1386s
[gpu0] [2125/3000] samples: 106250 | chain(game/max/avg): 2/5/2.5 | reward(game/avg): 2880/3598 | 0.63 games/s | ETA: 1384s
[gpu0] [2126/3000] samples: 106300 | chain(game/max/avg): 2/5/2.5 | reward(game/avg): 3100/3598 | 0.63 games/s | ETA: 1382s
[gpu0] [2127/3000] samples: 106350 | chain(game/max/avg): 3/5/2.5 | reward(game/avg): 3210/3598 | 0.63 games/s | ETA: 1380s
[gpu0] [2129/3000] samples: 106450 | chain(game/max/avg): 2/5/2.5 | reward(game/avg): 3550/3599 | 0.63 games/s | ETA: 1375s
[gpu0] [2131/3000] samples: 106600 | chain(game/max/avg): 2/5/2.5 | reward(game/avg): 3320/3601 | 0.63 games/s | ETA: 1371s
[gpu0] [2128/3000] samples: 106450 | chain(game/max/avg): 3/5/2.5 | reward(game/avg): 6100/3600 | 0.63 games/s | ETA: 1378s
[gpu0] [2130/3000] samples: 106500 | chain(game/max/avg): 2/5/2.5 | reward(game/avg): 4540/3599 | 0.63 games/s | ETA: 1373s
[gpu0] [2132/3000] samples: 106600 | chain(game/max/avg): 3/5/2.5 | reward(game/avg): 5080/3600 | 0.63 games/s | ETA: 1369s
[gpu0] [2133/3000] samples: 106650 | chain(game/max/avg): 3/5/2.5 | reward(game/avg): 4560/3600 | 0.63 games/s | ETA: 1366s
[gpu0] [2134/3000] samples: 106700 | chain(game/max/avg): 2/5/2.5 | reward(game/avg): 3500/3600 | 0.63 games/s | ETA: 1364s
[gpu0] [2135/3000] samples: 106750 | chain(game/max/avg): 3/5/2.5 | reward(game/avg): 5000/3601 | 0.64 games/s | ETA: 1362s
[gpu0] [2136/3000] samples: 106800 | chain(game/max/avg): 3/5/2.5 | reward(game/avg): 3670/3601 | 0.64 games/s | ETA: 1360s
[gpu0] [2137/3000] samples: 106850 | chain(game/max/avg): 4/5/2.5 | reward(game/avg): 5200/3602 | 0.64 games/s | ETA: 1358s
[gpu0] [2138/3000] samples: 106900 | chain(game/max/avg): 3/5/2.5 | reward(game/avg): 3980/3602 | 0.64 games/s | ETA: 1355s
[gpu0] [2139/3000] samples: 106950 | chain(game/max/avg): 2/5/2.5 | reward(game/avg): 4420/3602 | 0.64 games/s | ETA: 1353s
[gpu0] [2140/3000] samples: 107000 | chain(game/max/avg): 2/5/2.5 | reward(game/avg): 2580/3602 | 0.64 games/s | ETA: 1351s
[gpu0] [2141/3000] samples: 107050 | chain(game/max/avg): 3/5/2.5 | reward(game/avg): 4120/3602 | 0.64 games/s | ETA: 1349s
[gpu0] [2142/3000] samples: 107100 | chain(game/max/avg): 2/5/2.5 | reward(game/avg): 3020/3602 | 0.64 games/s | ETA: 1347s
[gpu0] [2143/3000] samples: 107150 | chain(game/max/avg): 3/5/2.5 | reward(game/avg): 4560/3602 | 0.64 games/s | ETA: 1344s
[gpu0] [2144/3000] samples: 107200 | chain(game/max/avg): 2/5/2.5 | reward(game/avg): 3700/3602 | 0.64 games/s | ETA: 1342s
[gpu0] [2145/3000] samples: 107250 | chain(game/max/avg): 2/5/2.5 | reward(game/avg): 2860/3602 | 0.64 games/s | ETA: 1340s
[gpu0] [2146/3000] samples: 107300 | chain(game/max/avg): 3/5/2.5 | reward(game/avg): 5760/3603 | 0.64 games/s | ETA: 1338s
[gpu0] [2147/3000] samples: 107350 | chain(game/max/avg): 3/5/2.5 | reward(game/avg): 5250/3604 | 0.64 games/s | ETA: 1336s
[gpu0] [2148/3000] samples: 107400 | chain(game/max/avg): 2/5/2.5 | reward(game/avg): 3440/3603 | 0.64 games/s | ETA: 1333s
[gpu0] [2149/3000] samples: 107450 | chain(game/max/avg): 3/5/2.5 | reward(game/avg): 3300/3603 | 0.64 games/s | ETA: 1331s
[gpu0] [2150/3000] samples: 107500 | chain(game/max/avg): 2/5/2.5 | reward(game/avg): 1960/3603 | 0.64 games/s | ETA: 1329s
[gpu0] [2151/3000] samples: 107550 | chain(game/max/avg): 2/5/2.5 | reward(game/avg): 2280/3602 | 0.64 games/s | ETA: 1327s
[gpu0] [2152/3000] samples: 107600 | chain(game/max/avg): 3/5/2.5 | reward(game/avg): 4080/3602 | 0.64 games/s | ETA: 1325s
[gpu0] [2153/3000] samples: 107650 | chain(game/max/avg): 3/5/2.5 | reward(game/avg): 2660/3602 | 0.64 games/s | ETA: 1323s
[gpu0] [2154/3000] samples: 107700 | chain(game/max/avg): 3/5/2.5 | reward(game/avg): 4560/3602 | 0.64 games/s | ETA: 1320s
[gpu0] [2155/3000] samples: 107750 | chain(game/max/avg): 2/5/2.5 | reward(game/avg): 3300/3602 | 0.64 games/s | ETA: 1318s
[gpu0] [2156/3000] samples: 107800 | chain(game/max/avg): 2/5/2.5 | reward(game/avg): 3420/3602 | 0.64 games/s | ETA: 1316s
[gpu0] [2157/3000] samples: 107850 | chain(game/max/avg): 2/5/2.5 | reward(game/avg): 3500/3602 | 0.64 games/s | ETA: 1314s
[gpu0] [2158/3000] samples: 107900 | chain(game/max/avg): 3/5/2.5 | reward(game/avg): 3800/3602 | 0.64 games/s | ETA: 1312s
[gpu0] [2159/3000] samples: 107950 | chain(game/max/avg): 3/5/2.5 | reward(game/avg): 5060/3603 | 0.64 games/s | ETA: 1309s
[gpu0] [2160/3000] samples: 108000 | chain(game/max/avg): 2/5/2.5 | reward(game/avg): 2960/3602 | 0.64 games/s | ETA: 1307s
[gpu0] [2161/3000] samples: 108050 | chain(game/max/avg): 3/5/2.5 | reward(game/avg): 4620/3603 | 0.64 games/s | ETA: 1305s
[gpu0] [2162/3000] samples: 108100 | chain(game/max/avg): 3/5/2.5 | reward(game/avg): 3920/3603 | 0.64 games/s | ETA: 1303s
[gpu0] [2163/3000] samples: 108150 | chain(game/max/avg): 3/5/2.5 | reward(game/avg): 6180/3604 | 0.64 games/s | ETA: 1301s
[gpu0] [2164/3000] samples: 108200 | chain(game/max/avg): 3/5/2.5 | reward(game/avg): 4940/3605 | 0.64 games/s | ETA: 1299s
[gpu0] [2165/3000] samples: 108250 | chain(game/max/avg): 4/5/2.5 | reward(game/avg): 5420/3606 | 0.64 games/s | ETA: 1297s
[gpu0] [2166/3000] samples: 108300 | chain(game/max/avg): 2/5/2.5 | reward(game/avg): 3780/3606 | 0.64 games/s | ETA: 1294s
[gpu0] [2167/3000] samples: 108350 | chain(game/max/avg): 2/5/2.5 | reward(game/avg): 3240/3606 | 0.64 games/s | ETA: 1292s
[gpu0] [2168/3000] samples: 108400 | chain(game/max/avg): 4/5/2.5 | reward(game/avg): 6040/3607 | 0.64 games/s | ETA: 1290s
[gpu0] [2169/3000] samples: 108450 | chain(game/max/avg): 2/5/2.5 | reward(game/avg): 2960/3606 | 0.65 games/s | ETA: 1288s
[gpu0] [2170/3000] samples: 108500 | chain(game/max/avg): 3/5/2.5 | reward(game/avg): 4420/3607 | 0.65 games/s | ETA: 1286s
[gpu0] [2171/3000] samples: 108550 | chain(game/max/avg): 2/5/2.5 | reward(game/avg): 2780/3606 | 0.65 games/s | ETA: 1284s
[gpu0] [2172/3000] samples: 108600 | chain(game/max/avg): 3/5/2.5 | reward(game/avg): 4040/3607 | 0.65 games/s | ETA: 1282s
[gpu0] [2173/3000] samples: 108650 | chain(game/max/avg): 3/5/2.5 | reward(game/avg): 3880/3607 | 0.65 games/s | ETA: 1279s
[gpu0] [2174/3000] samples: 108700 | chain(game/max/avg): 2/5/2.5 | reward(game/avg): 3240/3607 | 0.65 games/s | ETA: 1277s
[gpu0] [2175/3000] samples: 108750 | chain(game/max/avg): 3/5/2.5 | reward(game/avg): 4900/3607 | 0.65 games/s | ETA: 1275s
[gpu0] [2176/3000] samples: 108800 | chain(game/max/avg): 2/5/2.5 | reward(game/avg): 2740/3607 | 0.65 games/s | ETA: 1273s
[gpu0] [2177/3000] samples: 108850 | chain(game/max/avg): 2/5/2.5 | reward(game/avg): 3020/3606 | 0.65 games/s | ETA: 1271s
[gpu0] [2178/3000] samples: 108900 | chain(game/max/avg): 2/5/2.5 | reward(game/avg): 3790/3607 | 0.65 games/s | ETA: 1269s
[gpu0] [2179/3000] samples: 108950 | chain(game/max/avg): 2/5/2.5 | reward(game/avg): 2500/3606 | 0.65 games/s | ETA: 1267s
[gpu0] [2180/3000] samples: 109000 | chain(game/max/avg): 3/5/2.5 | reward(game/avg): 4940/3607 | 0.65 games/s | ETA: 1264s
[gpu0] [2181/3000] samples: 109050 | chain(game/max/avg): 2/5/2.5 | reward(game/avg): 2600/3606 | 0.65 games/s | ETA: 1262s
[gpu0] [2182/3000] samples: 109100 | chain(game/max/avg): 2/5/2.5 | reward(game/avg): 3250/3606 | 0.65 games/s | ETA: 1260s
[gpu0] [2183/3000] samples: 109150 | chain(game/max/avg): 3/5/2.5 | reward(game/avg): 3940/3606 | 0.65 games/s | ETA: 1258s
[gpu0] [2184/3000] samples: 109200 | chain(game/max/avg): 3/5/2.5 | reward(game/avg): 3500/3606 | 0.65 games/s | ETA: 1256s
[gpu0] [2185/3000] samples: 109250 | chain(game/max/avg): 3/5/2.5 | reward(game/avg): 4480/3607 | 0.65 games/s | ETA: 1254s
[gpu0] [2186/3000] samples: 109300 | chain(game/max/avg): 3/5/2.5 | reward(game/avg): 3660/3607 | 0.65 games/s | ETA: 1252s
[gpu0] [2187/3000] samples: 109350 | chain(game/max/avg): 2/5/2.5 | reward(game/avg): 2620/3606 | 0.65 games/s | ETA: 1250s
[gpu0] [2188/3000] samples: 109400 | chain(game/max/avg): 2/5/2.5 | reward(game/avg): 3080/3606 | 0.65 games/s | ETA: 1248s
[gpu0] [2189/3000] samples: 109450 | chain(game/max/avg): 3/5/2.5 | reward(game/avg): 4090/3606 | 0.65 games/s | ETA: 1245s
[gpu0] [2190/3000] samples: 109500 | chain(game/max/avg): 3/5/2.5 | reward(game/avg): 5220/3607 | 0.65 games/s | ETA: 1243s
[gpu0] [2191/3000] samples: 109550 | chain(game/max/avg): 2/5/2.5 | reward(game/avg): 3080/3607 | 0.65 games/s | ETA: 1241s
[gpu0] [2192/3000] samples: 109600 | chain(game/max/avg): 3/5/2.5 | reward(game/avg): 5100/3607 | 0.65 games/s | ETA: 1239s
[gpu0] [2193/3000] samples: 109650 | chain(game/max/avg): 2/5/2.5 | reward(game/avg): 3260/3607 | 0.65 games/s | ETA: 1237s
[gpu0] [2194/3000] samples: 109700 | chain(game/max/avg): 2/5/2.5 | reward(game/avg): 3040/3607 | 0.65 games/s | ETA: 1235s
[gpu0] [2195/3000] samples: 109750 | chain(game/max/avg): 2/5/2.5 | reward(game/avg): 2580/3606 | 0.65 games/s | ETA: 1233s
[gpu0] [2196/3000] samples: 109800 | chain(game/max/avg): 2/5/2.5 | reward(game/avg): 3200/3606 | 0.65 games/s | ETA: 1231s
[gpu0] [2197/3000] samples: 109850 | chain(game/max/avg): 3/5/2.5 | reward(game/avg): 3000/3606 | 0.65 games/s | ETA: 1229s
[gpu0] [2198/3000] samples: 109900 | chain(game/max/avg): 2/5/2.5 | reward(game/avg): 3260/3606 | 0.65 games/s | ETA: 1227s
[gpu0] [2199/3000] samples: 109950 | chain(game/max/avg): 3/5/2.5 | reward(game/avg): 3380/3606 | 0.65 games/s | ETA: 1225s
[gpu0] [2200/3000] samples: 110000 | chain(game/max/avg): 3/5/2.5 | reward(game/avg): 3260/3606 | 0.65 games/s | ETA: 1222s
[gpu0] [2201/3000] samples: 110050 | chain(game/max/avg): 2/5/2.5 | reward(game/avg): 2800/3605 | 0.65 games/s | ETA: 1220s
[gpu0] [2202/3000] samples: 110100 | chain(game/max/avg): 2/5/2.5 | reward(game/avg): 2220/3605 | 0.66 games/s | ETA: 1218s
[gpu0] [2203/3000] samples: 110150 | chain(game/max/avg): 2/5/2.5 | reward(game/avg): 2780/3604 | 0.66 games/s | ETA: 1216s
[gpu0] [2204/3000] samples: 110200 | chain(game/max/avg): 3/5/2.5 | reward(game/avg): 3580/3604 | 0.66 games/s | ETA: 1214s
[gpu0] [2205/3000] samples: 110250 | chain(game/max/avg): 2/5/2.5 | reward(game/avg): 2760/3604 | 0.66 games/s | ETA: 1212s
[gpu0] [2206/3000] samples: 110300 | chain(game/max/avg): 2/5/2.5 | reward(game/avg): 3500/3604 | 0.66 games/s | ETA: 1210s
[gpu0] [2207/3000] samples: 110350 | chain(game/max/avg): 3/5/2.5 | reward(game/avg): 3320/3604 | 0.66 games/s | ETA: 1208s
[gpu0] [2208/3000] samples: 110400 | chain(game/max/avg): 3/5/2.5 | reward(game/avg): 3580/3604 | 0.66 games/s | ETA: 1206s
[gpu0] [2209/3000] samples: 110450 | chain(game/max/avg): 2/5/2.5 | reward(game/avg): 3890/3604 | 0.66 games/s | ETA: 1204s
[gpu0] [2210/3000] samples: 110500 | chain(game/max/avg): 3/5/2.5 | reward(game/avg): 3860/3604 | 0.66 games/s | ETA: 1202s
[gpu0] [2211/3000] samples: 110550 | chain(game/max/avg): 2/5/2.5 | reward(game/avg): 3670/3604 | 0.66 games/s | ETA: 1200s
[gpu0] [2212/3000] samples: 110600 | chain(game/max/avg): 3/5/2.5 | reward(game/avg): 4160/3604 | 0.66 games/s | ETA: 1198s
[gpu0] [2213/3000] samples: 110650 | chain(game/max/avg): 3/5/2.5 | reward(game/avg): 3340/3604 | 0.66 games/s | ETA: 1196s
[gpu0] [2214/3000] samples: 110700 | chain(game/max/avg): 2/5/2.5 | reward(game/avg): 2860/3604 | 0.66 games/s | ETA: 1193s
[gpu0] [2215/3000] samples: 110750 | chain(game/max/avg): 2/5/2.5 | reward(game/avg): 2540/3603 | 0.66 games/s | ETA: 1191s
[gpu0] [2217/3000] samples: 110850 | chain(game/max/avg): 2/5/2.5 | reward(game/avg): 3600/3604 | 0.66 games/s | ETA: 1187s
[gpu0] [2216/3000] samples: 110800 | chain(game/max/avg): 4/5/2.5 | reward(game/avg): 5880/3604 | 0.66 games/s | ETA: 1189s
[gpu0] [2218/3000] samples: 110900 | chain(game/max/avg): 2/5/2.5 | reward(game/avg): 3810/3604 | 0.66 games/s | ETA: 1185s
[gpu0] [2219/3000] samples: 110950 | chain(game/max/avg): 4/5/2.5 | reward(game/avg): 4920/3605 | 0.66 games/s | ETA: 1183s
[gpu0] [2220/3000] samples: 111000 | chain(game/max/avg): 2/5/2.5 | reward(game/avg): 2510/3604 | 0.66 games/s | ETA: 1181s
[gpu0] [2221/3000] samples: 111050 | chain(game/max/avg): 3/5/2.5 | reward(game/avg): 3260/3604 | 0.66 games/s | ETA: 1179s
[gpu0] [2222/3000] samples: 111100 | chain(game/max/avg): 2/5/2.5 | reward(game/avg): 2740/3604 | 0.66 games/s | ETA: 1177s
[gpu0] [2223/3000] samples: 111150 | chain(game/max/avg): 2/5/2.5 | reward(game/avg): 2680/3603 | 0.66 games/s | ETA: 1175s
[gpu0] [2224/3000] samples: 111200 | chain(game/max/avg): 2/5/2.5 | reward(game/avg): 3240/3603 | 0.66 games/s | ETA: 1173s
[gpu0] [2225/3000] samples: 111250 | chain(game/max/avg): 3/5/2.5 | reward(game/avg): 3220/3603 | 0.66 games/s | ETA: 1171s
[gpu0] [2226/3000] samples: 111300 | chain(game/max/avg): 3/5/2.5 | reward(game/avg): 4790/3604 | 0.66 games/s | ETA: 1169s
[gpu0] [2227/3000] samples: 111350 | chain(game/max/avg): 3/5/2.5 | reward(game/avg): 4890/3604 | 0.66 games/s | ETA: 1167s
[gpu0] [2228/3000] samples: 111400 | chain(game/max/avg): 2/5/2.5 | reward(game/avg): 3980/3604 | 0.66 games/s | ETA: 1165s
[gpu0] [2229/3000] samples: 111450 | chain(game/max/avg): 3/5/2.5 | reward(game/avg): 3620/3604 | 0.66 games/s | ETA: 1163s
[gpu0] [2230/3000] samples: 111500 | chain(game/max/avg): 4/5/2.5 | reward(game/avg): 5720/3605 | 0.66 games/s | ETA: 1161s
[gpu0] [2231/3000] samples: 111550 | chain(game/max/avg): 2/5/2.5 | reward(game/avg): 3330/3605 | 0.66 games/s | ETA: 1159s
[gpu0] [2232/3000] samples: 111600 | chain(game/max/avg): 2/5/2.5 | reward(game/avg): 2760/3605 | 0.66 games/s | ETA: 1157s
[gpu0] [2233/3000] samples: 111650 | chain(game/max/avg): 2/5/2.5 | reward(game/avg): 2980/3605 | 0.66 games/s | ETA: 1155s
[gpu0] [2234/3000] samples: 111700 | chain(game/max/avg): 3/5/2.5 | reward(game/avg): 3580/3605 | 0.66 games/s | ETA: 1153s
[gpu0] [2235/3000] samples: 111750 | chain(game/max/avg): 2/5/2.5 | reward(game/avg): 3180/3604 | 0.66 games/s | ETA: 1151s
[gpu0] [2236/3000] samples: 111800 | chain(game/max/avg): 3/5/2.5 | reward(game/avg): 3420/3604 | 0.67 games/s | ETA: 1149s
[gpu0] [2237/3000] samples: 111850 | chain(game/max/avg): 2/5/2.5 | reward(game/avg): 3560/3604 | 0.67 games/s | ETA: 1147s
[gpu0] [2238/3000] samples: 111900 | chain(game/max/avg): 3/5/2.5 | reward(game/avg): 4260/3605 | 0.67 games/s | ETA: 1145s
[gpu0] [2239/3000] samples: 111950 | chain(game/max/avg): 3/5/2.5 | reward(game/avg): 4060/3605 | 0.67 games/s | ETA: 1143s
[gpu0] [2240/3000] samples: 112000 | chain(game/max/avg): 2/5/2.5 | reward(game/avg): 2760/3604 | 0.67 games/s | ETA: 1141s
[gpu0] [2241/3000] samples: 112050 | chain(game/max/avg): 2/5/2.5 | reward(game/avg): 3360/3604 | 0.67 games/s | ETA: 1139s
[gpu0] [2242/3000] samples: 112100 | chain(game/max/avg): 2/5/2.5 | reward(game/avg): 2460/3604 | 0.67 games/s | ETA: 1137s
[gpu0] [2243/3000] samples: 112200 | chain(game/max/avg): 2/5/2.5 | reward(game/avg): 1960/3605 | 0.67 games/s | ETA: 1135s
[gpu0] [2244/3000] samples: 112200 | chain(game/max/avg): 3/5/2.5 | reward(game/avg): 4140/3603 | 0.67 games/s | ETA: 1133s
[gpu0] [2245/3000] samples: 112250 | chain(game/max/avg): 3/5/2.5 | reward(game/avg): 3580/3603 | 0.67 games/s | ETA: 1131s
[gpu0] [2246/3000] samples: 112300 | chain(game/max/avg): 3/5/2.5 | reward(game/avg): 3540/3603 | 0.67 games/s | ETA: 1129s
[gpu0] [2247/3000] samples: 112350 | chain(game/max/avg): 3/5/2.5 | reward(game/avg): 3780/3603 | 0.67 games/s | ETA: 1127s
[gpu0] [2248/3000] samples: 112400 | chain(game/max/avg): 2/5/2.5 | reward(game/avg): 3920/3603 | 0.67 games/s | ETA: 1125s
[gpu0] [2249/3000] samples: 112450 | chain(game/max/avg): 2/5/2.5 | reward(game/avg): 2600/3603 | 0.67 games/s | ETA: 1123s
[gpu0] [2250/3000] samples: 112500 | chain(game/max/avg): 3/5/2.5 | reward(game/avg): 3880/3603 | 0.67 games/s | ETA: 1121s
[gpu0] [2251/3000] samples: 112550 | chain(game/max/avg): 2/5/2.5 | reward(game/avg): 2940/3603 | 0.67 games/s | ETA: 1119s
[gpu0] [2252/3000] samples: 112600 | chain(game/max/avg): 3/5/2.5 | reward(game/avg): 4120/3603 | 0.67 games/s | ETA: 1117s
[gpu0] [2253/3000] samples: 112650 | chain(game/max/avg): 2/5/2.5 | reward(game/avg): 3400/3603 | 0.67 games/s | ETA: 1115s
[gpu0] [2254/3000] samples: 112700 | chain(game/max/avg): 2/5/2.5 | reward(game/avg): 3480/3603 | 0.67 games/s | ETA: 1113s
[gpu0] [2255/3000] samples: 112750 | chain(game/max/avg): 2/5/2.5 | reward(game/avg): 3280/3603 | 0.67 games/s | ETA: 1111s
[gpu0] [2256/3000] samples: 112800 | chain(game/max/avg): 2/5/2.5 | reward(game/avg): 1920/3602 | 0.67 games/s | ETA: 1109s
[gpu0] [2257/3000] samples: 112850 | chain(game/max/avg): 3/5/2.5 | reward(game/avg): 3480/3602 | 0.67 games/s | ETA: 1107s
[gpu0] [2258/3000] samples: 112900 | chain(game/max/avg): 3/5/2.5 | reward(game/avg): 2920/3602 | 0.67 games/s | ETA: 1105s
[gpu0] [2259/3000] samples: 112950 | chain(game/max/avg): 3/5/2.5 | reward(game/avg): 3420/3602 | 0.67 games/s | ETA: 1103s
[gpu0] [2260/3000] samples: 113000 | chain(game/max/avg): 2/5/2.5 | reward(game/avg): 3140/3601 | 0.67 games/s | ETA: 1101s
[gpu0] [2261/3000] samples: 113050 | chain(game/max/avg): 3/5/2.5 | reward(game/avg): 3220/3601 | 0.67 games/s | ETA: 1099s
[gpu0] [2262/3000] samples: 113100 | chain(game/max/avg): 3/5/2.5 | reward(game/avg): 4100/3601 | 0.67 games/s | ETA: 1097s
[gpu0] [2263/3000] samples: 113150 | chain(game/max/avg): 2/5/2.5 | reward(game/avg): 3040/3601 | 0.67 games/s | ETA: 1095s
[gpu0] [2264/3000] samples: 113200 | chain(game/max/avg): 3/5/2.5 | reward(game/avg): 4840/3602 | 0.67 games/s | ETA: 1093s
[gpu0] [2265/3000] samples: 113250 | chain(game/max/avg): 2/5/2.5 | reward(game/avg): 2280/3601 | 0.67 games/s | ETA: 1091s
[gpu0] [2266/3000] samples: 113300 | chain(game/max/avg): 3/5/2.5 | reward(game/avg): 3780/3601 | 0.67 games/s | ETA: 1089s
[gpu0] [2267/3000] samples: 113350 | chain(game/max/avg): 4/5/2.5 | reward(game/avg): 7040/3603 | 0.67 games/s | ETA: 1087s
[gpu0] [2268/3000] samples: 113400 | chain(game/max/avg): 2/5/2.5 | reward(game/avg): 3860/3603 | 0.67 games/s | ETA: 1085s
[gpu0] [2269/3000] samples: 113450 | chain(game/max/avg): 3/5/2.5 | reward(game/avg): 3440/3603 | 0.67 games/s | ETA: 1083s
[gpu0] [2270/3000] samples: 113500 | chain(game/max/avg): 3/5/2.5 | reward(game/avg): 4180/3603 | 0.68 games/s | ETA: 1081s
[gpu0] [2271/3000] samples: 113550 | chain(game/max/avg): 4/5/2.5 | reward(game/avg): 5460/3604 | 0.68 games/s | ETA: 1079s
[gpu0] [2272/3000] samples: 113600 | chain(game/max/avg): 2/5/2.5 | reward(game/avg): 4490/3604 | 0.68 games/s | ETA: 1077s
[gpu0] [2273/3000] samples: 113650 | chain(game/max/avg): 2/5/2.5 | reward(game/avg): 3940/3604 | 0.68 games/s | ETA: 1075s
[gpu0] [2274/3000] samples: 113700 | chain(game/max/avg): 2/5/2.5 | reward(game/avg): 3040/3604 | 0.68 games/s | ETA: 1073s
[gpu0] [2275/3000] samples: 113750 | chain(game/max/avg): 3/5/2.5 | reward(game/avg): 3690/3604 | 0.68 games/s | ETA: 1071s
[gpu0] [2276/3000] samples: 113800 | chain(game/max/avg): 2/5/2.5 | reward(game/avg): 4140/3604 | 0.68 games/s | ETA: 1069s
[gpu0] [2277/3000] samples: 113850 | chain(game/max/avg): 3/5/2.5 | reward(game/avg): 3880/3605 | 0.68 games/s | ETA: 1067s
[gpu0] [2279/3000] samples: 113950 | chain(game/max/avg): 3/5/2.5 | reward(game/avg): 3600/3604 | 0.68 games/s | ETA: 1064s
[gpu0] [2280/3000] samples: 114000 | chain(game/max/avg): 2/5/2.5 | reward(game/avg): 3140/3604 | 0.68 games/s | ETA: 1062s
[gpu0] [2278/3000] samples: 113950 | chain(game/max/avg): 2/5/2.5 | reward(game/avg): 3000/3606 | 0.68 games/s | ETA: 1066s
[gpu0] [2281/3000] samples: 114050 | chain(game/max/avg): 3/5/2.5 | reward(game/avg): 4300/3604 | 0.68 games/s | ETA: 1060s
[gpu0] [2282/3000] samples: 114100 | chain(game/max/avg): 2/5/2.5 | reward(game/avg): 3340/3604 | 0.68 games/s | ETA: 1058s
[gpu0] [2283/3000] samples: 114150 | chain(game/max/avg): 3/5/2.5 | reward(game/avg): 4060/3604 | 0.68 games/s | ETA: 1056s
[gpu0] [2284/3000] samples: 114200 | chain(game/max/avg): 2/5/2.5 | reward(game/avg): 2820/3604 | 0.68 games/s | ETA: 1054s
[gpu0] [2285/3000] samples: 114250 | chain(game/max/avg): 2/5/2.5 | reward(game/avg): 2760/3604 | 0.68 games/s | ETA: 1052s
[gpu0] [2286/3000] samples: 114300 | chain(game/max/avg): 3/5/2.5 | reward(game/avg): 3520/3604 | 0.68 games/s | ETA: 1050s
[gpu0] [2287/3000] samples: 114350 | chain(game/max/avg): 3/5/2.5 | reward(game/avg): 5200/3604 | 0.68 games/s | ETA: 1048s
[gpu0] [2288/3000] samples: 114400 | chain(game/max/avg): 2/5/2.5 | reward(game/avg): 2860/3604 | 0.68 games/s | ETA: 1046s
[gpu0] [2289/3000] samples: 114450 | chain(game/max/avg): 2/5/2.5 | reward(game/avg): 3740/3604 | 0.68 games/s | ETA: 1044s
[gpu0] [2290/3000] samples: 114500 | chain(game/max/avg): 2/5/2.5 | reward(game/avg): 3420/3604 | 0.68 games/s | ETA: 1042s
[gpu0] [2291/3000] samples: 114550 | chain(game/max/avg): 2/5/2.5 | reward(game/avg): 3290/3604 | 0.68 games/s | ETA: 1040s
[gpu0] [2292/3000] samples: 114600 | chain(game/max/avg): 2/5/2.5 | reward(game/avg): 3480/3604 | 0.68 games/s | ETA: 1038s
[gpu0] [2293/3000] samples: 114650 | chain(game/max/avg): 2/5/2.5 | reward(game/avg): 3020/3604 | 0.68 games/s | ETA: 1037s
[gpu0] [2294/3000] samples: 114700 | chain(game/max/avg): 2/5/2.5 | reward(game/avg): 2670/3603 | 0.68 games/s | ETA: 1035s
[gpu0] [2295/3000] samples: 114750 | chain(game/max/avg): 2/5/2.5 | reward(game/avg): 4020/3603 | 0.68 games/s | ETA: 1033s
[gpu0] [2296/3000] samples: 114800 | chain(game/max/avg): 2/5/2.5 | reward(game/avg): 3140/3603 | 0.68 games/s | ETA: 1031s
[gpu0] [2297/3000] samples: 114850 | chain(game/max/avg): 2/5/2.5 | reward(game/avg): 2840/3603 | 0.68 games/s | ETA: 1029s
[gpu0] [2298/3000] samples: 114900 | chain(game/max/avg): 3/5/2.5 | reward(game/avg): 3980/3603 | 0.68 games/s | ETA: 1027s
[gpu0] [2299/3000] samples: 114950 | chain(game/max/avg): 2/5/2.5 | reward(game/avg): 2760/3603 | 0.68 games/s | ETA: 1025s
[gpu0] [2300/3000] samples: 115000 | chain(game/max/avg): 3/5/2.5 | reward(game/avg): 4340/3603 | 0.68 games/s | ETA: 1023s
[gpu0] [2301/3000] samples: 115050 | chain(game/max/avg): 2/5/2.5 | reward(game/avg): 3040/3603 | 0.68 games/s | ETA: 1021s
[gpu0] [2302/3000] samples: 115100 | chain(game/max/avg): 4/5/2.5 | reward(game/avg): 4860/3603 | 0.68 games/s | ETA: 1019s
[gpu0] [2303/3000] samples: 115150 | chain(game/max/avg): 2/5/2.5 | reward(game/avg): 3600/3603 | 0.69 games/s | ETA: 1017s
[gpu0] [2304/3000] samples: 115200 | chain(game/max/avg): 2/5/2.5 | reward(game/avg): 2780/3603 | 0.69 games/s | ETA: 1016s
[gpu0] [2305/3000] samples: 115250 | chain(game/max/avg): 2/5/2.5 | reward(game/avg): 3340/3603 | 0.69 games/s | ETA: 1014s
[gpu0] [2306/3000] samples: 115300 | chain(game/max/avg): 3/5/2.5 | reward(game/avg): 4940/3603 | 0.69 games/s | ETA: 1012s
[gpu0] [2307/3000] samples: 115350 | chain(game/max/avg): 2/5/2.5 | reward(game/avg): 4290/3604 | 0.69 games/s | ETA: 1010s
[gpu0] [2308/3000] samples: 115400 | chain(game/max/avg): 2/5/2.5 | reward(game/avg): 3100/3603 | 0.69 games/s | ETA: 1008s
[gpu0] [2309/3000] samples: 115450 | chain(game/max/avg): 2/5/2.5 | reward(game/avg): 3200/3603 | 0.69 games/s | ETA: 1006s
[gpu0] [2311/3000] samples: 115550 | chain(game/max/avg): 3/5/2.5 | reward(game/avg): 3700/3603 | 0.69 games/s | ETA: 1002s
[gpu0] [2310/3000] samples: 115500 | chain(game/max/avg): 3/5/2.5 | reward(game/avg): 3060/3603 | 0.69 games/s | ETA: 1004s
[gpu0] [2312/3000] samples: 115600 | chain(game/max/avg): 2/5/2.5 | reward(game/avg): 3500/3603 | 0.69 games/s | ETA: 1000s
[gpu0] [2313/3000] samples: 115650 | chain(game/max/avg): 2/5/2.5 | reward(game/avg): 3340/3603 | 0.69 games/s | ETA: 999s
[gpu0] [2314/3000] samples: 115700 | chain(game/max/avg): 2/5/2.5 | reward(game/avg): 2860/3603 | 0.69 games/s | ETA: 997s
[gpu0] [2315/3000] samples: 115750 | chain(game/max/avg): 2/5/2.5 | reward(game/avg): 2860/3602 | 0.69 games/s | ETA: 995s
[gpu0] [2316/3000] samples: 115800 | chain(game/max/avg): 3/5/2.5 | reward(game/avg): 4360/3603 | 0.69 games/s | ETA: 993s
[gpu0] [2317/3000] samples: 115850 | chain(game/max/avg): 3/5/2.5 | reward(game/avg): 4900/3603 | 0.69 games/s | ETA: 991s
[gpu0] [2318/3000] samples: 115900 | chain(game/max/avg): 3/5/2.5 | reward(game/avg): 4260/3603 | 0.69 games/s | ETA: 989s
[gpu0] [2319/3000] samples: 115950 | chain(game/max/avg): 3/5/2.5 | reward(game/avg): 4430/3604 | 0.69 games/s | ETA: 987s
[gpu0] [2320/3000] samples: 116000 | chain(game/max/avg): 2/5/2.5 | reward(game/avg): 3320/3604 | 0.69 games/s | ETA: 985s
[gpu0] [2321/3000] samples: 116050 | chain(game/max/avg): 3/5/2.5 | reward(game/avg): 4960/3604 | 0.69 games/s | ETA: 983s
[gpu0] [2322/3000] samples: 116100 | chain(game/max/avg): 2/5/2.5 | reward(game/avg): 2530/3604 | 0.69 games/s | ETA: 982s
[gpu0] [2325/3000] samples: 116250 | chain(game/max/avg): 3/5/2.5 | reward(game/avg): 3860/3603 | 0.69 games/s | ETA: 976s
[gpu0] [2326/3000] samples: 116300 | chain(game/max/avg): 3/5/2.5 | reward(game/avg): 4140/3604 | 0.69 games/s | ETA: 974s
[gpu0] [2324/3000] samples: 116200 | chain(game/max/avg): 2/5/2.5 | reward(game/avg): 3500/3603 | 0.69 games/s | ETA: 978s
[gpu0] [2323/3000] samples: 116150 | chain(game/max/avg): 2/5/2.5 | reward(game/avg): 2670/3603 | 0.69 games/s | ETA: 980s
[gpu0] [2327/3000] samples: 116350 | chain(game/max/avg): 2/5/2.5 | reward(game/avg): 3220/3604 | 0.69 games/s | ETA: 972s
[gpu0] [2328/3000] samples: 116400 | chain(game/max/avg): 3/5/2.5 | reward(game/avg): 3900/3604 | 0.69 games/s | ETA: 970s
[gpu0] [2329/3000] samples: 116450 | chain(game/max/avg): 2/5/2.5 | reward(game/avg): 3170/3603 | 0.69 games/s | ETA: 969s
[gpu0] [2330/3000] samples: 116500 | chain(game/max/avg): 3/5/2.5 | reward(game/avg): 4290/3604 | 0.69 games/s | ETA: 967s
[gpu0] [2331/3000] samples: 116550 | chain(game/max/avg): 3/5/2.5 | reward(game/avg): 4610/3604 | 0.69 games/s | ETA: 965s
[gpu0] [2332/3000] samples: 116600 | chain(game/max/avg): 2/5/2.5 | reward(game/avg): 2920/3604 | 0.69 games/s | ETA: 963s
[gpu0] [2333/3000] samples: 116650 | chain(game/max/avg): 3/5/2.5 | reward(game/avg): 4180/3604 | 0.69 games/s | ETA: 961s
[gpu0] [2334/3000] samples: 116700 | chain(game/max/avg): 3/5/2.5 | reward(game/avg): 4160/3604 | 0.69 games/s | ETA: 959s
[gpu0] [2335/3000] samples: 116750 | chain(game/max/avg): 2/5/2.5 | reward(game/avg): 3100/3604 | 0.69 games/s | ETA: 957s
[gpu0] [2336/3000] samples: 116800 | chain(game/max/avg): 5/5/2.5 | reward(game/avg): 7840/3606 | 0.69 games/s | ETA: 956s
[gpu0] [2337/3000] samples: 116850 | chain(game/max/avg): 2/5/2.5 | reward(game/avg): 3200/3606 | 0.70 games/s | ETA: 954s
[gpu0] [2338/3000] samples: 116900 | chain(game/max/avg): 2/5/2.5 | reward(game/avg): 3580/3606 | 0.70 games/s | ETA: 952s
[gpu0] [2339/3000] samples: 116950 | chain(game/max/avg): 2/5/2.5 | reward(game/avg): 3640/3606 | 0.70 games/s | ETA: 950s
[gpu0] [2340/3000] samples: 117000 | chain(game/max/avg): 2/5/2.5 | reward(game/avg): 2960/3606 | 0.70 games/s | ETA: 948s
[gpu0] [2341/3000] samples: 117050 | chain(game/max/avg): 3/5/2.5 | reward(game/avg): 4040/3606 | 0.70 games/s | ETA: 946s
[gpu0] [2342/3000] samples: 117100 | chain(game/max/avg): 2/5/2.5 | reward(game/avg): 2280/3605 | 0.70 games/s | ETA: 945s
[gpu0] [2343/3000] samples: 117150 | chain(game/max/avg): 2/5/2.5 | reward(game/avg): 3120/3605 | 0.70 games/s | ETA: 943s
[gpu0] [2344/3000] samples: 117200 | chain(game/max/avg): 3/5/2.5 | reward(game/avg): 3440/3605 | 0.70 games/s | ETA: 941s
[gpu0] [2345/3000] samples: 117250 | chain(game/max/avg): 2/5/2.5 | reward(game/avg): 3440/3605 | 0.70 games/s | ETA: 939s
[gpu0] [2346/3000] samples: 117300 | chain(game/max/avg): 2/5/2.5 | reward(game/avg): 2980/3605 | 0.70 games/s | ETA: 937s
[gpu0] [2347/3000] samples: 117350 | chain(game/max/avg): 3/5/2.5 | reward(game/avg): 4480/3605 | 0.70 games/s | ETA: 935s
[gpu0] [2348/3000] samples: 117400 | chain(game/max/avg): 3/5/2.5 | reward(game/avg): 4060/3605 | 0.70 games/s | ETA: 934s
[gpu0] [2349/3000] samples: 117450 | chain(game/max/avg): 2/5/2.5 | reward(game/avg): 3570/3605 | 0.70 games/s | ETA: 932s
[gpu0] [2350/3000] samples: 117500 | chain(game/max/avg): 2/5/2.5 | reward(game/avg): 2580/3605 | 0.70 games/s | ETA: 930s
[gpu0] [2351/3000] samples: 117550 | chain(game/max/avg): 3/5/2.5 | reward(game/avg): 3160/3604 | 0.70 games/s | ETA: 928s
[gpu0] [2352/3000] samples: 117600 | chain(game/max/avg): 2/5/2.5 | reward(game/avg): 3300/3604 | 0.70 games/s | ETA: 926s
[gpu0] [2353/3000] samples: 117650 | chain(game/max/avg): 2/5/2.5 | reward(game/avg): 3500/3604 | 0.70 games/s | ETA: 924s
[gpu0] [2354/3000] samples: 117700 | chain(game/max/avg): 3/5/2.5 | reward(game/avg): 3720/3604 | 0.70 games/s | ETA: 923s
[gpu0] [2355/3000] samples: 117750 | chain(game/max/avg): 3/5/2.5 | reward(game/avg): 3320/3604 | 0.70 games/s | ETA: 921s
[gpu0] [2356/3000] samples: 117800 | chain(game/max/avg): 3/5/2.5 | reward(game/avg): 4560/3605 | 0.70 games/s | ETA: 919s
[gpu0] [2357/3000] samples: 117850 | chain(game/max/avg): 3/5/2.5 | reward(game/avg): 3660/3605 | 0.70 games/s | ETA: 917s
[gpu0] [2358/3000] samples: 117900 | chain(game/max/avg): 3/5/2.5 | reward(game/avg): 2860/3604 | 0.70 games/s | ETA: 915s
[gpu0] [2360/3000] samples: 118050 | chain(game/max/avg): 2/5/2.5 | reward(game/avg): 2780/3605 | 0.70 games/s | ETA: 912s
[gpu0] [2361/3000] samples: 118050 | chain(game/max/avg): 3/5/2.5 | reward(game/avg): 4160/3604 | 0.70 games/s | ETA: 910s
[gpu0] [2359/3000] samples: 117950 | chain(game/max/avg): 2/5/2.5 | reward(game/avg): 2760/3604 | 0.70 games/s | ETA: 914s
[gpu0] [2362/3000] samples: 118100 | chain(game/max/avg): 2/5/2.5 | reward(game/avg): 3760/3604 | 0.70 games/s | ETA: 908s
[gpu0] [2363/3000] samples: 118150 | chain(game/max/avg): 3/5/2.5 | reward(game/avg): 3280/3604 | 0.70 games/s | ETA: 906s
[gpu0] [2364/3000] samples: 118200 | chain(game/max/avg): 2/5/2.5 | reward(game/avg): 2360/3603 | 0.70 games/s | ETA: 904s
[gpu0] [2365/3000] samples: 118250 | chain(game/max/avg): 2/5/2.5 | reward(game/avg): 3120/3603 | 0.70 games/s | ETA: 903s
[gpu0] [2366/3000] samples: 118300 | chain(game/max/avg): 3/5/2.5 | reward(game/avg): 3910/3603 | 0.70 games/s | ETA: 901s
[gpu0] [2367/3000] samples: 118350 | chain(game/max/avg): 3/5/2.5 | reward(game/avg): 5280/3604 | 0.70 games/s | ETA: 899s
[gpu0] [2368/3000] samples: 118400 | chain(game/max/avg): 2/5/2.5 | reward(game/avg): 2820/3604 | 0.70 games/s | ETA: 897s
[gpu0] [2369/3000] samples: 118450 | chain(game/max/avg): 2/5/2.5 | reward(game/avg): 3850/3604 | 0.70 games/s | ETA: 895s
[gpu0] [2370/3000] samples: 118500 | chain(game/max/avg): 2/5/2.5 | reward(game/avg): 3080/3603 | 0.70 games/s | ETA: 894s
[gpu0] [2371/3000] samples: 118550 | chain(game/max/avg): 2/5/2.5 | reward(game/avg): 2940/3603 | 0.71 games/s | ETA: 892s
[gpu0] [2372/3000] samples: 118600 | chain(game/max/avg): 2/5/2.5 | reward(game/avg): 2280/3603 | 0.71 games/s | ETA: 890s
[gpu0] [2373/3000] samples: 118650 | chain(game/max/avg): 2/5/2.5 | reward(game/avg): 3400/3603 | 0.71 games/s | ETA: 888s
[gpu0] [2374/3000] samples: 118700 | chain(game/max/avg): 3/5/2.5 | reward(game/avg): 4540/3603 | 0.71 games/s | ETA: 887s
[gpu0] [2375/3000] samples: 118750 | chain(game/max/avg): 3/5/2.5 | reward(game/avg): 3680/3603 | 0.71 games/s | ETA: 885s
[gpu0] [2377/3000] samples: 118850 | chain(game/max/avg): 3/5/2.5 | reward(game/avg): 3140/3603 | 0.71 games/s | ETA: 881s
[gpu0] [2376/3000] samples: 118800 | chain(game/max/avg): 2/5/2.5 | reward(game/avg): 3840/3603 | 0.71 games/s | ETA: 883s
[gpu0] [2378/3000] samples: 118900 | chain(game/max/avg): 4/5/2.5 | reward(game/avg): 4840/3603 | 0.71 games/s | ETA: 879s
[gpu0] [2379/3000] samples: 118950 | chain(game/max/avg): 2/5/2.5 | reward(game/avg): 3840/3603 | 0.71 games/s | ETA: 878s
[gpu0] [2380/3000] samples: 119000 | chain(game/max/avg): 3/5/2.5 | reward(game/avg): 3440/3603 | 0.71 games/s | ETA: 876s
[gpu0] [2381/3000] samples: 119050 | chain(game/max/avg): 2/5/2.5 | reward(game/avg): 4170/3604 | 0.71 games/s | ETA: 874s
[gpu0] [2382/3000] samples: 119100 | chain(game/max/avg): 2/5/2.5 | reward(game/avg): 2360/3603 | 0.71 games/s | ETA: 872s
[gpu0] [2383/3000] samples: 119150 | chain(game/max/avg): 3/5/2.5 | reward(game/avg): 4480/3603 | 0.71 games/s | ETA: 870s
[gpu0] [2384/3000] samples: 119200 | chain(game/max/avg): 3/5/2.5 | reward(game/avg): 2840/3603 | 0.71 games/s | ETA: 869s
[gpu0] [2385/3000] samples: 119250 | chain(game/max/avg): 2/5/2.5 | reward(game/avg): 2780/3603 | 0.71 games/s | ETA: 867s
[gpu0] [2386/3000] samples: 119300 | chain(game/max/avg): 2/5/2.5 | reward(game/avg): 3060/3603 | 0.71 games/s | ETA: 865s
[gpu0] [2387/3000] samples: 119350 | chain(game/max/avg): 2/5/2.5 | reward(game/avg): 2760/3602 | 0.71 games/s | ETA: 863s
[gpu0] [2388/3000] samples: 119400 | chain(game/max/avg): 3/5/2.5 | reward(game/avg): 2940/3602 | 0.71 games/s | ETA: 862s
[gpu0] [2389/3000] samples: 119450 | chain(game/max/avg): 3/5/2.5 | reward(game/avg): 4600/3602 | 0.71 games/s | ETA: 860s
[gpu0] [2390/3000] samples: 119500 | chain(game/max/avg): 3/5/2.5 | reward(game/avg): 3660/3602 | 0.71 games/s | ETA: 858s
[gpu0] [2391/3000] samples: 119550 | chain(game/max/avg): 3/5/2.5 | reward(game/avg): 3400/3602 | 0.71 games/s | ETA: 856s
[gpu0] [2392/3000] samples: 119600 | chain(game/max/avg): 3/5/2.5 | reward(game/avg): 4960/3603 | 0.71 games/s | ETA: 855s
[gpu0] [2393/3000] samples: 119650 | chain(game/max/avg): 2/5/2.5 | reward(game/avg): 2420/3602 | 0.71 games/s | ETA: 853s
[gpu0] [2394/3000] samples: 119700 | chain(game/max/avg): 2/5/2.5 | reward(game/avg): 3040/3602 | 0.71 games/s | ETA: 851s
[gpu0] [2395/3000] samples: 119750 | chain(game/max/avg): 3/5/2.5 | reward(game/avg): 3380/3602 | 0.71 games/s | ETA: 849s
[gpu0] [2396/3000] samples: 119800 | chain(game/max/avg): 4/5/2.5 | reward(game/avg): 5900/3603 | 0.71 games/s | ETA: 847s
[gpu0] [2397/3000] samples: 119850 | chain(game/max/avg): 3/5/2.5 | reward(game/avg): 4440/3603 | 0.71 games/s | ETA: 846s
[gpu0] [2398/3000] samples: 119900 | chain(game/max/avg): 2/5/2.5 | reward(game/avg): 2980/3603 | 0.71 games/s | ETA: 844s
[gpu0] [2399/3000] samples: 119950 | chain(game/max/avg): 2/5/2.5 | reward(game/avg): 2820/3603 | 0.71 games/s | ETA: 842s
[gpu0] [2400/3000] samples: 120000 | chain(game/max/avg): 2/5/2.5 | reward(game/avg): 2860/3602 | 0.71 games/s | ETA: 840s
[gpu0] [2404/3000] samples: 120250 | chain(game/max/avg): 2/5/2.5 | reward(game/avg): 2660/3603 | 0.72 games/s | ETA: 833s
[gpu0] [2402/3000] samples: 120100 | chain(game/max/avg): 2/5/2.5 | reward(game/avg): 3160/3602 | 0.71 games/s | ETA: 837s
[gpu0] [2403/3000] samples: 120250 | chain(game/max/avg): 3/5/2.5 | reward(game/avg): 4730/3605 | 0.71 games/s | ETA: 835s
[gpu0] [2407/3000] samples: 120400 | chain(game/max/avg): 3/5/2.5 | reward(game/avg): 4550/3603 | 0.72 games/s | ETA: 828s
[gpu0] [2406/3000] samples: 120400 | chain(game/max/avg): 3/5/2.5 | reward(game/avg): 3200/3605 | 0.72 games/s | ETA: 830s
[gpu0] [2408/3000] samples: 120400 | chain(game/max/avg): 3/5/2.5 | reward(game/avg): 3260/3602 | 0.72 games/s | ETA: 827s
[gpu0] [2405/3000] samples: 120250 | chain(game/max/avg): 2/5/2.5 | reward(game/avg): 2800/3602 | 0.72 games/s | ETA: 832s
[gpu0] [2401/3000] samples: 120050 | chain(game/max/avg): 2/5/2.5 | reward(game/avg): 2310/3602 | 0.71 games/s | ETA: 839s
[gpu0] [2409/3000] samples: 120450 | chain(game/max/avg): 3/5/2.5 | reward(game/avg): 3320/3601 | 0.72 games/s | ETA: 825s
[gpu0] [2410/3000] samples: 120500 | chain(game/max/avg): 3/5/2.5 | reward(game/avg): 2800/3601 | 0.72 games/s | ETA: 823s
[gpu0] [2411/3000] samples: 120550 | chain(game/max/avg): 2/5/2.5 | reward(game/avg): 2740/3601 | 0.72 games/s | ETA: 821s
[gpu0] [2412/3000] samples: 120600 | chain(game/max/avg): 2/5/2.5 | reward(game/avg): 4070/3601 | 0.72 games/s | ETA: 820s
[gpu0] [2413/3000] samples: 120650 | chain(game/max/avg): 2/5/2.5 | reward(game/avg): 2920/3601 | 0.72 games/s | ETA: 818s
[gpu0] [2414/3000] samples: 120700 | chain(game/max/avg): 2/5/2.5 | reward(game/avg): 3660/3601 | 0.72 games/s | ETA: 816s
[gpu0] [2415/3000] samples: 120750 | chain(game/max/avg): 2/5/2.5 | reward(game/avg): 2880/3600 | 0.72 games/s | ETA: 814s
[gpu0] [2416/3000] samples: 120800 | chain(game/max/avg): 3/5/2.5 | reward(game/avg): 4080/3601 | 0.72 games/s | ETA: 813s
[gpu0] [2417/3000] samples: 120850 | chain(game/max/avg): 2/5/2.5 | reward(game/avg): 3920/3601 | 0.72 games/s | ETA: 811s
[gpu0] [2418/3000] samples: 120900 | chain(game/max/avg): 3/5/2.5 | reward(game/avg): 3780/3601 | 0.72 games/s | ETA: 809s
[gpu0] [2419/3000] samples: 120950 | chain(game/max/avg): 4/5/2.5 | reward(game/avg): 4720/3601 | 0.72 games/s | ETA: 807s
[gpu0] [2420/3000] samples: 121000 | chain(game/max/avg): 3/5/2.5 | reward(game/avg): 3240/3601 | 0.72 games/s | ETA: 806s
[gpu0] [2421/3000] samples: 121050 | chain(game/max/avg): 3/5/2.5 | reward(game/avg): 4020/3601 | 0.72 games/s | ETA: 804s
[gpu0] [2422/3000] samples: 121100 | chain(game/max/avg): 3/5/2.5 | reward(game/avg): 3680/3601 | 0.72 games/s | ETA: 802s
[gpu0] [2423/3000] samples: 121150 | chain(game/max/avg): 2/5/2.5 | reward(game/avg): 3160/3601 | 0.72 games/s | ETA: 801s
[gpu0] [2424/3000] samples: 121200 | chain(game/max/avg): 2/5/2.5 | reward(game/avg): 3340/3601 | 0.72 games/s | ETA: 799s
[gpu0] [2425/3000] samples: 121250 | chain(game/max/avg): 2/5/2.5 | reward(game/avg): 2560/3601 | 0.72 games/s | ETA: 797s
[gpu0] [2426/3000] samples: 121300 | chain(game/max/avg): 2/5/2.5 | reward(game/avg): 4510/3601 | 0.72 games/s | ETA: 795s
[gpu0] [2427/3000] samples: 121350 | chain(game/max/avg): 3/5/2.5 | reward(game/avg): 3600/3601 | 0.72 games/s | ETA: 794s
[gpu0] [2428/3000] samples: 121400 | chain(game/max/avg): 3/5/2.5 | reward(game/avg): 4930/3602 | 0.72 games/s | ETA: 792s
[gpu0] [2429/3000] samples: 121450 | chain(game/max/avg): 2/5/2.5 | reward(game/avg): 2800/3601 | 0.72 games/s | ETA: 790s
[gpu0] [2430/3000] samples: 121500 | chain(game/max/avg): 3/5/2.5 | reward(game/avg): 4240/3601 | 0.72 games/s | ETA: 789s
[gpu0] [2431/3000] samples: 121550 | chain(game/max/avg): 3/5/2.5 | reward(game/avg): 3820/3602 | 0.72 games/s | ETA: 787s
[gpu0] [2432/3000] samples: 121600 | chain(game/max/avg): 2/5/2.5 | reward(game/avg): 2860/3601 | 0.72 games/s | ETA: 785s
[gpu0] [2435/3000] samples: 121750 | chain(game/max/avg): 2/5/2.5 | reward(game/avg): 3460/3602 | 0.72 games/s | ETA: 780s
[gpu0] [2433/3000] samples: 121650 | chain(game/max/avg): 2/5/2.5 | reward(game/avg): 4270/3602 | 0.72 games/s | ETA: 783s
[gpu0] [2436/3000] samples: 121850 | chain(game/max/avg): 2/5/2.5 | reward(game/avg): 3320/3604 | 0.72 games/s | ETA: 778s
[gpu0] [2437/3000] samples: 121850 | chain(game/max/avg): 2/5/2.5 | reward(game/avg): 4290/3602 | 0.72 games/s | ETA: 777s
[gpu0] [2434/3000] samples: 121700 | chain(game/max/avg): 3/5/2.5 | reward(game/avg): 4690/3602 | 0.72 games/s | ETA: 782s
[gpu0] [2438/3000] samples: 121900 | chain(game/max/avg): 3/5/2.5 | reward(game/avg): 4060/3602 | 0.73 games/s | ETA: 775s
[gpu0] [2439/3000] samples: 121950 | chain(game/max/avg): 3/5/2.5 | reward(game/avg): 3920/3602 | 0.73 games/s | ETA: 773s
[gpu0] [2440/3000] samples: 122000 | chain(game/max/avg): 3/5/2.5 | reward(game/avg): 4080/3603 | 0.73 games/s | ETA: 772s
[gpu0] [2441/3000] samples: 122050 | chain(game/max/avg): 2/5/2.5 | reward(game/avg): 3190/3602 | 0.73 games/s | ETA: 770s
[gpu0] [2442/3000] samples: 122100 | chain(game/max/avg): 2/5/2.5 | reward(game/avg): 3860/3603 | 0.73 games/s | ETA: 768s
[gpu0] [2443/3000] samples: 122150 | chain(game/max/avg): 2/5/2.5 | reward(game/avg): 3000/3602 | 0.73 games/s | ETA: 767s
[gpu0] [2444/3000] samples: 122200 | chain(game/max/avg): 2/5/2.5 | reward(game/avg): 3390/3602 | 0.73 games/s | ETA: 765s
[gpu0] [2445/3000] samples: 122250 | chain(game/max/avg): 3/5/2.5 | reward(game/avg): 3800/3602 | 0.73 games/s | ETA: 763s
[gpu0] [2446/3000] samples: 122300 | chain(game/max/avg): 2/5/2.5 | reward(game/avg): 2980/3602 | 0.73 games/s | ETA: 761s
[gpu0] [2447/3000] samples: 122350 | chain(game/max/avg): 2/5/2.5 | reward(game/avg): 2560/3602 | 0.73 games/s | ETA: 760s
[gpu0] [2448/3000] samples: 122400 | chain(game/max/avg): 2/5/2.5 | reward(game/avg): 3330/3602 | 0.73 games/s | ETA: 758s
[gpu0] [2449/3000] samples: 122450 | chain(game/max/avg): 2/5/2.5 | reward(game/avg): 3950/3602 | 0.73 games/s | ETA: 756s
[gpu0] [2450/3000] samples: 122500 | chain(game/max/avg): 2/5/2.5 | reward(game/avg): 3020/3601 | 0.73 games/s | ETA: 755s
[gpu0] [2451/3000] samples: 122550 | chain(game/max/avg): 2/5/2.5 | reward(game/avg): 3130/3601 | 0.73 games/s | ETA: 753s
[gpu0] [2452/3000] samples: 122600 | chain(game/max/avg): 2/5/2.5 | reward(game/avg): 3000/3601 | 0.73 games/s | ETA: 751s
[gpu0] [2453/3000] samples: 122650 | chain(game/max/avg): 2/5/2.5 | reward(game/avg): 3120/3601 | 0.73 games/s | ETA: 750s
[gpu0] [2454/3000] samples: 122700 | chain(game/max/avg): 2/5/2.5 | reward(game/avg): 2280/3600 | 0.73 games/s | ETA: 748s
[gpu0] [2455/3000] samples: 122750 | chain(game/max/avg): 2/5/2.5 | reward(game/avg): 3600/3600 | 0.73 games/s | ETA: 746s
[gpu0] [2456/3000] samples: 122800 | chain(game/max/avg): 2/5/2.5 | reward(game/avg): 2940/3600 | 0.73 games/s | ETA: 745s
[gpu0] [2457/3000] samples: 122850 | chain(game/max/avg): 3/5/2.5 | reward(game/avg): 4340/3600 | 0.73 games/s | ETA: 743s
[gpu0] [2458/3000] samples: 122900 | chain(game/max/avg): 3/5/2.5 | reward(game/avg): 3860/3600 | 0.73 games/s | ETA: 741s
[gpu0] [2459/3000] samples: 122950 | chain(game/max/avg): 3/5/2.5 | reward(game/avg): 4380/3601 | 0.73 games/s | ETA: 740s
[gpu0] [2460/3000] samples: 123000 | chain(game/max/avg): 2/5/2.5 | reward(game/avg): 2950/3600 | 0.73 games/s | ETA: 738s
[gpu0] [2461/3000] samples: 123050 | chain(game/max/avg): 2/5/2.5 | reward(game/avg): 4380/3601 | 0.73 games/s | ETA: 736s
[gpu0] [2462/3000] samples: 123100 | chain(game/max/avg): 2/5/2.5 | reward(game/avg): 3640/3601 | 0.73 games/s | ETA: 735s
[gpu0] [2463/3000] samples: 123150 | chain(game/max/avg): 2/5/2.5 | reward(game/avg): 2360/3600 | 0.73 games/s | ETA: 733s
[gpu0] [2464/3000] samples: 123200 | chain(game/max/avg): 2/5/2.5 | reward(game/avg): 2500/3600 | 0.73 games/s | ETA: 731s
[gpu0] [2465/3000] samples: 123250 | chain(game/max/avg): 2/5/2.5 | reward(game/avg): 3040/3600 | 0.73 games/s | ETA: 730s
[gpu0] [2466/3000] samples: 123300 | chain(game/max/avg): 2/5/2.5 | reward(game/avg): 3060/3599 | 0.73 games/s | ETA: 728s
[gpu0] [2467/3000] samples: 123350 | chain(game/max/avg): 2/5/2.5 | reward(game/avg): 2500/3599 | 0.73 games/s | ETA: 726s
[gpu0] [2468/3000] samples: 123400 | chain(game/max/avg): 2/5/2.5 | reward(game/avg): 2440/3598 | 0.73 games/s | ETA: 725s
[gpu0] [2469/3000] samples: 123450 | chain(game/max/avg): 2/5/2.5 | reward(game/avg): 2160/3598 | 0.73 games/s | ETA: 723s
[gpu0] [2470/3000] samples: 123500 | chain(game/max/avg): 3/5/2.5 | reward(game/avg): 3510/3598 | 0.73 games/s | ETA: 721s
[gpu0] [2471/3000] samples: 123550 | chain(game/max/avg): 3/5/2.5 | reward(game/avg): 3960/3598 | 0.73 games/s | ETA: 720s
[gpu0] [2472/3000] samples: 123600 | chain(game/max/avg): 3/5/2.5 | reward(game/avg): 3920/3598 | 0.74 games/s | ETA: 718s
[gpu0] [2473/3000] samples: 123650 | chain(game/max/avg): 2/5/2.5 | reward(game/avg): 3280/3598 | 0.74 games/s | ETA: 716s
[gpu0] [2474/3000] samples: 123700 | chain(game/max/avg): 3/5/2.5 | reward(game/avg): 4420/3598 | 0.74 games/s | ETA: 715s
[gpu0] [2475/3000] samples: 123750 | chain(game/max/avg): 2/5/2.5 | reward(game/avg): 3120/3598 | 0.74 games/s | ETA: 713s
[gpu0] [2476/3000] samples: 123800 | chain(game/max/avg): 2/5/2.5 | reward(game/avg): 3900/3598 | 0.74 games/s | ETA: 712s
[gpu0] [2478/3000] samples: 123900 | chain(game/max/avg): 2/5/2.5 | reward(game/avg): 3240/3598 | 0.74 games/s | ETA: 708s
[gpu0] [2477/3000] samples: 123850 | chain(game/max/avg): 2/5/2.5 | reward(game/avg): 2440/3598 | 0.74 games/s | ETA: 710s
[gpu0] [2479/3000] samples: 123950 | chain(game/max/avg): 2/5/2.5 | reward(game/avg): 3100/3597 | 0.74 games/s | ETA: 707s
[gpu0] [2481/3000] samples: 124050 | chain(game/max/avg): 3/5/2.5 | reward(game/avg): 2980/3597 | 0.74 games/s | ETA: 703s
[gpu0] [2483/3000] samples: 124150 | chain(game/max/avg): 2/5/2.5 | reward(game/avg): 3610/3597 | 0.74 games/s | ETA: 700s
[gpu0] [2482/3000] samples: 124100 | chain(game/max/avg): 3/5/2.5 | reward(game/avg): 4350/3597 | 0.74 games/s | ETA: 702s
[gpu0] [2485/3000] samples: 124250 | chain(game/max/avg): 2/5/2.5 | reward(game/avg): 3220/3597 | 0.74 games/s | ETA: 697s
[gpu0] [2480/3000] samples: 124000 | chain(game/max/avg): 2/5/2.5 | reward(game/avg): 3150/3597 | 0.74 games/s | ETA: 705s
[gpu0] [2484/3000] samples: 124200 | chain(game/max/avg): 3/5/2.5 | reward(game/avg): 2820/3597 | 0.74 games/s | ETA: 698s
[gpu0] [2486/3000] samples: 124300 | chain(game/max/avg): 3/5/2.5 | reward(game/avg): 3160/3597 | 0.74 games/s | ETA: 695s
[gpu0] [2487/3000] samples: 124350 | chain(game/max/avg): 2/5/2.5 | reward(game/avg): 2720/3596 | 0.74 games/s | ETA: 693s
[gpu0] [2488/3000] samples: 124400 | chain(game/max/avg): 3/5/2.5 | reward(game/avg): 4080/3597 | 0.74 games/s | ETA: 692s
[gpu0] [2489/3000] samples: 124450 | chain(game/max/avg): 2/5/2.5 | reward(game/avg): 3580/3597 | 0.74 games/s | ETA: 690s
[gpu0] [2490/3000] samples: 124500 | chain(game/max/avg): 3/5/2.5 | reward(game/avg): 6620/3598 | 0.74 games/s | ETA: 689s
[gpu0] [2491/3000] samples: 124600 | chain(game/max/avg): 2/5/2.5 | reward(game/avg): 2320/3599 | 0.74 games/s | ETA: 687s
[gpu0] [2492/3000] samples: 124600 | chain(game/max/avg): 2/5/2.5 | reward(game/avg): 3460/3597 | 0.74 games/s | ETA: 685s
[gpu0] [2493/3000] samples: 124650 | chain(game/max/avg): 3/5/2.5 | reward(game/avg): 3340/3597 | 0.74 games/s | ETA: 684s
[gpu0] [2494/3000] samples: 124700 | chain(game/max/avg): 3/5/2.5 | reward(game/avg): 2860/3597 | 0.74 games/s | ETA: 682s
[gpu0] [2495/3000] samples: 124750 | chain(game/max/avg): 3/5/2.5 | reward(game/avg): 4340/3597 | 0.74 games/s | ETA: 681s
[gpu0] [2496/3000] samples: 124800 | chain(game/max/avg): 2/5/2.5 | reward(game/avg): 3730/3597 | 0.74 games/s | ETA: 679s
[gpu0] [2497/3000] samples: 124850 | chain(game/max/avg): 2/5/2.5 | reward(game/avg): 2540/3597 | 0.74 games/s | ETA: 677s
[gpu0] [2498/3000] samples: 124900 | chain(game/max/avg): 2/5/2.5 | reward(game/avg): 3260/3597 | 0.74 games/s | ETA: 676s
[gpu0] [2499/3000] samples: 124950 | chain(game/max/avg): 3/5/2.5 | reward(game/avg): 4020/3597 | 0.74 games/s | ETA: 674s
[gpu0] [2500/3000] samples: 125000 | chain(game/max/avg): 2/5/2.5 | reward(game/avg): 3160/3597 | 0.74 games/s | ETA: 673s
[gpu0] [2501/3000] samples: 125050 | chain(game/max/avg): 2/5/2.5 | reward(game/avg): 2580/3596 | 0.74 games/s | ETA: 671s
[gpu0] [2502/3000] samples: 125100 | chain(game/max/avg): 2/5/2.5 | reward(game/avg): 2680/3596 | 0.74 games/s | ETA: 669s
[gpu0] [2503/3000] samples: 125150 | chain(game/max/avg): 3/5/2.5 | reward(game/avg): 3500/3596 | 0.74 games/s | ETA: 668s
[gpu0] [2504/3000] samples: 125200 | chain(game/max/avg): 3/5/2.5 | reward(game/avg): 4440/3596 | 0.74 games/s | ETA: 666s
[gpu0] [2505/3000] samples: 125250 | chain(game/max/avg): 2/5/2.5 | reward(game/avg): 3040/3596 | 0.74 games/s | ETA: 664s
[gpu0] [2506/3000] samples: 125300 | chain(game/max/avg): 3/5/2.5 | reward(game/avg): 3600/3596 | 0.75 games/s | ETA: 663s
[gpu0] [2507/3000] samples: 125350 | chain(game/max/avg): 3/5/2.5 | reward(game/avg): 3320/3596 | 0.75 games/s | ETA: 661s
[gpu0] [2508/3000] samples: 125400 | chain(game/max/avg): 3/5/2.5 | reward(game/avg): 4560/3596 | 0.75 games/s | ETA: 660s
[gpu0] [2509/3000] samples: 125450 | chain(game/max/avg): 3/5/2.5 | reward(game/avg): 3300/3596 | 0.75 games/s | ETA: 658s
[gpu0] [2510/3000] samples: 125500 | chain(game/max/avg): 3/5/2.5 | reward(game/avg): 4140/3596 | 0.75 games/s | ETA: 656s
[gpu0] [2511/3000] samples: 125550 | chain(game/max/avg): 3/5/2.5 | reward(game/avg): 3900/3596 | 0.75 games/s | ETA: 655s
[gpu0] [2512/3000] samples: 125600 | chain(game/max/avg): 2/5/2.5 | reward(game/avg): 2760/3596 | 0.75 games/s | ETA: 653s
[gpu0] [2513/3000] samples: 125650 | chain(game/max/avg): 4/5/2.5 | reward(game/avg): 4580/3596 | 0.75 games/s | ETA: 652s
[gpu0] [2514/3000] samples: 125700 | chain(game/max/avg): 3/5/2.5 | reward(game/avg): 4280/3597 | 0.75 games/s | ETA: 650s
[gpu0] [2515/3000] samples: 125750 | chain(game/max/avg): 3/5/2.5 | reward(game/avg): 5220/3597 | 0.75 games/s | ETA: 648s
[gpu0] [2516/3000] samples: 125800 | chain(game/max/avg): 2/5/2.5 | reward(game/avg): 3540/3597 | 0.75 games/s | ETA: 647s
[gpu0] [2517/3000] samples: 125850 | chain(game/max/avg): 3/5/2.5 | reward(game/avg): 3800/3597 | 0.75 games/s | ETA: 645s
[gpu0] [2518/3000] samples: 125900 | chain(game/max/avg): 2/5/2.5 | reward(game/avg): 2560/3597 | 0.75 games/s | ETA: 644s
[gpu0] [2519/3000] samples: 125950 | chain(game/max/avg): 2/5/2.5 | reward(game/avg): 2180/3596 | 0.75 games/s | ETA: 642s
[gpu0] [2520/3000] samples: 126000 | chain(game/max/avg): 3/5/2.5 | reward(game/avg): 4120/3597 | 0.75 games/s | ETA: 641s
[gpu0] [2521/3000] samples: 126050 | chain(game/max/avg): 2/5/2.5 | reward(game/avg): 3300/3596 | 0.75 games/s | ETA: 639s
[gpu0] [2522/3000] samples: 126100 | chain(game/max/avg): 2/5/2.5 | reward(game/avg): 2860/3596 | 0.75 games/s | ETA: 637s
[gpu0] [2526/3000] samples: 126300 | chain(game/max/avg): 2/5/2.5 | reward(game/avg): 2620/3595 | 0.75 games/s | ETA: 631s
[gpu0] [2523/3000] samples: 126150 | chain(game/max/avg): 2/5/2.5 | reward(game/avg): 2920/3596 | 0.75 games/s | ETA: 636s
[gpu0] [2524/3000] samples: 126200 | chain(game/max/avg): 2/5/2.5 | reward(game/avg): 2900/3596 | 0.75 games/s | ETA: 634s
[gpu0] [2525/3000] samples: 126250 | chain(game/max/avg): 2/5/2.5 | reward(game/avg): 3040/3595 | 0.75 games/s | ETA: 633s
[gpu0] [2527/3000] samples: 126350 | chain(game/max/avg): 2/5/2.5 | reward(game/avg): 1700/3594 | 0.75 games/s | ETA: 629s
[gpu0] [2528/3000] samples: 126400 | chain(game/max/avg): 3/5/2.5 | reward(game/avg): 5000/3595 | 0.75 games/s | ETA: 628s
[gpu0] [2529/3000] samples: 126450 | chain(game/max/avg): 2/5/2.5 | reward(game/avg): 2360/3594 | 0.75 games/s | ETA: 626s
[gpu0] [2530/3000] samples: 126500 | chain(game/max/avg): 2/5/2.5 | reward(game/avg): 3240/3594 | 0.75 games/s | ETA: 625s
[gpu0] [2531/3000] samples: 126550 | chain(game/max/avg): 2/5/2.5 | reward(game/avg): 2880/3594 | 0.75 games/s | ETA: 623s
[gpu0] [2532/3000] samples: 126600 | chain(game/max/avg): 3/5/2.5 | reward(game/avg): 6040/3595 | 0.75 games/s | ETA: 622s
[gpu0] [2533/3000] samples: 126650 | chain(game/max/avg): 3/5/2.5 | reward(game/avg): 4940/3595 | 0.75 games/s | ETA: 620s
[gpu0] [2534/3000] samples: 126700 | chain(game/max/avg): 4/5/2.5 | reward(game/avg): 7220/3597 | 0.75 games/s | ETA: 618s
[gpu0] [2535/3000] samples: 126750 | chain(game/max/avg): 3/5/2.5 | reward(game/avg): 4570/3597 | 0.75 games/s | ETA: 617s
[gpu0] [2536/3000] samples: 126800 | chain(game/max/avg): 2/5/2.5 | reward(game/avg): 3480/3597 | 0.75 games/s | ETA: 615s
[gpu0] [2537/3000] samples: 126850 | chain(game/max/avg): 3/5/2.5 | reward(game/avg): 4520/3598 | 0.75 games/s | ETA: 614s
[gpu0] [2538/3000] samples: 126900 | chain(game/max/avg): 3/5/2.5 | reward(game/avg): 3300/3597 | 0.75 games/s | ETA: 612s
[gpu0] [2539/3000] samples: 126950 | chain(game/max/avg): 2/5/2.5 | reward(game/avg): 3040/3597 | 0.76 games/s | ETA: 611s
[gpu0] [2540/3000] samples: 127000 | chain(game/max/avg): 3/5/2.5 | reward(game/avg): 3950/3597 | 0.76 games/s | ETA: 609s
[gpu0] [2544/3000] samples: 127200 | chain(game/max/avg): 2/5/2.5 | reward(game/avg): 3020/3597 | 0.76 games/s | ETA: 603s
[gpu0] [2541/3000] samples: 127050 | chain(game/max/avg): 3/5/2.5 | reward(game/avg): 3640/3597 | 0.76 games/s | ETA: 607s
[gpu0] [2542/3000] samples: 127100 | chain(game/max/avg): 2/5/2.5 | reward(game/avg): 2960/3597 | 0.76 games/s | ETA: 606s
[gpu0] [2543/3000] samples: 127150 | chain(game/max/avg): 3/5/2.5 | reward(game/avg): 5070/3598 | 0.76 games/s | ETA: 604s
[gpu0] [2545/3000] samples: 127250 | chain(game/max/avg): 2/5/2.5 | reward(game/avg): 2440/3597 | 0.76 games/s | ETA: 601s
[gpu0] [2546/3000] samples: 127300 | chain(game/max/avg): 3/5/2.5 | reward(game/avg): 3790/3597 | 0.76 games/s | ETA: 600s
[gpu0] [2547/3000] samples: 127350 | chain(game/max/avg): 3/5/2.5 | reward(game/avg): 3750/3597 | 0.76 games/s | ETA: 598s
[gpu0] [2548/3000] samples: 127400 | chain(game/max/avg): 2/5/2.5 | reward(game/avg): 2380/3597 | 0.76 games/s | ETA: 597s
[gpu0] [2550/3000] samples: 127500 | chain(game/max/avg): 3/5/2.5 | reward(game/avg): 3860/3596 | 0.76 games/s | ETA: 593s
[gpu0] [2549/3000] samples: 127450 | chain(game/max/avg): 2/5/2.5 | reward(game/avg): 2300/3596 | 0.76 games/s | ETA: 595s
[gpu0] [2551/3000] samples: 127550 | chain(game/max/avg): 3/5/2.5 | reward(game/avg): 4960/3597 | 0.76 games/s | ETA: 592s
[gpu0] [2552/3000] samples: 127600 | chain(game/max/avg): 2/5/2.5 | reward(game/avg): 2940/3597 | 0.76 games/s | ETA: 590s
[gpu0] [2553/3000] samples: 127650 | chain(game/max/avg): 3/5/2.5 | reward(game/avg): 4040/3597 | 0.76 games/s | ETA: 589s
[gpu0] [2554/3000] samples: 127700 | chain(game/max/avg): 2/5/2.5 | reward(game/avg): 2640/3596 | 0.76 games/s | ETA: 587s
[gpu0] [2555/3000] samples: 127750 | chain(game/max/avg): 3/5/2.5 | reward(game/avg): 4280/3597 | 0.76 games/s | ETA: 586s
[gpu0] [2556/3000] samples: 127800 | chain(game/max/avg): 2/5/2.5 | reward(game/avg): 3500/3597 | 0.76 games/s | ETA: 584s
[gpu0] [2557/3000] samples: 127850 | chain(game/max/avg): 3/5/2.5 | reward(game/avg): 4240/3597 | 0.76 games/s | ETA: 583s
[gpu0] [2558/3000] samples: 127900 | chain(game/max/avg): 4/5/2.5 | reward(game/avg): 4360/3597 | 0.76 games/s | ETA: 581s
[gpu0] [2559/3000] samples: 127950 | chain(game/max/avg): 2/5/2.5 | reward(game/avg): 2560/3597 | 0.76 games/s | ETA: 580s
[gpu0] [2560/3000] samples: 128000 | chain(game/max/avg): 2/5/2.5 | reward(game/avg): 3320/3597 | 0.76 games/s | ETA: 578s
[gpu0] [2562/3000] samples: 128100 | chain(game/max/avg): 3/5/2.5 | reward(game/avg): 4260/3598 | 0.76 games/s | ETA: 575s
[gpu0] [2561/3000] samples: 128050 | chain(game/max/avg): 3/5/2.5 | reward(game/avg): 5280/3597 | 0.76 games/s | ETA: 576s
[gpu0] [2563/3000] samples: 128150 | chain(game/max/avg): 2/5/2.5 | reward(game/avg): 2600/3597 | 0.76 games/s | ETA: 573s
[gpu0] [2564/3000] samples: 128200 | chain(game/max/avg): 2/5/2.5 | reward(game/avg): 3060/3597 | 0.76 games/s | ETA: 572s
[gpu0] [2565/3000] samples: 128250 | chain(game/max/avg): 2/5/2.5 | reward(game/avg): 4580/3597 | 0.76 games/s | ETA: 570s
[gpu0] [2566/3000] samples: 128300 | chain(game/max/avg): 3/5/2.5 | reward(game/avg): 4620/3598 | 0.76 games/s | ETA: 569s
[gpu0] [2567/3000] samples: 128350 | chain(game/max/avg): 3/5/2.5 | reward(game/avg): 4540/3598 | 0.76 games/s | ETA: 567s
[gpu0] [2568/3000] samples: 128400 | chain(game/max/avg): 3/5/2.5 | reward(game/avg): 4400/3598 | 0.76 games/s | ETA: 566s
[gpu0] [2569/3000] samples: 128450 | chain(game/max/avg): 2/5/2.5 | reward(game/avg): 2640/3598 | 0.76 games/s | ETA: 564s
[gpu0] [2570/3000] samples: 128500 | chain(game/max/avg): 3/5/2.5 | reward(game/avg): 4340/3598 | 0.76 games/s | ETA: 563s
[gpu0] [2571/3000] samples: 128550 | chain(game/max/avg): 3/5/2.5 | reward(game/avg): 3980/3598 | 0.76 games/s | ETA: 561s
[gpu0] [2572/3000] samples: 128600 | chain(game/max/avg): 2/5/2.5 | reward(game/avg): 2200/3598 | 0.76 games/s | ETA: 560s
[gpu0] [2573/3000] samples: 128650 | chain(game/max/avg): 2/5/2.5 | reward(game/avg): 4080/3598 | 0.77 games/s | ETA: 558s
[gpu0] [2574/3000] samples: 128700 | chain(game/max/avg): 2/5/2.5 | reward(game/avg): 4040/3598 | 0.77 games/s | ETA: 557s
[gpu0] [2575/3000] samples: 128750 | chain(game/max/avg): 3/5/2.5 | reward(game/avg): 4520/3599 | 0.77 games/s | ETA: 555s
[gpu0] [2576/3000] samples: 128800 | chain(game/max/avg): 2/5/2.5 | reward(game/avg): 3240/3599 | 0.77 games/s | ETA: 553s
[gpu0] [2577/3000] samples: 128900 | chain(game/max/avg): 2/5/2.5 | reward(game/avg): 3260/3600 | 0.77 games/s | ETA: 552s
[gpu0] [2578/3000] samples: 128900 | chain(game/max/avg): 2/5/2.5 | reward(game/avg): 3120/3598 | 0.77 games/s | ETA: 550s
[gpu0] [2579/3000] samples: 128950 | chain(game/max/avg): 2/5/2.5 | reward(game/avg): 2620/3598 | 0.77 games/s | ETA: 549s
[gpu0] [2580/3000] samples: 129000 | chain(game/max/avg): 2/5/2.5 | reward(game/avg): 3820/3598 | 0.77 games/s | ETA: 547s
[gpu0] [2581/3000] samples: 129050 | chain(game/max/avg): 3/5/2.5 | reward(game/avg): 3660/3598 | 0.77 games/s | ETA: 546s
[gpu0] [2582/3000] samples: 129100 | chain(game/max/avg): 3/5/2.5 | reward(game/avg): 2300/3597 | 0.77 games/s | ETA: 544s
[gpu0] [2583/3000] samples: 129150 | chain(game/max/avg): 3/5/2.5 | reward(game/avg): 4800/3598 | 0.77 games/s | ETA: 543s
[gpu0] [2586/3000] samples: 129300 | chain(game/max/avg): 3/5/2.5 | reward(game/avg): 6180/3599 | 0.77 games/s | ETA: 538s
[gpu0] [2585/3000] samples: 129250 | chain(game/max/avg): 2/5/2.5 | reward(game/avg): 3240/3598 | 0.77 games/s | ETA: 540s
[gpu0] [2584/3000] samples: 129200 | chain(game/max/avg): 3/5/2.5 | reward(game/avg): 3480/3598 | 0.77 games/s | ETA: 541s
[gpu0] [2587/3000] samples: 129350 | chain(game/max/avg): 3/5/2.5 | reward(game/avg): 4460/3599 | 0.77 games/s | ETA: 537s
[gpu0] [2588/3000] samples: 129400 | chain(game/max/avg): 3/5/2.5 | reward(game/avg): 3940/3599 | 0.77 games/s | ETA: 535s
[gpu0] [2589/3000] samples: 129450 | chain(game/max/avg): 3/5/2.5 | reward(game/avg): 3830/3599 | 0.77 games/s | ETA: 534s
[gpu0] [2590/3000] samples: 129500 | chain(game/max/avg): 2/5/2.5 | reward(game/avg): 3660/3599 | 0.77 games/s | ETA: 532s
[gpu0] [2591/3000] samples: 129550 | chain(game/max/avg): 2/5/2.5 | reward(game/avg): 2540/3599 | 0.77 games/s | ETA: 531s
[gpu0] [2592/3000] samples: 129600 | chain(game/max/avg): 3/5/2.5 | reward(game/avg): 4980/3599 | 0.77 games/s | ETA: 529s
[gpu0] [2593/3000] samples: 129650 | chain(game/max/avg): 3/5/2.5 | reward(game/avg): 3540/3599 | 0.77 games/s | ETA: 528s
[gpu0] [2594/3000] samples: 129700 | chain(game/max/avg): 4/5/2.5 | reward(game/avg): 5260/3600 | 0.77 games/s | ETA: 526s
[gpu0] [2595/3000] samples: 129750 | chain(game/max/avg): 4/5/2.5 | reward(game/avg): 7240/3601 | 0.77 games/s | ETA: 525s
[gpu0] [2597/3000] samples: 129850 | chain(game/max/avg): 3/5/2.5 | reward(game/avg): 3720/3602 | 0.77 games/s | ETA: 522s
[gpu0] [2596/3000] samples: 129800 | chain(game/max/avg): 4/5/2.5 | reward(game/avg): 4640/3602 | 0.77 games/s | ETA: 523s
[gpu0] [2598/3000] samples: 129900 | chain(game/max/avg): 3/5/2.5 | reward(game/avg): 3520/3602 | 0.77 games/s | ETA: 520s
[gpu0] [2599/3000] samples: 130000 | chain(game/max/avg): 3/5/2.5 | reward(game/avg): 5160/3604 | 0.77 games/s | ETA: 519s
[gpu0] [2600/3000] samples: 130000 | chain(game/max/avg): 3/5/2.5 | reward(game/avg): 2780/3602 | 0.77 games/s | ETA: 517s
[gpu0] [2601/3000] samples: 130050 | chain(game/max/avg): 2/5/2.5 | reward(game/avg): 2480/3602 | 0.77 games/s | ETA: 516s
[gpu0] [2602/3000] samples: 130100 | chain(game/max/avg): 3/5/2.5 | reward(game/avg): 4080/3602 | 0.77 games/s | ETA: 514s
[gpu0] [2603/3000] samples: 130150 | chain(game/max/avg): 2/5/2.5 | reward(game/avg): 3860/3602 | 0.77 games/s | ETA: 513s
[gpu0] [2604/3000] samples: 130200 | chain(game/max/avg): 2/5/2.5 | reward(game/avg): 3100/3602 | 0.77 games/s | ETA: 511s
[gpu0] [2605/3000] samples: 130250 | chain(game/max/avg): 2/5/2.5 | reward(game/avg): 3400/3602 | 0.77 games/s | ETA: 510s
[gpu0] [2606/3000] samples: 130300 | chain(game/max/avg): 2/5/2.5 | reward(game/avg): 3960/3602 | 0.77 games/s | ETA: 508s
[gpu0] [2607/3000] samples: 130350 | chain(game/max/avg): 3/5/2.5 | reward(game/avg): 3040/3602 | 0.78 games/s | ETA: 507s
[gpu0] [2608/3000] samples: 130400 | chain(game/max/avg): 2/5/2.5 | reward(game/avg): 3460/3602 | 0.78 games/s | ETA: 505s
[gpu0] [2609/3000] samples: 130450 | chain(game/max/avg): 4/5/2.5 | reward(game/avg): 4300/3602 | 0.78 games/s | ETA: 504s
[gpu0] [2610/3000] samples: 130500 | chain(game/max/avg): 2/5/2.5 | reward(game/avg): 2640/3601 | 0.78 games/s | ETA: 502s
[gpu0] [2611/3000] samples: 130550 | chain(game/max/avg): 2/5/2.5 | reward(game/avg): 3690/3602 | 0.78 games/s | ETA: 501s
[gpu0] [2612/3000] samples: 130600 | chain(game/max/avg): 3/5/2.5 | reward(game/avg): 3040/3601 | 0.78 games/s | ETA: 500s
[gpu0] [2613/3000] samples: 130650 | chain(game/max/avg): 2/5/2.5 | reward(game/avg): 3300/3601 | 0.78 games/s | ETA: 498s
[gpu0] [2614/3000] samples: 130700 | chain(game/max/avg): 2/5/2.5 | reward(game/avg): 2900/3601 | 0.78 games/s | ETA: 497s
[gpu0] [2615/3000] samples: 130750 | chain(game/max/avg): 3/5/2.5 | reward(game/avg): 4510/3601 | 0.78 games/s | ETA: 495s
[gpu0] [2616/3000] samples: 130800 | chain(game/max/avg): 3/5/2.5 | reward(game/avg): 4870/3602 | 0.78 games/s | ETA: 494s
[gpu0] [2617/3000] samples: 130850 | chain(game/max/avg): 2/5/2.5 | reward(game/avg): 3620/3602 | 0.78 games/s | ETA: 492s
[gpu0] [2618/3000] samples: 130900 | chain(game/max/avg): 3/5/2.5 | reward(game/avg): 3700/3602 | 0.78 games/s | ETA: 491s
[gpu0] [2619/3000] samples: 130950 | chain(game/max/avg): 3/5/2.5 | reward(game/avg): 4470/3602 | 0.78 games/s | ETA: 489s
[gpu0] [2620/3000] samples: 131000 | chain(game/max/avg): 4/5/2.5 | reward(game/avg): 4540/3602 | 0.78 games/s | ETA: 488s
[gpu0] [2621/3000] samples: 131050 | chain(game/max/avg): 2/5/2.5 | reward(game/avg): 2560/3602 | 0.78 games/s | ETA: 486s
[gpu0] [2622/3000] samples: 131100 | chain(game/max/avg): 3/5/2.5 | reward(game/avg): 2580/3602 | 0.78 games/s | ETA: 485s
[gpu0] [2623/3000] samples: 131150 | chain(game/max/avg): 3/5/2.5 | reward(game/avg): 4080/3602 | 0.78 games/s | ETA: 483s
[gpu0] [2624/3000] samples: 131200 | chain(game/max/avg): 2/5/2.5 | reward(game/avg): 4320/3602 | 0.78 games/s | ETA: 482s
[gpu0] [2626/3000] samples: 131300 | chain(game/max/avg): 2/5/2.5 | reward(game/avg): 2940/3602 | 0.78 games/s | ETA: 479s
[gpu0] [2625/3000] samples: 131250 | chain(game/max/avg): 2/5/2.5 | reward(game/avg): 3220/3602 | 0.78 games/s | ETA: 480s
[gpu0] [2627/3000] samples: 131350 | chain(game/max/avg): 3/5/2.5 | reward(game/avg): 3320/3602 | 0.78 games/s | ETA: 477s
[gpu0] [2628/3000] samples: 131400 | chain(game/max/avg): 2/5/2.5 | reward(game/avg): 4630/3602 | 0.78 games/s | ETA: 476s
[gpu0] [2631/3000] samples: 131550 | chain(game/max/avg): 3/5/2.5 | reward(game/avg): 3760/3603 | 0.78 games/s | ETA: 472s
[gpu0] [2629/3000] samples: 131450 | chain(game/max/avg): 3/5/2.5 | reward(game/avg): 3660/3602 | 0.78 games/s | ETA: 475s
[gpu0] [2630/3000] samples: 131500 | chain(game/max/avg): 4/5/2.5 | reward(game/avg): 6440/3603 | 0.78 games/s | ETA: 473s
[gpu0] [2632/3000] samples: 131600 | chain(game/max/avg): 3/5/2.5 | reward(game/avg): 3400/3603 | 0.78 games/s | ETA: 470s
[gpu0] [2633/3000] samples: 131650 | chain(game/max/avg): 3/5/2.5 | reward(game/avg): 3500/3603 | 0.78 games/s | ETA: 469s
[gpu0] [2634/3000] samples: 131700 | chain(game/max/avg): 2/5/2.5 | reward(game/avg): 2460/3603 | 0.78 games/s | ETA: 467s
[gpu0] [2635/3000] samples: 131750 | chain(game/max/avg): 2/5/2.5 | reward(game/avg): 2620/3602 | 0.78 games/s | ETA: 466s
[gpu0] [2636/3000] samples: 131800 | chain(game/max/avg): 2/5/2.5 | reward(game/avg): 2730/3602 | 0.78 games/s | ETA: 464s
[gpu0] [2637/3000] samples: 131850 | chain(game/max/avg): 3/5/2.5 | reward(game/avg): 4900/3602 | 0.78 games/s | ETA: 463s
[gpu0] [2638/3000] samples: 131900 | chain(game/max/avg): 3/5/2.5 | reward(game/avg): 5340/3603 | 0.78 games/s | ETA: 461s
[gpu0] [2639/3000] samples: 131950 | chain(game/max/avg): 3/5/2.5 | reward(game/avg): 4420/3603 | 0.78 games/s | ETA: 460s
[gpu0] [2640/3000] samples: 132000 | chain(game/max/avg): 2/5/2.5 | reward(game/avg): 3000/3603 | 0.79 games/s | ETA: 459s
[gpu0] [2641/3000] samples: 132050 | chain(game/max/avg): 2/5/2.5 | reward(game/avg): 2900/3603 | 0.79 games/s | ETA: 457s
[gpu0] [2642/3000] samples: 132100 | chain(game/max/avg): 2/5/2.5 | reward(game/avg): 3740/3603 | 0.79 games/s | ETA: 456s
[gpu0] [2643/3000] samples: 132150 | chain(game/max/avg): 2/5/2.5 | reward(game/avg): 4170/3603 | 0.79 games/s | ETA: 454s
[gpu0] [2644/3000] samples: 132200 | chain(game/max/avg): 3/5/2.5 | reward(game/avg): 3040/3603 | 0.79 games/s | ETA: 453s
[gpu0] [2645/3000] samples: 132250 | chain(game/max/avg): 2/5/2.5 | reward(game/avg): 3970/3603 | 0.79 games/s | ETA: 451s
[gpu0] [2646/3000] samples: 132300 | chain(game/max/avg): 2/5/2.5 | reward(game/avg): 3360/3603 | 0.79 games/s | ETA: 450s
[gpu0] [2647/3000] samples: 132350 | chain(game/max/avg): 3/5/2.5 | reward(game/avg): 4040/3603 | 0.79 games/s | ETA: 448s
[gpu0] [2648/3000] samples: 132400 | chain(game/max/avg): 2/5/2.5 | reward(game/avg): 3400/3603 | 0.79 games/s | ETA: 447s
[gpu0] [2650/3000] samples: 132500 | chain(game/max/avg): 2/5/2.5 | reward(game/avg): 3260/3603 | 0.79 games/s | ETA: 444s
[gpu0] [2649/3000] samples: 132450 | chain(game/max/avg): 2/5/2.5 | reward(game/avg): 3040/3603 | 0.79 games/s | ETA: 446s
[gpu0] [2651/3000] samples: 132550 | chain(game/max/avg): 3/5/2.5 | reward(game/avg): 3580/3603 | 0.79 games/s | ETA: 443s
[gpu0] [2652/3000] samples: 132600 | chain(game/max/avg): 2/5/2.5 | reward(game/avg): 3180/3603 | 0.79 games/s | ETA: 441s
[gpu0] [2653/3000] samples: 132650 | chain(game/max/avg): 2/5/2.5 | reward(game/avg): 3350/3602 | 0.79 games/s | ETA: 440s
[gpu0] [2654/3000] samples: 132700 | chain(game/max/avg): 2/5/2.5 | reward(game/avg): 3640/3602 | 0.79 games/s | ETA: 438s
[gpu0] [2656/3000] samples: 132800 | chain(game/max/avg): 2/5/2.5 | reward(game/avg): 3040/3602 | 0.79 games/s | ETA: 436s
[gpu0] [2658/3000] samples: 132900 | chain(game/max/avg): 2/5/2.5 | reward(game/avg): 3020/3602 | 0.79 games/s | ETA: 433s
[gpu0] [2657/3000] samples: 132850 | chain(game/max/avg): 2/5/2.5 | reward(game/avg): 2980/3602 | 0.79 games/s | ETA: 434s
[gpu0] [2655/3000] samples: 132750 | chain(game/max/avg): 3/5/2.5 | reward(game/avg): 3480/3602 | 0.79 games/s | ETA: 437s
[gpu0] [2659/3000] samples: 132950 | chain(game/max/avg): 3/5/2.5 | reward(game/avg): 3620/3602 | 0.79 games/s | ETA: 431s
[gpu0] [2661/3000] samples: 133050 | chain(game/max/avg): 2/5/2.5 | reward(game/avg): 3720/3602 | 0.79 games/s | ETA: 428s
[gpu0] [2660/3000] samples: 133000 | chain(game/max/avg): 2/5/2.5 | reward(game/avg): 3860/3602 | 0.79 games/s | ETA: 430s
[gpu0] [2662/3000] samples: 133100 | chain(game/max/avg): 2/5/2.5 | reward(game/avg): 3600/3602 | 0.79 games/s | ETA: 427s
[gpu0] [2663/3000] samples: 133150 | chain(game/max/avg): 3/5/2.5 | reward(game/avg): 3480/3602 | 0.79 games/s | ETA: 426s
[gpu0] [2664/3000] samples: 133200 | chain(game/max/avg): 3/5/2.5 | reward(game/avg): 3500/3602 | 0.79 games/s | ETA: 424s
[gpu0] [2665/3000] samples: 133250 | chain(game/max/avg): 3/5/2.5 | reward(game/avg): 3040/3602 | 0.79 games/s | ETA: 423s
[gpu0] [2666/3000] samples: 133300 | chain(game/max/avg): 3/5/2.5 | reward(game/avg): 3760/3602 | 0.79 games/s | ETA: 421s
[gpu0] [2667/3000] samples: 133350 | chain(game/max/avg): 3/5/2.5 | reward(game/avg): 3740/3602 | 0.79 games/s | ETA: 420s
[gpu0] [2668/3000] samples: 133400 | chain(game/max/avg): 3/5/2.5 | reward(game/avg): 3520/3602 | 0.79 games/s | ETA: 418s
[gpu0] [2669/3000] samples: 133450 | chain(game/max/avg): 3/5/2.5 | reward(game/avg): 3270/3602 | 0.79 games/s | ETA: 417s
[gpu0] [2670/3000] samples: 133500 | chain(game/max/avg): 3/5/2.5 | reward(game/avg): 4180/3602 | 0.79 games/s | ETA: 416s
[gpu0] [2674/3000] samples: 133700 | chain(game/max/avg): 2/5/2.5 | reward(game/avg): 2880/3603 | 0.80 games/s | ETA: 410s
[gpu0] [2676/3000] samples: 133800 | chain(game/max/avg): 3/5/2.5 | reward(game/avg): 4460/3603 | 0.80 games/s | ETA: 407s
[gpu0] [2678/3000] samples: 133900 | chain(game/max/avg): 3/5/2.5 | reward(game/avg): 4540/3604 | 0.80 games/s | ETA: 404s
[gpu0] [2673/3000] samples: 133650 | chain(game/max/avg): 3/5/2.5 | reward(game/avg): 4720/3604 | 0.79 games/s | ETA: 411s
[gpu0] [2675/3000] samples: 133750 | chain(game/max/avg): 2/5/2.5 | reward(game/avg): 2540/3603 | 0.80 games/s | ETA: 409s
[gpu0] [2671/3000] samples: 133550 | chain(game/max/avg): 4/5/2.5 | reward(game/avg): 5380/3602 | 0.79 games/s | ETA: 414s
[gpu0] [2677/3000] samples: 133850 | chain(game/max/avg): 3/5/2.5 | reward(game/avg): 4240/3604 | 0.80 games/s | ETA: 406s
[gpu0] [2672/3000] samples: 133600 | chain(game/max/avg): 3/5/2.5 | reward(game/avg): 5700/3603 | 0.79 games/s | ETA: 413s
[gpu0] [2679/3000] samples: 133950 | chain(game/max/avg): 3/5/2.5 | reward(game/avg): 2840/3604 | 0.80 games/s | ETA: 403s
[gpu0] [2680/3000] samples: 134000 | chain(game/max/avg): 2/5/2.5 | reward(game/avg): 4290/3604 | 0.80 games/s | ETA: 402s
[gpu0] [2681/3000] samples: 134050 | chain(game/max/avg): 3/5/2.5 | reward(game/avg): 4320/3604 | 0.80 games/s | ETA: 400s
[gpu0] [2682/3000] samples: 134100 | chain(game/max/avg): 2/5/2.5 | reward(game/avg): 3480/3604 | 0.80 games/s | ETA: 399s
[gpu0] [2683/3000] samples: 134150 | chain(game/max/avg): 3/5/2.5 | reward(game/avg): 3480/3604 | 0.80 games/s | ETA: 397s
[gpu0] [2684/3000] samples: 134200 | chain(game/max/avg): 2/5/2.5 | reward(game/avg): 2620/3604 | 0.80 games/s | ETA: 396s
[gpu0] [2685/3000] samples: 134250 | chain(game/max/avg): 3/5/2.5 | reward(game/avg): 4780/3604 | 0.80 games/s | ETA: 395s
[gpu0] [2687/3000] samples: 134350 | chain(game/max/avg): 3/5/2.5 | reward(game/avg): 3960/3604 | 0.80 games/s | ETA: 392s
[gpu0] [2686/3000] samples: 134300 | chain(game/max/avg): 2/5/2.5 | reward(game/avg): 2760/3604 | 0.80 games/s | ETA: 393s
[gpu0] [2688/3000] samples: 134400 | chain(game/max/avg): 2/5/2.5 | reward(game/avg): 3500/3604 | 0.80 games/s | ETA: 390s
[gpu0] [2689/3000] samples: 134450 | chain(game/max/avg): 3/5/2.5 | reward(game/avg): 3800/3604 | 0.80 games/s | ETA: 389s
[gpu0] [2690/3000] samples: 134500 | chain(game/max/avg): 2/5/2.5 | reward(game/avg): 2960/3604 | 0.80 games/s | ETA: 388s
[gpu0] [2691/3000] samples: 134550 | chain(game/max/avg): 2/5/2.5 | reward(game/avg): 2610/3603 | 0.80 games/s | ETA: 386s
[gpu0] [2692/3000] samples: 134600 | chain(game/max/avg): 2/5/2.5 | reward(game/avg): 3000/3603 | 0.80 games/s | ETA: 385s
[gpu0] [2694/3000] samples: 134700 | chain(game/max/avg): 2/5/2.5 | reward(game/avg): 2620/3603 | 0.80 games/s | ETA: 382s
[gpu0] [2693/3000] samples: 134650 | chain(game/max/avg): 3/5/2.5 | reward(game/avg): 3830/3603 | 0.80 games/s | ETA: 383s
[gpu0] [2695/3000] samples: 134750 | chain(game/max/avg): 3/5/2.5 | reward(game/avg): 3700/3603 | 0.80 games/s | ETA: 381s
[gpu0] [2696/3000] samples: 134800 | chain(game/max/avg): 3/5/2.5 | reward(game/avg): 3980/3603 | 0.80 games/s | ETA: 379s
[gpu0] [2697/3000] samples: 134850 | chain(game/max/avg): 2/5/2.5 | reward(game/avg): 3200/3603 | 0.80 games/s | ETA: 378s
[gpu0] [2698/3000] samples: 134900 | chain(game/max/avg): 2/5/2.5 | reward(game/avg): 2180/3602 | 0.80 games/s | ETA: 376s
[gpu0] [2699/3000] samples: 135000 | chain(game/max/avg): 2/5/2.5 | reward(game/avg): 2980/3604 | 0.80 games/s | ETA: 375s
[gpu0] [2703/3000] samples: 135200 | chain(game/max/avg): 3/5/2.5 | reward(game/avg): 3660/3604 | 0.80 games/s | ETA: 370s
[gpu0] [2709/3000] samples: 135450 | chain(game/max/avg): 4/5/2.5 | reward(game/avg): 5200/3602 | 0.81 games/s | ETA: 361s
[gpu0] [2711/3000] samples: 135550 | chain(game/max/avg): 2/5/2.5 | reward(game/avg): 2820/3602 | 0.81 games/s | ETA: 359s
[gpu0] [2702/3000] samples: 135100 | chain(game/max/avg): 3/5/2.5 | reward(game/avg): 4520/3603 | 0.80 games/s | ETA: 371s
[gpu0] [2704/3000] samples: 135200 | chain(game/max/avg): 2/5/2.5 | reward(game/avg): 3140/3603 | 0.80 games/s | ETA: 368s
[gpu0] [2706/3000] samples: 135300 | chain(game/max/avg): 2/5/2.5 | reward(game/avg): 2360/3602 | 0.80 games/s | ETA: 365s
[gpu0] [2707/3000] samples: 135350 | chain(game/max/avg): 3/5/2.5 | reward(game/avg): 3400/3602 | 0.80 games/s | ETA: 364s
[gpu0] [2701/3000] samples: 135050 | chain(game/max/avg): 2/5/2.5 | reward(game/avg): 3800/3603 | 0.80 games/s | ETA: 372s
[gpu0] [2708/3000] samples: 135400 | chain(game/max/avg): 2/5/2.5 | reward(game/avg): 2780/3602 | 0.81 games/s | ETA: 363s
[gpu0] [2712/3000] samples: 135600 | chain(game/max/avg): 4/5/2.5 | reward(game/avg): 5180/3602 | 0.81 games/s | ETA: 357s
[gpu0] [2713/3000] samples: 135650 | chain(game/max/avg): 3/5/2.5 | reward(game/avg): 3920/3602 | 0.81 games/s | ETA: 356s
[gpu0] [2714/3000] samples: 135700 | chain(game/max/avg): 3/5/2.5 | reward(game/avg): 3920/3603 | 0.81 games/s | ETA: 354s
[gpu0] [2715/3000] samples: 135750 | chain(game/max/avg): 3/5/2.5 | reward(game/avg): 3660/3603 | 0.81 games/s | ETA: 353s
[gpu0] [2716/3000] samples: 135800 | chain(game/max/avg): 2/5/2.5 | reward(game/avg): 4000/3603 | 0.81 games/s | ETA: 352s
[gpu0] [2717/3000] samples: 135850 | chain(game/max/avg): 2/5/2.5 | reward(game/avg): 4270/3603 | 0.81 games/s | ETA: 350s
[gpu0] [2718/3000] samples: 135900 | chain(game/max/avg): 4/5/2.5 | reward(game/avg): 5240/3604 | 0.81 games/s | ETA: 349s
[gpu0] [2719/3000] samples: 135950 | chain(game/max/avg): 2/5/2.5 | reward(game/avg): 2140/3603 | 0.81 games/s | ETA: 348s
[gpu0] [2710/3000] samples: 135500 | chain(game/max/avg): 3/5/2.5 | reward(game/avg): 3360/3602 | 0.81 games/s | ETA: 360s
[gpu0] [2700/3000] samples: 135000 | chain(game/max/avg): 3/5/2.5 | reward(game/avg): 4680/3603 | 0.80 games/s | ETA: 374s
[gpu0] [2720/3000] samples: 136000 | chain(game/max/avg): 2/5/2.5 | reward(game/avg): 2860/3603 | 0.81 games/s | ETA: 346s
[gpu0] [2705/3000] samples: 135300 | chain(game/max/avg): 2/5/2.5 | reward(game/avg): 2520/3603 | 0.80 games/s | ETA: 367s
[gpu0] [2721/3000] samples: 136050 | chain(game/max/avg): 3/5/2.5 | reward(game/avg): 4780/3603 | 0.81 games/s | ETA: 345s
[gpu0] [2724/3000] samples: 136200 | chain(game/max/avg): 2/5/2.5 | reward(game/avg): 3460/3603 | 0.81 games/s | ETA: 341s
[gpu0] [2723/3000] samples: 136150 | chain(game/max/avg): 3/5/2.5 | reward(game/avg): 4040/3603 | 0.81 games/s | ETA: 342s
[gpu0] [2722/3000] samples: 136100 | chain(game/max/avg): 2/5/2.5 | reward(game/avg): 2740/3603 | 0.81 games/s | ETA: 343s
[gpu0] [2725/3000] samples: 136250 | chain(game/max/avg): 3/5/2.5 | reward(game/avg): 2980/3603 | 0.81 games/s | ETA: 339s
[gpu0] [2726/3000] samples: 136300 | chain(game/max/avg): 2/5/2.5 | reward(game/avg): 2860/3603 | 0.81 games/s | ETA: 338s
[gpu0] [2727/3000] samples: 136350 | chain(game/max/avg): 3/5/2.5 | reward(game/avg): 4040/3603 | 0.81 games/s | ETA: 337s
[gpu0] [2728/3000] samples: 136400 | chain(game/max/avg): 3/5/2.5 | reward(game/avg): 3860/3603 | 0.81 games/s | ETA: 335s
[gpu0] [2729/3000] samples: 136450 | chain(game/max/avg): 2/5/2.5 | reward(game/avg): 4040/3603 | 0.81 games/s | ETA: 336s
[gpu0] [2735/3000] samples: 136800 | chain(game/max/avg): 3/5/2.5 | reward(game/avg): 3960/3606 | 0.81 games/s | ETA: 328s
[gpu0] [2732/3000] samples: 136600 | chain(game/max/avg): 3/5/2.5 | reward(game/avg): 4280/3604 | 0.81 games/s | ETA: 332s
[gpu0] [2731/3000] samples: 136550 | chain(game/max/avg): 4/5/2.5 | reward(game/avg): 5920/3604 | 0.81 games/s | ETA: 333s
[gpu0] [2733/3000] samples: 136650 | chain(game/max/avg): 3/5/2.5 | reward(game/avg): 4120/3604 | 0.81 games/s | ETA: 331s
[gpu0] [2736/3000] samples: 136800 | chain(game/max/avg): 2/5/2.5 | reward(game/avg): 3110/3604 | 0.81 games/s | ETA: 326s
[gpu0] [2734/3000] samples: 136800 | chain(game/max/avg): 2/5/2.5 | reward(game/avg): 3500/3607 | 0.81 games/s | ETA: 329s
[gpu0] [2738/3000] samples: 136900 | chain(game/max/avg): 3/5/2.5 | reward(game/avg): 4100/3604 | 0.81 games/s | ETA: 324s
[gpu0] [2740/3000] samples: 137000 | chain(game/max/avg): 3/5/2.5 | reward(game/avg): 5060/3605 | 0.81 games/s | ETA: 321s
[gpu0] [2741/3000] samples: 137050 | chain(game/max/avg): 3/5/2.5 | reward(game/avg): 3820/3605 | 0.81 games/s | ETA: 320s
[gpu0] [2739/3000] samples: 136950 | chain(game/max/avg): 2/5/2.5 | reward(game/avg): 2740/3604 | 0.81 games/s | ETA: 322s
[gpu0] [2742/3000] samples: 137100 | chain(game/max/avg): 3/5/2.5 | reward(game/avg): 4160/3605 | 0.81 games/s | ETA: 318s
[gpu0] [2743/3000] samples: 137150 | chain(game/max/avg): 2/5/2.5 | reward(game/avg): 3100/3605 | 0.81 games/s | ETA: 317s
[gpu0] [2744/3000] samples: 137200 | chain(game/max/avg): 3/5/2.5 | reward(game/avg): 3480/3605 | 0.81 games/s | ETA: 316s
[gpu0] [2745/3000] samples: 137250 | chain(game/max/avg): 4/5/2.5 | reward(game/avg): 5420/3605 | 0.81 games/s | ETA: 314s
[gpu0] [2746/3000] samples: 137300 | chain(game/max/avg): 2/5/2.5 | reward(game/avg): 3160/3605 | 0.81 games/s | ETA: 313s
[gpu0] [2747/3000] samples: 137350 | chain(game/max/avg): 3/5/2.5 | reward(game/avg): 4760/3606 | 0.81 games/s | ETA: 312s
[gpu0] [2730/3000] samples: 136500 | chain(game/max/avg): 3/5/2.5 | reward(game/avg): 3980/3603 | 0.81 games/s | ETA: 335s
[gpu0] [2748/3000] samples: 137400 | chain(game/max/avg): 3/5/2.5 | reward(game/avg): 3860/3606 | 0.81 games/s | ETA: 310s
[gpu0] [2737/3000] samples: 136900 | chain(game/max/avg): 3/5/2.5 | reward(game/avg): 3400/3606 | 0.81 games/s | ETA: 325s
[gpu0] [2750/3000] samples: 137500 | chain(game/max/avg): 2/5/2.5 | reward(game/avg): 3360/3606 | 0.81 games/s | ETA: 308s
[gpu0] [2749/3000] samples: 137450 | chain(game/max/avg): 3/5/2.5 | reward(game/avg): 4550/3606 | 0.81 games/s | ETA: 309s
[gpu0] [2751/3000] samples: 137550 | chain(game/max/avg): 3/5/2.5 | reward(game/avg): 4180/3606 | 0.81 games/s | ETA: 306s
[gpu0] [2752/3000] samples: 137600 | chain(game/max/avg): 2/5/2.5 | reward(game/avg): 2670/3606 | 0.81 games/s | ETA: 305s
[gpu0] [2753/3000] samples: 137650 | chain(game/max/avg): 2/5/2.5 | reward(game/avg): 3380/3606 | 0.81 games/s | ETA: 304s
[gpu0] [2754/3000] samples: 137700 | chain(game/max/avg): 3/5/2.5 | reward(game/avg): 3560/3606 | 0.81 games/s | ETA: 302s
[gpu0] [2757/3000] samples: 137850 | chain(game/max/avg): 2/5/2.5 | reward(game/avg): 2880/3605 | 0.81 games/s | ETA: 298s
[gpu0] [2761/3000] samples: 138050 | chain(game/max/avg): 3/5/2.5 | reward(game/avg): 3540/3605 | 0.82 games/s | ETA: 293s
[gpu0] [2765/3000] samples: 138250 | chain(game/max/avg): 3/5/2.5 | reward(game/avg): 4740/3605 | 0.82 games/s | ETA: 288s
[gpu0] [2758/3000] samples: 137900 | chain(game/max/avg): 3/5/2.5 | reward(game/avg): 4140/3606 | 0.82 games/s | ETA: 297s
[gpu0] [2760/3000] samples: 138000 | chain(game/max/avg): 3/5/2.5 | reward(game/avg): 2760/3605 | 0.82 games/s | ETA: 294s
[gpu0] [2759/3000] samples: 137950 | chain(game/max/avg): 2/5/2.5 | reward(game/avg): 2620/3605 | 0.82 games/s | ETA: 296s
[gpu0] [2763/3000] samples: 138150 | chain(game/max/avg): 3/5/2.5 | reward(game/avg): 3880/3604 | 0.82 games/s | ETA: 290s
[gpu0] [2762/3000] samples: 138100 | chain(game/max/avg): 2/5/2.5 | reward(game/avg): 1960/3604 | 0.82 games/s | ETA: 292s
[gpu0] [2756/3000] samples: 137800 | chain(game/max/avg): 3/5/2.5 | reward(game/avg): 3840/3606 | 0.81 games/s | ETA: 300s
[gpu0] [2766/3000] samples: 138300 | chain(game/max/avg): 3/5/2.5 | reward(game/avg): 4040/3605 | 0.82 games/s | ETA: 286s
[gpu0] [2767/3000] samples: 138350 | chain(game/max/avg): 2/5/2.5 | reward(game/avg): 2880/3605 | 0.82 games/s | ETA: 285s
[gpu0] [2768/3000] samples: 138400 | chain(game/max/avg): 2/5/2.5 | reward(game/avg): 2540/3605 | 0.82 games/s | ETA: 284s
[gpu0] [2769/3000] samples: 138450 | chain(game/max/avg): 2/5/2.5 | reward(game/avg): 3460/3605 | 0.82 games/s | ETA: 282s
[gpu0] [2770/3000] samples: 138500 | chain(game/max/avg): 2/5/2.5 | reward(game/avg): 3300/3604 | 0.82 games/s | ETA: 281s
[gpu0] [2764/3000] samples: 138200 | chain(game/max/avg): 3/5/2.5 | reward(game/avg): 4420/3605 | 0.82 games/s | ETA: 289s
[gpu0] [2755/3000] samples: 137750 | chain(game/max/avg): 2/5/2.5 | reward(game/avg): 3280/3606 | 0.81 games/s | ETA: 301s
[gpu0] [2771/3000] samples: 138550 | chain(game/max/avg): 2/5/2.5 | reward(game/avg): 3440/3604 | 0.82 games/s | ETA: 280s
[gpu0] [2772/3000] samples: 138600 | chain(game/max/avg): 2/5/2.5 | reward(game/avg): 2560/3604 | 0.82 games/s | ETA: 278s
[gpu0] [2773/3000] samples: 138650 | chain(game/max/avg): 3/5/2.5 | reward(game/avg): 3830/3604 | 0.82 games/s | ETA: 277s
[gpu0] [2774/3000] samples: 138700 | chain(game/max/avg): 3/5/2.5 | reward(game/avg): 4380/3604 | 0.82 games/s | ETA: 276s
[gpu0] [2775/3000] samples: 138750 | chain(game/max/avg): 3/5/2.5 | reward(game/avg): 3460/3604 | 0.82 games/s | ETA: 274s
[gpu0] [2776/3000] samples: 138800 | chain(game/max/avg): 2/5/2.5 | reward(game/avg): 3820/3604 | 0.82 games/s | ETA: 273s
[gpu0] [2777/3000] samples: 138850 | chain(game/max/avg): 2/5/2.5 | reward(game/avg): 2500/3604 | 0.82 games/s | ETA: 272s
[gpu0] [2780/3000] samples: 139000 | chain(game/max/avg): 2/5/2.5 | reward(game/avg): 2660/3604 | 0.82 games/s | ETA: 268s
[gpu0] [2781/3000] samples: 139050 | chain(game/max/avg): 2/5/2.5 | reward(game/avg): 3310/3604 | 0.82 games/s | ETA: 266s
[gpu0] [2782/3000] samples: 139100 | chain(game/max/avg): 2/5/2.5 | reward(game/avg): 3340/3604 | 0.82 games/s | ETA: 265s
[gpu0] [2778/3000] samples: 138900 | chain(game/max/avg): 4/5/2.5 | reward(game/avg): 4080/3604 | 0.82 games/s | ETA: 270s
[gpu0] [2783/3000] samples: 139150 | chain(game/max/avg): 3/5/2.5 | reward(game/avg): 3380/3604 | 0.82 games/s | ETA: 264s
[gpu0] [2784/3000] samples: 139200 | chain(game/max/avg): 4/5/2.5 | reward(game/avg): 5560/3604 | 0.82 games/s | ETA: 263s
[gpu0] [2785/3000] samples: 139250 | chain(game/max/avg): 3/5/2.5 | reward(game/avg): 4720/3605 | 0.82 games/s | ETA: 261s
[gpu0] [2786/3000] samples: 139300 | chain(game/max/avg): 3/5/2.5 | reward(game/avg): 3600/3605 | 0.82 games/s | ETA: 260s
[gpu0] [2788/3000] samples: 139400 | chain(game/max/avg): 2/5/2.5 | reward(game/avg): 4000/3605 | 0.82 games/s | ETA: 257s
[gpu0] [2787/3000] samples: 139350 | chain(game/max/avg): 3/5/2.5 | reward(game/avg): 3620/3605 | 0.82 games/s | ETA: 259s
[gpu0] [2789/3000] samples: 139450 | chain(game/max/avg): 2/5/2.5 | reward(game/avg): 2740/3605 | 0.82 games/s | ETA: 256s
[gpu0] [2779/3000] samples: 138950 | chain(game/max/avg): 3/5/2.5 | reward(game/avg): 3680/3604 | 0.82 games/s | ETA: 269s
[gpu0] [2791/3000] samples: 139550 | chain(game/max/avg): 2/5/2.5 | reward(game/avg): 2740/3605 | 0.82 games/s | ETA: 253s
[gpu0] [2790/3000] samples: 139500 | chain(game/max/avg): 4/5/2.5 | reward(game/avg): 5650/3605 | 0.82 games/s | ETA: 255s
[gpu0] [2792/3000] samples: 139600 | chain(game/max/avg): 3/5/2.5 | reward(game/avg): 3640/3605 | 0.83 games/s | ETA: 252s
[gpu0] [2793/3000] samples: 139650 | chain(game/max/avg): 3/5/2.5 | reward(game/avg): 3500/3605 | 0.83 games/s | ETA: 251s
[gpu0] [2794/3000] samples: 139700 | chain(game/max/avg): 3/5/2.5 | reward(game/avg): 4360/3605 | 0.83 games/s | ETA: 249s
[gpu0] [2795/3000] samples: 139750 | chain(game/max/avg): 3/5/2.5 | reward(game/avg): 4800/3606 | 0.83 games/s | ETA: 248s
[gpu0] [2796/3000] samples: 139800 | chain(game/max/avg): 3/5/2.5 | reward(game/avg): 4040/3606 | 0.83 games/s | ETA: 247s
[gpu0] [2797/3000] samples: 139850 | chain(game/max/avg): 3/5/2.5 | reward(game/avg): 4300/3606 | 0.83 games/s | ETA: 246s
[gpu0] [2798/3000] samples: 139900 | chain(game/max/avg): 3/5/2.5 | reward(game/avg): 4480/3606 | 0.83 games/s | ETA: 244s
[gpu0] [2799/3000] samples: 139950 | chain(game/max/avg): 3/5/2.5 | reward(game/avg): 4640/3607 | 0.83 games/s | ETA: 243s
[gpu0] [2800/3000] samples: 140000 | chain(game/max/avg): 3/5/2.5 | reward(game/avg): 3780/3607 | 0.83 games/s | ETA: 242s
[gpu0] [2801/3000] samples: 140050 | chain(game/max/avg): 2/5/2.5 | reward(game/avg): 2640/3606 | 0.83 games/s | ETA: 240s
[gpu0] [2802/3000] samples: 140100 | chain(game/max/avg): 2/5/2.5 | reward(game/avg): 3100/3606 | 0.83 games/s | ETA: 239s
[gpu0] [2808/3000] samples: 140400 | chain(game/max/avg): 2/5/2.5 | reward(game/avg): 2950/3606 | 0.83 games/s | ETA: 231s
[gpu0] [2804/3000] samples: 140200 | chain(game/max/avg): 2/5/2.5 | reward(game/avg): 2890/3606 | 0.83 games/s | ETA: 237s
[gpu0] [2805/3000] samples: 140300 | chain(game/max/avg): 2/5/2.5 | reward(game/avg): 3460/3607 | 0.83 games/s | ETA: 235s
[gpu0] [2806/3000] samples: 140300 | chain(game/max/avg): 3/5/2.5 | reward(game/avg): 2920/3606 | 0.83 games/s | ETA: 234s
[gpu0] [2807/3000] samples: 140350 | chain(game/max/avg): 2/5/2.5 | reward(game/avg): 3900/3606 | 0.83 games/s | ETA: 233s
[gpu0] [2809/3000] samples: 140450 | chain(game/max/avg): 2/5/2.5 | reward(game/avg): 2680/3605 | 0.83 games/s | ETA: 230s
[gpu0] [2813/3000] samples: 140650 | chain(game/max/avg): 4/5/2.5 | reward(game/avg): 5460/3605 | 0.83 games/s | ETA: 225s
[gpu0] [2814/3000] samples: 140700 | chain(game/max/avg): 2/5/2.5 | reward(game/avg): 2540/3605 | 0.83 games/s | ETA: 224s
[gpu0] [2815/3000] samples: 140750 | chain(game/max/avg): 2/5/2.5 | reward(game/avg): 2640/3604 | 0.83 games/s | ETA: 222s
[gpu0] [2816/3000] samples: 140800 | chain(game/max/avg): 2/5/2.5 | reward(game/avg): 3280/3604 | 0.83 games/s | ETA: 221s
[gpu0] [2810/3000] samples: 140550 | chain(game/max/avg): 2/5/2.5 | reward(game/avg): 2980/3606 | 0.83 games/s | ETA: 229s
[gpu0] [2811/3000] samples: 140550 | chain(game/max/avg): 2/5/2.5 | reward(game/avg): 2290/3605 | 0.83 games/s | ETA: 228s
[gpu0] [2812/3000] samples: 140600 | chain(game/max/avg): 2/5/2.5 | reward(game/avg): 3020/3604 | 0.83 games/s | ETA: 226s
[gpu0] [2803/3000] samples: 140150 | chain(game/max/avg): 2/5/2.5 | reward(game/avg): 3840/3606 | 0.83 games/s | ETA: 238s
[gpu0] [2817/3000] samples: 140850 | chain(game/max/avg): 2/5/2.5 | reward(game/avg): 2360/3604 | 0.83 games/s | ETA: 220s
[gpu0] [2818/3000] samples: 140900 | chain(game/max/avg): 2/5/2.5 | reward(game/avg): 2680/3603 | 0.83 games/s | ETA: 219s
[gpu0] [2819/3000] samples: 140950 | chain(game/max/avg): 2/5/2.5 | reward(game/avg): 3170/3603 | 0.83 games/s | ETA: 217s
[gpu0] [2820/3000] samples: 141000 | chain(game/max/avg): 2/5/2.5 | reward(game/avg): 4290/3604 | 0.83 games/s | ETA: 216s
[gpu0] [2828/3000] samples: 141400 | chain(game/max/avg): 2/5/2.5 | reward(game/avg): 3100/3604 | 0.84 games/s | ETA: 206s
[gpu0] [2822/3000] samples: 141100 | chain(game/max/avg): 3/5/2.5 | reward(game/avg): 4110/3604 | 0.83 games/s | ETA: 214s
[gpu0] [2824/3000] samples: 141200 | chain(game/max/avg): 2/5/2.5 | reward(game/avg): 2860/3604 | 0.83 games/s | ETA: 211s
[gpu0] [2821/3000] samples: 141100 | chain(game/max/avg): 3/5/2.5 | reward(game/avg): 4160/3605 | 0.83 games/s | ETA: 215s
[gpu0] [2825/3000] samples: 141250 | chain(game/max/avg): 2/5/2.5 | reward(game/avg): 4240/3604 | 0.83 games/s | ETA: 210s
[gpu0] [2826/3000] samples: 141300 | chain(game/max/avg): 3/5/2.5 | reward(game/avg): 3880/3604 | 0.83 games/s | ETA: 208s
[gpu0] [2827/3000] samples: 141350 | chain(game/max/avg): 2/5/2.5 | reward(game/avg): 3120/3604 | 0.84 games/s | ETA: 207s
[gpu0] [2833/3000] samples: 141650 | chain(game/max/avg): 3/5/2.5 | reward(game/avg): 3120/3602 | 0.84 games/s | ETA: 200s
[gpu0] [2834/3000] samples: 141700 | chain(game/max/avg): 2/5/2.5 | reward(game/avg): 1760/3602 | 0.84 games/s | ETA: 198s
[gpu0] [2835/3000] samples: 141750 | chain(game/max/avg): 2/5/2.5 | reward(game/avg): 2060/3601 | 0.84 games/s | ETA: 197s
[gpu0] [2836/3000] samples: 141800 | chain(game/max/avg): 2/5/2.5 | reward(game/avg): 3520/3601 | 0.84 games/s | ETA: 196s
[gpu0] [2837/3000] samples: 141850 | chain(game/max/avg): 3/5/2.5 | reward(game/avg): 2800/3601 | 0.84 games/s | ETA: 194s
[gpu0] [2838/3000] samples: 141900 | chain(game/max/avg): 2/5/2.5 | reward(game/avg): 2880/3601 | 0.84 games/s | ETA: 193s
[gpu0] [2839/3000] samples: 141950 | chain(game/max/avg): 2/5/2.5 | reward(game/avg): 3040/3601 | 0.84 games/s | ETA: 192s
[gpu0] [2840/3000] samples: 142000 | chain(game/max/avg): 3/5/2.5 | reward(game/avg): 3440/3600 | 0.84 games/s | ETA: 191s
[gpu0] [2841/3000] samples: 142050 | chain(game/max/avg): 2/5/2.5 | reward(game/avg): 2120/3600 | 0.84 games/s | ETA: 189s
[gpu0] [2842/3000] samples: 142100 | chain(game/max/avg): 2/5/2.5 | reward(game/avg): 3780/3600 | 0.84 games/s | ETA: 188s
[gpu0] [2843/3000] samples: 142150 | chain(game/max/avg): 2/5/2.5 | reward(game/avg): 3700/3600 | 0.84 games/s | ETA: 187s
[gpu0] [2832/3000] samples: 141600 | chain(game/max/avg): 2/5/2.5 | reward(game/avg): 3430/3603 | 0.84 games/s | ETA: 201s
[gpu0] [2830/3000] samples: 141500 | chain(game/max/avg): 2/5/2.5 | reward(game/avg): 2060/3603 | 0.84 games/s | ETA: 203s
[gpu0] [2848/3000] samples: 142400 | chain(game/max/avg): 3/5/2.5 | reward(game/avg): 3320/3600 | 0.84 games/s | ETA: 181s
[gpu0] [2831/3000] samples: 141550 | chain(game/max/avg): 2/5/2.5 | reward(game/avg): 3080/3603 | 0.84 games/s | ETA: 202s
[gpu0] [2829/3000] samples: 141500 | chain(game/max/avg): 2/5/2.5 | reward(game/avg): 3410/3604 | 0.84 games/s | ETA: 205s
[gpu0] [2844/3000] samples: 142200 | chain(game/max/avg): 3/5/2.5 | reward(game/avg): 3810/3600 | 0.84 games/s | ETA: 186s
[gpu0] [2845/3000] samples: 142300 | chain(game/max/avg): 3/5/2.5 | reward(game/avg): 4400/3601 | 0.84 games/s | ETA: 184s
[gpu0] [2846/3000] samples: 142300 | chain(game/max/avg): 2/5/2.5 | reward(game/avg): 2260/3600 | 0.84 games/s | ETA: 183s
[gpu0] [2823/3000] samples: 141150 | chain(game/max/avg): 2/5/2.5 | reward(game/avg): 3260/3604 | 0.83 games/s | ETA: 212s
[gpu0] [2847/3000] samples: 142350 | chain(game/max/avg): 2/5/2.5 | reward(game/avg): 3120/3600 | 0.84 games/s | ETA: 182s
[gpu0] [2849/3000] samples: 142450 | chain(game/max/avg): 2/5/2.5 | reward(game/avg): 2520/3599 | 0.84 games/s | ETA: 179s
[gpu0] [2853/3000] samples: 142650 | chain(game/max/avg): 2/5/2.5 | reward(game/avg): 3990/3600 | 0.84 games/s | ETA: 174s
[gpu0] [2855/3000] samples: 142750 | chain(game/max/avg): 2/5/2.5 | reward(game/avg): 3000/3599 | 0.84 games/s | ETA: 172s
[gpu0] [2851/3000] samples: 142550 | chain(game/max/avg): 2/5/2.5 | reward(game/avg): 2780/3599 | 0.84 games/s | ETA: 177s
[gpu0] [2852/3000] samples: 142600 | chain(game/max/avg): 3/5/2.5 | reward(game/avg): 5240/3600 | 0.84 games/s | ETA: 176s
[gpu0] [2850/3000] samples: 142500 | chain(game/max/avg): 3/5/2.5 | reward(game/avg): 4340/3600 | 0.84 games/s | ETA: 178s
[gpu0] [2854/3000] samples: 142750 | chain(game/max/avg): 2/5/2.5 | reward(game/avg): 2420/3601 | 0.84 games/s | ETA: 173s
[gpu0] [2856/3000] samples: 142800 | chain(game/max/avg): 2/5/2.5 | reward(game/avg): 2680/3599 | 0.84 games/s | ETA: 171s
[gpu0] [2857/3000] samples: 142850 | chain(game/max/avg): 2/5/2.5 | reward(game/avg): 4160/3599 | 0.84 games/s | ETA: 169s
[gpu0] [2858/3000] samples: 142900 | chain(game/max/avg): 3/5/2.5 | reward(game/avg): 4620/3600 | 0.84 games/s | ETA: 168s
[gpu0] [2859/3000] samples: 142950 | chain(game/max/avg): 2/5/2.5 | reward(game/avg): 3180/3599 | 0.84 games/s | ETA: 167s
[gpu0] [2860/3000] samples: 143000 | chain(game/max/avg): 3/5/2.5 | reward(game/avg): 3600/3599 | 0.84 games/s | ETA: 166s
[gpu0] [2861/3000] samples: 143050 | chain(game/max/avg): 2/5/2.5 | reward(game/avg): 2860/3599 | 0.85 games/s | ETA: 164s
[gpu0] [2864/3000] samples: 143250 | chain(game/max/avg): 2/5/2.5 | reward(game/avg): 2610/3600 | 0.85 games/s | ETA: 161s
[gpu0] [2862/3000] samples: 143150 | chain(game/max/avg): 2/5/2.5 | reward(game/avg): 3540/3600 | 0.85 games/s | ETA: 163s
[gpu0] [2865/3000] samples: 143250 | chain(game/max/avg): 2/5/2.5 | reward(game/avg): 3920/3599 | 0.85 games/s | ETA: 160s
[gpu0] [2868/3000] samples: 143400 | chain(game/max/avg): 2/5/2.5 | reward(game/avg): 4520/3599 | 0.85 games/s | ETA: 156s
[gpu0] [2866/3000] samples: 143350 | chain(game/max/avg): 2/5/2.5 | reward(game/avg): 3670/3600 | 0.85 games/s | ETA: 158s
[gpu0] [2867/3000] samples: 143400 | chain(game/max/avg): 3/5/2.5 | reward(game/avg): 4200/3600 | 0.85 games/s | ETA: 157s
[gpu0] [2869/3000] samples: 143450 | chain(game/max/avg): 3/5/2.5 | reward(game/avg): 3500/3599 | 0.85 games/s | ETA: 155s
[gpu0] [2863/3000] samples: 143150 | chain(game/max/avg): 2/5/2.5 | reward(game/avg): 2540/3599 | 0.85 games/s | ETA: 162s
[gpu0] [2870/3000] samples: 143500 | chain(game/max/avg): 2/5/2.5 | reward(game/avg): 3100/3599 | 0.85 games/s | ETA: 154s
[gpu0] [2871/3000] samples: 143600 | chain(game/max/avg): 3/5/2.5 | reward(game/avg): 3640/3601 | 0.85 games/s | ETA: 153s
[gpu0] [2878/3000] samples: 143900 | chain(game/max/avg): 4/5/2.5 | reward(game/avg): 5380/3599 | 0.85 games/s | ETA: 144s
[gpu0] [2873/3000] samples: 143650 | chain(game/max/avg): 2/5/2.5 | reward(game/avg): 2640/3600 | 0.85 games/s | ETA: 150s
[gpu0] [2874/3000] samples: 143800 | chain(game/max/avg): 2/5/2.5 | reward(game/avg): 2560/3601 | 0.85 games/s | ETA: 149s
[gpu0] [2875/3000] samples: 143800 | chain(game/max/avg): 2/5/2.5 | reward(game/avg): 3160/3600 | 0.85 games/s | ETA: 148s
[gpu0] [2876/3000] samples: 143800 | chain(game/max/avg): 2/5/2.5 | reward(game/avg): 3200/3599 | 0.85 games/s | ETA: 146s
[gpu0] [2880/3000] samples: 144000 | chain(game/max/avg): 3/5/2.5 | reward(game/avg): 4500/3600 | 0.85 games/s | ETA: 142s
[gpu0] [2877/3000] samples: 143850 | chain(game/max/avg): 2/5/2.5 | reward(game/avg): 2850/3599 | 0.85 games/s | ETA: 145s
[gpu0] [2879/3000] samples: 143950 | chain(game/max/avg): 3/5/2.5 | reward(game/avg): 4430/3600 | 0.85 games/s | ETA: 143s
[gpu0] [2881/3000] samples: 144050 | chain(game/max/avg): 2/5/2.5 | reward(game/avg): 3320/3600 | 0.85 games/s | ETA: 140s
[gpu0] [2872/3000] samples: 143600 | chain(game/max/avg): 4/5/2.5 | reward(game/avg): 6280/3600 | 0.85 games/s | ETA: 151s
[gpu0] [2882/3000] samples: 144100 | chain(game/max/avg): 3/5/2.5 | reward(game/avg): 3620/3600 | 0.85 games/s | ETA: 139s
[gpu0] [2883/3000] samples: 144150 | chain(game/max/avg): 2/5/2.5 | reward(game/avg): 2220/3599 | 0.85 games/s | ETA: 138s
[gpu0] [2884/3000] samples: 144200 | chain(game/max/avg): 3/5/2.5 | reward(game/avg): 3960/3599 | 0.85 games/s | ETA: 137s
[gpu0] [2885/3000] samples: 144250 | chain(game/max/avg): 3/5/2.5 | reward(game/avg): 4740/3600 | 0.85 games/s | ETA: 135s
[gpu0] [2887/3000] samples: 144350 | chain(game/max/avg): 2/5/2.5 | reward(game/avg): 3120/3600 | 0.85 games/s | ETA: 133s
[gpu0] [2886/3000] samples: 144300 | chain(game/max/avg): 3/5/2.5 | reward(game/avg): 4350/3600 | 0.85 games/s | ETA: 134s
[gpu0] [2888/3000] samples: 144400 | chain(game/max/avg): 2/5/2.5 | reward(game/avg): 2680/3600 | 0.85 games/s | ETA: 132s
[gpu0] [2889/3000] samples: 144450 | chain(game/max/avg): 4/5/2.5 | reward(game/avg): 5140/3600 | 0.85 games/s | ETA: 130s
[gpu0] [2893/3000] samples: 144650 | chain(game/max/avg): 2/5/2.5 | reward(game/avg): 2320/3599 | 0.85 games/s | ETA: 126s
[gpu0] [2890/3000] samples: 144500 | chain(game/max/avg): 2/5/2.5 | reward(game/avg): 3140/3600 | 0.85 games/s | ETA: 129s
[gpu0] [2891/3000] samples: 144550 | chain(game/max/avg): 2/5/2.5 | reward(game/avg): 2880/3600 | 0.85 games/s | ETA: 128s
[gpu0] [2892/3000] samples: 144600 | chain(game/max/avg): 3/5/2.5 | reward(game/avg): 4160/3600 | 0.85 games/s | ETA: 127s
[gpu0] [2894/3000] samples: 144700 | chain(game/max/avg): 2/5/2.5 | reward(game/avg): 3600/3599 | 0.85 games/s | ETA: 124s
[gpu0] [2895/3000] samples: 144750 | chain(game/max/avg): 2/5/2.5 | reward(game/avg): 5080/3600 | 0.85 games/s | ETA: 123s
[gpu0] [2899/3000] samples: 145000 | chain(game/max/avg): 2/5/2.5 | reward(game/avg): 3320/3601 | 0.85 games/s | ETA: 118s
[gpu0] [2897/3000] samples: 144850 | chain(game/max/avg): 3/5/2.5 | reward(game/avg): 3600/3600 | 0.85 games/s | ETA: 121s
[gpu0] [2898/3000] samples: 144900 | chain(game/max/avg): 2/5/2.5 | reward(game/avg): 2800/3600 | 0.85 games/s | ETA: 120s
[gpu0] [2900/3000] samples: 145000 | chain(game/max/avg): 2/5/2.5 | reward(game/avg): 2900/3600 | 0.85 games/s | ETA: 117s
[gpu0] [2896/3000] samples: 144800 | chain(game/max/avg): 3/5/2.5 | reward(game/avg): 4160/3600 | 0.85 games/s | ETA: 122s
[gpu0] [2901/3000] samples: 145050 | chain(game/max/avg): 4/5/2.5 | reward(game/avg): 5060/3600 | 0.85 games/s | ETA: 116s
[gpu0] [2902/3000] samples: 145100 | chain(game/max/avg): 4/5/2.5 | reward(game/avg): 5890/3601 | 0.85 games/s | ETA: 115s
[gpu0] [2903/3000] samples: 145200 | chain(game/max/avg): 3/5/2.5 | reward(game/avg): 3100/3602 | 0.85 games/s | ETA: 113s
[gpu0] [2904/3000] samples: 145200 | chain(game/max/avg): 3/5/2.5 | reward(game/avg): 3580/3601 | 0.86 games/s | ETA: 112s
[gpu0] [2905/3000] samples: 145250 | chain(game/max/avg): 2/5/2.5 | reward(game/avg): 3040/3600 | 0.86 games/s | ETA: 111s
[gpu0] [2909/3000] samples: 145450 | chain(game/max/avg): 3/5/2.5 | reward(game/avg): 4060/3600 | 0.86 games/s | ETA: 106s
[gpu0] [2907/3000] samples: 145350 | chain(game/max/avg): 2/5/2.5 | reward(game/avg): 3220/3600 | 0.86 games/s | ETA: 109s
[gpu0] [2910/3000] samples: 145500 | chain(game/max/avg): 3/5/2.5 | reward(game/avg): 4480/3600 | 0.86 games/s | ETA: 105s
[gpu0] [2908/3000] samples: 145400 | chain(game/max/avg): 2/5/2.5 | reward(game/avg): 2360/3600 | 0.86 games/s | ETA: 107s
[gpu0] [2906/3000] samples: 145300 | chain(game/max/avg): 2/5/2.5 | reward(game/avg): 3560/3600 | 0.86 games/s | ETA: 110s
[gpu0] [2911/3000] samples: 145550 | chain(game/max/avg): 2/5/2.5 | reward(game/avg): 4020/3600 | 0.86 games/s | ETA: 104s
[gpu0] [2912/3000] samples: 145600 | chain(game/max/avg): 3/5/2.5 | reward(game/avg): 3410/3600 | 0.86 games/s | ETA: 103s
[gpu0] [2913/3000] samples: 145650 | chain(game/max/avg): 2/5/2.5 | reward(game/avg): 3600/3600 | 0.86 games/s | ETA: 101s
[gpu0] [2914/3000] samples: 145700 | chain(game/max/avg): 2/5/2.5 | reward(game/avg): 3580/3600 | 0.86 games/s | ETA: 100s
[gpu0] [2915/3000] samples: 145750 | chain(game/max/avg): 2/5/2.5 | reward(game/avg): 2640/3600 | 0.86 games/s | ETA: 99s
[gpu0] [2916/3000] samples: 145800 | chain(game/max/avg): 3/5/2.5 | reward(game/avg): 4480/3600 | 0.86 games/s | ETA: 98s
[gpu0] [2917/3000] samples: 145850 | chain(game/max/avg): 2/5/2.5 | reward(game/avg): 4600/3601 | 0.86 games/s | ETA: 97s
[gpu0] [2918/3000] samples: 145900 | chain(game/max/avg): 2/5/2.5 | reward(game/avg): 3420/3601 | 0.86 games/s | ETA: 95s
[gpu0] [2922/3000] samples: 146100 | chain(game/max/avg): 2/5/2.5 | reward(game/avg): 3440/3601 | 0.86 games/s | ETA: 91s
[gpu0] [2919/3000] samples: 146000 | chain(game/max/avg): 2/5/2.5 | reward(game/avg): 3320/3602 | 0.86 games/s | ETA: 94s
[gpu0] [2925/3000] samples: 146250 | chain(game/max/avg): 3/5/2.5 | reward(game/avg): 4300/3602 | 0.86 games/s | ETA: 87s
[gpu0] [2921/3000] samples: 146050 | chain(game/max/avg): 3/5/2.5 | reward(game/avg): 4680/3601 | 0.86 games/s | ETA: 92s
[gpu0] [2924/3000] samples: 146200 | chain(game/max/avg): 3/5/2.5 | reward(game/avg): 4200/3601 | 0.86 games/s | ETA: 88s
[gpu0] [2920/3000] samples: 146000 | chain(game/max/avg): 3/5/2.5 | reward(game/avg): 3740/3601 | 0.86 games/s | ETA: 93s
[gpu0] [2926/3000] samples: 146300 | chain(game/max/avg): 2/5/2.5 | reward(game/avg): 2320/3601 | 0.86 games/s | ETA: 86s
[gpu0] [2923/3000] samples: 146150 | chain(game/max/avg): 3/5/2.5 | reward(game/avg): 4540/3601 | 0.86 games/s | ETA: 89s
[gpu0] [2927/3000] samples: 146350 | chain(game/max/avg): 2/5/2.5 | reward(game/avg): 2920/3601 | 0.86 games/s | ETA: 85s
[gpu0] [2928/3000] samples: 146400 | chain(game/max/avg): 2/5/2.5 | reward(game/avg): 2360/3601 | 0.86 games/s | ETA: 84s
[gpu0] [2929/3000] samples: 146450 | chain(game/max/avg): 2/5/2.5 | reward(game/avg): 2980/3600 | 0.86 games/s | ETA: 82s
[gpu0] [2930/3000] samples: 146500 | chain(game/max/avg): 3/5/2.5 | reward(game/avg): 3220/3600 | 0.86 games/s | ETA: 81s
[gpu0] [2932/3000] samples: 146600 | chain(game/max/avg): 3/5/2.5 | reward(game/avg): 5100/3600 | 0.86 games/s | ETA: 79s
[gpu0] [2931/3000] samples: 146600 | chain(game/max/avg): 2/5/2.5 | reward(game/avg): 2580/3602 | 0.86 games/s | ETA: 80s
[gpu0] [2933/3000] samples: 146650 | chain(game/max/avg): 2/5/2.5 | reward(game/avg): 2680/3600 | 0.86 games/s | ETA: 78s
[gpu0] [2934/3000] samples: 146700 | chain(game/max/avg): 2/5/2.5 | reward(game/avg): 3270/3600 | 0.86 games/s | ETA: 76s
[gpu0] [2935/3000] samples: 146750 | chain(game/max/avg): 3/5/2.5 | reward(game/avg): 3480/3600 | 0.86 games/s | ETA: 75s
[gpu0] [2936/3000] samples: 146800 | chain(game/max/avg): 2/5/2.5 | reward(game/avg): 3770/3600 | 0.86 games/s | ETA: 74s
[gpu0] [2937/3000] samples: 146850 | chain(game/max/avg): 3/5/2.5 | reward(game/avg): 3960/3600 | 0.86 games/s | ETA: 73s
[gpu0] [2938/3000] samples: 146900 | chain(game/max/avg): 3/5/2.5 | reward(game/avg): 4860/3601 | 0.86 games/s | ETA: 72s
[gpu0] [2942/3000] samples: 147100 | chain(game/max/avg): 3/5/2.5 | reward(game/avg): 4040/3600 | 0.87 games/s | ETA: 67s
[gpu0] [2940/3000] samples: 147000 | chain(game/max/avg): 2/5/2.5 | reward(game/avg): 3550/3600 | 0.87 games/s | ETA: 69s
[gpu0] [2941/3000] samples: 147050 | chain(game/max/avg): 2/5/2.5 | reward(game/avg): 2600/3600 | 0.87 games/s | ETA: 68s
[gpu0] [2943/3000] samples: 147150 | chain(game/max/avg): 3/5/2.5 | reward(game/avg): 5580/3601 | 0.87 games/s | ETA: 66s
[gpu0] [2944/3000] samples: 147200 | chain(game/max/avg): 3/5/2.5 | reward(game/avg): 4700/3601 | 0.87 games/s | ETA: 65s
[gpu0] [2939/3000] samples: 146950 | chain(game/max/avg): 2/5/2.5 | reward(game/avg): 2850/3600 | 0.86 games/s | ETA: 71s
[gpu0] [2945/3000] samples: 147250 | chain(game/max/avg): 2/5/2.5 | reward(game/avg): 2360/3601 | 0.87 games/s | ETA: 63s
[gpu0] [2947/3000] samples: 147350 | chain(game/max/avg): 2/5/2.5 | reward(game/avg): 2980/3600 | 0.87 games/s | ETA: 61s
[gpu0] [2946/3000] samples: 147300 | chain(game/max/avg): 3/5/2.5 | reward(game/avg): 3580/3601 | 0.87 games/s | ETA: 62s
[gpu0] [2948/3000] samples: 147400 | chain(game/max/avg): 2/5/2.5 | reward(game/avg): 3160/3600 | 0.87 games/s | ETA: 60s
[gpu0] [2949/3000] samples: 147500 | chain(game/max/avg): 3/5/2.5 | reward(game/avg): 3100/3602 | 0.87 games/s | ETA: 59s
[gpu0] [2950/3000] samples: 147500 | chain(game/max/avg): 3/5/2.5 | reward(game/avg): 3990/3600 | 0.87 games/s | ETA: 58s
[gpu0] [2951/3000] samples: 147550 | chain(game/max/avg): 3/5/2.5 | reward(game/avg): 4400/3601 | 0.87 games/s | ETA: 56s
[gpu0] [2953/3000] samples: 147650 | chain(game/max/avg): 2/5/2.5 | reward(game/avg): 3020/3600 | 0.87 games/s | ETA: 54s
[gpu0] [2954/3000] samples: 147700 | chain(game/max/avg): 2/5/2.5 | reward(game/avg): 4120/3601 | 0.87 games/s | ETA: 53s
[gpu0] [2952/3000] samples: 147600 | chain(game/max/avg): 3/5/2.5 | reward(game/avg): 3860/3601 | 0.87 games/s | ETA: 55s
[gpu0] [2955/3000] samples: 147750 | chain(game/max/avg): 2/5/2.5 | reward(game/avg): 4200/3601 | 0.87 games/s | ETA: 52s
[gpu0] [2957/3000] samples: 147850 | chain(game/max/avg): 2/5/2.5 | reward(game/avg): 3730/3601 | 0.87 games/s | ETA: 49s
[gpu0] [2956/3000] samples: 147800 | chain(game/max/avg): 2/5/2.5 | reward(game/avg): 3580/3601 | 0.87 games/s | ETA: 51s
[gpu0] [2959/3000] samples: 147950 | chain(game/max/avg): 3/5/2.5 | reward(game/avg): 5460/3601 | 0.87 games/s | ETA: 47s
[gpu0] [2960/3000] samples: 148000 | chain(game/max/avg): 2/5/2.5 | reward(game/avg): 3440/3601 | 0.87 games/s | ETA: 46s
[gpu0] [2958/3000] samples: 147950 | chain(game/max/avg): 2/5/2.5 | reward(game/avg): 3510/3603 | 0.87 games/s | ETA: 48s
[gpu0] [2961/3000] samples: 148050 | chain(game/max/avg): 3/5/2.5 | reward(game/avg): 3420/3601 | 0.87 games/s | ETA: 45s
[gpu0] [2962/3000] samples: 148100 | chain(game/max/avg): 2/5/2.5 | reward(game/avg): 3500/3601 | 0.87 games/s | ETA: 44s
[gpu0] [2963/3000] samples: 148150 | chain(game/max/avg): 3/5/2.5 | reward(game/avg): 4160/3602 | 0.87 games/s | ETA: 42s
[gpu0] [2965/3000] samples: 148250 | chain(game/max/avg): 2/5/2.5 | reward(game/avg): 2800/3601 | 0.87 games/s | ETA: 40s
[gpu0] [2964/3000] samples: 148200 | chain(game/max/avg): 3/5/2.5 | reward(game/avg): 3380/3601 | 0.87 games/s | ETA: 41s
[gpu0] [2966/3000] samples: 148300 | chain(game/max/avg): 3/5/2.5 | reward(game/avg): 3480/3601 | 0.87 games/s | ETA: 39s
[gpu0] [2967/3000] samples: 148400 | chain(game/max/avg): 2/5/2.5 | reward(game/avg): 3880/3602 | 0.87 games/s | ETA: 38s
[gpu0] [2968/3000] samples: 148400 | chain(game/max/avg): 3/5/2.5 | reward(game/avg): 3720/3601 | 0.87 games/s | ETA: 37s
[gpu0] [2969/3000] samples: 148450 | chain(game/max/avg): 3/5/2.5 | reward(game/avg): 4860/3602 | 0.87 games/s | ETA: 36s
[gpu0] [2972/3000] samples: 148600 | chain(game/max/avg): 3/5/2.5 | reward(game/avg): 5000/3602 | 0.87 games/s | ETA: 32s
[gpu0] [2971/3000] samples: 148550 | chain(game/max/avg): 2/5/2.5 | reward(game/avg): 2660/3601 | 0.87 games/s | ETA: 33s
[gpu0] [2970/3000] samples: 148500 | chain(game/max/avg): 2/5/2.5 | reward(game/avg): 2640/3601 | 0.87 games/s | ETA: 34s
[gpu0] [2973/3000] samples: 148650 | chain(game/max/avg): 3/5/2.5 | reward(game/avg): 3760/3602 | 0.87 games/s | ETA: 31s
[gpu0] [2974/3000] samples: 148700 | chain(game/max/avg): 2/5/2.5 | reward(game/avg): 3000/3601 | 0.87 games/s | ETA: 30s
[gpu0] [2975/3000] samples: 148750 | chain(game/max/avg): 4/5/2.5 | reward(game/avg): 5660/3602 | 0.87 games/s | ETA: 29s
[gpu0] [2976/3000] samples: 148800 | chain(game/max/avg): 3/5/2.5 | reward(game/avg): 3500/3602 | 0.87 games/s | ETA: 27s
[gpu0] [2977/3000] samples: 148850 | chain(game/max/avg): 2/5/2.5 | reward(game/avg): 2920/3602 | 0.87 games/s | ETA: 26s
[gpu0] [2978/3000] samples: 148900 | chain(game/max/avg): 3/5/2.5 | reward(game/avg): 2880/3602 | 0.87 games/s | ETA: 25s
[gpu0] [2979/3000] samples: 148950 | chain(game/max/avg): 3/5/2.5 | reward(game/avg): 4680/3602 | 0.88 games/s | ETA: 24s
[gpu0] [2980/3000] samples: 149050 | chain(game/max/avg): 3/5/2.5 | reward(game/avg): 4440/3604 | 0.88 games/s | ETA: 23s
[gpu0] [2983/3000] samples: 149150 | chain(game/max/avg): 2/5/2.5 | reward(game/avg): 4050/3603 | 0.88 games/s | ETA: 19s
[gpu0] [2981/3000] samples: 149050 | chain(game/max/avg): 4/5/2.5 | reward(game/avg): 6130/3603 | 0.88 games/s | ETA: 22s
[gpu0] [2982/3000] samples: 149100 | chain(game/max/avg): 3/5/2.5 | reward(game/avg): 4460/3603 | 0.88 games/s | ETA: 21s
[gpu0] [2984/3000] samples: 149200 | chain(game/max/avg): 3/5/2.5 | reward(game/avg): 3420/3603 | 0.88 games/s | ETA: 18s
[gpu0] [2985/3000] samples: 149250 | chain(game/max/avg): 2/5/2.5 | reward(game/avg): 2700/3603 | 0.88 games/s | ETA: 17s
[gpu0] [2986/3000] samples: 149300 | chain(game/max/avg): 3/5/2.5 | reward(game/avg): 4600/3603 | 0.88 games/s | ETA: 16s
[gpu0] [2987/3000] samples: 149350 | chain(game/max/avg): 2/5/2.5 | reward(game/avg): 2700/3603 | 0.88 games/s | ETA: 15s
[gpu0] [2988/3000] samples: 149400 | chain(game/max/avg): 2/5/2.5 | reward(game/avg): 3990/3603 | 0.88 games/s | ETA: 14s
[gpu0] [2989/3000] samples: 149450 | chain(game/max/avg): 2/5/2.5 | reward(game/avg): 2980/3603 | 0.88 games/s | ETA: 13s
[gpu0] [2990/3000] samples: 149500 | chain(game/max/avg): 2/5/2.5 | reward(game/avg): 3280/3603 | 0.88 games/s | ETA: 11s
[gpu0] [2991/3000] samples: 149550 | chain(game/max/avg): 3/5/2.5 | reward(game/avg): 4260/3603 | 0.88 games/s | ETA: 10s
[gpu0] [2992/3000] samples: 149600 | chain(game/max/avg): 2/5/2.5 | reward(game/avg): 2220/3603 | 0.88 games/s | ETA: 9s
[gpu0] [2993/3000] samples: 149650 | chain(game/max/avg): 3/5/2.5 | reward(game/avg): 3340/3603 | 0.88 games/s | ETA: 8s
[gpu0] [2994/3000] samples: 149700 | chain(game/max/avg): 3/5/2.5 | reward(game/avg): 4180/3603 | 0.88 games/s | ETA: 7s
[gpu0] [2995/3000] samples: 149750 | chain(game/max/avg): 2/5/2.5 | reward(game/avg): 3080/3603 | 0.88 games/s | ETA: 6s
[gpu0] [2996/3000] samples: 149800 | chain(game/max/avg): 4/5/2.5 | reward(game/avg): 4800/3603 | 0.88 games/s | ETA: 5s
[gpu0] [2997/3000] samples: 149850 | chain(game/max/avg): 2/5/2.5 | reward(game/avg): 3140/3603 | 0.88 games/s | ETA: 3s
[gpu0] [2998/3000] samples: 149900 | chain(game/max/avg): 2/5/2.5 | reward(game/avg): 3500/3603 | 0.88 games/s | ETA: 2s
[gpu0] [2999/3000] samples: 149950 | chain(game/max/avg): 3/5/2.5 | reward(game/avg): 5180/3603 | 0.88 games/s | ETA: 1s
[gpu0] [3000/3000] samples: 150000 | chain(game/max/avg): 2/5/2.5 | reward(game/avg): 3320/3603 | 0.88 games/s | ETA: 0s
[gpu0] Self-play complete: 3000 games, 150000 samples, max chain: 5
[gpu0] Saved to runs/rtx5090-4/data/alphazero_iter_1_gpu0.bin
