[2026-04-04 03:30:42] === AlphaZero Loop Start (iteration=330, games=300, sims=64+0/iter, max=64, min_chain=0) ===
[2026-04-04 03:30:42] --- Iteration 330 (sims=64, global_step=329000) ---
[2026-04-04 03:30:42] Self-play start (m=16, c_visit=50.0)
    Finished `release` profile [optimized] target(s) in 4.20s
     Running `target/release/self-play --games 300 --simulations 64 --c-puct-init 1.5 --m 16 --c-visit 50.0 --gamma 0.95 --min-chain 0 --output data/alphazero_iter_330.bin`
games=300, simulations=64, c_puct_init=1.5, c_puct_base=19652, m=16, c_visit=50, gamma=0.95
Backend: CudaJit (GPU) — Gumbel MCTS self-play (batched)
Loaded existing model from artifacts/puyo_model
Using 128 game threads, max_batch_size=128
[   1/300] samples:     11 | chain(game/max/avg): 1/1/1.0 | reward(game/avg): 40/40 | 0.21 games/s | ETA: 1421s
[   2/300] samples:     44 | chain(game/max/avg): 3/3/2.0 | reward(game/avg): 4250/2145 | 0.17 games/s | ETA: 1760s
[   3/300] samples:     80 | chain(game/max/avg): 3/3/2.3 | reward(game/avg): 4560/2950 | 0.24 games/s | ETA: 1226s
[   4/300] samples:    130 | chain(game/max/avg): 4/4/2.8 | reward(game/avg): 8700/4388 | 0.26 games/s | ETA: 1161s
[   5/300] samples:    180 | chain(game/max/avg): 4/4/3.0 | reward(game/avg): 7720/5054 | 0.31 games/s | ETA: 946s
[   6/300] samples:    230 | chain(game/max/avg): 4/4/3.2 | reward(game/avg): 11780/6175 | 0.37 games/s | ETA: 786s
[   7/300] samples:    280 | chain(game/max/avg): 4/4/3.3 | reward(game/avg): 7820/6410 | 0.43 games/s | ETA: 675s
[   8/300] samples:    330 | chain(game/max/avg): 3/4/3.2 | reward(game/avg): 8460/6666 | 0.49 games/s | ETA: 592s
[   9/300] samples:    380 | chain(game/max/avg): 3/4/3.2 | reward(game/avg): 6740/6674 | 0.55 games/s | ETA: 526s
[  10/300] samples:    430 | chain(game/max/avg): 3/4/3.2 | reward(game/avg): 7230/6730 | 0.61 games/s | ETA: 474s
[  11/300] samples:    480 | chain(game/max/avg): 4/4/3.3 | reward(game/avg): 8560/6896 | 0.67 games/s | ETA: 431s
[  12/300] samples:    530 | chain(game/max/avg): 4/4/3.3 | reward(game/avg): 10720/7215 | 0.73 games/s | ETA: 393s
[  13/300] samples:    580 | chain(game/max/avg): 4/4/3.4 | reward(game/avg): 9820/7415 | 0.79 games/s | ETA: 363s
[  14/300] samples:    630 | chain(game/max/avg): 4/4/3.4 | reward(game/avg): 8800/7514 | 0.85 games/s | ETA: 336s
[  15/300] samples:    680 | chain(game/max/avg): 4/4/3.5 | reward(game/avg): 11620/7788 | 0.91 games/s | ETA: 313s
[  16/300] samples:    730 | chain(game/max/avg): 4/4/3.5 | reward(game/avg): 7980/7800 | 0.97 games/s | ETA: 293s
[  17/300] samples:    780 | chain(game/max/avg): 3/4/3.5 | reward(game/avg): 8060/7815 | 1.03 games/s | ETA: 275s
[  18/300] samples:    830 | chain(game/max/avg): 3/4/3.4 | reward(game/avg): 7320/7788 | 1.09 games/s | ETA: 260s
[  19/300] samples:    880 | chain(game/max/avg): 5/5/3.5 | reward(game/avg): 11700/7994 | 1.15 games/s | ETA: 245s
[  20/300] samples:    930 | chain(game/max/avg): 3/5/3.5 | reward(game/avg): 7750/7982 | 1.21 games/s | ETA: 232s
[  21/300] samples:    980 | chain(game/max/avg): 5/5/3.6 | reward(game/avg): 14420/8288 | 1.27 games/s | ETA: 221s
[  22/300] samples:   1030 | chain(game/max/avg): 3/5/3.5 | reward(game/avg): 8260/8287 | 1.33 games/s | ETA: 210s
[  23/300] samples:   1080 | chain(game/max/avg): 4/5/3.6 | reward(game/avg): 8740/8307 | 1.38 games/s | ETA: 200s
[  24/300] samples:   1130 | chain(game/max/avg): 3/5/3.5 | reward(game/avg): 7700/8281 | 1.44 games/s | ETA: 191s
[  25/300] samples:   1180 | chain(game/max/avg): 4/5/3.6 | reward(game/avg): 9900/8346 | 1.50 games/s | ETA: 183s
[  26/300] samples:   1230 | chain(game/max/avg): 4/5/3.6 | reward(game/avg): 8980/8370 | 1.56 games/s | ETA: 176s
[  27/300] samples:   1280 | chain(game/max/avg): 3/5/3.6 | reward(game/avg): 6430/8299 | 1.62 games/s | ETA: 169s
[  28/300] samples:   1330 | chain(game/max/avg): 3/5/3.5 | reward(game/avg): 8080/8291 | 1.68 games/s | ETA: 162s
[  29/300] samples:   1380 | chain(game/max/avg): 4/5/3.6 | reward(game/avg): 7180/8252 | 1.74 games/s | ETA: 156s
[  30/300] samples:   1430 | chain(game/max/avg): 3/5/3.5 | reward(game/avg): 6680/8200 | 1.79 games/s | ETA: 151s
[  31/300] samples:   1480 | chain(game/max/avg): 3/5/3.5 | reward(game/avg): 6980/8161 | 1.85 games/s | ETA: 145s
[  32/300] samples:   1530 | chain(game/max/avg): 4/5/3.5 | reward(game/avg): 8480/8171 | 1.91 games/s | ETA: 141s
[  33/300] samples:   1580 | chain(game/max/avg): 4/5/3.5 | reward(game/avg): 7960/8164 | 1.97 games/s | ETA: 136s
[  34/300] samples:   1630 | chain(game/max/avg): 3/5/3.5 | reward(game/avg): 7020/8131 | 2.02 games/s | ETA: 132s
[  35/300] samples:   1680 | chain(game/max/avg): 4/5/3.5 | reward(game/avg): 10380/8195 | 2.07 games/s | ETA: 128s
[  36/300] samples:   1730 | chain(game/max/avg): 4/5/3.6 | reward(game/avg): 9470/8230 | 2.13 games/s | ETA: 124s
[  37/300] samples:   1780 | chain(game/max/avg): 4/5/3.6 | reward(game/avg): 8200/8229 | 2.19 games/s | ETA: 120s
[  38/300] samples:   1830 | chain(game/max/avg): 4/5/3.6 | reward(game/avg): 10320/8284 | 2.25 games/s | ETA: 117s
[  39/300] samples:   1880 | chain(game/max/avg): 4/5/3.6 | reward(game/avg): 6940/8250 | 2.30 games/s | ETA: 113s
[  40/300] samples:   1930 | chain(game/max/avg): 3/5/3.6 | reward(game/avg): 5840/8190 | 2.36 games/s | ETA: 110s
[  41/300] samples:   1980 | chain(game/max/avg): 4/5/3.6 | reward(game/avg): 8830/8205 | 2.42 games/s | ETA: 107s
[  42/300] samples:   2030 | chain(game/max/avg): 3/5/3.6 | reward(game/avg): 7960/8200 | 2.48 games/s | ETA: 104s
[  43/300] samples:   2080 | chain(game/max/avg): 3/5/3.6 | reward(game/avg): 6610/8163 | 2.53 games/s | ETA: 101s
[  44/300] samples:   2130 | chain(game/max/avg): 4/5/3.6 | reward(game/avg): 8200/8163 | 2.59 games/s | ETA: 99s
[  45/300] samples:   2180 | chain(game/max/avg): 4/5/3.6 | reward(game/avg): 10480/8215 | 2.65 games/s | ETA: 96s
[  46/300] samples:   2230 | chain(game/max/avg): 4/5/3.6 | reward(game/avg): 6900/8186 | 2.71 games/s | ETA: 94s
[  47/300] samples:   2280 | chain(game/max/avg): 4/5/3.6 | reward(game/avg): 8520/8193 | 2.77 games/s | ETA: 91s
[  48/300] samples:   2330 | chain(game/max/avg): 4/5/3.6 | reward(game/avg): 10590/8243 | 2.83 games/s | ETA: 89s
[  49/300] samples:   2380 | chain(game/max/avg): 4/5/3.6 | reward(game/avg): 7460/8227 | 2.88 games/s | ETA: 87s
[  50/300] samples:   2430 | chain(game/max/avg): 4/5/3.6 | reward(game/avg): 10620/8275 | 2.93 games/s | ETA: 85s
[  51/300] samples:   2480 | chain(game/max/avg): 4/5/3.6 | reward(game/avg): 10420/8317 | 2.99 games/s | ETA: 83s
[  52/300] samples:   2530 | chain(game/max/avg): 4/5/3.6 | reward(game/avg): 9850/8347 | 3.05 games/s | ETA: 81s
[  53/300] samples:   2580 | chain(game/max/avg): 4/5/3.6 | reward(game/avg): 8660/8353 | 3.11 games/s | ETA: 80s
[  54/300] samples:   2630 | chain(game/max/avg): 3/5/3.6 | reward(game/avg): 7020/8328 | 3.16 games/s | ETA: 78s
[  55/300] samples:   2680 | chain(game/max/avg): 4/5/3.6 | reward(game/avg): 8560/8332 | 3.22 games/s | ETA: 76s
[  56/300] samples:   2730 | chain(game/max/avg): 3/5/3.6 | reward(game/avg): 6880/8306 | 3.28 games/s | ETA: 74s
[  57/300] samples:   2780 | chain(game/max/avg): 3/5/3.6 | reward(game/avg): 6320/8271 | 3.33 games/s | ETA: 73s
[  58/300] samples:   2830 | chain(game/max/avg): 3/5/3.6 | reward(game/avg): 7440/8257 | 3.39 games/s | ETA: 71s
[  59/300] samples:   2880 | chain(game/max/avg): 4/5/3.6 | reward(game/avg): 11260/8308 | 3.45 games/s | ETA: 70s
[  60/300] samples:   2930 | chain(game/max/avg): 3/5/3.6 | reward(game/avg): 6960/8286 | 3.50 games/s | ETA: 68s
[  61/300] samples:   2980 | chain(game/max/avg): 3/5/3.6 | reward(game/avg): 5240/8236 | 3.56 games/s | ETA: 67s
[  62/300] samples:   3030 | chain(game/max/avg): 4/5/3.6 | reward(game/avg): 6900/8214 | 3.62 games/s | ETA: 66s
[  63/300] samples:   3080 | chain(game/max/avg): 4/5/3.6 | reward(game/avg): 10180/8245 | 3.67 games/s | ETA: 65s
[  64/300] samples:   3130 | chain(game/max/avg): 4/5/3.6 | reward(game/avg): 9880/8271 | 3.73 games/s | ETA: 63s
[  65/300] samples:   3180 | chain(game/max/avg): 3/5/3.6 | reward(game/avg): 8870/8280 | 3.79 games/s | ETA: 62s
[  66/300] samples:   3230 | chain(game/max/avg): 4/5/3.6 | reward(game/avg): 8300/8280 | 3.84 games/s | ETA: 61s
[  67/300] samples:   3280 | chain(game/max/avg): 4/5/3.6 | reward(game/avg): 7820/8273 | 3.90 games/s | ETA: 60s
[  68/300] samples:   3330 | chain(game/max/avg): 4/5/3.6 | reward(game/avg): 11780/8325 | 3.96 games/s | ETA: 59s
[  69/300] samples:   3380 | chain(game/max/avg): 4/5/3.6 | reward(game/avg): 8120/8322 | 4.01 games/s | ETA: 58s
[  70/300] samples:   3430 | chain(game/max/avg): 4/5/3.6 | reward(game/avg): 8000/8317 | 4.07 games/s | ETA: 57s
[  71/300] samples:   3480 | chain(game/max/avg): 3/5/3.6 | reward(game/avg): 8580/8321 | 4.13 games/s | ETA: 55s
[  72/300] samples:   3530 | chain(game/max/avg): 4/5/3.6 | reward(game/avg): 10180/8347 | 4.18 games/s | ETA: 54s
[  73/300] samples:   3580 | chain(game/max/avg): 4/5/3.6 | reward(game/avg): 7690/8338 | 4.24 games/s | ETA: 54s
[  74/300] samples:   3630 | chain(game/max/avg): 4/5/3.6 | reward(game/avg): 10240/8364 | 4.30 games/s | ETA: 53s
[  75/300] samples:   3680 | chain(game/max/avg): 3/5/3.6 | reward(game/avg): 8700/8368 | 4.35 games/s | ETA: 52s
[  76/300] samples:   3730 | chain(game/max/avg): 4/5/3.6 | reward(game/avg): 7740/8360 | 4.41 games/s | ETA: 51s
[  77/300] samples:   3780 | chain(game/max/avg): 4/5/3.6 | reward(game/avg): 7780/8352 | 4.46 games/s | ETA: 50s
[  78/300] samples:   3830 | chain(game/max/avg): 4/5/3.6 | reward(game/avg): 10080/8374 | 4.51 games/s | ETA: 49s
[  79/300] samples:   3880 | chain(game/max/avg): 4/5/3.6 | reward(game/avg): 9690/8391 | 4.56 games/s | ETA: 48s
[  80/300] samples:   3930 | chain(game/max/avg): 3/5/3.6 | reward(game/avg): 8440/8392 | 4.62 games/s | ETA: 48s
[  81/300] samples:   3980 | chain(game/max/avg): 3/5/3.6 | reward(game/avg): 7400/8380 | 4.67 games/s | ETA: 47s
[  82/300] samples:   4030 | chain(game/max/avg): 4/5/3.6 | reward(game/avg): 9740/8396 | 4.72 games/s | ETA: 46s
[  83/300] samples:   4080 | chain(game/max/avg): 4/5/3.6 | reward(game/avg): 9040/8404 | 4.77 games/s | ETA: 46s
[  84/300] samples:   4130 | chain(game/max/avg): 4/5/3.6 | reward(game/avg): 11260/8438 | 4.83 games/s | ETA: 45s
[  85/300] samples:   4180 | chain(game/max/avg): 3/5/3.6 | reward(game/avg): 7390/8426 | 4.88 games/s | ETA: 44s
[  86/300] samples:   4230 | chain(game/max/avg): 4/5/3.6 | reward(game/avg): 8960/8432 | 4.94 games/s | ETA: 43s
[  87/300] samples:   4280 | chain(game/max/avg): 4/5/3.6 | reward(game/avg): 9680/8446 | 4.99 games/s | ETA: 43s
[  88/300] samples:   4330 | chain(game/max/avg): 4/5/3.6 | reward(game/avg): 9460/8458 | 5.05 games/s | ETA: 42s
[  89/300] samples:   4380 | chain(game/max/avg): 4/5/3.7 | reward(game/avg): 9660/8471 | 5.11 games/s | ETA: 41s
[  90/300] samples:   4430 | chain(game/max/avg): 3/5/3.6 | reward(game/avg): 6840/8453 | 5.16 games/s | ETA: 41s
[  91/300] samples:   4480 | chain(game/max/avg): 3/5/3.6 | reward(game/avg): 8920/8458 | 5.21 games/s | ETA: 40s
[  92/300] samples:   4530 | chain(game/max/avg): 4/5/3.6 | reward(game/avg): 9930/8474 | 5.27 games/s | ETA: 39s
[  93/300] samples:   4580 | chain(game/max/avg): 4/5/3.6 | reward(game/avg): 8660/8476 | 5.33 games/s | ETA: 39s
[  94/300] samples:   4630 | chain(game/max/avg): 4/5/3.6 | reward(game/avg): 8780/8479 | 5.38 games/s | ETA: 38s
[  95/300] samples:   4680 | chain(game/max/avg): 3/5/3.6 | reward(game/avg): 7820/8472 | 5.43 games/s | ETA: 38s
[  96/300] samples:   4730 | chain(game/max/avg): 3/5/3.6 | reward(game/avg): 7040/8458 | 5.49 games/s | ETA: 37s
[  97/300] samples:   4780 | chain(game/max/avg): 3/5/3.6 | reward(game/avg): 7100/8444 | 5.54 games/s | ETA: 37s
[  98/300] samples:   4830 | chain(game/max/avg): 4/5/3.6 | reward(game/avg): 8480/8444 | 5.60 games/s | ETA: 36s
[  99/300] samples:   4880 | chain(game/max/avg): 3/5/3.6 | reward(game/avg): 7800/8437 | 5.63 games/s | ETA: 36s
[ 100/300] samples:   4930 | chain(game/max/avg): 4/5/3.6 | reward(game/avg): 7140/8424 | 5.68 games/s | ETA: 35s
[ 101/300] samples:   4941 | chain(game/max/avg): 0/5/3.6 | reward(game/avg): 0/8341 | 5.13 games/s | ETA: 39s
[ 102/300] samples:   4991 | chain(game/max/avg): 4/5/3.6 | reward(game/avg): 9320/8351 | 5.16 games/s | ETA: 38s
[ 103/300] samples:   5011 | chain(game/max/avg): 3/5/3.6 | reward(game/avg): 1720/8286 | 4.16 games/s | ETA: 47s
[ 104/300] samples:   5040 | chain(game/max/avg): 4/5/3.6 | reward(game/avg): 4400/8249 | 3.65 games/s | ETA: 54s
[ 105/300] samples:   5069 | chain(game/max/avg): 2/5/3.6 | reward(game/avg): 2100/8190 | 3.48 games/s | ETA: 56s
[ 106/300] samples:   5119 | chain(game/max/avg): 4/5/3.6 | reward(game/avg): 9620/8204 | 3.38 games/s | ETA: 57s
[ 107/300] samples:   5169 | chain(game/max/avg): 3/5/3.6 | reward(game/avg): 9040/8212 | 3.30 games/s | ETA: 59s
[ 108/300] samples:   5219 | chain(game/max/avg): 4/5/3.6 | reward(game/avg): 7230/8202 | 3.07 games/s | ETA: 62s
[ 109/300] samples:   5269 | chain(game/max/avg): 4/5/3.6 | reward(game/avg): 8740/8207 | 3.05 games/s | ETA: 63s
[ 110/300] samples:   5319 | chain(game/max/avg): 3/5/3.6 | reward(game/avg): 7740/8203 | 3.08 games/s | ETA: 62s
[ 111/300] samples:   5369 | chain(game/max/avg): 4/5/3.6 | reward(game/avg): 8480/8206 | 3.10 games/s | ETA: 61s
[ 112/300] samples:   5419 | chain(game/max/avg): 4/5/3.6 | reward(game/avg): 9940/8221 | 3.13 games/s | ETA: 60s
[ 113/300] samples:   5469 | chain(game/max/avg): 4/5/3.6 | reward(game/avg): 9340/8231 | 3.15 games/s | ETA: 59s
[ 114/300] samples:   5519 | chain(game/max/avg): 3/5/3.6 | reward(game/avg): 5300/8205 | 3.17 games/s | ETA: 59s
[ 115/300] samples:   5569 | chain(game/max/avg): 4/5/3.6 | reward(game/avg): 8680/8209 | 3.18 games/s | ETA: 58s
[ 116/300] samples:   5619 | chain(game/max/avg): 4/5/3.6 | reward(game/avg): 8620/8213 | 3.20 games/s | ETA: 58s
[ 117/300] samples:   5669 | chain(game/max/avg): 4/5/3.6 | reward(game/avg): 11360/8240 | 3.22 games/s | ETA: 57s
[ 118/300] samples:   5719 | chain(game/max/avg): 4/5/3.6 | reward(game/avg): 10080/8256 | 3.25 games/s | ETA: 56s
[ 119/300] samples:   5769 | chain(game/max/avg): 4/5/3.6 | reward(game/avg): 9550/8266 | 3.27 games/s | ETA: 55s
[ 120/300] samples:   5819 | chain(game/max/avg): 4/5/3.6 | reward(game/avg): 7320/8258 | 3.29 games/s | ETA: 55s
[ 121/300] samples:   5869 | chain(game/max/avg): 3/5/3.6 | reward(game/avg): 8720/8262 | 3.32 games/s | ETA: 54s
[ 122/300] samples:   5919 | chain(game/max/avg): 4/5/3.6 | reward(game/avg): 8960/8268 | 3.34 games/s | ETA: 53s
[ 123/300] samples:   5969 | chain(game/max/avg): 4/5/3.6 | reward(game/avg): 9140/8275 | 3.36 games/s | ETA: 53s
[ 124/300] samples:   6019 | chain(game/max/avg): 4/5/3.6 | reward(game/avg): 8320/8275 | 3.39 games/s | ETA: 52s
[ 125/300] samples:   6069 | chain(game/max/avg): 4/5/3.6 | reward(game/avg): 7600/8270 | 3.42 games/s | ETA: 51s
[ 126/300] samples:   6119 | chain(game/max/avg): 5/5/3.6 | reward(game/avg): 10840/8290 | 3.44 games/s | ETA: 51s
[ 127/300] samples:   6169 | chain(game/max/avg): 4/5/3.6 | reward(game/avg): 7940/8288 | 3.47 games/s | ETA: 50s
[ 128/300] samples:   6219 | chain(game/max/avg): 4/5/3.6 | reward(game/avg): 9280/8295 | 3.50 games/s | ETA: 49s
[ 129/300] samples:   6269 | chain(game/max/avg): 4/5/3.6 | reward(game/avg): 9120/8302 | 3.52 games/s | ETA: 49s
[ 130/300] samples:   6319 | chain(game/max/avg): 4/5/3.6 | reward(game/avg): 8000/8300 | 3.55 games/s | ETA: 48s
[ 131/300] samples:   6369 | chain(game/max/avg): 4/5/3.6 | reward(game/avg): 8580/8302 | 3.58 games/s | ETA: 47s
[ 132/300] samples:   6419 | chain(game/max/avg): 3/5/3.6 | reward(game/avg): 7440/8295 | 3.60 games/s | ETA: 47s
[ 133/300] samples:   6469 | chain(game/max/avg): 4/5/3.6 | reward(game/avg): 8260/8295 | 3.63 games/s | ETA: 46s
[ 134/300] samples:   6519 | chain(game/max/avg): 4/5/3.6 | reward(game/avg): 7880/8292 | 3.65 games/s | ETA: 45s
[ 135/300] samples:   6569 | chain(game/max/avg): 3/5/3.6 | reward(game/avg): 7180/8284 | 3.68 games/s | ETA: 45s
[ 136/300] samples:   6619 | chain(game/max/avg): 4/5/3.6 | reward(game/avg): 10220/8298 | 3.70 games/s | ETA: 44s
[ 137/300] samples:   6669 | chain(game/max/avg): 3/5/3.6 | reward(game/avg): 6730/8286 | 3.73 games/s | ETA: 44s
[ 138/300] samples:   6719 | chain(game/max/avg): 4/5/3.6 | reward(game/avg): 9660/8296 | 3.75 games/s | ETA: 43s
[ 139/300] samples:   6769 | chain(game/max/avg): 4/5/3.6 | reward(game/avg): 10600/8313 | 3.78 games/s | ETA: 43s
[ 140/300] samples:   6819 | chain(game/max/avg): 4/5/3.6 | reward(game/avg): 9840/8324 | 3.80 games/s | ETA: 42s
[ 141/300] samples:   6869 | chain(game/max/avg): 4/5/3.6 | reward(game/avg): 7500/8318 | 3.83 games/s | ETA: 42s
[ 142/300] samples:   6919 | chain(game/max/avg): 4/5/3.6 | reward(game/avg): 8920/8322 | 3.86 games/s | ETA: 41s
[ 143/300] samples:   6969 | chain(game/max/avg): 4/5/3.7 | reward(game/avg): 8820/8326 | 3.88 games/s | ETA: 40s
[ 144/300] samples:   7019 | chain(game/max/avg): 3/5/3.6 | reward(game/avg): 7200/8318 | 3.91 games/s | ETA: 40s
[ 145/300] samples:   7069 | chain(game/max/avg): 4/5/3.6 | reward(game/avg): 10320/8332 | 3.93 games/s | ETA: 39s
[ 146/300] samples:   7119 | chain(game/max/avg): 4/5/3.7 | reward(game/avg): 7420/8325 | 3.96 games/s | ETA: 39s
[ 147/300] samples:   7169 | chain(game/max/avg): 3/5/3.6 | reward(game/avg): 8190/8324 | 3.99 games/s | ETA: 38s
[ 148/300] samples:   7219 | chain(game/max/avg): 4/5/3.6 | reward(game/avg): 8270/8324 | 4.01 games/s | ETA: 38s
[ 149/300] samples:   7269 | chain(game/max/avg): 4/5/3.7 | reward(game/avg): 10700/8340 | 4.04 games/s | ETA: 37s
[ 150/300] samples:   7319 | chain(game/max/avg): 4/5/3.7 | reward(game/avg): 9520/8348 | 4.06 games/s | ETA: 37s
[ 151/300] samples:   7369 | chain(game/max/avg): 3/5/3.6 | reward(game/avg): 8840/8351 | 4.09 games/s | ETA: 36s
[ 152/300] samples:   7419 | chain(game/max/avg): 4/5/3.7 | reward(game/avg): 10200/8363 | 4.11 games/s | ETA: 36s
[ 153/300] samples:   7469 | chain(game/max/avg): 4/5/3.7 | reward(game/avg): 7660/8359 | 4.14 games/s | ETA: 36s
[ 154/300] samples:   7519 | chain(game/max/avg): 3/5/3.6 | reward(game/avg): 6620/8347 | 4.16 games/s | ETA: 35s
[ 155/300] samples:   7569 | chain(game/max/avg): 4/5/3.7 | reward(game/avg): 10720/8363 | 4.19 games/s | ETA: 35s
[ 156/300] samples:   7619 | chain(game/max/avg): 4/5/3.7 | reward(game/avg): 7680/8358 | 4.21 games/s | ETA: 34s
[ 157/300] samples:   7669 | chain(game/max/avg): 4/5/3.7 | reward(game/avg): 8620/8360 | 4.24 games/s | ETA: 34s
[ 158/300] samples:   7719 | chain(game/max/avg): 3/5/3.7 | reward(game/avg): 8430/8361 | 4.26 games/s | ETA: 33s
[ 159/300] samples:   7769 | chain(game/max/avg): 4/5/3.7 | reward(game/avg): 8220/8360 | 4.29 games/s | ETA: 33s
[ 160/300] samples:   7819 | chain(game/max/avg): 4/5/3.7 | reward(game/avg): 9120/8364 | 4.31 games/s | ETA: 32s
[ 161/300] samples:   7869 | chain(game/max/avg): 4/5/3.7 | reward(game/avg): 9380/8371 | 4.34 games/s | ETA: 32s
[ 162/300] samples:   7919 | chain(game/max/avg): 4/5/3.7 | reward(game/avg): 11380/8389 | 4.37 games/s | ETA: 32s
[ 163/300] samples:   7969 | chain(game/max/avg): 3/5/3.7 | reward(game/avg): 7500/8384 | 4.39 games/s | ETA: 31s
[ 164/300] samples:   8019 | chain(game/max/avg): 4/5/3.7 | reward(game/avg): 7870/8381 | 4.42 games/s | ETA: 31s
[ 165/300] samples:   8069 | chain(game/max/avg): 3/5/3.7 | reward(game/avg): 6940/8372 | 4.44 games/s | ETA: 30s
[ 166/300] samples:   8119 | chain(game/max/avg): 4/5/3.7 | reward(game/avg): 7680/8368 | 4.47 games/s | ETA: 30s
[ 167/300] samples:   8169 | chain(game/max/avg): 4/5/3.7 | reward(game/avg): 9230/8373 | 4.49 games/s | ETA: 30s
[ 168/300] samples:   8219 | chain(game/max/avg): 4/5/3.7 | reward(game/avg): 8680/8375 | 4.51 games/s | ETA: 29s
[ 169/300] samples:   8269 | chain(game/max/avg): 4/5/3.7 | reward(game/avg): 8180/8374 | 4.54 games/s | ETA: 29s
[ 170/300] samples:   8319 | chain(game/max/avg): 4/5/3.7 | reward(game/avg): 10160/8384 | 4.57 games/s | ETA: 28s
[ 171/300] samples:   8369 | chain(game/max/avg): 4/5/3.7 | reward(game/avg): 8120/8383 | 4.59 games/s | ETA: 28s
[ 172/300] samples:   8419 | chain(game/max/avg): 4/5/3.7 | reward(game/avg): 7660/8378 | 4.62 games/s | ETA: 28s
[ 173/300] samples:   8469 | chain(game/max/avg): 4/5/3.7 | reward(game/avg): 10670/8392 | 4.64 games/s | ETA: 27s
[ 174/300] samples:   8519 | chain(game/max/avg): 4/5/3.7 | reward(game/avg): 8840/8394 | 4.67 games/s | ETA: 27s
[ 175/300] samples:   8569 | chain(game/max/avg): 4/5/3.7 | reward(game/avg): 8900/8397 | 4.69 games/s | ETA: 27s
[ 176/300] samples:   8619 | chain(game/max/avg): 4/5/3.7 | reward(game/avg): 7760/8393 | 4.72 games/s | ETA: 26s
[ 177/300] samples:   8669 | chain(game/max/avg): 4/5/3.7 | reward(game/avg): 11500/8411 | 4.74 games/s | ETA: 26s
[ 178/300] samples:   8719 | chain(game/max/avg): 4/5/3.7 | reward(game/avg): 8440/8411 | 4.75 games/s | ETA: 26s
[ 179/300] samples:   8769 | chain(game/max/avg): 4/5/3.7 | reward(game/avg): 7000/8403 | 4.78 games/s | ETA: 25s
[ 180/300] samples:   8819 | chain(game/max/avg): 3/5/3.7 | reward(game/avg): 5460/8387 | 4.80 games/s | ETA: 25s
[ 181/300] samples:   8869 | chain(game/max/avg): 4/5/3.7 | reward(game/avg): 10220/8397 | 4.83 games/s | ETA: 25s
[ 182/300] samples:   8919 | chain(game/max/avg): 4/5/3.7 | reward(game/avg): 8280/8396 | 4.85 games/s | ETA: 24s
[ 183/300] samples:   8969 | chain(game/max/avg): 4/5/3.7 | reward(game/avg): 6600/8387 | 4.87 games/s | ETA: 24s
[ 184/300] samples:   9019 | chain(game/max/avg): 3/5/3.7 | reward(game/avg): 7280/8381 | 4.90 games/s | ETA: 24s
[ 185/300] samples:   9069 | chain(game/max/avg): 4/5/3.7 | reward(game/avg): 9860/8389 | 4.92 games/s | ETA: 23s
[ 186/300] samples:   9119 | chain(game/max/avg): 4/5/3.7 | reward(game/avg): 9100/8392 | 4.95 games/s | ETA: 23s
[ 187/300] samples:   9169 | chain(game/max/avg): 3/5/3.7 | reward(game/avg): 6660/8383 | 4.97 games/s | ETA: 23s
[ 188/300] samples:   9219 | chain(game/max/avg): 4/5/3.7 | reward(game/avg): 10190/8393 | 4.99 games/s | ETA: 22s
[ 189/300] samples:   9269 | chain(game/max/avg): 4/5/3.7 | reward(game/avg): 8660/8394 | 5.02 games/s | ETA: 22s
[ 190/300] samples:   9319 | chain(game/max/avg): 3/5/3.7 | reward(game/avg): 7670/8390 | 5.04 games/s | ETA: 22s
[ 191/300] samples:   9369 | chain(game/max/avg): 3/5/3.7 | reward(game/avg): 6960/8383 | 5.06 games/s | ETA: 22s
[ 192/300] samples:   9419 | chain(game/max/avg): 3/5/3.7 | reward(game/avg): 7600/8379 | 5.09 games/s | ETA: 21s
[ 193/300] samples:   9469 | chain(game/max/avg): 3/5/3.7 | reward(game/avg): 7000/8372 | 5.11 games/s | ETA: 21s
[ 194/300] samples:   9519 | chain(game/max/avg): 4/5/3.7 | reward(game/avg): 6900/8364 | 5.14 games/s | ETA: 21s
[ 195/300] samples:   9569 | chain(game/max/avg): 3/5/3.7 | reward(game/avg): 8480/8365 | 5.16 games/s | ETA: 20s
[ 196/300] samples:   9619 | chain(game/max/avg): 3/5/3.7 | reward(game/avg): 7820/8362 | 5.17 games/s | ETA: 20s
[ 197/300] samples:   9669 | chain(game/max/avg): 4/5/3.7 | reward(game/avg): 9140/8366 | 5.18 games/s | ETA: 20s
[ 198/300] samples:   9719 | chain(game/max/avg): 3/5/3.7 | reward(game/avg): 8160/8365 | 5.20 games/s | ETA: 20s
[ 199/300] samples:   9769 | chain(game/max/avg): 3/5/3.7 | reward(game/avg): 6180/8354 | 5.23 games/s | ETA: 19s
[ 200/300] samples:   9819 | chain(game/max/avg): 3/5/3.7 | reward(game/avg): 6750/8346 | 5.25 games/s | ETA: 19s
[ 201/300] samples:   9869 | chain(game/max/avg): 4/5/3.7 | reward(game/avg): 8820/8348 | 5.04 games/s | ETA: 20s
[ 202/300] samples:   9919 | chain(game/max/avg): 3/5/3.7 | reward(game/avg): 8380/8348 | 5.04 games/s | ETA: 19s
[ 203/300] samples:   9932 | chain(game/max/avg): 1/5/3.6 | reward(game/avg): 40/8307 | 5.04 games/s | ETA: 19s
[ 204/300] samples:   9982 | chain(game/max/avg): 4/5/3.6 | reward(game/avg): 9640/8314 | 4.75 games/s | ETA: 20s
[ 205/300] samples:  10032 | chain(game/max/avg): 3/5/3.6 | reward(game/avg): 8860/8317 | 4.49 games/s | ETA: 21s
[ 206/300] samples:  10082 | chain(game/max/avg): 4/5/3.6 | reward(game/avg): 9540/8323 | 4.48 games/s | ETA: 21s
[ 207/300] samples:  10132 | chain(game/max/avg): 5/5/3.6 | reward(game/avg): 9060/8326 | 4.42 games/s | ETA: 21s
[ 208/300] samples:  10182 | chain(game/max/avg): 3/5/3.6 | reward(game/avg): 7290/8321 | 4.33 games/s | ETA: 21s
[ 209/300] samples:  10223 | chain(game/max/avg): 3/5/3.6 | reward(game/avg): 4620/8303 | 4.29 games/s | ETA: 21s
[ 210/300] samples:  10273 | chain(game/max/avg): 4/5/3.6 | reward(game/avg): 8300/8303 | 4.12 games/s | ETA: 22s
[ 211/300] samples:  10323 | chain(game/max/avg): 4/5/3.6 | reward(game/avg): 7900/8301 | 4.12 games/s | ETA: 22s
[ 212/300] samples:  10373 | chain(game/max/avg): 4/5/3.6 | reward(game/avg): 9600/8308 | 4.12 games/s | ETA: 21s
[ 213/300] samples:  10423 | chain(game/max/avg): 4/5/3.6 | reward(game/avg): 10550/8318 | 4.10 games/s | ETA: 21s
[ 214/300] samples:  10473 | chain(game/max/avg): 3/5/3.6 | reward(game/avg): 7930/8316 | 4.11 games/s | ETA: 21s
[ 215/300] samples:  10523 | chain(game/max/avg): 3/5/3.6 | reward(game/avg): 6940/8310 | 4.10 games/s | ETA: 21s
[ 216/300] samples:  10573 | chain(game/max/avg): 3/5/3.6 | reward(game/avg): 7280/8305 | 4.12 games/s | ETA: 20s
[ 217/300] samples:  10623 | chain(game/max/avg): 4/5/3.6 | reward(game/avg): 9850/8312 | 4.11 games/s | ETA: 20s
[ 218/300] samples:  10673 | chain(game/max/avg): 4/5/3.6 | reward(game/avg): 11200/8326 | 4.13 games/s | ETA: 20s
[ 219/300] samples:  10723 | chain(game/max/avg): 4/5/3.6 | reward(game/avg): 8040/8324 | 4.07 games/s | ETA: 20s
[ 220/300] samples:  10773 | chain(game/max/avg): 4/5/3.6 | reward(game/avg): 7890/8322 | 4.08 games/s | ETA: 20s
[ 221/300] samples:  10823 | chain(game/max/avg): 3/5/3.6 | reward(game/avg): 6500/8314 | 4.10 games/s | ETA: 19s
[ 222/300] samples:  10873 | chain(game/max/avg): 4/5/3.6 | reward(game/avg): 11200/8327 | 4.09 games/s | ETA: 19s
[ 223/300] samples:  10923 | chain(game/max/avg): 4/5/3.6 | reward(game/avg): 11400/8341 | 4.10 games/s | ETA: 19s
[ 224/300] samples:  10973 | chain(game/max/avg): 3/5/3.6 | reward(game/avg): 7200/8336 | 4.12 games/s | ETA: 18s
[ 225/300] samples:  11023 | chain(game/max/avg): 4/5/3.6 | reward(game/avg): 8100/8335 | 4.12 games/s | ETA: 18s
[ 226/300] samples:  11073 | chain(game/max/avg): 4/5/3.6 | reward(game/avg): 9100/8338 | 4.12 games/s | ETA: 18s
[ 227/300] samples:  11123 | chain(game/max/avg): 4/5/3.6 | reward(game/avg): 9260/8342 | 4.13 games/s | ETA: 18s
[ 228/300] samples:  11173 | chain(game/max/avg): 4/5/3.6 | reward(game/avg): 8320/8342 | 4.15 games/s | ETA: 17s
[ 229/300] samples:  11223 | chain(game/max/avg): 3/5/3.6 | reward(game/avg): 7040/8336 | 4.14 games/s | ETA: 17s
[ 230/300] samples:  11273 | chain(game/max/avg): 4/5/3.6 | reward(game/avg): 7920/8334 | 4.16 games/s | ETA: 17s
[ 231/300] samples:  11323 | chain(game/max/avg): 4/5/3.6 | reward(game/avg): 6840/8328 | 4.18 games/s | ETA: 17s
[ 232/300] samples:  11373 | chain(game/max/avg): 3/5/3.6 | reward(game/avg): 7300/8324 | 4.17 games/s | ETA: 16s
[ 233/300] samples:  11423 | chain(game/max/avg): 3/5/3.6 | reward(game/avg): 6560/8316 | 4.17 games/s | ETA: 16s
[ 234/300] samples:  11473 | chain(game/max/avg): 3/5/3.6 | reward(game/avg): 6960/8310 | 4.18 games/s | ETA: 16s
[ 235/300] samples:  11523 | chain(game/max/avg): 4/5/3.6 | reward(game/avg): 10160/8318 | 4.20 games/s | ETA: 15s
[ 236/300] samples:  11573 | chain(game/max/avg): 4/5/3.6 | reward(game/avg): 8240/8318 | 4.15 games/s | ETA: 15s
[ 237/300] samples:  11623 | chain(game/max/avg): 4/5/3.6 | reward(game/avg): 9300/8322 | 4.16 games/s | ETA: 15s
[ 238/300] samples:  11673 | chain(game/max/avg): 4/5/3.6 | reward(game/avg): 11440/8335 | 4.18 games/s | ETA: 15s
[ 239/300] samples:  11723 | chain(game/max/avg): 4/5/3.6 | reward(game/avg): 9640/8340 | 4.20 games/s | ETA: 15s
[ 240/300] samples:  11773 | chain(game/max/avg): 4/5/3.6 | reward(game/avg): 8060/8339 | 4.21 games/s | ETA: 14s
[ 241/300] samples:  11823 | chain(game/max/avg): 3/5/3.6 | reward(game/avg): 5560/8328 | 4.23 games/s | ETA: 14s
[ 242/300] samples:  11873 | chain(game/max/avg): 4/5/3.6 | reward(game/avg): 10100/8335 | 4.25 games/s | ETA: 14s
[ 243/300] samples:  11923 | chain(game/max/avg): 4/5/3.7 | reward(game/avg): 10660/8345 | 4.26 games/s | ETA: 13s
[ 244/300] samples:  11973 | chain(game/max/avg): 3/5/3.6 | reward(game/avg): 6480/8337 | 4.28 games/s | ETA: 13s
[ 245/300] samples:  12023 | chain(game/max/avg): 3/5/3.6 | reward(game/avg): 7200/8332 | 4.30 games/s | ETA: 13s
[ 246/300] samples:  12073 | chain(game/max/avg): 4/5/3.6 | reward(game/avg): 8960/8335 | 4.31 games/s | ETA: 13s
[ 247/300] samples:  12123 | chain(game/max/avg): 3/5/3.6 | reward(game/avg): 7350/8331 | 4.33 games/s | ETA: 12s
[ 248/300] samples:  12173 | chain(game/max/avg): 4/5/3.6 | reward(game/avg): 10680/8340 | 4.34 games/s | ETA: 12s
[ 249/300] samples:  12223 | chain(game/max/avg): 4/5/3.6 | reward(game/avg): 9140/8344 | 4.36 games/s | ETA: 12s
[ 250/300] samples:  12273 | chain(game/max/avg): 4/5/3.6 | reward(game/avg): 9740/8349 | 4.38 games/s | ETA: 11s
[ 251/300] samples:  12323 | chain(game/max/avg): 4/5/3.6 | reward(game/avg): 9160/8352 | 4.37 games/s | ETA: 11s
[ 252/300] samples:  12373 | chain(game/max/avg): 4/5/3.7 | reward(game/avg): 10180/8360 | 4.39 games/s | ETA: 11s
[ 253/300] samples:  12423 | chain(game/max/avg): 4/5/3.7 | reward(game/avg): 10320/8367 | 4.41 games/s | ETA: 11s
[ 254/300] samples:  12473 | chain(game/max/avg): 4/5/3.7 | reward(game/avg): 9220/8371 | 4.43 games/s | ETA: 10s
[ 255/300] samples:  12523 | chain(game/max/avg): 4/5/3.7 | reward(game/avg): 10440/8379 | 4.44 games/s | ETA: 10s
[ 256/300] samples:  12573 | chain(game/max/avg): 4/5/3.7 | reward(game/avg): 8940/8381 | 4.46 games/s | ETA: 10s
[ 257/300] samples:  12623 | chain(game/max/avg): 4/5/3.7 | reward(game/avg): 8600/8382 | 4.47 games/s | ETA: 10s
[ 258/300] samples:  12673 | chain(game/max/avg): 3/5/3.7 | reward(game/avg): 8460/8382 | 4.49 games/s | ETA: 9s
[ 259/300] samples:  12723 | chain(game/max/avg): 4/5/3.7 | reward(game/avg): 9840/8388 | 4.51 games/s | ETA: 9s
[ 260/300] samples:  12773 | chain(game/max/avg): 4/5/3.7 | reward(game/avg): 8520/8388 | 4.52 games/s | ETA: 9s
[ 261/300] samples:  12823 | chain(game/max/avg): 4/5/3.7 | reward(game/avg): 8820/8390 | 4.54 games/s | ETA: 9s
[ 262/300] samples:  12873 | chain(game/max/avg): 3/5/3.7 | reward(game/avg): 7160/8385 | 4.56 games/s | ETA: 8s
[ 263/300] samples:  12923 | chain(game/max/avg): 3/5/3.7 | reward(game/avg): 6340/8378 | 4.57 games/s | ETA: 8s
[ 264/300] samples:  12973 | chain(game/max/avg): 4/5/3.7 | reward(game/avg): 11300/8389 | 4.59 games/s | ETA: 8s
[ 265/300] samples:  13023 | chain(game/max/avg): 4/5/3.7 | reward(game/avg): 9180/8392 | 4.61 games/s | ETA: 8s
[ 266/300] samples:  13073 | chain(game/max/avg): 4/5/3.7 | reward(game/avg): 10360/8399 | 4.62 games/s | ETA: 7s
[ 267/300] samples:  13123 | chain(game/max/avg): 4/5/3.7 | reward(game/avg): 8960/8401 | 4.64 games/s | ETA: 7s
[ 268/300] samples:  13173 | chain(game/max/avg): 4/5/3.7 | reward(game/avg): 9300/8404 | 4.62 games/s | ETA: 7s
[ 269/300] samples:  13223 | chain(game/max/avg): 4/5/3.7 | reward(game/avg): 8980/8407 | 4.63 games/s | ETA: 7s
[ 270/300] samples:  13273 | chain(game/max/avg): 3/5/3.7 | reward(game/avg): 6980/8401 | 4.65 games/s | ETA: 6s
[ 271/300] samples:  13323 | chain(game/max/avg): 4/5/3.7 | reward(game/avg): 9600/8406 | 4.67 games/s | ETA: 6s
[ 272/300] samples:  13373 | chain(game/max/avg): 4/5/3.7 | reward(game/avg): 11400/8417 | 4.68 games/s | ETA: 6s
[ 273/300] samples:  13423 | chain(game/max/avg): 4/5/3.7 | reward(game/avg): 7260/8413 | 4.70 games/s | ETA: 6s
[ 274/300] samples:  13473 | chain(game/max/avg): 4/5/3.7 | reward(game/avg): 10740/8421 | 4.72 games/s | ETA: 6s
[ 275/300] samples:  13523 | chain(game/max/avg): 3/5/3.7 | reward(game/avg): 7500/8418 | 4.73 games/s | ETA: 5s
[ 276/300] samples:  13573 | chain(game/max/avg): 4/5/3.7 | reward(game/avg): 9180/8420 | 4.74 games/s | ETA: 5s
[ 277/300] samples:  13623 | chain(game/max/avg): 3/5/3.7 | reward(game/avg): 6630/8414 | 4.76 games/s | ETA: 5s
[ 278/300] samples:  13673 | chain(game/max/avg): 3/5/3.7 | reward(game/avg): 6600/8407 | 4.78 games/s | ETA: 5s
[ 279/300] samples:  13723 | chain(game/max/avg): 4/5/3.7 | reward(game/avg): 9580/8412 | 4.79 games/s | ETA: 4s
[ 280/300] samples:  13773 | chain(game/max/avg): 4/5/3.7 | reward(game/avg): 9320/8415 | 4.81 games/s | ETA: 4s
[ 281/300] samples:  13823 | chain(game/max/avg): 4/5/3.7 | reward(game/avg): 9100/8417 | 4.82 games/s | ETA: 4s
[ 282/300] samples:  13873 | chain(game/max/avg): 4/5/3.7 | reward(game/avg): 9000/8419 | 4.84 games/s | ETA: 4s
[ 283/300] samples:  13923 | chain(game/max/avg): 3/5/3.7 | reward(game/avg): 8080/8418 | 4.82 games/s | ETA: 4s
[ 284/300] samples:  13973 | chain(game/max/avg): 5/5/3.7 | reward(game/avg): 11280/8428 | 4.84 games/s | ETA: 3s
[ 285/300] samples:  14023 | chain(game/max/avg): 4/5/3.7 | reward(game/avg): 9010/8430 | 4.86 games/s | ETA: 3s
[ 286/300] samples:  14073 | chain(game/max/avg): 4/5/3.7 | reward(game/avg): 10400/8437 | 4.87 games/s | ETA: 3s
[ 287/300] samples:  14123 | chain(game/max/avg): 4/5/3.7 | reward(game/avg): 12320/8451 | 4.89 games/s | ETA: 3s
[ 288/300] samples:  14173 | chain(game/max/avg): 4/5/3.7 | reward(game/avg): 10640/8458 | 4.91 games/s | ETA: 2s
[ 289/300] samples:  14223 | chain(game/max/avg): 4/5/3.7 | reward(game/avg): 8790/8459 | 4.92 games/s | ETA: 2s
[ 290/300] samples:  14273 | chain(game/max/avg): 3/5/3.7 | reward(game/avg): 8040/8458 | 4.94 games/s | ETA: 2s
[ 291/300] samples:  14323 | chain(game/max/avg): 4/5/3.7 | reward(game/avg): 8180/8457 | 4.89 games/s | ETA: 2s
[ 292/300] samples:  14373 | chain(game/max/avg): 4/5/3.7 | reward(game/avg): 7920/8455 | 4.90 games/s | ETA: 2s
[ 293/300] samples:  14423 | chain(game/max/avg): 4/5/3.7 | reward(game/avg): 7150/8451 | 4.91 games/s | ETA: 1s
[ 294/300] samples:  14473 | chain(game/max/avg): 3/5/3.7 | reward(game/avg): 7360/8447 | 4.92 games/s | ETA: 1s
[ 295/300] samples:  14523 | chain(game/max/avg): 3/5/3.7 | reward(game/avg): 8900/8449 | 4.92 games/s | ETA: 1s
[ 296/300] samples:  14573 | chain(game/max/avg): 4/5/3.7 | reward(game/avg): 8080/8447 | 4.94 games/s | ETA: 1s
[ 297/300] samples:  14623 | chain(game/max/avg): 4/5/3.7 | reward(game/avg): 8240/8447 | 4.95 games/s | ETA: 1s
[ 298/300] samples:  14673 | chain(game/max/avg): 4/5/3.7 | reward(game/avg): 10320/8453 | 4.96 games/s | ETA: 0s
[ 299/300] samples:  14723 | chain(game/max/avg): 4/5/3.7 | reward(game/avg): 8640/8454 | 4.95 games/s | ETA: 0s
[ 300/300] samples:  14773 | chain(game/max/avg): 4/5/3.7 | reward(game/avg): 9720/8458 | 4.96 games/s | ETA: 0s
Self-play complete: 300 games, 14773 samples, max chain: 5
Saved to data/alphazero_iter_330.bin
[2026-04-04 03:31:48] Removing old data: data/alphazero_iter_300.bin
[2026-04-04 03:31:49] Train start (AlphaZero mode, replay buffer, global_step=329000)
    Finished `release` profile [optimized] target(s) in 3.76s
     Running `target/release/train --alphazero --data-dir data --global-step 329000`
Backend: CUDA (GPU)
Mode: AlphaZero (Policy CE + Value MSE)
Loading AlphaZero datasets from data...
Found 30 data files
  Loaded 14759 samples from data/alphazero_iter_301.bin
  Loaded 14788 samples from data/alphazero_iter_302.bin
  Loaded 14775 samples from data/alphazero_iter_303.bin
  Loaded 14912 samples from data/alphazero_iter_304.bin
  Loaded 14830 samples from data/alphazero_iter_305.bin
  Loaded 14896 samples from data/alphazero_iter_306.bin
  Loaded 14624 samples from data/alphazero_iter_307.bin
  Loaded 14753 samples from data/alphazero_iter_308.bin
  Loaded 14732 samples from data/alphazero_iter_309.bin
  Loaded 14724 samples from data/alphazero_iter_310.bin
  Loaded 14646 samples from data/alphazero_iter_311.bin
  Loaded 14794 samples from data/alphazero_iter_312.bin
  Loaded 14888 samples from data/alphazero_iter_313.bin
  Loaded 14779 samples from data/alphazero_iter_314.bin
  Loaded 14825 samples from data/alphazero_iter_315.bin
  Loaded 14881 samples from data/alphazero_iter_316.bin
  Loaded 14703 samples from data/alphazero_iter_317.bin
  Loaded 14834 samples from data/alphazero_iter_318.bin
  Loaded 14744 samples from data/alphazero_iter_319.bin
  Loaded 14826 samples from data/alphazero_iter_320.bin
  Loaded 14831 samples from data/alphazero_iter_321.bin
  Loaded 14758 samples from data/alphazero_iter_322.bin
  Loaded 14807 samples from data/alphazero_iter_323.bin
  Loaded 14912 samples from data/alphazero_iter_324.bin
  Loaded 14803 samples from data/alphazero_iter_325.bin
  Loaded 14788 samples from data/alphazero_iter_326.bin
  Loaded 14870 samples from data/alphazero_iter_327.bin
  Loaded 14915 samples from data/alphazero_iter_328.bin
  Loaded 14743 samples from data/alphazero_iter_329.bin
  Loaded 14773 samples from data/alphazero_iter_330.bin
Loaded 443913 total samples
Train: 443913 samples (color augmented on-the-fly, no val split)
Loaded existing model from artifacts/puyo_model
AlphaZero training: 1000 steps, global_step=329000, LR 2e-4 (end ~2e-4)
  step 50/1000 p_loss=1.2396 v_loss=0.2415 lr=0.000200  step 100/1000 p_loss=1.2415 v_loss=0.2477 lr=0.000200  step 150/1000 p_loss=1.2404 v_loss=0.2512 lr=0.000200  step 200/1000 p_loss=1.2404 v_loss=0.2506 lr=0.000200  step 250/1000 p_loss=1.2404 v_loss=0.2506 lr=0.000200  step 300/1000 p_loss=1.2404 v_loss=0.2512 lr=0.000200  step 350/1000 p_loss=1.2407 v_loss=0.2508 lr=0.000200  step 400/1000 p_loss=1.2405 v_loss=0.2503 lr=0.000200  step 450/1000 p_loss=1.2401 v_loss=0.2506 lr=0.000200  step 500/1000 p_loss=1.2398 v_loss=0.2509 lr=0.000200  step 550/1000 p_loss=1.2394 v_loss=0.2512 lr=0.000200  step 600/1000 p_loss=1.2393 v_loss=0.2514 lr=0.000200  step 650/1000 p_loss=1.2395 v_loss=0.2520 lr=0.000200  step 700/1000 p_loss=1.2393 v_loss=0.2521 lr=0.000200  step 750/1000 p_loss=1.2390 v_loss=0.2528 lr=0.000200  step 800/1000 p_loss=1.2390 v_loss=0.2525 lr=0.000200  step 850/1000 p_loss=1.2386 v_loss=0.2523 lr=0.000200  step 900/1000 p_loss=1.2386 v_loss=0.2523 lr=0.000200  step 950/1000 p_loss=1.2386 v_loss=0.2522 lr=0.000200  step 1000/1000 p_loss=1.2382 v_loss=0.2522 lr=0.000200
AlphaZero training complete. final train_loss(p=1.238231, v=0.252174) global_step=330000
[2026-04-04 03:35:11] === Iteration 330 complete ===
[2026-04-04 03:35:11] --- Iteration 331 (sims=64, global_step=330000) ---
[2026-04-04 03:35:11] Self-play start (m=16, c_visit=50.0)
    Finished `release` profile [optimized] target(s) in 6.11s
     Running `target/release/self-play --games 300 --simulations 64 --c-puct-init 1.5 --m 16 --c-visit 50.0 --gamma 0.95 --min-chain 0 --output data/alphazero_iter_331.bin`
games=300, simulations=64, c_puct_init=1.5, c_puct_base=19652, m=16, c_visit=50, gamma=0.95
Backend: CudaJit (GPU) — Gumbel MCTS self-play (batched)
Loaded existing model from artifacts/puyo_model
Using 128 game threads, max_batch_size=128
[   1/300] samples:     11 | chain(game/max/avg): 0/0/0.0 | reward(game/avg): 0/0 | 0.15 games/s | ETA: 1975s
[   2/300] samples:     29 | chain(game/max/avg): 3/3/1.5 | reward(game/avg): 1340/670 | 0.19 games/s | ETA: 1547s
[   3/300] samples:     49 | chain(game/max/avg): 2/3/1.7 | reward(game/avg): 1790/1043 | 0.27 games/s | ETA: 1114s
[   4/300] samples:     97 | chain(game/max/avg): 4/4/2.2 | reward(game/avg): 8460/2898 | 0.17 games/s | ETA: 1764s
[   5/300] samples:    147 | chain(game/max/avg): 4/4/2.6 | reward(game/avg): 6880/3694 | 0.20 games/s | ETA: 1462s
[   6/300] samples:    197 | chain(game/max/avg): 4/4/2.8 | reward(game/avg): 9670/4690 | 0.24 games/s | ETA: 1219s
[   7/300] samples:    247 | chain(game/max/avg): 3/4/2.9 | reward(game/avg): 8260/5200 | 0.28 games/s | ETA: 1045s
[   8/300] samples:    297 | chain(game/max/avg): 4/4/3.0 | reward(game/avg): 8350/5594 | 0.32 games/s | ETA: 912s
[   9/300] samples:    347 | chain(game/max/avg): 4/4/3.1 | reward(game/avg): 9580/6037 | 0.36 games/s | ETA: 807s
[  10/300] samples:    397 | chain(game/max/avg): 3/4/3.1 | reward(game/avg): 7980/6231 | 0.40 games/s | ETA: 729s
[  11/300] samples:    447 | chain(game/max/avg): 4/4/3.2 | reward(game/avg): 9460/6525 | 0.44 games/s | ETA: 660s
[  12/300] samples:    497 | chain(game/max/avg): 4/4/3.2 | reward(game/avg): 11570/6945 | 0.48 games/s | ETA: 603s
[  13/300] samples:    547 | chain(game/max/avg): 4/4/3.3 | reward(game/avg): 7900/7018 | 0.52 games/s | ETA: 555s
[  14/300] samples:    597 | chain(game/max/avg): 4/4/3.4 | reward(game/avg): 7820/7076 | 0.56 games/s | ETA: 514s
[  15/300] samples:    647 | chain(game/max/avg): 3/4/3.3 | reward(game/avg): 9140/7213 | 0.60 games/s | ETA: 478s
[  16/300] samples:    697 | chain(game/max/avg): 4/4/3.4 | reward(game/avg): 8280/7280 | 0.63 games/s | ETA: 448s
[  17/300] samples:    747 | chain(game/max/avg): 4/4/3.4 | reward(game/avg): 10010/7441 | 0.67 games/s | ETA: 421s
[  18/300] samples:    797 | chain(game/max/avg): 4/4/3.4 | reward(game/avg): 9220/7539 | 0.71 games/s | ETA: 396s
[  19/300] samples:    847 | chain(game/max/avg): 4/4/3.5 | reward(game/avg): 10020/7670 | 0.75 games/s | ETA: 375s
[  20/300] samples:    897 | chain(game/max/avg): 4/4/3.5 | reward(game/avg): 7360/7654 | 0.79 games/s | ETA: 356s
[  21/300] samples:    947 | chain(game/max/avg): 3/4/3.5 | reward(game/avg): 7140/7630 | 0.83 games/s | ETA: 338s
[  22/300] samples:    997 | chain(game/max/avg): 4/4/3.5 | reward(game/avg): 9960/7736 | 0.86 games/s | ETA: 321s
[  23/300] samples:   1047 | chain(game/max/avg): 4/4/3.5 | reward(game/avg): 8880/7786 | 0.90 games/s | ETA: 306s
[  24/300] samples:   1097 | chain(game/max/avg): 4/4/3.5 | reward(game/avg): 6860/7747 | 0.94 games/s | ETA: 293s
[  25/300] samples:   1147 | chain(game/max/avg): 4/4/3.6 | reward(game/avg): 8280/7768 | 0.98 games/s | ETA: 280s
[  26/300] samples:   1197 | chain(game/max/avg): 3/4/3.5 | reward(game/avg): 7320/7751 | 1.02 games/s | ETA: 268s
[  27/300] samples:   1247 | chain(game/max/avg): 5/5/3.6 | reward(game/avg): 10500/7853 | 1.06 games/s | ETA: 258s
[  28/300] samples:   1297 | chain(game/max/avg): 4/5/3.6 | reward(game/avg): 10720/7955 | 1.10 games/s | ETA: 248s
[  29/300] samples:   1347 | chain(game/max/avg): 3/5/3.6 | reward(game/avg): 8280/7967 | 1.13 games/s | ETA: 239s
[  30/300] samples:   1397 | chain(game/max/avg): 4/5/3.6 | reward(game/avg): 8700/7991 | 1.17 games/s | ETA: 230s
[  31/300] samples:   1447 | chain(game/max/avg): 3/5/3.6 | reward(game/avg): 8440/8005 | 1.21 games/s | ETA: 222s
[  32/300] samples:   1497 | chain(game/max/avg): 4/5/3.6 | reward(game/avg): 9110/8040 | 1.25 games/s | ETA: 214s
[  33/300] samples:   1547 | chain(game/max/avg): 3/5/3.6 | reward(game/avg): 7970/8038 | 1.29 games/s | ETA: 208s
[  34/300] samples:   1597 | chain(game/max/avg): 3/5/3.6 | reward(game/avg): 6220/7984 | 1.33 games/s | ETA: 201s
[  35/300] samples:   1647 | chain(game/max/avg): 4/5/3.6 | reward(game/avg): 9620/8031 | 1.36 games/s | ETA: 194s
[  36/300] samples:   1697 | chain(game/max/avg): 4/5/3.6 | reward(game/avg): 9960/8085 | 1.40 games/s | ETA: 188s
[  37/300] samples:   1747 | chain(game/max/avg): 4/5/3.6 | reward(game/avg): 9810/8131 | 1.44 games/s | ETA: 183s
[  38/300] samples:   1797 | chain(game/max/avg): 3/5/3.6 | reward(game/avg): 7100/8104 | 1.48 games/s | ETA: 177s
[  39/300] samples:   1847 | chain(game/max/avg): 4/5/3.6 | reward(game/avg): 8000/8102 | 1.51 games/s | ETA: 172s
[  40/300] samples:   1897 | chain(game/max/avg): 4/5/3.6 | reward(game/avg): 8160/8103 | 1.55 games/s | ETA: 168s
[  41/300] samples:   1947 | chain(game/max/avg): 3/5/3.6 | reward(game/avg): 7920/8099 | 1.59 games/s | ETA: 163s
[  42/300] samples:   1997 | chain(game/max/avg): 4/5/3.6 | reward(game/avg): 9220/8125 | 1.63 games/s | ETA: 158s
[  43/300] samples:   2047 | chain(game/max/avg): 3/5/3.6 | reward(game/avg): 9030/8146 | 1.67 games/s | ETA: 154s
[  44/300] samples:   2097 | chain(game/max/avg): 4/5/3.6 | reward(game/avg): 6380/8106 | 1.71 games/s | ETA: 150s
[  45/300] samples:   2147 | chain(game/max/avg): 4/5/3.6 | reward(game/avg): 10100/8150 | 1.74 games/s | ETA: 146s
[  46/300] samples:   2197 | chain(game/max/avg): 4/5/3.6 | reward(game/avg): 8540/8159 | 1.78 games/s | ETA: 143s
[  47/300] samples:   2247 | chain(game/max/avg): 4/5/3.6 | reward(game/avg): 11880/8238 | 1.82 games/s | ETA: 139s
[  48/300] samples:   2297 | chain(game/max/avg): 4/5/3.6 | reward(game/avg): 9640/8267 | 1.85 games/s | ETA: 136s
[  49/300] samples:   2347 | chain(game/max/avg): 4/5/3.6 | reward(game/avg): 8620/8274 | 1.89 games/s | ETA: 133s
[  50/300] samples:   2397 | chain(game/max/avg): 4/5/3.6 | reward(game/avg): 9160/8292 | 1.93 games/s | ETA: 130s
[  51/300] samples:   2447 | chain(game/max/avg): 3/5/3.6 | reward(game/avg): 8760/8301 | 1.96 games/s | ETA: 127s
[  52/300] samples:   2497 | chain(game/max/avg): 4/5/3.6 | reward(game/avg): 9560/8326 | 2.00 games/s | ETA: 124s
[  53/300] samples:   2547 | chain(game/max/avg): 3/5/3.6 | reward(game/avg): 7610/8312 | 2.04 games/s | ETA: 121s
[  54/300] samples:   2597 | chain(game/max/avg): 3/5/3.6 | reward(game/avg): 8790/8321 | 2.08 games/s | ETA: 118s
[  55/300] samples:   2647 | chain(game/max/avg): 3/5/3.6 | reward(game/avg): 9380/8340 | 2.12 games/s | ETA: 116s
[  56/300] samples:   2697 | chain(game/max/avg): 4/5/3.6 | reward(game/avg): 10880/8386 | 2.15 games/s | ETA: 113s
[  57/300] samples:   2747 | chain(game/max/avg): 4/5/3.6 | reward(game/avg): 5960/8343 | 2.19 games/s | ETA: 111s
[  58/300] samples:   2797 | chain(game/max/avg): 4/5/3.6 | reward(game/avg): 9260/8359 | 2.23 games/s | ETA: 109s
[  59/300] samples:   2847 | chain(game/max/avg): 3/5/3.6 | reward(game/avg): 8260/8357 | 2.26 games/s | ETA: 106s
[  60/300] samples:   2897 | chain(game/max/avg): 4/5/3.6 | reward(game/avg): 9100/8370 | 2.30 games/s | ETA: 104s
[  61/300] samples:   2947 | chain(game/max/avg): 3/5/3.6 | reward(game/avg): 7480/8355 | 2.34 games/s | ETA: 102s
[  62/300] samples:   2997 | chain(game/max/avg): 3/5/3.6 | reward(game/avg): 6160/8320 | 2.38 games/s | ETA: 100s
[  63/300] samples:   3047 | chain(game/max/avg): 4/5/3.6 | reward(game/avg): 8700/8326 | 2.41 games/s | ETA: 98s
[  64/300] samples:   3097 | chain(game/max/avg): 4/5/3.6 | reward(game/avg): 9800/8349 | 2.45 games/s | ETA: 96s
[  65/300] samples:   3147 | chain(game/max/avg): 4/5/3.6 | reward(game/avg): 9940/8373 | 2.49 games/s | ETA: 94s
[  66/300] samples:   3197 | chain(game/max/avg): 3/5/3.6 | reward(game/avg): 7710/8363 | 2.53 games/s | ETA: 93s
[  67/300] samples:   3247 | chain(game/max/avg): 4/5/3.6 | reward(game/avg): 8760/8369 | 2.56 games/s | ETA: 91s
[  68/300] samples:   3297 | chain(game/max/avg): 3/5/3.6 | reward(game/avg): 7300/8353 | 2.60 games/s | ETA: 89s
[  69/300] samples:   3347 | chain(game/max/avg): 3/5/3.6 | reward(game/avg): 6940/8333 | 2.64 games/s | ETA: 88s
[  70/300] samples:   3397 | chain(game/max/avg): 3/5/3.6 | reward(game/avg): 8180/8331 | 2.66 games/s | ETA: 86s
[  71/300] samples:   3447 | chain(game/max/avg): 3/5/3.6 | reward(game/avg): 8700/8336 | 2.70 games/s | ETA: 85s
[  72/300] samples:   3497 | chain(game/max/avg): 5/5/3.6 | reward(game/avg): 10640/8368 | 2.73 games/s | ETA: 83s
[  73/300] samples:   3547 | chain(game/max/avg): 3/5/3.6 | reward(game/avg): 8220/8366 | 2.77 games/s | ETA: 82s
[  74/300] samples:   3597 | chain(game/max/avg): 4/5/3.6 | reward(game/avg): 9570/8382 | 2.81 games/s | ETA: 80s
[  75/300] samples:   3647 | chain(game/max/avg): 4/5/3.6 | reward(game/avg): 7880/8375 | 2.85 games/s | ETA: 79s
[  76/300] samples:   3697 | chain(game/max/avg): 3/5/3.6 | reward(game/avg): 8160/8372 | 2.88 games/s | ETA: 78s
[  77/300] samples:   3747 | chain(game/max/avg): 3/5/3.6 | reward(game/avg): 7100/8356 | 2.92 games/s | ETA: 76s
[  78/300] samples:   3797 | chain(game/max/avg): 4/5/3.6 | reward(game/avg): 11020/8390 | 2.96 games/s | ETA: 75s
[  79/300] samples:   3847 | chain(game/max/avg): 4/5/3.6 | reward(game/avg): 9360/8402 | 2.99 games/s | ETA: 74s
[  80/300] samples:   3897 | chain(game/max/avg): 4/5/3.6 | reward(game/avg): 9080/8411 | 3.03 games/s | ETA: 73s
[  81/300] samples:   3947 | chain(game/max/avg): 4/5/3.6 | reward(game/avg): 10540/8437 | 3.07 games/s | ETA: 71s
[  82/300] samples:   3997 | chain(game/max/avg): 3/5/3.6 | reward(game/avg): 10330/8460 | 3.11 games/s | ETA: 70s
[  83/300] samples:   4047 | chain(game/max/avg): 4/5/3.6 | reward(game/avg): 7580/8450 | 3.14 games/s | ETA: 69s
[  84/300] samples:   4097 | chain(game/max/avg): 3/5/3.6 | reward(game/avg): 5940/8420 | 3.18 games/s | ETA: 68s
[  85/300] samples:   4147 | chain(game/max/avg): 4/5/3.6 | reward(game/avg): 6800/8401 | 3.22 games/s | ETA: 67s
[  86/300] samples:   4197 | chain(game/max/avg): 4/5/3.6 | reward(game/avg): 8540/8402 | 3.25 games/s | ETA: 66s
[  87/300] samples:   4247 | chain(game/max/avg): 4/5/3.6 | reward(game/avg): 8120/8399 | 3.29 games/s | ETA: 65s
[  88/300] samples:   4297 | chain(game/max/avg): 4/5/3.6 | reward(game/avg): 8300/8398 | 3.33 games/s | ETA: 64s
[  89/300] samples:   4347 | chain(game/max/avg): 4/5/3.6 | reward(game/avg): 10440/8421 | 3.37 games/s | ETA: 63s
[  90/300] samples:   4397 | chain(game/max/avg): 3/5/3.6 | reward(game/avg): 8240/8419 | 3.40 games/s | ETA: 62s
[  91/300] samples:   4447 | chain(game/max/avg): 4/5/3.6 | reward(game/avg): 9280/8428 | 3.44 games/s | ETA: 61s
[  92/300] samples:   4497 | chain(game/max/avg): 4/5/3.6 | reward(game/avg): 7400/8417 | 3.48 games/s | ETA: 60s
[  93/300] samples:   4547 | chain(game/max/avg): 4/5/3.6 | reward(game/avg): 7620/8409 | 3.51 games/s | ETA: 59s
[  94/300] samples:   4597 | chain(game/max/avg): 4/5/3.6 | reward(game/avg): 9100/8416 | 3.55 games/s | ETA: 58s
[  95/300] samples:   4647 | chain(game/max/avg): 4/5/3.6 | reward(game/avg): 8680/8419 | 3.59 games/s | ETA: 57s
[  96/300] samples:   4697 | chain(game/max/avg): 4/5/3.6 | reward(game/avg): 9720/8432 | 3.62 games/s | ETA: 56s
[  97/300] samples:   4747 | chain(game/max/avg): 3/5/3.6 | reward(game/avg): 8600/8434 | 3.66 games/s | ETA: 56s
[  98/300] samples:   4797 | chain(game/max/avg): 3/5/3.6 | reward(game/avg): 7070/8420 | 3.69 games/s | ETA: 55s
[  99/300] samples:   4847 | chain(game/max/avg): 3/5/3.6 | reward(game/avg): 8540/8421 | 3.73 games/s | ETA: 54s
[ 100/300] samples:   4897 | chain(game/max/avg): 3/5/3.6 | reward(game/avg): 6880/8406 | 3.76 games/s | ETA: 53s
[ 101/300] samples:   4947 | chain(game/max/avg): 4/5/3.6 | reward(game/avg): 6960/8392 | 3.48 games/s | ETA: 57s
[ 102/300] samples:   4962 | chain(game/max/avg): 1/5/3.6 | reward(game/avg): 80/8310 | 3.50 games/s | ETA: 57s
[ 103/300] samples:   4975 | chain(game/max/avg): 1/5/3.6 | reward(game/avg): 40/8230 | 3.47 games/s | ETA: 57s
[ 104/300] samples:   5025 | chain(game/max/avg): 3/5/3.6 | reward(game/avg): 7100/8219 | 3.25 games/s | ETA: 60s
[ 105/300] samples:   5075 | chain(game/max/avg): 4/5/3.6 | reward(game/avg): 8500/8222 | 3.22 games/s | ETA: 60s
[ 106/300] samples:   5105 | chain(game/max/avg): 3/5/3.6 | reward(game/avg): 3140/8174 | 2.90 games/s | ETA: 67s
[ 107/300] samples:   5149 | chain(game/max/avg): 4/5/3.6 | reward(game/avg): 9060/8182 | 2.54 games/s | ETA: 76s
[ 108/300] samples:   5180 | chain(game/max/avg): 3/5/3.6 | reward(game/avg): 4040/8144 | 2.51 games/s | ETA: 77s
[ 109/300] samples:   5230 | chain(game/max/avg): 4/5/3.6 | reward(game/avg): 8220/8144 | 2.49 games/s | ETA: 77s
[ 110/300] samples:   5280 | chain(game/max/avg): 4/5/3.6 | reward(game/avg): 9350/8155 | 2.50 games/s | ETA: 76s
[ 111/300] samples:   5330 | chain(game/max/avg): 4/5/3.6 | reward(game/avg): 7720/8151 | 2.52 games/s | ETA: 75s
[ 112/300] samples:   5380 | chain(game/max/avg): 4/5/3.6 | reward(game/avg): 9660/8165 | 2.53 games/s | ETA: 74s
[ 113/300] samples:   5430 | chain(game/max/avg): 4/5/3.6 | reward(game/avg): 10520/8186 | 2.55 games/s | ETA: 73s
[ 114/300] samples:   5480 | chain(game/max/avg): 5/5/3.6 | reward(game/avg): 11920/8218 | 2.57 games/s | ETA: 72s
[ 115/300] samples:   5530 | chain(game/max/avg): 3/5/3.6 | reward(game/avg): 7020/8208 | 2.59 games/s | ETA: 71s
[ 116/300] samples:   5580 | chain(game/max/avg): 4/5/3.6 | reward(game/avg): 10720/8230 | 2.61 games/s | ETA: 71s
[ 117/300] samples:   5630 | chain(game/max/avg): 3/5/3.6 | reward(game/avg): 7780/8226 | 2.63 games/s | ETA: 70s
[ 118/300] samples:   5680 | chain(game/max/avg): 4/5/3.6 | reward(game/avg): 10740/8247 | 2.65 games/s | ETA: 69s
[ 119/300] samples:   5730 | chain(game/max/avg): 3/5/3.6 | reward(game/avg): 7100/8237 | 2.67 games/s | ETA: 68s
[ 120/300] samples:   5780 | chain(game/max/avg): 4/5/3.6 | reward(game/avg): 9700/8250 | 2.69 games/s | ETA: 67s
[ 121/300] samples:   5830 | chain(game/max/avg): 3/5/3.6 | reward(game/avg): 5940/8231 | 2.71 games/s | ETA: 66s
[ 122/300] samples:   5880 | chain(game/max/avg): 4/5/3.6 | reward(game/avg): 11260/8255 | 2.73 games/s | ETA: 65s
[ 123/300] samples:   5930 | chain(game/max/avg): 3/5/3.6 | reward(game/avg): 8050/8254 | 2.75 games/s | ETA: 64s
[ 124/300] samples:   5980 | chain(game/max/avg): 3/5/3.6 | reward(game/avg): 8760/8258 | 2.77 games/s | ETA: 63s
[ 125/300] samples:   6030 | chain(game/max/avg): 4/5/3.6 | reward(game/avg): 9640/8269 | 2.80 games/s | ETA: 63s
[ 126/300] samples:   6080 | chain(game/max/avg): 4/5/3.6 | reward(game/avg): 7520/8263 | 2.82 games/s | ETA: 62s
[ 127/300] samples:   6130 | chain(game/max/avg): 3/5/3.6 | reward(game/avg): 8260/8263 | 2.84 games/s | ETA: 61s
[ 128/300] samples:   6180 | chain(game/max/avg): 5/5/3.6 | reward(game/avg): 10100/8277 | 2.86 games/s | ETA: 60s
[ 129/300] samples:   6230 | chain(game/max/avg): 4/5/3.6 | reward(game/avg): 7880/8274 | 2.88 games/s | ETA: 59s
[ 130/300] samples:   6280 | chain(game/max/avg): 4/5/3.6 | reward(game/avg): 8440/8275 | 2.91 games/s | ETA: 58s
[ 131/300] samples:   6330 | chain(game/max/avg): 3/5/3.6 | reward(game/avg): 6740/8264 | 2.93 games/s | ETA: 58s
[ 132/300] samples:   6380 | chain(game/max/avg): 4/5/3.6 | reward(game/avg): 8460/8265 | 2.95 games/s | ETA: 57s
[ 133/300] samples:   6430 | chain(game/max/avg): 3/5/3.6 | reward(game/avg): 7490/8259 | 2.97 games/s | ETA: 56s
[ 134/300] samples:   6480 | chain(game/max/avg): 4/5/3.6 | reward(game/avg): 11760/8286 | 2.99 games/s | ETA: 55s
[ 135/300] samples:   6530 | chain(game/max/avg): 4/5/3.6 | reward(game/avg): 10680/8303 | 3.01 games/s | ETA: 55s
[ 136/300] samples:   6580 | chain(game/max/avg): 3/5/3.6 | reward(game/avg): 7170/8295 | 3.03 games/s | ETA: 54s
[ 137/300] samples:   6630 | chain(game/max/avg): 3/5/3.6 | reward(game/avg): 6130/8279 | 3.06 games/s | ETA: 53s
[ 138/300] samples:   6680 | chain(game/max/avg): 3/5/3.6 | reward(game/avg): 9040/8285 | 3.08 games/s | ETA: 53s
[ 139/300] samples:   6730 | chain(game/max/avg): 4/5/3.6 | reward(game/avg): 6420/8271 | 3.10 games/s | ETA: 52s
[ 140/300] samples:   6780 | chain(game/max/avg): 4/5/3.6 | reward(game/avg): 12580/8302 | 3.12 games/s | ETA: 51s
[ 141/300] samples:   6830 | chain(game/max/avg): 4/5/3.6 | reward(game/avg): 7400/8296 | 3.14 games/s | ETA: 51s
[ 142/300] samples:   6880 | chain(game/max/avg): 4/5/3.6 | reward(game/avg): 7320/8289 | 3.16 games/s | ETA: 50s
[ 143/300] samples:   6930 | chain(game/max/avg): 4/5/3.6 | reward(game/avg): 10100/8301 | 3.18 games/s | ETA: 49s
[ 144/300] samples:   6980 | chain(game/max/avg): 4/5/3.6 | reward(game/avg): 10120/8314 | 3.21 games/s | ETA: 49s
[ 145/300] samples:   7030 | chain(game/max/avg): 4/5/3.6 | reward(game/avg): 10300/8328 | 3.23 games/s | ETA: 48s
[ 146/300] samples:   7080 | chain(game/max/avg): 4/5/3.6 | reward(game/avg): 8760/8331 | 3.25 games/s | ETA: 47s
[ 147/300] samples:   7130 | chain(game/max/avg): 4/5/3.6 | reward(game/avg): 11100/8350 | 3.27 games/s | ETA: 47s
[ 148/300] samples:   7180 | chain(game/max/avg): 4/5/3.6 | reward(game/avg): 9620/8358 | 3.29 games/s | ETA: 46s
[ 149/300] samples:   7230 | chain(game/max/avg): 4/5/3.6 | reward(game/avg): 10000/8369 | 3.31 games/s | ETA: 46s
[ 150/300] samples:   7280 | chain(game/max/avg): 3/5/3.6 | reward(game/avg): 7710/8365 | 3.34 games/s | ETA: 45s
[ 151/300] samples:   7330 | chain(game/max/avg): 4/5/3.6 | reward(game/avg): 9100/8370 | 3.36 games/s | ETA: 44s
[ 152/300] samples:   7380 | chain(game/max/avg): 3/5/3.6 | reward(game/avg): 9240/8375 | 3.38 games/s | ETA: 44s
[ 153/300] samples:   7430 | chain(game/max/avg): 4/5/3.6 | reward(game/avg): 8820/8378 | 3.40 games/s | ETA: 43s
[ 154/300] samples:   7480 | chain(game/max/avg): 4/5/3.6 | reward(game/avg): 8700/8380 | 3.42 games/s | ETA: 43s
[ 155/300] samples:   7530 | chain(game/max/avg): 4/5/3.6 | reward(game/avg): 9480/8387 | 3.44 games/s | ETA: 42s
[ 156/300] samples:   7580 | chain(game/max/avg): 4/5/3.6 | reward(game/avg): 10000/8398 | 3.46 games/s | ETA: 42s
[ 157/300] samples:   7630 | chain(game/max/avg): 3/5/3.6 | reward(game/avg): 6360/8385 | 3.49 games/s | ETA: 41s
[ 158/300] samples:   7680 | chain(game/max/avg): 4/5/3.6 | reward(game/avg): 10840/8400 | 3.51 games/s | ETA: 40s
[ 159/300] samples:   7730 | chain(game/max/avg): 4/5/3.6 | reward(game/avg): 9820/8409 | 3.53 games/s | ETA: 40s
[ 160/300] samples:   7780 | chain(game/max/avg): 3/5/3.6 | reward(game/avg): 7860/8406 | 3.55 games/s | ETA: 39s
[ 161/300] samples:   7830 | chain(game/max/avg): 4/5/3.6 | reward(game/avg): 9340/8412 | 3.57 games/s | ETA: 39s
[ 162/300] samples:   7880 | chain(game/max/avg): 4/5/3.6 | reward(game/avg): 11520/8431 | 3.59 games/s | ETA: 38s
[ 163/300] samples:   7930 | chain(game/max/avg): 4/5/3.6 | reward(game/avg): 7260/8424 | 3.61 games/s | ETA: 38s
[ 164/300] samples:   7980 | chain(game/max/avg): 4/5/3.6 | reward(game/avg): 10120/8434 | 3.63 games/s | ETA: 37s
[ 165/300] samples:   8030 | chain(game/max/avg): 3/5/3.6 | reward(game/avg): 7720/8430 | 3.65 games/s | ETA: 37s
[ 166/300] samples:   8080 | chain(game/max/avg): 3/5/3.6 | reward(game/avg): 8420/8430 | 3.67 games/s | ETA: 36s
[ 167/300] samples:   8130 | chain(game/max/avg): 4/5/3.6 | reward(game/avg): 9580/8436 | 3.69 games/s | ETA: 36s
[ 168/300] samples:   8180 | chain(game/max/avg): 3/5/3.6 | reward(game/avg): 8940/8439 | 3.71 games/s | ETA: 36s
[ 169/300] samples:   8230 | chain(game/max/avg): 4/5/3.6 | reward(game/avg): 9080/8443 | 3.73 games/s | ETA: 35s
[ 170/300] samples:   8280 | chain(game/max/avg): 3/5/3.6 | reward(game/avg): 8220/8442 | 3.75 games/s | ETA: 35s
[ 171/300] samples:   8330 | chain(game/max/avg): 4/5/3.6 | reward(game/avg): 8630/8443 | 3.77 games/s | ETA: 34s
[ 172/300] samples:   8380 | chain(game/max/avg): 4/5/3.6 | reward(game/avg): 9880/8451 | 3.80 games/s | ETA: 34s
[ 173/300] samples:   8430 | chain(game/max/avg): 4/5/3.6 | reward(game/avg): 9520/8458 | 3.81 games/s | ETA: 33s
[ 174/300] samples:   8480 | chain(game/max/avg): 3/5/3.6 | reward(game/avg): 6580/8447 | 3.83 games/s | ETA: 33s
[ 175/300] samples:   8530 | chain(game/max/avg): 4/5/3.6 | reward(game/avg): 9660/8454 | 3.85 games/s | ETA: 32s
[ 176/300] samples:   8580 | chain(game/max/avg): 4/5/3.6 | reward(game/avg): 8900/8456 | 3.87 games/s | ETA: 32s
[ 177/300] samples:   8630 | chain(game/max/avg): 4/5/3.6 | reward(game/avg): 8140/8454 | 3.89 games/s | ETA: 32s
[ 178/300] samples:   8680 | chain(game/max/avg): 4/5/3.6 | reward(game/avg): 9380/8460 | 3.91 games/s | ETA: 31s
[ 179/300] samples:   8730 | chain(game/max/avg): 3/5/3.6 | reward(game/avg): 6920/8451 | 3.94 games/s | ETA: 31s
[ 180/300] samples:   8780 | chain(game/max/avg): 4/5/3.6 | reward(game/avg): 8260/8450 | 3.96 games/s | ETA: 30s
[ 181/300] samples:   8830 | chain(game/max/avg): 3/5/3.6 | reward(game/avg): 7620/8445 | 3.98 games/s | ETA: 30s
[ 182/300] samples:   8880 | chain(game/max/avg): 4/5/3.6 | reward(game/avg): 8860/8448 | 4.00 games/s | ETA: 30s
[ 183/300] samples:   8930 | chain(game/max/avg): 3/5/3.6 | reward(game/avg): 7360/8442 | 4.02 games/s | ETA: 29s
[ 184/300] samples:   8980 | chain(game/max/avg): 3/5/3.6 | reward(game/avg): 7240/8435 | 4.04 games/s | ETA: 29s
[ 185/300] samples:   9030 | chain(game/max/avg): 4/5/3.6 | reward(game/avg): 11820/8454 | 4.06 games/s | ETA: 28s
[ 186/300] samples:   9080 | chain(game/max/avg): 3/5/3.6 | reward(game/avg): 7020/8446 | 4.08 games/s | ETA: 28s
[ 187/300] samples:   9130 | chain(game/max/avg): 3/5/3.6 | reward(game/avg): 6840/8437 | 4.10 games/s | ETA: 28s
[ 188/300] samples:   9180 | chain(game/max/avg): 4/5/3.6 | reward(game/avg): 8960/8440 | 4.12 games/s | ETA: 27s
[ 189/300] samples:   9230 | chain(game/max/avg): 4/5/3.6 | reward(game/avg): 9510/8446 | 4.13 games/s | ETA: 27s
[ 190/300] samples:   9280 | chain(game/max/avg): 4/5/3.6 | reward(game/avg): 8080/8444 | 4.15 games/s | ETA: 26s
[ 191/300] samples:   9330 | chain(game/max/avg): 3/5/3.6 | reward(game/avg): 8940/8446 | 4.17 games/s | ETA: 26s
[ 192/300] samples:   9380 | chain(game/max/avg): 4/5/3.6 | reward(game/avg): 10440/8457 | 4.19 games/s | ETA: 26s
[ 193/300] samples:   9430 | chain(game/max/avg): 3/5/3.6 | reward(game/avg): 7840/8454 | 4.21 games/s | ETA: 25s
[ 194/300] samples:   9480 | chain(game/max/avg): 3/5/3.6 | reward(game/avg): 6840/8445 | 4.23 games/s | ETA: 25s
[ 195/300] samples:   9530 | chain(game/max/avg): 4/5/3.6 | reward(game/avg): 7860/8442 | 4.25 games/s | ETA: 25s
[ 196/300] samples:   9580 | chain(game/max/avg): 3/5/3.6 | reward(game/avg): 8880/8444 | 4.27 games/s | ETA: 24s
[ 197/300] samples:   9630 | chain(game/max/avg): 4/5/3.6 | reward(game/avg): 9040/8447 | 4.29 games/s | ETA: 24s
[ 198/300] samples:   9680 | chain(game/max/avg): 3/5/3.6 | reward(game/avg): 7680/8444 | 4.30 games/s | ETA: 24s
[ 199/300] samples:   9730 | chain(game/max/avg): 4/5/3.6 | reward(game/avg): 9600/8449 | 4.32 games/s | ETA: 23s
[ 200/300] samples:   9780 | chain(game/max/avg): 3/5/3.6 | reward(game/avg): 7040/8442 | 4.34 games/s | ETA: 23s
[ 201/300] samples:   9830 | chain(game/max/avg): 3/5/3.6 | reward(game/avg): 7220/8436 | 4.36 games/s | ETA: 23s
[ 202/300] samples:   9880 | chain(game/max/avg): 4/5/3.6 | reward(game/avg): 8740/8438 | 4.19 games/s | ETA: 23s
[ 203/300] samples:   9930 | chain(game/max/avg): 3/5/3.6 | reward(game/avg): 6790/8430 | 4.18 games/s | ETA: 23s
[ 204/300] samples:   9942 | chain(game/max/avg): 1/5/3.6 | reward(game/avg): 40/8389 | 4.16 games/s | ETA: 23s
[ 205/300] samples:   9992 | chain(game/max/avg): 4/5/3.6 | reward(game/avg): 9140/8392 | 4.14 games/s | ETA: 23s
[ 206/300] samples:  10003 | chain(game/max/avg): 0/5/3.6 | reward(game/avg): 0/8351 | 4.16 games/s | ETA: 23s
[ 207/300] samples:  10053 | chain(game/max/avg): 4/5/3.6 | reward(game/avg): 10660/8363 | 3.95 games/s | ETA: 24s
[ 208/300] samples:  10077 | chain(game/max/avg): 4/5/3.6 | reward(game/avg): 2820/8336 | 3.86 games/s | ETA: 24s
[ 209/300] samples:  10108 | chain(game/max/avg): 4/5/3.6 | reward(game/avg): 4540/8318 | 3.65 games/s | ETA: 25s
[ 210/300] samples:  10158 | chain(game/max/avg): 3/5/3.6 | reward(game/avg): 7160/8312 | 3.65 games/s | ETA: 25s
[ 211/300] samples:  10208 | chain(game/max/avg): 3/5/3.6 | reward(game/avg): 6340/8303 | 3.34 games/s | ETA: 27s
[ 212/300] samples:  10254 | chain(game/max/avg): 3/5/3.6 | reward(game/avg): 6090/8292 | 3.32 games/s | ETA: 27s
[ 213/300] samples:  10304 | chain(game/max/avg): 4/5/3.6 | reward(game/avg): 9600/8299 | 3.28 games/s | ETA: 27s
[ 214/300] samples:  10354 | chain(game/max/avg): 4/5/3.6 | reward(game/avg): 9620/8305 | 3.29 games/s | ETA: 26s
[ 215/300] samples:  10404 | chain(game/max/avg): 4/5/3.6 | reward(game/avg): 6860/8298 | 3.29 games/s | ETA: 26s
[ 216/300] samples:  10454 | chain(game/max/avg): 3/5/3.6 | reward(game/avg): 8000/8297 | 3.30 games/s | ETA: 25s
[ 217/300] samples:  10504 | chain(game/max/avg): 3/5/3.6 | reward(game/avg): 6230/8287 | 3.31 games/s | ETA: 25s
[ 218/300] samples:  10554 | chain(game/max/avg): 3/5/3.6 | reward(game/avg): 5540/8275 | 3.30 games/s | ETA: 25s
[ 219/300] samples:  10604 | chain(game/max/avg): 3/5/3.6 | reward(game/avg): 8220/8274 | 3.30 games/s | ETA: 25s
[ 220/300] samples:  10654 | chain(game/max/avg): 3/5/3.6 | reward(game/avg): 6100/8264 | 3.31 games/s | ETA: 24s
[ 221/300] samples:  10704 | chain(game/max/avg): 4/5/3.6 | reward(game/avg): 9500/8270 | 3.29 games/s | ETA: 24s
[ 222/300] samples:  10754 | chain(game/max/avg): 4/5/3.6 | reward(game/avg): 6780/8263 | 3.30 games/s | ETA: 24s
[ 223/300] samples:  10804 | chain(game/max/avg): 4/5/3.6 | reward(game/avg): 9860/8270 | 3.31 games/s | ETA: 23s
[ 224/300] samples:  10854 | chain(game/max/avg): 5/5/3.6 | reward(game/avg): 13100/8292 | 3.31 games/s | ETA: 23s
[ 225/300] samples:  10904 | chain(game/max/avg): 3/5/3.6 | reward(game/avg): 7320/8288 | 3.32 games/s | ETA: 23s
[ 226/300] samples:  10954 | chain(game/max/avg): 4/5/3.6 | reward(game/avg): 11120/8300 | 3.32 games/s | ETA: 22s
[ 227/300] samples:  11004 | chain(game/max/avg): 4/5/3.6 | reward(game/avg): 9070/8304 | 3.32 games/s | ETA: 22s
[ 228/300] samples:  11054 | chain(game/max/avg): 3/5/3.6 | reward(game/avg): 8580/8305 | 3.33 games/s | ETA: 22s
[ 229/300] samples:  11104 | chain(game/max/avg): 3/5/3.6 | reward(game/avg): 8780/8307 | 3.34 games/s | ETA: 21s
[ 230/300] samples:  11154 | chain(game/max/avg): 4/5/3.6 | reward(game/avg): 8960/8310 | 3.34 games/s | ETA: 21s
[ 231/300] samples:  11204 | chain(game/max/avg): 4/5/3.6 | reward(game/avg): 8720/8312 | 3.35 games/s | ETA: 21s
[ 232/300] samples:  11254 | chain(game/max/avg): 4/5/3.6 | reward(game/avg): 9040/8315 | 3.35 games/s | ETA: 20s
[ 233/300] samples:  11304 | chain(game/max/avg): 4/5/3.6 | reward(game/avg): 10440/8324 | 3.36 games/s | ETA: 20s
[ 234/300] samples:  11354 | chain(game/max/avg): 3/5/3.6 | reward(game/avg): 7220/8319 | 3.33 games/s | ETA: 20s
[ 235/300] samples:  11404 | chain(game/max/avg): 4/5/3.6 | reward(game/avg): 8050/8318 | 3.34 games/s | ETA: 19s
[ 236/300] samples:  11454 | chain(game/max/avg): 4/5/3.6 | reward(game/avg): 10020/8325 | 3.36 games/s | ETA: 19s
[ 237/300] samples:  11504 | chain(game/max/avg): 3/5/3.6 | reward(game/avg): 8900/8328 | 3.37 games/s | ETA: 19s
[ 238/300] samples:  11554 | chain(game/max/avg): 4/5/3.6 | reward(game/avg): 11220/8340 | 3.39 games/s | ETA: 18s
[ 239/300] samples:  11604 | chain(game/max/avg): 4/5/3.6 | reward(game/avg): 8560/8341 | 3.39 games/s | ETA: 18s
[ 240/300] samples:  11654 | chain(game/max/avg): 4/5/3.6 | reward(game/avg): 7200/8336 | 3.41 games/s | ETA: 18s
[ 241/300] samples:  11704 | chain(game/max/avg): 4/5/3.6 | reward(game/avg): 11820/8350 | 3.42 games/s | ETA: 17s
[ 242/300] samples:  11754 | chain(game/max/avg): 3/5/3.6 | reward(game/avg): 7460/8347 | 3.43 games/s | ETA: 17s
[ 243/300] samples:  11804 | chain(game/max/avg): 4/5/3.6 | reward(game/avg): 6360/8339 | 3.44 games/s | ETA: 17s
[ 244/300] samples:  11854 | chain(game/max/avg): 4/5/3.6 | reward(game/avg): 10280/8346 | 3.46 games/s | ETA: 16s
[ 245/300] samples:  11904 | chain(game/max/avg): 3/5/3.6 | reward(game/avg): 8200/8346 | 3.47 games/s | ETA: 16s
[ 246/300] samples:  11954 | chain(game/max/avg): 4/5/3.6 | reward(game/avg): 9470/8350 | 3.48 games/s | ETA: 15s
[ 247/300] samples:  12004 | chain(game/max/avg): 4/5/3.6 | reward(game/avg): 9640/8356 | 3.50 games/s | ETA: 15s
[ 248/300] samples:  12054 | chain(game/max/avg): 4/5/3.6 | reward(game/avg): 10900/8366 | 3.51 games/s | ETA: 15s
[ 249/300] samples:  12104 | chain(game/max/avg): 3/5/3.6 | reward(game/avg): 7480/8362 | 3.53 games/s | ETA: 14s
[ 250/300] samples:  12154 | chain(game/max/avg): 4/5/3.6 | reward(game/avg): 8200/8362 | 3.54 games/s | ETA: 14s
[ 251/300] samples:  12204 | chain(game/max/avg): 4/5/3.6 | reward(game/avg): 9640/8367 | 3.55 games/s | ETA: 14s
[ 252/300] samples:  12254 | chain(game/max/avg): 4/5/3.6 | reward(game/avg): 8940/8369 | 3.56 games/s | ETA: 13s
[ 253/300] samples:  12304 | chain(game/max/avg): 4/5/3.6 | reward(game/avg): 9100/8372 | 3.57 games/s | ETA: 13s
[ 254/300] samples:  12354 | chain(game/max/avg): 4/5/3.6 | reward(game/avg): 10040/8379 | 3.59 games/s | ETA: 13s
[ 255/300] samples:  12404 | chain(game/max/avg): 4/5/3.6 | reward(game/avg): 9250/8382 | 3.60 games/s | ETA: 13s
[ 256/300] samples:  12454 | chain(game/max/avg): 4/5/3.6 | reward(game/avg): 9060/8385 | 3.61 games/s | ETA: 12s
[ 257/300] samples:  12504 | chain(game/max/avg): 3/5/3.6 | reward(game/avg): 7560/8381 | 3.63 games/s | ETA: 12s
[ 258/300] samples:  12554 | chain(game/max/avg): 3/5/3.6 | reward(game/avg): 6780/8375 | 3.64 games/s | ETA: 12s
[ 259/300] samples:  12604 | chain(game/max/avg): 4/5/3.6 | reward(game/avg): 10300/8383 | 3.65 games/s | ETA: 11s
[ 260/300] samples:  12654 | chain(game/max/avg): 4/5/3.6 | reward(game/avg): 9120/8385 | 3.67 games/s | ETA: 11s
[ 261/300] samples:  12704 | chain(game/max/avg): 4/5/3.6 | reward(game/avg): 9860/8391 | 3.68 games/s | ETA: 11s
[ 262/300] samples:  12754 | chain(game/max/avg): 4/5/3.6 | reward(game/avg): 9200/8394 | 3.69 games/s | ETA: 10s
[ 263/300] samples:  12804 | chain(game/max/avg): 4/5/3.6 | reward(game/avg): 8920/8396 | 3.71 games/s | ETA: 10s
[ 264/300] samples:  12854 | chain(game/max/avg): 4/5/3.6 | reward(game/avg): 8040/8395 | 3.72 games/s | ETA: 10s
[ 265/300] samples:  12904 | chain(game/max/avg): 3/5/3.6 | reward(game/avg): 7280/8391 | 3.73 games/s | ETA: 9s
[ 266/300] samples:  12954 | chain(game/max/avg): 3/5/3.6 | reward(game/avg): 7580/8388 | 3.75 games/s | ETA: 9s
[ 267/300] samples:  13004 | chain(game/max/avg): 4/5/3.6 | reward(game/avg): 9450/8392 | 3.76 games/s | ETA: 9s
[ 268/300] samples:  13054 | chain(game/max/avg): 3/5/3.6 | reward(game/avg): 7540/8388 | 3.74 games/s | ETA: 9s
[ 269/300] samples:  13104 | chain(game/max/avg): 3/5/3.6 | reward(game/avg): 7250/8384 | 3.76 games/s | ETA: 8s
[ 270/300] samples:  13154 | chain(game/max/avg): 3/5/3.6 | reward(game/avg): 7710/8382 | 3.77 games/s | ETA: 8s
[ 271/300] samples:  13204 | chain(game/max/avg): 4/5/3.6 | reward(game/avg): 9700/8387 | 3.78 games/s | ETA: 8s
[ 272/300] samples:  13254 | chain(game/max/avg): 4/5/3.6 | reward(game/avg): 9580/8391 | 3.79 games/s | ETA: 7s
[ 273/300] samples:  13304 | chain(game/max/avg): 4/5/3.6 | reward(game/avg): 7340/8387 | 3.81 games/s | ETA: 7s
[ 274/300] samples:  13354 | chain(game/max/avg): 3/5/3.6 | reward(game/avg): 8410/8387 | 3.82 games/s | ETA: 7s
[ 275/300] samples:  13404 | chain(game/max/avg): 3/5/3.6 | reward(game/avg): 7560/8384 | 3.83 games/s | ETA: 7s
[ 276/300] samples:  13454 | chain(game/max/avg): 3/5/3.6 | reward(game/avg): 7410/8381 | 3.84 games/s | ETA: 6s
[ 277/300] samples:  13504 | chain(game/max/avg): 4/5/3.6 | reward(game/avg): 9380/8384 | 3.86 games/s | ETA: 6s
[ 278/300] samples:  13554 | chain(game/max/avg): 4/5/3.6 | reward(game/avg): 8280/8384 | 3.87 games/s | ETA: 6s
[ 279/300] samples:  13604 | chain(game/max/avg): 4/5/3.6 | reward(game/avg): 8380/8384 | 3.88 games/s | ETA: 5s
[ 280/300] samples:  13654 | chain(game/max/avg): 3/5/3.6 | reward(game/avg): 5220/8373 | 3.90 games/s | ETA: 5s
[ 281/300] samples:  13704 | chain(game/max/avg): 4/5/3.6 | reward(game/avg): 9000/8375 | 3.91 games/s | ETA: 5s
[ 282/300] samples:  13754 | chain(game/max/avg): 3/5/3.6 | reward(game/avg): 7820/8373 | 3.92 games/s | ETA: 5s
[ 283/300] samples:  13804 | chain(game/max/avg): 3/5/3.6 | reward(game/avg): 6530/8366 | 3.92 games/s | ETA: 4s
[ 284/300] samples:  13854 | chain(game/max/avg): 4/5/3.6 | reward(game/avg): 11560/8378 | 3.94 games/s | ETA: 4s
[ 285/300] samples:  13904 | chain(game/max/avg): 4/5/3.6 | reward(game/avg): 10020/8383 | 3.95 games/s | ETA: 4s
[ 286/300] samples:  13954 | chain(game/max/avg): 3/5/3.6 | reward(game/avg): 6500/8377 | 3.96 games/s | ETA: 4s
[ 287/300] samples:  14004 | chain(game/max/avg): 3/5/3.6 | reward(game/avg): 8020/8375 | 3.98 games/s | ETA: 3s
[ 288/300] samples:  14054 | chain(game/max/avg): 4/5/3.6 | reward(game/avg): 8660/8376 | 3.99 games/s | ETA: 3s
[ 289/300] samples:  14104 | chain(game/max/avg): 4/5/3.6 | reward(game/avg): 9420/8380 | 4.00 games/s | ETA: 3s
[ 290/300] samples:  14154 | chain(game/max/avg): 4/5/3.6 | reward(game/avg): 8480/8380 | 4.01 games/s | ETA: 2s
[ 291/300] samples:  14204 | chain(game/max/avg): 4/5/3.6 | reward(game/avg): 7900/8379 | 3.99 games/s | ETA: 2s
[ 292/300] samples:  14254 | chain(game/max/avg): 4/5/3.6 | reward(game/avg): 8220/8378 | 4.00 games/s | ETA: 2s
[ 293/300] samples:  14304 | chain(game/max/avg): 4/5/3.6 | reward(game/avg): 8820/8380 | 4.01 games/s | ETA: 2s
[ 294/300] samples:  14354 | chain(game/max/avg): 4/5/3.6 | reward(game/avg): 8640/8381 | 4.02 games/s | ETA: 1s
[ 295/300] samples:  14404 | chain(game/max/avg): 4/5/3.6 | reward(game/avg): 8680/8382 | 4.04 games/s | ETA: 1s
[ 296/300] samples:  14454 | chain(game/max/avg): 3/5/3.6 | reward(game/avg): 6760/8376 | 4.04 games/s | ETA: 1s
[ 297/300] samples:  14504 | chain(game/max/avg): 4/5/3.6 | reward(game/avg): 9400/8380 | 4.04 games/s | ETA: 1s
[ 298/300] samples:  14554 | chain(game/max/avg): 3/5/3.6 | reward(game/avg): 5960/8371 | 4.05 games/s | ETA: 0s
[ 299/300] samples:  14604 | chain(game/max/avg): 4/5/3.6 | reward(game/avg): 8000/8370 | 4.06 games/s | ETA: 0s
[ 300/300] samples:  14654 | chain(game/max/avg): 3/5/3.6 | reward(game/avg): 6780/8365 | 4.06 games/s | ETA: 0s
Self-play complete: 300 games, 14654 samples, max chain: 5
Saved to data/alphazero_iter_331.bin
[2026-04-04 03:36:32] Removing old data: data/alphazero_iter_301.bin
[2026-04-04 03:36:33] Train start (AlphaZero mode, replay buffer, global_step=330000)
    Finished `release` profile [optimized] target(s) in 4.23s
     Running `target/release/train --alphazero --data-dir data --global-step 330000`
Backend: CUDA (GPU)
Mode: AlphaZero (Policy CE + Value MSE)
Loading AlphaZero datasets from data...
Found 30 data files
  Loaded 14788 samples from data/alphazero_iter_302.bin
  Loaded 14775 samples from data/alphazero_iter_303.bin
  Loaded 14912 samples from data/alphazero_iter_304.bin
  Loaded 14830 samples from data/alphazero_iter_305.bin
  Loaded 14896 samples from data/alphazero_iter_306.bin
  Loaded 14624 samples from data/alphazero_iter_307.bin
  Loaded 14753 samples from data/alphazero_iter_308.bin
  Loaded 14732 samples from data/alphazero_iter_309.bin
  Loaded 14724 samples from data/alphazero_iter_310.bin
  Loaded 14646 samples from data/alphazero_iter_311.bin
  Loaded 14794 samples from data/alphazero_iter_312.bin
  Loaded 14888 samples from data/alphazero_iter_313.bin
  Loaded 14779 samples from data/alphazero_iter_314.bin
  Loaded 14825 samples from data/alphazero_iter_315.bin
  Loaded 14881 samples from data/alphazero_iter_316.bin
  Loaded 14703 samples from data/alphazero_iter_317.bin
  Loaded 14834 samples from data/alphazero_iter_318.bin
  Loaded 14744 samples from data/alphazero_iter_319.bin
  Loaded 14826 samples from data/alphazero_iter_320.bin
  Loaded 14831 samples from data/alphazero_iter_321.bin
  Loaded 14758 samples from data/alphazero_iter_322.bin
  Loaded 14807 samples from data/alphazero_iter_323.bin
  Loaded 14912 samples from data/alphazero_iter_324.bin
  Loaded 14803 samples from data/alphazero_iter_325.bin
  Loaded 14788 samples from data/alphazero_iter_326.bin
  Loaded 14870 samples from data/alphazero_iter_327.bin
  Loaded 14915 samples from data/alphazero_iter_328.bin
  Loaded 14743 samples from data/alphazero_iter_329.bin
  Loaded 14773 samples from data/alphazero_iter_330.bin
  Loaded 14654 samples from data/alphazero_iter_331.bin
Loaded 443808 total samples
Train: 443808 samples (color augmented on-the-fly, no val split)
Loaded existing model from artifacts/puyo_model
AlphaZero training: 1000 steps, global_step=330000, LR 2e-4 (end ~2e-4)
  step 50/1000 p_loss=1.2361 v_loss=0.2616 lr=0.000200  step 100/1000 p_loss=1.2378 v_loss=0.2544 lr=0.000200  step 150/1000 p_loss=1.2383 v_loss=0.2557 lr=0.000200  step 200/1000 p_loss=1.2382 v_loss=0.2546 lr=0.000200  step 250/1000 p_loss=1.2379 v_loss=0.2536 lr=0.000200  step 300/1000 p_loss=1.2376 v_loss=0.2537 lr=0.000200  step 350/1000 p_loss=1.2375 v_loss=0.2542 lr=0.000200  step 400/1000 p_loss=1.2375 v_loss=0.2536 lr=0.000200  step 450/1000 p_loss=1.2379 v_loss=0.2534 lr=0.000200  step 500/1000 p_loss=1.2381 v_loss=0.2532 lr=0.000200  step 550/1000 p_loss=1.2382 v_loss=0.2536 lr=0.000200  step 600/1000 p_loss=1.2380 v_loss=0.2537 lr=0.000200  step 650/1000 p_loss=1.2381 v_loss=0.2537 lr=0.000200  step 700/1000 p_loss=1.2382 v_loss=0.2535 lr=0.000200  step 750/1000 p_loss=1.2385 v_loss=0.2532 lr=0.000200  step 800/1000 p_loss=1.2384 v_loss=0.2534 lr=0.000200  step 850/1000 p_loss=1.2384 v_loss=0.2535 lr=0.000200  step 900/1000 p_loss=1.2383 v_loss=0.2535 lr=0.000200  step 950/1000 p_loss=1.2382 v_loss=0.2531 lr=0.000200  step 1000/1000 p_loss=1.2381 v_loss=0.2531 lr=0.000200
AlphaZero training complete. final train_loss(p=1.238115, v=0.253058) global_step=331000
[2026-04-04 03:39:59] === Iteration 331 complete ===
[2026-04-04 03:39:59] --- Iteration 332 (sims=64, global_step=331000) ---
[2026-04-04 03:39:59] Self-play start (m=16, c_visit=50.0)
    Finished `release` profile [optimized] target(s) in 6.68s
     Running `target/release/self-play --games 300 --simulations 64 --c-puct-init 1.5 --m 16 --c-visit 50.0 --gamma 0.95 --min-chain 0 --output data/alphazero_iter_332.bin`
games=300, simulations=64, c_puct_init=1.5, c_puct_base=19652, m=16, c_visit=50, gamma=0.95
Backend: CudaJit (GPU) — Gumbel MCTS self-play (batched)
Loaded existing model from artifacts/puyo_model
Using 128 game threads, max_batch_size=128
[   1/300] samples:     10 | chain(game/max/avg): 0/0/0.0 | reward(game/avg): 0/0 | 0.14 games/s | ETA: 2151s
[   2/300] samples:     60 | chain(game/max/avg): 4/4/2.0 | reward(game/avg): 7760/3880 | 0.08 games/s | ETA: 3678s
[   3/300] samples:    108 | chain(game/max/avg): 3/4/2.3 | reward(game/avg): 5620/4460 | 0.12 games/s | ETA: 2500s
[   4/300] samples:    158 | chain(game/max/avg): 4/4/2.8 | reward(game/avg): 8740/5530 | 0.15 games/s | ETA: 1924s
[   5/300] samples:    208 | chain(game/max/avg): 4/4/3.0 | reward(game/avg): 9160/6256 | 0.19 games/s | ETA: 1534s
[   6/300] samples:    258 | chain(game/max/avg): 4/4/3.2 | reward(game/avg): 11380/7110 | 0.23 games/s | ETA: 1281s
[   7/300] samples:    308 | chain(game/max/avg): 3/4/3.1 | reward(game/avg): 8180/7263 | 0.27 games/s | ETA: 1097s
[   8/300] samples:    358 | chain(game/max/avg): 4/4/3.2 | reward(game/avg): 8000/7355 | 0.31 games/s | ETA: 957s
[   9/300] samples:    408 | chain(game/max/avg): 4/4/3.3 | reward(game/avg): 7880/7413 | 0.34 games/s | ETA: 852s
[  10/300] samples:    458 | chain(game/max/avg): 4/4/3.4 | reward(game/avg): 7800/7452 | 0.38 games/s | ETA: 766s
[  11/300] samples:    508 | chain(game/max/avg): 4/4/3.5 | reward(game/avg): 8210/7521 | 0.42 games/s | ETA: 696s
[  12/300] samples:    558 | chain(game/max/avg): 4/4/3.5 | reward(game/avg): 9400/7678 | 0.45 games/s | ETA: 637s
[  13/300] samples:    608 | chain(game/max/avg): 4/4/3.5 | reward(game/avg): 9220/7796 | 0.49 games/s | ETA: 588s
[  14/300] samples:    658 | chain(game/max/avg): 4/4/3.6 | reward(game/avg): 9740/7935 | 0.53 games/s | ETA: 544s
[  15/300] samples:    708 | chain(game/max/avg): 3/4/3.5 | reward(game/avg): 7240/7889 | 0.56 games/s | ETA: 506s
[  16/300] samples:    758 | chain(game/max/avg): 4/4/3.6 | reward(game/avg): 7570/7869 | 0.60 games/s | ETA: 473s
[  17/300] samples:    808 | chain(game/max/avg): 4/4/3.6 | reward(game/avg): 9150/7944 | 0.64 games/s | ETA: 444s
[  18/300] samples:    858 | chain(game/max/avg): 4/4/3.6 | reward(game/avg): 9420/8026 | 0.68 games/s | ETA: 418s
[  19/300] samples:    908 | chain(game/max/avg): 4/4/3.6 | reward(game/avg): 10250/8143 | 0.71 games/s | ETA: 394s
[  20/300] samples:    958 | chain(game/max/avg): 3/4/3.6 | reward(game/avg): 7580/8115 | 0.75 games/s | ETA: 373s
[  21/300] samples:   1008 | chain(game/max/avg): 3/4/3.6 | reward(game/avg): 6480/8037 | 0.79 games/s | ETA: 355s
[  22/300] samples:   1058 | chain(game/max/avg): 3/4/3.5 | reward(game/avg): 6680/7975 | 0.82 games/s | ETA: 338s
[  23/300] samples:   1108 | chain(game/max/avg): 4/4/3.6 | reward(game/avg): 10140/8070 | 0.86 games/s | ETA: 322s
[  24/300] samples:   1158 | chain(game/max/avg): 4/4/3.6 | reward(game/avg): 9720/8138 | 0.90 games/s | ETA: 308s
[  25/300] samples:   1208 | chain(game/max/avg): 3/4/3.6 | reward(game/avg): 7300/8105 | 0.93 games/s | ETA: 295s
[  26/300] samples:   1258 | chain(game/max/avg): 3/4/3.5 | reward(game/avg): 6280/8035 | 0.97 games/s | ETA: 283s
[  27/300] samples:   1308 | chain(game/max/avg): 3/4/3.5 | reward(game/avg): 7180/8003 | 1.00 games/s | ETA: 272s
[  28/300] samples:   1358 | chain(game/max/avg): 3/4/3.5 | reward(game/avg): 7500/7985 | 1.04 games/s | ETA: 261s
[  29/300] samples:   1408 | chain(game/max/avg): 3/4/3.5 | reward(game/avg): 7770/7978 | 1.08 games/s | ETA: 251s
[  30/300] samples:   1458 | chain(game/max/avg): 4/4/3.5 | reward(game/avg): 8140/7983 | 1.11 games/s | ETA: 242s
[  31/300] samples:   1508 | chain(game/max/avg): 4/4/3.5 | reward(game/avg): 11660/8102 | 1.15 games/s | ETA: 234s
[  32/300] samples:   1558 | chain(game/max/avg): 4/4/3.5 | reward(game/avg): 9220/8137 | 1.19 games/s | ETA: 226s
[  33/300] samples:   1608 | chain(game/max/avg): 3/4/3.5 | reward(game/avg): 6520/8088 | 1.22 games/s | ETA: 218s
[  34/300] samples:   1658 | chain(game/max/avg): 4/4/3.5 | reward(game/avg): 9140/8119 | 1.26 games/s | ETA: 211s
[  35/300] samples:   1708 | chain(game/max/avg): 4/4/3.5 | reward(game/avg): 9120/8147 | 1.30 games/s | ETA: 204s
[  36/300] samples:   1758 | chain(game/max/avg): 4/4/3.6 | reward(game/avg): 9780/8192 | 1.33 games/s | ETA: 198s
[  37/300] samples:   1808 | chain(game/max/avg): 4/4/3.6 | reward(game/avg): 10600/8258 | 1.37 games/s | ETA: 192s
[  38/300] samples:   1858 | chain(game/max/avg): 4/4/3.6 | reward(game/avg): 7720/8243 | 1.41 games/s | ETA: 186s
[  39/300] samples:   1908 | chain(game/max/avg): 3/4/3.6 | reward(game/avg): 7820/8233 | 1.44 games/s | ETA: 181s
[  40/300] samples:   1958 | chain(game/max/avg): 3/4/3.5 | reward(game/avg): 7820/8222 | 1.48 games/s | ETA: 176s
[  41/300] samples:   2008 | chain(game/max/avg): 4/4/3.6 | reward(game/avg): 8160/8221 | 1.52 games/s | ETA: 171s
[  42/300] samples:   2058 | chain(game/max/avg): 4/4/3.6 | reward(game/avg): 9940/8262 | 1.55 games/s | ETA: 166s
[  43/300] samples:   2108 | chain(game/max/avg): 4/4/3.6 | reward(game/avg): 8300/8263 | 1.59 games/s | ETA: 162s
[  44/300] samples:   2158 | chain(game/max/avg): 4/4/3.6 | reward(game/avg): 8320/8264 | 1.62 games/s | ETA: 158s
[  45/300] samples:   2208 | chain(game/max/avg): 3/4/3.6 | reward(game/avg): 5400/8200 | 1.66 games/s | ETA: 154s
[  46/300] samples:   2258 | chain(game/max/avg): 4/4/3.6 | reward(game/avg): 10220/8244 | 1.69 games/s | ETA: 150s
[  47/300] samples:   2308 | chain(game/max/avg): 4/4/3.6 | reward(game/avg): 7620/8231 | 1.73 games/s | ETA: 146s
[  48/300] samples:   2358 | chain(game/max/avg): 4/4/3.6 | reward(game/avg): 8280/8232 | 1.77 games/s | ETA: 143s
[  49/300] samples:   2408 | chain(game/max/avg): 4/4/3.6 | reward(game/avg): 8810/8244 | 1.80 games/s | ETA: 139s
[  50/300] samples:   2458 | chain(game/max/avg): 3/4/3.6 | reward(game/avg): 8540/8250 | 1.84 games/s | ETA: 136s
[  51/300] samples:   2508 | chain(game/max/avg): 5/5/3.6 | reward(game/avg): 12520/8333 | 1.88 games/s | ETA: 133s
[  52/300] samples:   2558 | chain(game/max/avg): 3/5/3.6 | reward(game/avg): 8600/8338 | 1.91 games/s | ETA: 130s
[  53/300] samples:   2608 | chain(game/max/avg): 4/5/3.6 | reward(game/avg): 8240/8337 | 1.95 games/s | ETA: 127s
[  54/300] samples:   2658 | chain(game/max/avg): 3/5/3.6 | reward(game/avg): 6560/8304 | 1.98 games/s | ETA: 124s
[  55/300] samples:   2708 | chain(game/max/avg): 4/5/3.6 | reward(game/avg): 8040/8299 | 2.02 games/s | ETA: 121s
[  56/300] samples:   2758 | chain(game/max/avg): 4/5/3.6 | reward(game/avg): 10700/8342 | 2.06 games/s | ETA: 119s
[  57/300] samples:   2808 | chain(game/max/avg): 4/5/3.6 | reward(game/avg): 10580/8381 | 2.09 games/s | ETA: 116s
[  58/300] samples:   2858 | chain(game/max/avg): 3/5/3.6 | reward(game/avg): 7940/8373 | 2.13 games/s | ETA: 114s
[  59/300] samples:   2908 | chain(game/max/avg): 4/5/3.6 | reward(game/avg): 9920/8400 | 2.16 games/s | ETA: 111s
[  60/300] samples:   2958 | chain(game/max/avg): 4/5/3.6 | reward(game/avg): 8760/8406 | 2.20 games/s | ETA: 109s
[  61/300] samples:   3008 | chain(game/max/avg): 3/5/3.6 | reward(game/avg): 7460/8390 | 2.24 games/s | ETA: 107s
[  62/300] samples:   3058 | chain(game/max/avg): 4/5/3.6 | reward(game/avg): 9000/8400 | 2.27 games/s | ETA: 105s
[  63/300] samples:   3108 | chain(game/max/avg): 4/5/3.6 | reward(game/avg): 9280/8414 | 2.31 games/s | ETA: 103s
[  64/300] samples:   3158 | chain(game/max/avg): 4/5/3.6 | reward(game/avg): 11660/8465 | 2.34 games/s | ETA: 101s
[  65/300] samples:   3208 | chain(game/max/avg): 4/5/3.6 | reward(game/avg): 8280/8462 | 2.38 games/s | ETA: 99s
[  66/300] samples:   3258 | chain(game/max/avg): 3/5/3.6 | reward(game/avg): 8620/8464 | 2.41 games/s | ETA: 97s
[  67/300] samples:   3308 | chain(game/max/avg): 4/5/3.6 | reward(game/avg): 7060/8443 | 2.45 games/s | ETA: 95s
[  68/300] samples:   3358 | chain(game/max/avg): 3/5/3.6 | reward(game/avg): 8140/8439 | 2.48 games/s | ETA: 93s
[  69/300] samples:   3408 | chain(game/max/avg): 4/5/3.6 | reward(game/avg): 8740/8443 | 2.52 games/s | ETA: 92s
[  70/300] samples:   3458 | chain(game/max/avg): 3/5/3.6 | reward(game/avg): 9280/8455 | 2.55 games/s | ETA: 90s
[  71/300] samples:   3508 | chain(game/max/avg): 4/5/3.6 | reward(game/avg): 8380/8454 | 2.59 games/s | ETA: 89s
[  72/300] samples:   3558 | chain(game/max/avg): 4/5/3.6 | reward(game/avg): 11960/8503 | 2.62 games/s | ETA: 87s
[  73/300] samples:   3608 | chain(game/max/avg): 4/5/3.6 | reward(game/avg): 10720/8533 | 2.66 games/s | ETA: 85s
[  74/300] samples:   3658 | chain(game/max/avg): 4/5/3.6 | reward(game/avg): 9640/8548 | 2.69 games/s | ETA: 84s
[  75/300] samples:   3708 | chain(game/max/avg): 3/5/3.6 | reward(game/avg): 8630/8549 | 2.72 games/s | ETA: 83s
[  76/300] samples:   3758 | chain(game/max/avg): 3/5/3.6 | reward(game/avg): 8380/8547 | 2.76 games/s | ETA: 81s
[  77/300] samples:   3808 | chain(game/max/avg): 4/5/3.6 | reward(game/avg): 6760/8524 | 2.79 games/s | ETA: 80s
[  78/300] samples:   3858 | chain(game/max/avg): 4/5/3.6 | reward(game/avg): 8660/8526 | 2.83 games/s | ETA: 79s
[  79/300] samples:   3908 | chain(game/max/avg): 3/5/3.6 | reward(game/avg): 7780/8516 | 2.86 games/s | ETA: 77s
[  80/300] samples:   3958 | chain(game/max/avg): 3/5/3.6 | reward(game/avg): 8460/8515 | 2.89 games/s | ETA: 76s
[  81/300] samples:   4008 | chain(game/max/avg): 3/5/3.6 | reward(game/avg): 7580/8504 | 2.93 games/s | ETA: 75s
[  82/300] samples:   4058 | chain(game/max/avg): 4/5/3.6 | reward(game/avg): 9980/8522 | 2.96 games/s | ETA: 74s
[  83/300] samples:   4108 | chain(game/max/avg): 4/5/3.6 | reward(game/avg): 10560/8546 | 3.00 games/s | ETA: 72s
[  84/300] samples:   4158 | chain(game/max/avg): 4/5/3.6 | reward(game/avg): 8420/8545 | 3.03 games/s | ETA: 71s
[  85/300] samples:   4208 | chain(game/max/avg): 4/5/3.6 | reward(game/avg): 9240/8553 | 3.07 games/s | ETA: 70s
[  86/300] samples:   4258 | chain(game/max/avg): 4/5/3.6 | reward(game/avg): 9120/8560 | 3.11 games/s | ETA: 69s
[  87/300] samples:   4308 | chain(game/max/avg): 4/5/3.6 | reward(game/avg): 9880/8575 | 3.14 games/s | ETA: 68s
[  88/300] samples:   4358 | chain(game/max/avg): 3/5/3.6 | reward(game/avg): 9160/8581 | 3.18 games/s | ETA: 67s
[  89/300] samples:   4408 | chain(game/max/avg): 4/5/3.6 | reward(game/avg): 8820/8584 | 3.21 games/s | ETA: 66s
[  90/300] samples:   4458 | chain(game/max/avg): 3/5/3.6 | reward(game/avg): 8020/8578 | 3.25 games/s | ETA: 65s
[  91/300] samples:   4508 | chain(game/max/avg): 3/5/3.6 | reward(game/avg): 7580/8567 | 3.28 games/s | ETA: 64s
[  92/300] samples:   4558 | chain(game/max/avg): 3/5/3.6 | reward(game/avg): 7260/8553 | 3.32 games/s | ETA: 63s
[  93/300] samples:   4608 | chain(game/max/avg): 4/5/3.6 | reward(game/avg): 8550/8553 | 3.35 games/s | ETA: 62s
[  94/300] samples:   4658 | chain(game/max/avg): 3/5/3.6 | reward(game/avg): 7280/8539 | 3.39 games/s | ETA: 61s
[  95/300] samples:   4708 | chain(game/max/avg): 3/5/3.6 | reward(game/avg): 6620/8519 | 3.43 games/s | ETA: 60s
[  96/300] samples:   4758 | chain(game/max/avg): 4/5/3.6 | reward(game/avg): 11720/8552 | 3.46 games/s | ETA: 59s
[  97/300] samples:   4808 | chain(game/max/avg): 4/5/3.6 | reward(game/avg): 7620/8543 | 3.49 games/s | ETA: 58s
[  98/300] samples:   4858 | chain(game/max/avg): 3/5/3.6 | reward(game/avg): 6370/8521 | 3.53 games/s | ETA: 57s
[  99/300] samples:   4908 | chain(game/max/avg): 4/5/3.6 | reward(game/avg): 8080/8516 | 3.56 games/s | ETA: 57s
[ 100/300] samples:   4958 | chain(game/max/avg): 3/5/3.6 | reward(game/avg): 7980/8511 | 3.59 games/s | ETA: 56s
[ 101/300] samples:   5008 | chain(game/max/avg): 4/5/3.6 | reward(game/avg): 8080/8506 | 3.32 games/s | ETA: 60s
[ 102/300] samples:   5031 | chain(game/max/avg): 3/5/3.6 | reward(game/avg): 2220/8445 | 2.79 games/s | ETA: 71s
[ 103/300] samples:   5066 | chain(game/max/avg): 4/5/3.6 | reward(game/avg): 4620/8408 | 2.42 games/s | ETA: 81s
[ 104/300] samples:   5116 | chain(game/max/avg): 3/5/3.6 | reward(game/avg): 6070/8385 | 2.18 games/s | ETA: 90s
[ 105/300] samples:   5166 | chain(game/max/avg): 3/5/3.6 | reward(game/avg): 7840/8380 | 2.20 games/s | ETA: 89s
[ 106/300] samples:   5216 | chain(game/max/avg): 3/5/3.6 | reward(game/avg): 6500/8362 | 2.22 games/s | ETA: 87s
[ 107/300] samples:   5266 | chain(game/max/avg): 3/5/3.6 | reward(game/avg): 8240/8361 | 2.24 games/s | ETA: 86s
[ 108/300] samples:   5316 | chain(game/max/avg): 4/5/3.6 | reward(game/avg): 8120/8359 | 2.25 games/s | ETA: 85s
[ 109/300] samples:   5366 | chain(game/max/avg): 4/5/3.6 | reward(game/avg): 9340/8368 | 2.24 games/s | ETA: 85s
[ 110/300] samples:   5416 | chain(game/max/avg): 4/5/3.6 | reward(game/avg): 9260/8376 | 2.26 games/s | ETA: 84s
[ 111/300] samples:   5466 | chain(game/max/avg): 4/5/3.6 | reward(game/avg): 8800/8380 | 2.28 games/s | ETA: 83s
[ 112/300] samples:   5516 | chain(game/max/avg): 3/5/3.6 | reward(game/avg): 8360/8380 | 2.30 games/s | ETA: 82s
[ 113/300] samples:   5566 | chain(game/max/avg): 4/5/3.6 | reward(game/avg): 7660/8373 | 2.31 games/s | ETA: 81s
[ 114/300] samples:   5616 | chain(game/max/avg): 4/5/3.6 | reward(game/avg): 10460/8392 | 2.33 games/s | ETA: 80s
[ 115/300] samples:   5666 | chain(game/max/avg): 3/5/3.6 | reward(game/avg): 8400/8392 | 2.35 games/s | ETA: 79s
[ 116/300] samples:   5716 | chain(game/max/avg): 4/5/3.6 | reward(game/avg): 8220/8390 | 2.37 games/s | ETA: 78s
[ 117/300] samples:   5766 | chain(game/max/avg): 4/5/3.6 | reward(game/avg): 8560/8392 | 2.39 games/s | ETA: 77s
[ 118/300] samples:   5816 | chain(game/max/avg): 4/5/3.6 | reward(game/avg): 9440/8401 | 2.41 games/s | ETA: 76s
[ 119/300] samples:   5866 | chain(game/max/avg): 4/5/3.6 | reward(game/avg): 8560/8402 | 2.43 games/s | ETA: 75s
[ 120/300] samples:   5916 | chain(game/max/avg): 4/5/3.6 | reward(game/avg): 9940/8415 | 2.45 games/s | ETA: 74s
[ 121/300] samples:   5966 | chain(game/max/avg): 3/5/3.6 | reward(game/avg): 6040/8395 | 2.46 games/s | ETA: 73s
[ 122/300] samples:   6016 | chain(game/max/avg): 4/5/3.6 | reward(game/avg): 7840/8390 | 2.48 games/s | ETA: 72s
[ 123/300] samples:   6066 | chain(game/max/avg): 4/5/3.6 | reward(game/avg): 10880/8411 | 2.50 games/s | ETA: 71s
[ 124/300] samples:   6116 | chain(game/max/avg): 3/5/3.6 | reward(game/avg): 8580/8412 | 2.51 games/s | ETA: 70s
[ 125/300] samples:   6166 | chain(game/max/avg): 4/5/3.6 | reward(game/avg): 9640/8422 | 2.53 games/s | ETA: 69s
[ 126/300] samples:   6216 | chain(game/max/avg): 3/5/3.6 | reward(game/avg): 7470/8414 | 2.55 games/s | ETA: 68s
[ 127/300] samples:   6266 | chain(game/max/avg): 4/5/3.6 | reward(game/avg): 10290/8429 | 2.57 games/s | ETA: 67s
[ 128/300] samples:   6316 | chain(game/max/avg): 4/5/3.6 | reward(game/avg): 10000/8441 | 2.59 games/s | ETA: 66s
[ 129/300] samples:   6366 | chain(game/max/avg): 3/5/3.6 | reward(game/avg): 7440/8434 | 2.61 games/s | ETA: 65s
[ 130/300] samples:   6416 | chain(game/max/avg): 3/5/3.6 | reward(game/avg): 7900/8430 | 2.63 games/s | ETA: 65s
[ 131/300] samples:   6466 | chain(game/max/avg): 4/5/3.6 | reward(game/avg): 9800/8440 | 2.65 games/s | ETA: 64s
[ 132/300] samples:   6516 | chain(game/max/avg): 4/5/3.6 | reward(game/avg): 8140/8438 | 2.66 games/s | ETA: 63s
[ 133/300] samples:   6566 | chain(game/max/avg): 3/5/3.6 | reward(game/avg): 7380/8430 | 2.68 games/s | ETA: 62s
[ 134/300] samples:   6616 | chain(game/max/avg): 3/5/3.6 | reward(game/avg): 7000/8419 | 2.70 games/s | ETA: 61s
[ 135/300] samples:   6666 | chain(game/max/avg): 3/5/3.6 | reward(game/avg): 8120/8417 | 2.72 games/s | ETA: 61s
[ 136/300] samples:   6716 | chain(game/max/avg): 4/5/3.6 | reward(game/avg): 10050/8429 | 2.74 games/s | ETA: 60s
[ 137/300] samples:   6766 | chain(game/max/avg): 4/5/3.6 | reward(game/avg): 8380/8429 | 2.76 games/s | ETA: 59s
[ 138/300] samples:   6816 | chain(game/max/avg): 4/5/3.6 | reward(game/avg): 7940/8425 | 2.77 games/s | ETA: 58s
[ 139/300] samples:   6866 | chain(game/max/avg): 3/5/3.6 | reward(game/avg): 6860/8414 | 2.79 games/s | ETA: 58s
[ 140/300] samples:   6916 | chain(game/max/avg): 3/5/3.6 | reward(game/avg): 7680/8408 | 2.81 games/s | ETA: 57s
[ 141/300] samples:   6966 | chain(game/max/avg): 3/5/3.6 | reward(game/avg): 8620/8410 | 2.83 games/s | ETA: 56s
[ 142/300] samples:   7016 | chain(game/max/avg): 5/5/3.6 | reward(game/avg): 13600/8447 | 2.85 games/s | ETA: 55s
[ 143/300] samples:   7066 | chain(game/max/avg): 4/5/3.6 | reward(game/avg): 8160/8445 | 2.87 games/s | ETA: 55s
[ 144/300] samples:   7116 | chain(game/max/avg): 4/5/3.6 | reward(game/avg): 7610/8439 | 2.89 games/s | ETA: 54s
[ 145/300] samples:   7166 | chain(game/max/avg): 3/5/3.6 | reward(game/avg): 7120/8430 | 2.91 games/s | ETA: 53s
[ 146/300] samples:   7216 | chain(game/max/avg): 4/5/3.6 | reward(game/avg): 7810/8425 | 2.93 games/s | ETA: 53s
[ 147/300] samples:   7266 | chain(game/max/avg): 4/5/3.6 | reward(game/avg): 8020/8423 | 2.94 games/s | ETA: 52s
[ 148/300] samples:   7316 | chain(game/max/avg): 4/5/3.6 | reward(game/avg): 6980/8413 | 2.96 games/s | ETA: 51s
[ 149/300] samples:   7366 | chain(game/max/avg): 3/5/3.6 | reward(game/avg): 7930/8410 | 2.98 games/s | ETA: 51s
[ 150/300] samples:   7416 | chain(game/max/avg): 4/5/3.6 | reward(game/avg): 8660/8411 | 3.00 games/s | ETA: 50s
[ 151/300] samples:   7466 | chain(game/max/avg): 4/5/3.6 | reward(game/avg): 6670/8400 | 3.02 games/s | ETA: 49s
[ 152/300] samples:   7516 | chain(game/max/avg): 4/5/3.6 | reward(game/avg): 10510/8414 | 3.04 games/s | ETA: 49s
[ 153/300] samples:   7566 | chain(game/max/avg): 4/5/3.6 | reward(game/avg): 8870/8417 | 3.06 games/s | ETA: 48s
[ 154/300] samples:   7616 | chain(game/max/avg): 4/5/3.6 | reward(game/avg): 6280/8403 | 3.08 games/s | ETA: 47s
[ 155/300] samples:   7666 | chain(game/max/avg): 4/5/3.6 | reward(game/avg): 9080/8407 | 3.10 games/s | ETA: 47s
[ 156/300] samples:   7716 | chain(game/max/avg): 3/5/3.6 | reward(game/avg): 9320/8413 | 3.12 games/s | ETA: 46s
[ 157/300] samples:   7766 | chain(game/max/avg): 3/5/3.6 | reward(game/avg): 7780/8409 | 3.14 games/s | ETA: 46s
[ 158/300] samples:   7816 | chain(game/max/avg): 4/5/3.6 | reward(game/avg): 9720/8417 | 3.15 games/s | ETA: 45s
[ 159/300] samples:   7866 | chain(game/max/avg): 5/5/3.6 | reward(game/avg): 12420/8442 | 3.17 games/s | ETA: 44s
[ 160/300] samples:   7916 | chain(game/max/avg): 3/5/3.6 | reward(game/avg): 6760/8432 | 3.19 games/s | ETA: 44s
[ 161/300] samples:   7966 | chain(game/max/avg): 4/5/3.6 | reward(game/avg): 10590/8445 | 3.21 games/s | ETA: 43s
[ 162/300] samples:   8016 | chain(game/max/avg): 4/5/3.6 | reward(game/avg): 11220/8462 | 3.23 games/s | ETA: 43s
[ 163/300] samples:   8066 | chain(game/max/avg): 3/5/3.6 | reward(game/avg): 8470/8463 | 3.25 games/s | ETA: 42s
[ 164/300] samples:   8116 | chain(game/max/avg): 3/5/3.6 | reward(game/avg): 7090/8454 | 3.26 games/s | ETA: 42s
[ 165/300] samples:   8166 | chain(game/max/avg): 3/5/3.6 | reward(game/avg): 8780/8456 | 3.28 games/s | ETA: 41s
[ 166/300] samples:   8216 | chain(game/max/avg): 4/5/3.6 | reward(game/avg): 8540/8457 | 3.30 games/s | ETA: 41s
[ 167/300] samples:   8266 | chain(game/max/avg): 4/5/3.6 | reward(game/avg): 8440/8457 | 3.32 games/s | ETA: 40s
[ 168/300] samples:   8316 | chain(game/max/avg): 4/5/3.6 | reward(game/avg): 7920/8453 | 3.34 games/s | ETA: 40s
[ 169/300] samples:   8366 | chain(game/max/avg): 4/5/3.6 | reward(game/avg): 9180/8458 | 3.36 games/s | ETA: 39s
[ 170/300] samples:   8416 | chain(game/max/avg): 4/5/3.6 | reward(game/avg): 9360/8463 | 3.38 games/s | ETA: 38s
[ 171/300] samples:   8466 | chain(game/max/avg): 4/5/3.6 | reward(game/avg): 8200/8461 | 3.40 games/s | ETA: 38s
[ 172/300] samples:   8516 | chain(game/max/avg): 4/5/3.6 | reward(game/avg): 9000/8465 | 3.42 games/s | ETA: 37s
[ 173/300] samples:   8566 | chain(game/max/avg): 4/5/3.6 | reward(game/avg): 9040/8468 | 3.44 games/s | ETA: 37s
[ 174/300] samples:   8616 | chain(game/max/avg): 5/5/3.6 | reward(game/avg): 12480/8491 | 3.46 games/s | ETA: 36s
[ 175/300] samples:   8666 | chain(game/max/avg): 3/5/3.6 | reward(game/avg): 7740/8487 | 3.47 games/s | ETA: 36s
[ 176/300] samples:   8716 | chain(game/max/avg): 4/5/3.6 | reward(game/avg): 10200/8496 | 3.49 games/s | ETA: 35s
[ 177/300] samples:   8766 | chain(game/max/avg): 3/5/3.6 | reward(game/avg): 6620/8486 | 3.51 games/s | ETA: 35s
[ 178/300] samples:   8816 | chain(game/max/avg): 4/5/3.6 | reward(game/avg): 8730/8487 | 3.53 games/s | ETA: 35s
[ 179/300] samples:   8866 | chain(game/max/avg): 4/5/3.6 | reward(game/avg): 9590/8493 | 3.55 games/s | ETA: 34s
[ 180/300] samples:   8916 | chain(game/max/avg): 3/5/3.6 | reward(game/avg): 8280/8492 | 3.56 games/s | ETA: 34s
[ 181/300] samples:   8966 | chain(game/max/avg): 4/5/3.6 | reward(game/avg): 8560/8492 | 3.58 games/s | ETA: 33s
[ 182/300] samples:   9016 | chain(game/max/avg): 4/5/3.6 | reward(game/avg): 7640/8488 | 3.60 games/s | ETA: 33s
[ 183/300] samples:   9066 | chain(game/max/avg): 3/5/3.6 | reward(game/avg): 7000/8480 | 3.62 games/s | ETA: 32s
[ 184/300] samples:   9116 | chain(game/max/avg): 4/5/3.6 | reward(game/avg): 9880/8487 | 3.64 games/s | ETA: 32s
[ 185/300] samples:   9166 | chain(game/max/avg): 4/5/3.6 | reward(game/avg): 7120/8480 | 3.65 games/s | ETA: 31s
[ 186/300] samples:   9216 | chain(game/max/avg): 3/5/3.6 | reward(game/avg): 6880/8471 | 3.67 games/s | ETA: 31s
[ 187/300] samples:   9266 | chain(game/max/avg): 4/5/3.6 | reward(game/avg): 7640/8467 | 3.69 games/s | ETA: 31s
[ 188/300] samples:   9316 | chain(game/max/avg): 3/5/3.6 | reward(game/avg): 7040/8459 | 3.71 games/s | ETA: 30s
[ 189/300] samples:   9366 | chain(game/max/avg): 4/5/3.6 | reward(game/avg): 6760/8450 | 3.73 games/s | ETA: 30s
[ 190/300] samples:   9416 | chain(game/max/avg): 4/5/3.6 | reward(game/avg): 7690/8446 | 3.74 games/s | ETA: 29s
[ 191/300] samples:   9466 | chain(game/max/avg): 4/5/3.6 | reward(game/avg): 8600/8447 | 3.76 games/s | ETA: 29s
[ 192/300] samples:   9516 | chain(game/max/avg): 4/5/3.6 | reward(game/avg): 12060/8466 | 3.77 games/s | ETA: 29s
[ 193/300] samples:   9566 | chain(game/max/avg): 4/5/3.6 | reward(game/avg): 8260/8465 | 3.79 games/s | ETA: 28s
[ 194/300] samples:   9616 | chain(game/max/avg): 4/5/3.6 | reward(game/avg): 9380/8470 | 3.80 games/s | ETA: 28s
[ 195/300] samples:   9666 | chain(game/max/avg): 4/5/3.7 | reward(game/avg): 11560/8485 | 3.81 games/s | ETA: 28s
[ 196/300] samples:   9716 | chain(game/max/avg): 4/5/3.7 | reward(game/avg): 8720/8487 | 3.83 games/s | ETA: 27s
[ 197/300] samples:   9766 | chain(game/max/avg): 4/5/3.7 | reward(game/avg): 10380/8496 | 3.85 games/s | ETA: 27s
[ 198/300] samples:   9816 | chain(game/max/avg): 4/5/3.7 | reward(game/avg): 9290/8500 | 3.86 games/s | ETA: 26s
[ 199/300] samples:   9866 | chain(game/max/avg): 3/5/3.7 | reward(game/avg): 8340/8499 | 3.87 games/s | ETA: 26s
[ 200/300] samples:   9916 | chain(game/max/avg): 3/5/3.6 | reward(game/avg): 8800/8501 | 3.89 games/s | ETA: 26s
[ 201/300] samples:   9966 | chain(game/max/avg): 4/5/3.7 | reward(game/avg): 9030/8504 | 3.82 games/s | ETA: 26s
[ 202/300] samples:  10016 | chain(game/max/avg): 3/5/3.6 | reward(game/avg): 8650/8504 | 3.36 games/s | ETA: 29s
[ 203/300] samples:  10066 | chain(game/max/avg): 4/5/3.7 | reward(game/avg): 8620/8505 | 3.12 games/s | ETA: 31s
[ 204/300] samples:  10116 | chain(game/max/avg): 4/5/3.7 | reward(game/avg): 10120/8513 | 2.90 games/s | ETA: 33s
[ 205/300] samples:  10166 | chain(game/max/avg): 4/5/3.7 | reward(game/avg): 7860/8510 | 2.90 games/s | ETA: 33s
[ 206/300] samples:  10216 | chain(game/max/avg): 4/5/3.7 | reward(game/avg): 9360/8514 | 2.90 games/s | ETA: 32s
[ 207/300] samples:  10266 | chain(game/max/avg): 3/5/3.7 | reward(game/avg): 8200/8512 | 2.91 games/s | ETA: 32s
[ 208/300] samples:  10316 | chain(game/max/avg): 4/5/3.7 | reward(game/avg): 8580/8512 | 2.91 games/s | ETA: 32s
[ 209/300] samples:  10366 | chain(game/max/avg): 3/5/3.7 | reward(game/avg): 6280/8502 | 2.91 games/s | ETA: 31s
[ 210/300] samples:  10416 | chain(game/max/avg): 4/5/3.7 | reward(game/avg): 7280/8496 | 2.91 games/s | ETA: 31s
[ 211/300] samples:  10466 | chain(game/max/avg): 3/5/3.6 | reward(game/avg): 7850/8493 | 2.92 games/s | ETA: 30s
[ 212/300] samples:  10516 | chain(game/max/avg): 3/5/3.6 | reward(game/avg): 8460/8493 | 2.91 games/s | ETA: 30s
[ 213/300] samples:  10566 | chain(game/max/avg): 4/5/3.6 | reward(game/avg): 8720/8494 | 2.92 games/s | ETA: 30s
[ 214/300] samples:  10616 | chain(game/max/avg): 4/5/3.6 | reward(game/avg): 9020/8496 | 2.92 games/s | ETA: 29s
[ 215/300] samples:  10666 | chain(game/max/avg): 4/5/3.7 | reward(game/avg): 7640/8492 | 2.93 games/s | ETA: 29s
[ 216/300] samples:  10716 | chain(game/max/avg): 3/5/3.6 | reward(game/avg): 6030/8481 | 2.93 games/s | ETA: 29s
[ 217/300] samples:  10766 | chain(game/max/avg): 4/5/3.6 | reward(game/avg): 10340/8489 | 2.94 games/s | ETA: 28s
[ 218/300] samples:  10816 | chain(game/max/avg): 4/5/3.7 | reward(game/avg): 8080/8488 | 2.93 games/s | ETA: 28s
[ 219/300] samples:  10866 | chain(game/max/avg): 4/5/3.7 | reward(game/avg): 8270/8487 | 2.93 games/s | ETA: 28s
[ 220/300] samples:  10916 | chain(game/max/avg): 4/5/3.7 | reward(game/avg): 8400/8486 | 2.94 games/s | ETA: 27s
[ 221/300] samples:  10966 | chain(game/max/avg): 4/5/3.7 | reward(game/avg): 8540/8486 | 2.95 games/s | ETA: 27s
[ 222/300] samples:  11016 | chain(game/max/avg): 4/5/3.7 | reward(game/avg): 8620/8487 | 2.96 games/s | ETA: 26s
[ 223/300] samples:  11066 | chain(game/max/avg): 4/5/3.7 | reward(game/avg): 11760/8502 | 2.96 games/s | ETA: 26s
[ 224/300] samples:  11116 | chain(game/max/avg): 4/5/3.7 | reward(game/avg): 9240/8505 | 2.95 games/s | ETA: 26s
[ 225/300] samples:  11166 | chain(game/max/avg): 4/5/3.7 | reward(game/avg): 7440/8500 | 2.96 games/s | ETA: 25s
[ 226/300] samples:  11216 | chain(game/max/avg): 5/5/3.7 | reward(game/avg): 11220/8512 | 2.97 games/s | ETA: 25s
[ 227/300] samples:  11266 | chain(game/max/avg): 4/5/3.7 | reward(game/avg): 8500/8512 | 2.97 games/s | ETA: 25s
[ 228/300] samples:  11316 | chain(game/max/avg): 4/5/3.7 | reward(game/avg): 8050/8510 | 2.98 games/s | ETA: 24s
[ 229/300] samples:  11366 | chain(game/max/avg): 4/5/3.7 | reward(game/avg): 10040/8517 | 2.99 games/s | ETA: 24s
[ 230/300] samples:  11416 | chain(game/max/avg): 4/5/3.7 | reward(game/avg): 8620/8517 | 2.99 games/s | ETA: 23s
[ 231/300] samples:  11466 | chain(game/max/avg): 4/5/3.7 | reward(game/avg): 8720/8518 | 2.99 games/s | ETA: 23s
[ 232/300] samples:  11516 | chain(game/max/avg): 4/5/3.7 | reward(game/avg): 9280/8522 | 2.99 games/s | ETA: 23s
[ 233/300] samples:  11566 | chain(game/max/avg): 3/5/3.7 | reward(game/avg): 6180/8512 | 3.01 games/s | ETA: 22s
[ 234/300] samples:  11616 | chain(game/max/avg): 4/5/3.7 | reward(game/avg): 8300/8511 | 2.98 games/s | ETA: 22s
[ 235/300] samples:  11666 | chain(game/max/avg): 4/5/3.7 | reward(game/avg): 8140/8509 | 2.99 games/s | ETA: 22s
[ 236/300] samples:  11716 | chain(game/max/avg): 4/5/3.7 | reward(game/avg): 10560/8518 | 3.00 games/s | ETA: 21s
[ 237/300] samples:  11766 | chain(game/max/avg): 3/5/3.7 | reward(game/avg): 7140/8512 | 3.00 games/s | ETA: 21s
[ 238/300] samples:  11816 | chain(game/max/avg): 4/5/3.7 | reward(game/avg): 8230/8511 | 3.01 games/s | ETA: 21s
[ 239/300] samples:  11866 | chain(game/max/avg): 4/5/3.7 | reward(game/avg): 8100/8509 | 3.02 games/s | ETA: 20s
[ 240/300] samples:  11916 | chain(game/max/avg): 4/5/3.7 | reward(game/avg): 10410/8517 | 3.03 games/s | ETA: 20s
[ 241/300] samples:  11966 | chain(game/max/avg): 4/5/3.7 | reward(game/avg): 7900/8514 | 3.04 games/s | ETA: 19s
[ 242/300] samples:  12016 | chain(game/max/avg): 4/5/3.7 | reward(game/avg): 6700/8507 | 3.05 games/s | ETA: 19s
[ 243/300] samples:  12066 | chain(game/max/avg): 4/5/3.7 | reward(game/avg): 8950/8509 | 3.06 games/s | ETA: 19s
[ 244/300] samples:  12116 | chain(game/max/avg): 4/5/3.7 | reward(game/avg): 10700/8518 | 3.07 games/s | ETA: 18s
[ 245/300] samples:  12166 | chain(game/max/avg): 4/5/3.7 | reward(game/avg): 9940/8523 | 3.08 games/s | ETA: 18s
[ 246/300] samples:  12216 | chain(game/max/avg): 3/5/3.7 | reward(game/avg): 7490/8519 | 3.10 games/s | ETA: 17s
[ 247/300] samples:  12266 | chain(game/max/avg): 4/5/3.7 | reward(game/avg): 8060/8517 | 3.11 games/s | ETA: 17s
[ 248/300] samples:  12316 | chain(game/max/avg): 4/5/3.7 | reward(game/avg): 9840/8523 | 3.12 games/s | ETA: 17s
[ 249/300] samples:  12366 | chain(game/max/avg): 3/5/3.7 | reward(game/avg): 7280/8518 | 3.13 games/s | ETA: 16s
[ 250/300] samples:  12416 | chain(game/max/avg): 4/5/3.7 | reward(game/avg): 9230/8521 | 3.14 games/s | ETA: 16s
[ 251/300] samples:  12466 | chain(game/max/avg): 3/5/3.7 | reward(game/avg): 7260/8516 | 3.14 games/s | ETA: 16s
[ 252/300] samples:  12516 | chain(game/max/avg): 4/5/3.7 | reward(game/avg): 10120/8522 | 3.15 games/s | ETA: 15s
[ 253/300] samples:  12566 | chain(game/max/avg): 4/5/3.7 | reward(game/avg): 9220/8525 | 3.16 games/s | ETA: 15s
[ 254/300] samples:  12616 | chain(game/max/avg): 4/5/3.7 | reward(game/avg): 10100/8531 | 3.18 games/s | ETA: 14s
[ 255/300] samples:  12666 | chain(game/max/avg): 4/5/3.7 | reward(game/avg): 10140/8537 | 3.19 games/s | ETA: 14s
[ 256/300] samples:  12716 | chain(game/max/avg): 4/5/3.7 | reward(game/avg): 8400/8537 | 3.20 games/s | ETA: 14s
[ 257/300] samples:  12766 | chain(game/max/avg): 4/5/3.7 | reward(game/avg): 9520/8541 | 3.21 games/s | ETA: 13s
[ 258/300] samples:  12816 | chain(game/max/avg): 4/5/3.7 | reward(game/avg): 10240/8547 | 3.22 games/s | ETA: 13s
[ 259/300] samples:  12866 | chain(game/max/avg): 3/5/3.7 | reward(game/avg): 5650/8536 | 3.24 games/s | ETA: 13s
[ 260/300] samples:  12916 | chain(game/max/avg): 3/5/3.7 | reward(game/avg): 7720/8533 | 3.25 games/s | ETA: 12s
[ 261/300] samples:  12966 | chain(game/max/avg): 4/5/3.7 | reward(game/avg): 9700/8537 | 3.26 games/s | ETA: 12s
[ 262/300] samples:  13016 | chain(game/max/avg): 4/5/3.7 | reward(game/avg): 8380/8537 | 3.27 games/s | ETA: 12s
[ 263/300] samples:  13066 | chain(game/max/avg): 3/5/3.7 | reward(game/avg): 8880/8538 | 3.28 games/s | ETA: 11s
[ 264/300] samples:  13116 | chain(game/max/avg): 4/5/3.7 | reward(game/avg): 9600/8542 | 3.30 games/s | ETA: 11s
[ 265/300] samples:  13166 | chain(game/max/avg): 4/5/3.7 | reward(game/avg): 10400/8549 | 3.31 games/s | ETA: 11s
[ 266/300] samples:  13216 | chain(game/max/avg): 3/5/3.7 | reward(game/avg): 7840/8546 | 3.32 games/s | ETA: 10s
[ 267/300] samples:  13266 | chain(game/max/avg): 4/5/3.7 | reward(game/avg): 9740/8551 | 3.32 games/s | ETA: 10s
[ 268/300] samples:  13316 | chain(game/max/avg): 3/5/3.7 | reward(game/avg): 7500/8547 | 3.32 games/s | ETA: 10s
[ 269/300] samples:  13366 | chain(game/max/avg): 3/5/3.7 | reward(game/avg): 6990/8541 | 3.33 games/s | ETA: 9s
[ 270/300] samples:  13416 | chain(game/max/avg): 4/5/3.7 | reward(game/avg): 9670/8545 | 3.34 games/s | ETA: 9s
[ 271/300] samples:  13466 | chain(game/max/avg): 4/5/3.7 | reward(game/avg): 9020/8547 | 3.36 games/s | ETA: 9s
[ 272/300] samples:  13516 | chain(game/max/avg): 4/5/3.7 | reward(game/avg): 9180/8549 | 3.37 games/s | ETA: 8s
[ 273/300] samples:  13566 | chain(game/max/avg): 4/5/3.7 | reward(game/avg): 10170/8555 | 3.38 games/s | ETA: 8s
[ 274/300] samples:  13616 | chain(game/max/avg): 4/5/3.7 | reward(game/avg): 9720/8560 | 3.39 games/s | ETA: 8s
[ 275/300] samples:  13666 | chain(game/max/avg): 3/5/3.7 | reward(game/avg): 5360/8548 | 3.40 games/s | ETA: 7s
[ 276/300] samples:  13716 | chain(game/max/avg): 4/5/3.7 | reward(game/avg): 9680/8552 | 3.41 games/s | ETA: 7s
[ 277/300] samples:  13766 | chain(game/max/avg): 4/5/3.7 | reward(game/avg): 8500/8552 | 3.42 games/s | ETA: 7s
[ 278/300] samples:  13816 | chain(game/max/avg): 3/5/3.7 | reward(game/avg): 7180/8547 | 3.43 games/s | ETA: 6s
[ 279/300] samples:  13866 | chain(game/max/avg): 4/5/3.7 | reward(game/avg): 8090/8545 | 3.45 games/s | ETA: 6s
[ 280/300] samples:  13916 | chain(game/max/avg): 4/5/3.7 | reward(game/avg): 10350/8552 | 3.46 games/s | ETA: 6s
[ 281/300] samples:  13966 | chain(game/max/avg): 3/5/3.7 | reward(game/avg): 6420/8544 | 3.47 games/s | ETA: 5s
[ 282/300] samples:  14016 | chain(game/max/avg): 4/5/3.7 | reward(game/avg): 8020/8542 | 3.46 games/s | ETA: 5s
[ 283/300] samples:  14066 | chain(game/max/avg): 4/5/3.7 | reward(game/avg): 7760/8539 | 3.47 games/s | ETA: 5s
[ 284/300] samples:  14116 | chain(game/max/avg): 3/5/3.7 | reward(game/avg): 7740/8537 | 3.48 games/s | ETA: 5s
[ 285/300] samples:  14166 | chain(game/max/avg): 4/5/3.7 | reward(game/avg): 9000/8538 | 3.50 games/s | ETA: 4s
[ 286/300] samples:  14216 | chain(game/max/avg): 3/5/3.7 | reward(game/avg): 7490/8535 | 3.51 games/s | ETA: 4s
[ 287/300] samples:  14266 | chain(game/max/avg): 4/5/3.7 | reward(game/avg): 6800/8529 | 3.52 games/s | ETA: 4s
[ 288/300] samples:  14316 | chain(game/max/avg): 4/5/3.7 | reward(game/avg): 10520/8535 | 3.53 games/s | ETA: 3s
[ 289/300] samples:  14366 | chain(game/max/avg): 4/5/3.7 | reward(game/avg): 9840/8540 | 3.54 games/s | ETA: 3s
[ 290/300] samples:  14416 | chain(game/max/avg): 3/5/3.7 | reward(game/avg): 8420/8540 | 3.52 games/s | ETA: 3s
[ 291/300] samples:  14466 | chain(game/max/avg): 4/5/3.7 | reward(game/avg): 9480/8543 | 3.52 games/s | ETA: 3s
[ 292/300] samples:  14516 | chain(game/max/avg): 4/5/3.7 | reward(game/avg): 9690/8547 | 3.52 games/s | ETA: 2s
[ 293/300] samples:  14566 | chain(game/max/avg): 4/5/3.7 | reward(game/avg): 7880/8544 | 3.52 games/s | ETA: 2s
[ 294/300] samples:  14616 | chain(game/max/avg): 4/5/3.7 | reward(game/avg): 10310/8550 | 3.53 games/s | ETA: 2s
[ 295/300] samples:  14666 | chain(game/max/avg): 3/5/3.7 | reward(game/avg): 6540/8544 | 3.54 games/s | ETA: 1s
[ 296/300] samples:  14716 | chain(game/max/avg): 4/5/3.7 | reward(game/avg): 10060/8549 | 3.55 games/s | ETA: 1s
[ 297/300] samples:  14766 | chain(game/max/avg): 4/5/3.7 | reward(game/avg): 9120/8551 | 3.56 games/s | ETA: 1s
[ 298/300] samples:  14816 | chain(game/max/avg): 4/5/3.7 | reward(game/avg): 8950/8552 | 3.56 games/s | ETA: 1s
[ 299/300] samples:  14866 | chain(game/max/avg): 4/5/3.7 | reward(game/avg): 7680/8549 | 3.57 games/s | ETA: 0s
[ 300/300] samples:  14916 | chain(game/max/avg): 4/5/3.7 | reward(game/avg): 10700/8556 | 3.58 games/s | ETA: 0s
Self-play complete: 300 games, 14916 samples, max chain: 5
Saved to data/alphazero_iter_332.bin
[2026-04-04 03:41:30] Removing old data: data/alphazero_iter_302.bin
[2026-04-04 03:41:31] Train start (AlphaZero mode, replay buffer, global_step=331000)
    Finished `release` profile [optimized] target(s) in 4.31s
     Running `target/release/train --alphazero --data-dir data --global-step 331000`
Backend: CUDA (GPU)
Mode: AlphaZero (Policy CE + Value MSE)
Loading AlphaZero datasets from data...
Found 30 data files
  Loaded 14775 samples from data/alphazero_iter_303.bin
  Loaded 14912 samples from data/alphazero_iter_304.bin
  Loaded 14830 samples from data/alphazero_iter_305.bin
  Loaded 14896 samples from data/alphazero_iter_306.bin
  Loaded 14624 samples from data/alphazero_iter_307.bin
  Loaded 14753 samples from data/alphazero_iter_308.bin
  Loaded 14732 samples from data/alphazero_iter_309.bin
  Loaded 14724 samples from data/alphazero_iter_310.bin
  Loaded 14646 samples from data/alphazero_iter_311.bin
  Loaded 14794 samples from data/alphazero_iter_312.bin
  Loaded 14888 samples from data/alphazero_iter_313.bin
  Loaded 14779 samples from data/alphazero_iter_314.bin
  Loaded 14825 samples from data/alphazero_iter_315.bin
  Loaded 14881 samples from data/alphazero_iter_316.bin
  Loaded 14703 samples from data/alphazero_iter_317.bin
  Loaded 14834 samples from data/alphazero_iter_318.bin
  Loaded 14744 samples from data/alphazero_iter_319.bin
  Loaded 14826 samples from data/alphazero_iter_320.bin
  Loaded 14831 samples from data/alphazero_iter_321.bin
  Loaded 14758 samples from data/alphazero_iter_322.bin
  Loaded 14807 samples from data/alphazero_iter_323.bin
  Loaded 14912 samples from data/alphazero_iter_324.bin
  Loaded 14803 samples from data/alphazero_iter_325.bin
  Loaded 14788 samples from data/alphazero_iter_326.bin
  Loaded 14870 samples from data/alphazero_iter_327.bin
  Loaded 14915 samples from data/alphazero_iter_328.bin
  Loaded 14743 samples from data/alphazero_iter_329.bin
  Loaded 14773 samples from data/alphazero_iter_330.bin
  Loaded 14654 samples from data/alphazero_iter_331.bin
  Loaded 14916 samples from data/alphazero_iter_332.bin
Loaded 443936 total samples
Train: 443936 samples (color augmented on-the-fly, no val split)
Loaded existing model from artifacts/puyo_model
AlphaZero training: 1000 steps, global_step=331000, LR 2e-4 (end ~2e-4)
  step 50/1000 p_loss=1.2376 v_loss=0.2543 lr=0.000200  step 100/1000 p_loss=1.2382 v_loss=0.2472 lr=0.000200  step 150/1000 p_loss=1.2378 v_loss=0.2482 lr=0.000200  step 200/1000 p_loss=1.2379 v_loss=0.2503 lr=0.000200  step 250/1000 p_loss=1.2376 v_loss=0.2515 lr=0.000200  step 300/1000 p_loss=1.2375 v_loss=0.2510 lr=0.000200  step 350/1000 p_loss=1.2371 v_loss=0.2503 lr=0.000200  step 400/1000 p_loss=1.2377 v_loss=0.2500 lr=0.000200  step 450/1000 p_loss=1.2376 v_loss=0.2499 lr=0.000200  step 500/1000 p_loss=1.2376 v_loss=0.2505 lr=0.000200  step 550/1000 p_loss=1.2379 v_loss=0.2502 lr=0.000200  step 600/1000 p_loss=1.2374 v_loss=0.2499 lr=0.000200  step 650/1000 p_loss=1.2372 v_loss=0.2495 lr=0.000200  step 700/1000 p_loss=1.2371 v_loss=0.2497 lr=0.000200  step 750/1000 p_loss=1.2375 v_loss=0.2498 lr=0.000200  step 800/1000 p_loss=1.2374 v_loss=0.2499 lr=0.000200  step 850/1000 p_loss=1.2374 v_loss=0.2498 lr=0.000200  step 900/1000 p_loss=1.2371 v_loss=0.2497 lr=0.000200  step 950/1000 p_loss=1.2371 v_loss=0.2495 lr=0.000200  step 1000/1000 p_loss=1.2370 v_loss=0.2499 lr=0.000200
AlphaZero training complete. final train_loss(p=1.237018, v=0.249864) global_step=332000
[2026-04-04 03:44:53] === Iteration 332 complete ===
[2026-04-04 03:44:53] --- Iteration 333 (sims=64, global_step=332000) ---
[2026-04-04 03:44:53] Self-play start (m=16, c_visit=50.0)
    Finished `release` profile [optimized] target(s) in 4.61s
     Running `target/release/self-play --games 300 --simulations 64 --c-puct-init 1.5 --m 16 --c-visit 50.0 --gamma 0.95 --min-chain 0 --output data/alphazero_iter_333.bin`
games=300, simulations=64, c_puct_init=1.5, c_puct_base=19652, m=16, c_visit=50, gamma=0.95
Backend: CudaJit (GPU) — Gumbel MCTS self-play (batched)
Loaded existing model from artifacts/puyo_model
Using 128 game threads, max_batch_size=128
[   1/300] samples:     31 | chain(game/max/avg): 3/3/3.0 | reward(game/avg): 3170/3170 | 0.06 games/s | ETA: 4644s
[   2/300] samples:     75 | chain(game/max/avg): 3/3/3.0 | reward(game/avg): 5180/4175 | 0.10 games/s | ETA: 3118s
[   3/300] samples:    123 | chain(game/max/avg): 4/4/3.3 | reward(game/avg): 8040/5463 | 0.13 games/s | ETA: 2239s
[   4/300] samples:    170 | chain(game/max/avg): 3/4/3.2 | reward(game/avg): 5580/5492 | 0.18 games/s | ETA: 1683s
[   5/300] samples:    220 | chain(game/max/avg): 3/4/3.2 | reward(game/avg): 8440/6082 | 0.21 games/s | ETA: 1376s
[   6/300] samples:    270 | chain(game/max/avg): 5/5/3.5 | reward(game/avg): 12160/7095 | 0.26 games/s | ETA: 1147s
[   7/300] samples:    320 | chain(game/max/avg): 4/5/3.6 | reward(game/avg): 8530/7300 | 0.30 games/s | ETA: 980s
[   8/300] samples:    370 | chain(game/max/avg): 4/5/3.6 | reward(game/avg): 6900/7250 | 0.34 games/s | ETA: 855s
[   9/300] samples:    420 | chain(game/max/avg): 4/5/3.7 | reward(game/avg): 8560/7396 | 0.38 games/s | ETA: 761s
[  10/300] samples:    470 | chain(game/max/avg): 3/5/3.6 | reward(game/avg): 7470/7403 | 0.42 games/s | ETA: 685s
[  11/300] samples:    520 | chain(game/max/avg): 4/5/3.6 | reward(game/avg): 9220/7568 | 0.47 games/s | ETA: 621s
[  12/300] samples:    570 | chain(game/max/avg): 4/5/3.7 | reward(game/avg): 11420/7889 | 0.51 games/s | ETA: 568s
[  13/300] samples:    620 | chain(game/max/avg): 4/5/3.7 | reward(game/avg): 9580/8019 | 0.55 games/s | ETA: 522s
[  14/300] samples:    670 | chain(game/max/avg): 4/5/3.7 | reward(game/avg): 8400/8046 | 0.59 games/s | ETA: 485s
[  15/300] samples:    720 | chain(game/max/avg): 4/5/3.7 | reward(game/avg): 7800/8030 | 0.63 games/s | ETA: 454s
[  16/300] samples:    770 | chain(game/max/avg): 3/5/3.7 | reward(game/avg): 5920/7898 | 0.67 games/s | ETA: 424s
[  17/300] samples:    820 | chain(game/max/avg): 5/5/3.8 | reward(game/avg): 8240/7918 | 0.71 games/s | ETA: 398s
[  18/300] samples:    870 | chain(game/max/avg): 4/5/3.8 | reward(game/avg): 7560/7898 | 0.75 games/s | ETA: 376s
[  19/300] samples:    920 | chain(game/max/avg): 4/5/3.8 | reward(game/avg): 8900/7951 | 0.79 games/s | ETA: 355s
[  20/300] samples:    970 | chain(game/max/avg): 4/5/3.8 | reward(game/avg): 10800/8094 | 0.83 games/s | ETA: 336s
[  21/300] samples:   1020 | chain(game/max/avg): 4/5/3.8 | reward(game/avg): 10520/8209 | 0.87 games/s | ETA: 319s
[  22/300] samples:   1070 | chain(game/max/avg): 4/5/3.8 | reward(game/avg): 10840/8329 | 0.92 games/s | ETA: 304s
[  23/300] samples:   1120 | chain(game/max/avg): 4/5/3.8 | reward(game/avg): 7040/8273 | 0.95 games/s | ETA: 290s
[  24/300] samples:   1170 | chain(game/max/avg): 4/5/3.8 | reward(game/avg): 8880/8298 | 0.99 games/s | ETA: 279s
[  25/300] samples:   1220 | chain(game/max/avg): 4/5/3.8 | reward(game/avg): 7600/8270 | 1.03 games/s | ETA: 267s
[  26/300] samples:   1270 | chain(game/max/avg): 4/5/3.8 | reward(game/avg): 8900/8294 | 1.07 games/s | ETA: 256s
[  27/300] samples:   1320 | chain(game/max/avg): 4/5/3.9 | reward(game/avg): 10080/8360 | 1.11 games/s | ETA: 246s
[  28/300] samples:   1370 | chain(game/max/avg): 4/5/3.9 | reward(game/avg): 8720/8373 | 1.15 games/s | ETA: 237s
[  29/300] samples:   1420 | chain(game/max/avg): 4/5/3.9 | reward(game/avg): 10220/8437 | 1.19 games/s | ETA: 228s
[  30/300] samples:   1470 | chain(game/max/avg): 4/5/3.9 | reward(game/avg): 8950/8454 | 1.23 games/s | ETA: 220s
[  31/300] samples:   1520 | chain(game/max/avg): 4/5/3.9 | reward(game/avg): 7520/8424 | 1.27 games/s | ETA: 212s
[  32/300] samples:   1570 | chain(game/max/avg): 3/5/3.8 | reward(game/avg): 8210/8417 | 1.31 games/s | ETA: 205s
[  33/300] samples:   1620 | chain(game/max/avg): 4/5/3.8 | reward(game/avg): 8940/8433 | 1.35 games/s | ETA: 198s
[  34/300] samples:   1670 | chain(game/max/avg): 4/5/3.9 | reward(game/avg): 10580/8496 | 1.39 games/s | ETA: 192s
[  35/300] samples:   1720 | chain(game/max/avg): 4/5/3.9 | reward(game/avg): 9900/8536 | 1.43 games/s | ETA: 186s
[  36/300] samples:   1770 | chain(game/max/avg): 4/5/3.9 | reward(game/avg): 9100/8552 | 1.46 games/s | ETA: 180s
[  37/300] samples:   1820 | chain(game/max/avg): 3/5/3.8 | reward(game/avg): 8110/8540 | 1.51 games/s | ETA: 175s
[  38/300] samples:   1870 | chain(game/max/avg): 4/5/3.8 | reward(game/avg): 8460/8538 | 1.54 games/s | ETA: 170s
[  39/300] samples:   1920 | chain(game/max/avg): 3/5/3.8 | reward(game/avg): 5640/8464 | 1.58 games/s | ETA: 165s
[  40/300] samples:   1970 | chain(game/max/avg): 3/5/3.8 | reward(game/avg): 7940/8450 | 1.62 games/s | ETA: 160s
[  41/300] samples:   2020 | chain(game/max/avg): 4/5/3.8 | reward(game/avg): 9120/8467 | 1.66 games/s | ETA: 156s
[  42/300] samples:   2070 | chain(game/max/avg): 4/5/3.8 | reward(game/avg): 9420/8490 | 1.70 games/s | ETA: 152s
[  43/300] samples:   2120 | chain(game/max/avg): 4/5/3.8 | reward(game/avg): 7560/8468 | 1.74 games/s | ETA: 148s
[  44/300] samples:   2170 | chain(game/max/avg): 3/5/3.8 | reward(game/avg): 8540/8470 | 1.78 games/s | ETA: 144s
[  45/300] samples:   2220 | chain(game/max/avg): 4/5/3.8 | reward(game/avg): 10170/8507 | 1.82 games/s | ETA: 140s
[  46/300] samples:   2270 | chain(game/max/avg): 4/5/3.8 | reward(game/avg): 8460/8506 | 1.86 games/s | ETA: 137s
[  47/300] samples:   2320 | chain(game/max/avg): 4/5/3.8 | reward(game/avg): 9020/8517 | 1.90 games/s | ETA: 133s
[  48/300] samples:   2370 | chain(game/max/avg): 4/5/3.8 | reward(game/avg): 8960/8526 | 1.94 games/s | ETA: 130s
[  49/300] samples:   2420 | chain(game/max/avg): 3/5/3.8 | reward(game/avg): 6000/8475 | 1.98 games/s | ETA: 127s
[  50/300] samples:   2470 | chain(game/max/avg): 4/5/3.8 | reward(game/avg): 7220/8450 | 2.02 games/s | ETA: 124s
[  51/300] samples:   2520 | chain(game/max/avg): 4/5/3.8 | reward(game/avg): 9400/8468 | 2.06 games/s | ETA: 121s
[  52/300] samples:   2570 | chain(game/max/avg): 4/5/3.8 | reward(game/avg): 7920/8458 | 2.10 games/s | ETA: 118s
[  53/300] samples:   2620 | chain(game/max/avg): 4/5/3.8 | reward(game/avg): 8020/8450 | 2.13 games/s | ETA: 116s
[  54/300] samples:   2670 | chain(game/max/avg): 3/5/3.8 | reward(game/avg): 8240/8446 | 2.17 games/s | ETA: 113s
[  55/300] samples:   2720 | chain(game/max/avg): 4/5/3.8 | reward(game/avg): 8990/8456 | 2.21 games/s | ETA: 111s
[  56/300] samples:   2770 | chain(game/max/avg): 4/5/3.8 | reward(game/avg): 8660/8459 | 2.25 games/s | ETA: 108s
[  57/300] samples:   2820 | chain(game/max/avg): 3/5/3.8 | reward(game/avg): 7140/8436 | 2.29 games/s | ETA: 106s
[  58/300] samples:   2870 | chain(game/max/avg): 4/5/3.8 | reward(game/avg): 9520/8455 | 2.33 games/s | ETA: 104s
[  59/300] samples:   2920 | chain(game/max/avg): 3/5/3.8 | reward(game/avg): 6860/8428 | 2.37 games/s | ETA: 102s
[  60/300] samples:   2970 | chain(game/max/avg): 4/5/3.8 | reward(game/avg): 8960/8437 | 2.40 games/s | ETA: 100s
[  61/300] samples:   3020 | chain(game/max/avg): 3/5/3.8 | reward(game/avg): 8540/8438 | 2.44 games/s | ETA: 98s
[  62/300] samples:   3070 | chain(game/max/avg): 4/5/3.8 | reward(game/avg): 8460/8439 | 2.48 games/s | ETA: 96s
[  63/300] samples:   3120 | chain(game/max/avg): 3/5/3.8 | reward(game/avg): 7020/8416 | 2.52 games/s | ETA: 94s
[  64/300] samples:   3170 | chain(game/max/avg): 4/5/3.8 | reward(game/avg): 9440/8432 | 2.56 games/s | ETA: 92s
[  65/300] samples:   3220 | chain(game/max/avg): 4/5/3.8 | reward(game/avg): 10360/8462 | 2.60 games/s | ETA: 90s
[  66/300] samples:   3270 | chain(game/max/avg): 4/5/3.8 | reward(game/avg): 9820/8482 | 2.64 games/s | ETA: 89s
[  67/300] samples:   3320 | chain(game/max/avg): 4/5/3.8 | reward(game/avg): 10060/8506 | 2.68 games/s | ETA: 87s
[  68/300] samples:   3370 | chain(game/max/avg): 4/5/3.8 | reward(game/avg): 9040/8514 | 2.72 games/s | ETA: 85s
[  69/300] samples:   3420 | chain(game/max/avg): 4/5/3.8 | reward(game/avg): 8400/8512 | 2.75 games/s | ETA: 84s
[  70/300] samples:   3470 | chain(game/max/avg): 4/5/3.8 | reward(game/avg): 10160/8536 | 2.79 games/s | ETA: 82s
[  71/300] samples:   3520 | chain(game/max/avg): 4/5/3.8 | reward(game/avg): 9480/8549 | 2.83 games/s | ETA: 81s
[  72/300] samples:   3570 | chain(game/max/avg): 4/5/3.8 | reward(game/avg): 10420/8575 | 2.87 games/s | ETA: 79s
[  73/300] samples:   3620 | chain(game/max/avg): 4/5/3.8 | reward(game/avg): 7820/8565 | 2.91 games/s | ETA: 78s
[  74/300] samples:   3670 | chain(game/max/avg): 3/5/3.8 | reward(game/avg): 8050/8558 | 2.95 games/s | ETA: 77s
[  75/300] samples:   3720 | chain(game/max/avg): 3/5/3.8 | reward(game/avg): 7860/8548 | 2.99 games/s | ETA: 75s
[  76/300] samples:   3770 | chain(game/max/avg): 4/5/3.8 | reward(game/avg): 9390/8559 | 3.03 games/s | ETA: 74s
[  77/300] samples:   3820 | chain(game/max/avg): 4/5/3.8 | reward(game/avg): 9820/8576 | 3.06 games/s | ETA: 73s
[  78/300] samples:   3870 | chain(game/max/avg): 4/5/3.8 | reward(game/avg): 11000/8607 | 3.10 games/s | ETA: 72s
[  79/300] samples:   3920 | chain(game/max/avg): 4/5/3.8 | reward(game/avg): 8320/8603 | 3.14 games/s | ETA: 70s
[  80/300] samples:   3970 | chain(game/max/avg): 4/5/3.8 | reward(game/avg): 9760/8618 | 3.18 games/s | ETA: 69s
[  81/300] samples:   4020 | chain(game/max/avg): 5/5/3.8 | reward(game/avg): 10000/8635 | 3.22 games/s | ETA: 68s
[  82/300] samples:   4070 | chain(game/max/avg): 4/5/3.8 | reward(game/avg): 9480/8645 | 3.25 games/s | ETA: 67s
[  83/300] samples:   4120 | chain(game/max/avg): 4/5/3.8 | reward(game/avg): 9240/8652 | 3.29 games/s | ETA: 66s
[  84/300] samples:   4170 | chain(game/max/avg): 4/5/3.8 | reward(game/avg): 8960/8656 | 3.33 games/s | ETA: 65s
[  85/300] samples:   4220 | chain(game/max/avg): 3/5/3.8 | reward(game/avg): 8000/8648 | 3.37 games/s | ETA: 64s
[  86/300] samples:   4270 | chain(game/max/avg): 3/5/3.8 | reward(game/avg): 7900/8640 | 3.41 games/s | ETA: 63s
[  87/300] samples:   4320 | chain(game/max/avg): 4/5/3.8 | reward(game/avg): 10680/8663 | 3.45 games/s | ETA: 62s
[  88/300] samples:   4370 | chain(game/max/avg): 3/5/3.8 | reward(game/avg): 5840/8631 | 3.49 games/s | ETA: 61s
[  89/300] samples:   4420 | chain(game/max/avg): 4/5/3.8 | reward(game/avg): 9560/8641 | 3.52 games/s | ETA: 60s
[  90/300] samples:   4470 | chain(game/max/avg): 4/5/3.8 | reward(game/avg): 8860/8644 | 3.56 games/s | ETA: 59s
[  91/300] samples:   4520 | chain(game/max/avg): 4/5/3.8 | reward(game/avg): 7860/8635 | 3.60 games/s | ETA: 58s
[  92/300] samples:   4570 | chain(game/max/avg): 4/5/3.8 | reward(game/avg): 7820/8626 | 3.64 games/s | ETA: 57s
[  93/300] samples:   4620 | chain(game/max/avg): 3/5/3.8 | reward(game/avg): 9780/8639 | 3.67 games/s | ETA: 56s
[  94/300] samples:   4670 | chain(game/max/avg): 3/5/3.8 | reward(game/avg): 7550/8627 | 3.71 games/s | ETA: 56s
[  95/300] samples:   4720 | chain(game/max/avg): 3/5/3.8 | reward(game/avg): 8080/8621 | 3.75 games/s | ETA: 55s
[  96/300] samples:   4770 | chain(game/max/avg): 4/5/3.8 | reward(game/avg): 8430/8619 | 3.79 games/s | ETA: 54s
[  97/300] samples:   4820 | chain(game/max/avg): 4/5/3.8 | reward(game/avg): 9520/8629 | 3.83 games/s | ETA: 53s
[  98/300] samples:   4870 | chain(game/max/avg): 3/5/3.8 | reward(game/avg): 7620/8618 | 3.86 games/s | ETA: 52s
[  99/300] samples:   4920 | chain(game/max/avg): 3/5/3.8 | reward(game/avg): 7020/8602 | 3.90 games/s | ETA: 52s
[ 100/300] samples:   4970 | chain(game/max/avg): 3/5/3.8 | reward(game/avg): 8100/8597 | 3.94 games/s | ETA: 51s
[ 101/300] samples:   4981 | chain(game/max/avg): 0/5/3.7 | reward(game/avg): 0/8512 | 3.74 games/s | ETA: 53s
[ 102/300] samples:   4991 | chain(game/max/avg): 0/5/3.7 | reward(game/avg): 0/8429 | 3.64 games/s | ETA: 54s
[ 103/300] samples:   5041 | chain(game/max/avg): 3/5/3.7 | reward(game/avg): 7960/8424 | 2.84 games/s | ETA: 69s
[ 104/300] samples:   5088 | chain(game/max/avg): 3/5/3.7 | reward(game/avg): 4100/8382 | 2.61 games/s | ETA: 75s
[ 105/300] samples:   5133 | chain(game/max/avg): 3/5/3.7 | reward(game/avg): 4980/8350 | 2.57 games/s | ETA: 76s
[ 106/300] samples:   5183 | chain(game/max/avg): 4/5/3.7 | reward(game/avg): 8920/8355 | 2.58 games/s | ETA: 75s
[ 107/300] samples:   5233 | chain(game/max/avg): 4/5/3.7 | reward(game/avg): 8000/8352 | 2.51 games/s | ETA: 77s
[ 108/300] samples:   5283 | chain(game/max/avg): 3/5/3.7 | reward(game/avg): 8940/8358 | 2.53 games/s | ETA: 76s
[ 109/300] samples:   5333 | chain(game/max/avg): 4/5/3.7 | reward(game/avg): 7120/8346 | 2.53 games/s | ETA: 75s
[ 110/300] samples:   5383 | chain(game/max/avg): 4/5/3.7 | reward(game/avg): 7580/8339 | 2.56 games/s | ETA: 74s
[ 111/300] samples:   5433 | chain(game/max/avg): 4/5/3.7 | reward(game/avg): 9880/8353 | 2.58 games/s | ETA: 73s
[ 112/300] samples:   5483 | chain(game/max/avg): 3/5/3.7 | reward(game/avg): 7000/8341 | 2.60 games/s | ETA: 72s
[ 113/300] samples:   5533 | chain(game/max/avg): 3/5/3.7 | reward(game/avg): 5870/8319 | 2.61 games/s | ETA: 72s
[ 114/300] samples:   5583 | chain(game/max/avg): 4/5/3.7 | reward(game/avg): 12080/8352 | 2.63 games/s | ETA: 71s
[ 115/300] samples:   5633 | chain(game/max/avg): 5/5/3.7 | reward(game/avg): 10520/8371 | 2.65 games/s | ETA: 70s
[ 116/300] samples:   5683 | chain(game/max/avg): 4/5/3.7 | reward(game/avg): 11000/8394 | 2.67 games/s | ETA: 69s
[ 117/300] samples:   5733 | chain(game/max/avg): 3/5/3.7 | reward(game/avg): 10120/8408 | 2.68 games/s | ETA: 68s
[ 118/300] samples:   5783 | chain(game/max/avg): 3/5/3.7 | reward(game/avg): 7740/8403 | 2.70 games/s | ETA: 67s
[ 119/300] samples:   5793 | chain(game/max/avg): 0/5/3.6 | reward(game/avg): 0/8332 | 2.72 games/s | ETA: 67s
[ 120/300] samples:   5843 | chain(game/max/avg): 4/5/3.6 | reward(game/avg): 9280/8340 | 2.74 games/s | ETA: 66s
[ 121/300] samples:   5893 | chain(game/max/avg): 4/5/3.6 | reward(game/avg): 8940/8345 | 2.76 games/s | ETA: 65s
[ 122/300] samples:   5943 | chain(game/max/avg): 4/5/3.6 | reward(game/avg): 8660/8348 | 2.78 games/s | ETA: 64s
[ 123/300] samples:   5993 | chain(game/max/avg): 4/5/3.6 | reward(game/avg): 10960/8369 | 2.81 games/s | ETA: 63s
[ 124/300] samples:   6043 | chain(game/max/avg): 4/5/3.6 | reward(game/avg): 8160/8367 | 2.83 games/s | ETA: 62s
[ 125/300] samples:   6093 | chain(game/max/avg): 3/5/3.6 | reward(game/avg): 6990/8356 | 2.85 games/s | ETA: 61s
[ 126/300] samples:   6143 | chain(game/max/avg): 4/5/3.6 | reward(game/avg): 8820/8360 | 2.87 games/s | ETA: 61s
[ 127/300] samples:   6193 | chain(game/max/avg): 4/5/3.6 | reward(game/avg): 10740/8379 | 2.89 games/s | ETA: 60s
[ 128/300] samples:   6243 | chain(game/max/avg): 4/5/3.6 | reward(game/avg): 8100/8376 | 2.91 games/s | ETA: 59s
[ 129/300] samples:   6293 | chain(game/max/avg): 4/5/3.7 | reward(game/avg): 7640/8371 | 2.93 games/s | ETA: 58s
[ 130/300] samples:   6343 | chain(game/max/avg): 4/5/3.7 | reward(game/avg): 10620/8388 | 2.95 games/s | ETA: 58s
[ 131/300] samples:   6393 | chain(game/max/avg): 3/5/3.6 | reward(game/avg): 4920/8362 | 2.97 games/s | ETA: 57s
[ 132/300] samples:   6443 | chain(game/max/avg): 4/5/3.7 | reward(game/avg): 10060/8374 | 2.99 games/s | ETA: 56s
[ 133/300] samples:   6493 | chain(game/max/avg): 4/5/3.7 | reward(game/avg): 7880/8371 | 3.02 games/s | ETA: 55s
[ 134/300] samples:   6543 | chain(game/max/avg): 4/5/3.7 | reward(game/avg): 11200/8392 | 3.04 games/s | ETA: 55s
[ 135/300] samples:   6593 | chain(game/max/avg): 4/5/3.7 | reward(game/avg): 9280/8398 | 3.06 games/s | ETA: 54s
[ 136/300] samples:   6643 | chain(game/max/avg): 3/5/3.7 | reward(game/avg): 7680/8393 | 3.08 games/s | ETA: 53s
[ 137/300] samples:   6693 | chain(game/max/avg): 3/5/3.6 | reward(game/avg): 7000/8383 | 3.10 games/s | ETA: 53s
[ 138/300] samples:   6743 | chain(game/max/avg): 4/5/3.7 | reward(game/avg): 7600/8377 | 3.12 games/s | ETA: 52s
[ 139/300] samples:   6793 | chain(game/max/avg): 4/5/3.7 | reward(game/avg): 8580/8379 | 3.15 games/s | ETA: 51s
[ 140/300] samples:   6843 | chain(game/max/avg): 4/5/3.7 | reward(game/avg): 7050/8369 | 3.17 games/s | ETA: 51s
[ 141/300] samples:   6893 | chain(game/max/avg): 4/5/3.7 | reward(game/avg): 9900/8380 | 3.19 games/s | ETA: 50s
[ 142/300] samples:   6943 | chain(game/max/avg): 3/5/3.7 | reward(game/avg): 6880/8370 | 3.21 games/s | ETA: 49s
[ 143/300] samples:   6993 | chain(game/max/avg): 3/5/3.7 | reward(game/avg): 6300/8355 | 3.23 games/s | ETA: 49s
[ 144/300] samples:   7043 | chain(game/max/avg): 3/5/3.6 | reward(game/avg): 8340/8355 | 3.25 games/s | ETA: 48s
[ 145/300] samples:   7093 | chain(game/max/avg): 3/5/3.6 | reward(game/avg): 7490/8349 | 3.27 games/s | ETA: 47s
[ 146/300] samples:   7143 | chain(game/max/avg): 4/5/3.6 | reward(game/avg): 11320/8369 | 3.29 games/s | ETA: 47s
[ 147/300] samples:   7193 | chain(game/max/avg): 3/5/3.6 | reward(game/avg): 7160/8361 | 3.31 games/s | ETA: 46s
[ 148/300] samples:   7243 | chain(game/max/avg): 4/5/3.6 | reward(game/avg): 9960/8372 | 3.32 games/s | ETA: 46s
[ 149/300] samples:   7293 | chain(game/max/avg): 4/5/3.6 | reward(game/avg): 8620/8374 | 3.35 games/s | ETA: 45s
[ 150/300] samples:   7343 | chain(game/max/avg): 4/5/3.6 | reward(game/avg): 10760/8389 | 3.37 games/s | ETA: 45s
[ 151/300] samples:   7393 | chain(game/max/avg): 3/5/3.6 | reward(game/avg): 7200/8382 | 3.39 games/s | ETA: 44s
[ 152/300] samples:   7443 | chain(game/max/avg): 3/5/3.6 | reward(game/avg): 7500/8376 | 3.41 games/s | ETA: 43s
[ 153/300] samples:   7493 | chain(game/max/avg): 5/5/3.6 | reward(game/avg): 12740/8404 | 3.43 games/s | ETA: 43s
[ 154/300] samples:   7543 | chain(game/max/avg): 4/5/3.6 | reward(game/avg): 9320/8410 | 3.45 games/s | ETA: 42s
[ 155/300] samples:   7593 | chain(game/max/avg): 4/5/3.7 | reward(game/avg): 8800/8413 | 3.47 games/s | ETA: 42s
[ 156/300] samples:   7643 | chain(game/max/avg): 4/5/3.7 | reward(game/avg): 10880/8429 | 3.49 games/s | ETA: 41s
[ 157/300] samples:   7693 | chain(game/max/avg): 4/5/3.7 | reward(game/avg): 7480/8423 | 3.51 games/s | ETA: 41s
[ 158/300] samples:   7743 | chain(game/max/avg): 4/5/3.7 | reward(game/avg): 9930/8432 | 3.54 games/s | ETA: 40s
[ 159/300] samples:   7793 | chain(game/max/avg): 3/5/3.7 | reward(game/avg): 8720/8434 | 3.56 games/s | ETA: 40s
[ 160/300] samples:   7843 | chain(game/max/avg): 3/5/3.6 | reward(game/avg): 9040/8438 | 3.58 games/s | ETA: 39s
[ 161/300] samples:   7893 | chain(game/max/avg): 4/5/3.7 | reward(game/avg): 8860/8440 | 3.60 games/s | ETA: 39s
[ 162/300] samples:   7943 | chain(game/max/avg): 3/5/3.6 | reward(game/avg): 6940/8431 | 3.62 games/s | ETA: 38s
[ 163/300] samples:   7993 | chain(game/max/avg): 4/5/3.7 | reward(game/avg): 8970/8434 | 3.64 games/s | ETA: 38s
[ 164/300] samples:   8043 | chain(game/max/avg): 4/5/3.7 | reward(game/avg): 11820/8455 | 3.66 games/s | ETA: 37s
[ 165/300] samples:   8093 | chain(game/max/avg): 4/5/3.7 | reward(game/avg): 8120/8453 | 3.68 games/s | ETA: 37s
[ 166/300] samples:   8143 | chain(game/max/avg): 3/5/3.7 | reward(game/avg): 7950/8450 | 3.70 games/s | ETA: 36s
[ 167/300] samples:   8193 | chain(game/max/avg): 4/5/3.7 | reward(game/avg): 9100/8454 | 3.72 games/s | ETA: 36s
[ 168/300] samples:   8243 | chain(game/max/avg): 4/5/3.7 | reward(game/avg): 9870/8462 | 3.75 games/s | ETA: 35s
[ 169/300] samples:   8293 | chain(game/max/avg): 4/5/3.7 | reward(game/avg): 7560/8457 | 3.77 games/s | ETA: 35s
[ 170/300] samples:   8343 | chain(game/max/avg): 4/5/3.7 | reward(game/avg): 8620/8458 | 3.79 games/s | ETA: 34s
[ 171/300] samples:   8393 | chain(game/max/avg): 4/5/3.7 | reward(game/avg): 8340/8457 | 3.81 games/s | ETA: 34s
[ 172/300] samples:   8443 | chain(game/max/avg): 3/5/3.7 | reward(game/avg): 6940/8448 | 3.83 games/s | ETA: 33s
[ 173/300] samples:   8493 | chain(game/max/avg): 4/5/3.7 | reward(game/avg): 8840/8451 | 3.85 games/s | ETA: 33s
[ 174/300] samples:   8543 | chain(game/max/avg): 3/5/3.7 | reward(game/avg): 6610/8440 | 3.87 games/s | ETA: 33s
[ 175/300] samples:   8593 | chain(game/max/avg): 3/5/3.7 | reward(game/avg): 8620/8441 | 3.89 games/s | ETA: 32s
[ 176/300] samples:   8643 | chain(game/max/avg): 4/5/3.7 | reward(game/avg): 9320/8446 | 3.91 games/s | ETA: 32s
[ 177/300] samples:   8693 | chain(game/max/avg): 4/5/3.7 | reward(game/avg): 8400/8446 | 3.93 games/s | ETA: 31s
[ 178/300] samples:   8743 | chain(game/max/avg): 4/5/3.7 | reward(game/avg): 9200/8450 | 3.95 games/s | ETA: 31s
[ 179/300] samples:   8793 | chain(game/max/avg): 4/5/3.7 | reward(game/avg): 7150/8443 | 3.97 games/s | ETA: 30s
[ 180/300] samples:   8843 | chain(game/max/avg): 4/5/3.7 | reward(game/avg): 8140/8441 | 3.99 games/s | ETA: 30s
[ 181/300] samples:   8893 | chain(game/max/avg): 4/5/3.7 | reward(game/avg): 9640/8448 | 4.01 games/s | ETA: 30s
[ 182/300] samples:   8943 | chain(game/max/avg): 4/5/3.7 | reward(game/avg): 9520/8454 | 4.04 games/s | ETA: 29s
[ 183/300] samples:   8993 | chain(game/max/avg): 4/5/3.7 | reward(game/avg): 7800/8450 | 4.06 games/s | ETA: 29s
[ 184/300] samples:   9043 | chain(game/max/avg): 4/5/3.7 | reward(game/avg): 8020/8448 | 4.08 games/s | ETA: 28s
[ 185/300] samples:   9093 | chain(game/max/avg): 4/5/3.7 | reward(game/avg): 9010/8451 | 4.10 games/s | ETA: 28s
[ 186/300] samples:   9143 | chain(game/max/avg): 4/5/3.7 | reward(game/avg): 7780/8447 | 4.12 games/s | ETA: 28s
[ 187/300] samples:   9193 | chain(game/max/avg): 4/5/3.7 | reward(game/avg): 9200/8451 | 4.14 games/s | ETA: 27s
[ 188/300] samples:   9243 | chain(game/max/avg): 3/5/3.7 | reward(game/avg): 6300/8440 | 4.16 games/s | ETA: 27s
[ 189/300] samples:   9293 | chain(game/max/avg): 4/5/3.7 | reward(game/avg): 9040/8443 | 4.17 games/s | ETA: 27s
[ 190/300] samples:   9343 | chain(game/max/avg): 4/5/3.7 | reward(game/avg): 8540/8443 | 4.19 games/s | ETA: 26s
[ 191/300] samples:   9393 | chain(game/max/avg): 4/5/3.7 | reward(game/avg): 9580/8449 | 4.21 games/s | ETA: 26s
[ 192/300] samples:   9443 | chain(game/max/avg): 4/5/3.7 | reward(game/avg): 9520/8455 | 4.23 games/s | ETA: 26s
[ 193/300] samples:   9493 | chain(game/max/avg): 4/5/3.7 | reward(game/avg): 9880/8462 | 4.25 games/s | ETA: 25s
[ 194/300] samples:   9543 | chain(game/max/avg): 4/5/3.7 | reward(game/avg): 7620/8458 | 4.27 games/s | ETA: 25s
[ 195/300] samples:   9593 | chain(game/max/avg): 3/5/3.7 | reward(game/avg): 8580/8459 | 4.29 games/s | ETA: 24s
[ 196/300] samples:   9643 | chain(game/max/avg): 4/5/3.7 | reward(game/avg): 10600/8470 | 4.31 games/s | ETA: 24s
[ 197/300] samples:   9693 | chain(game/max/avg): 4/5/3.7 | reward(game/avg): 7780/8466 | 4.33 games/s | ETA: 24s
[ 198/300] samples:   9743 | chain(game/max/avg): 3/5/3.7 | reward(game/avg): 7580/8462 | 4.35 games/s | ETA: 23s
[ 199/300] samples:   9793 | chain(game/max/avg): 3/5/3.7 | reward(game/avg): 7780/8458 | 4.36 games/s | ETA: 23s
[ 200/300] samples:   9843 | chain(game/max/avg): 4/5/3.7 | reward(game/avg): 9280/8462 | 4.38 games/s | ETA: 23s
[ 201/300] samples:   9893 | chain(game/max/avg): 3/5/3.7 | reward(game/avg): 7620/8458 | 4.40 games/s | ETA: 22s
[ 202/300] samples:   9943 | chain(game/max/avg): 3/5/3.7 | reward(game/avg): 7860/8455 | 4.30 games/s | ETA: 23s
[ 203/300] samples:   9953 | chain(game/max/avg): 0/5/3.7 | reward(game/avg): 0/8413 | 4.27 games/s | ETA: 23s
[ 204/300] samples:   9964 | chain(game/max/avg): 0/5/3.6 | reward(game/avg): 0/8372 | 4.28 games/s | ETA: 22s
[ 205/300] samples:  10014 | chain(game/max/avg): 3/5/3.6 | reward(game/avg): 8900/8375 | 4.30 games/s | ETA: 22s
[ 206/300] samples:  10031 | chain(game/max/avg): 2/5/3.6 | reward(game/avg): 580/8337 | 4.08 games/s | ETA: 23s
[ 207/300] samples:  10064 | chain(game/max/avg): 3/5/3.6 | reward(game/avg): 3740/8315 | 3.66 games/s | ETA: 25s
[ 208/300] samples:  10093 | chain(game/max/avg): 5/5/3.6 | reward(game/avg): 6600/8306 | 3.67 games/s | ETA: 25s
[ 209/300] samples:  10143 | chain(game/max/avg): 4/5/3.6 | reward(game/avg): 8320/8307 | 3.65 games/s | ETA: 25s
[ 210/300] samples:  10179 | chain(game/max/avg): 4/5/3.6 | reward(game/avg): 4960/8291 | 3.57 games/s | ETA: 25s
[ 211/300] samples:  10229 | chain(game/max/avg): 4/5/3.6 | reward(game/avg): 8360/8291 | 3.52 games/s | ETA: 25s
[ 212/300] samples:  10279 | chain(game/max/avg): 4/5/3.6 | reward(game/avg): 9590/8297 | 3.40 games/s | ETA: 26s
[ 213/300] samples:  10329 | chain(game/max/avg): 3/5/3.6 | reward(game/avg): 6470/8288 | 3.33 games/s | ETA: 26s
[ 214/300] samples:  10379 | chain(game/max/avg): 4/5/3.6 | reward(game/avg): 9680/8295 | 3.32 games/s | ETA: 26s
[ 215/300] samples:  10429 | chain(game/max/avg): 4/5/3.6 | reward(game/avg): 8300/8295 | 3.33 games/s | ETA: 25s
[ 216/300] samples:  10479 | chain(game/max/avg): 3/5/3.6 | reward(game/avg): 7520/8291 | 3.33 games/s | ETA: 25s
[ 217/300] samples:  10529 | chain(game/max/avg): 4/5/3.6 | reward(game/avg): 10640/8302 | 3.34 games/s | ETA: 25s
[ 218/300] samples:  10579 | chain(game/max/avg): 4/5/3.6 | reward(game/avg): 7940/8301 | 3.35 games/s | ETA: 25s
[ 219/300] samples:  10629 | chain(game/max/avg): 4/5/3.6 | reward(game/avg): 8900/8303 | 3.33 games/s | ETA: 24s
[ 220/300] samples:  10679 | chain(game/max/avg): 4/5/3.6 | reward(game/avg): 9080/8307 | 3.34 games/s | ETA: 24s
[ 221/300] samples:  10729 | chain(game/max/avg): 3/5/3.6 | reward(game/avg): 7290/8302 | 3.34 games/s | ETA: 24s
[ 222/300] samples:  10779 | chain(game/max/avg): 4/5/3.6 | reward(game/avg): 10290/8311 | 3.34 games/s | ETA: 23s
[ 223/300] samples:  10829 | chain(game/max/avg): 3/5/3.6 | reward(game/avg): 7460/8307 | 3.35 games/s | ETA: 23s
[ 224/300] samples:  10879 | chain(game/max/avg): 4/5/3.6 | reward(game/avg): 9880/8314 | 3.36 games/s | ETA: 23s
[ 225/300] samples:  10929 | chain(game/max/avg): 4/5/3.6 | reward(game/avg): 7220/8310 | 3.36 games/s | ETA: 22s
[ 226/300] samples:  10979 | chain(game/max/avg): 3/5/3.6 | reward(game/avg): 8320/8310 | 3.35 games/s | ETA: 22s
[ 227/300] samples:  11029 | chain(game/max/avg): 4/5/3.6 | reward(game/avg): 7520/8306 | 3.36 games/s | ETA: 22s
[ 228/300] samples:  11079 | chain(game/max/avg): 5/5/3.6 | reward(game/avg): 11820/8322 | 3.37 games/s | ETA: 21s
[ 229/300] samples:  11129 | chain(game/max/avg): 4/5/3.6 | reward(game/avg): 6780/8315 | 3.39 games/s | ETA: 21s
[ 230/300] samples:  11179 | chain(game/max/avg): 4/5/3.6 | reward(game/avg): 9480/8320 | 3.40 games/s | ETA: 21s
[ 231/300] samples:  11229 | chain(game/max/avg): 4/5/3.6 | reward(game/avg): 7900/8318 | 3.42 games/s | ETA: 20s
[ 232/300] samples:  11279 | chain(game/max/avg): 4/5/3.6 | reward(game/avg): 10340/8327 | 3.40 games/s | ETA: 20s
[ 233/300] samples:  11329 | chain(game/max/avg): 4/5/3.6 | reward(game/avg): 8640/8328 | 3.41 games/s | ETA: 20s
[ 234/300] samples:  11379 | chain(game/max/avg): 3/5/3.6 | reward(game/avg): 7380/8324 | 3.36 games/s | ETA: 20s
[ 235/300] samples:  11429 | chain(game/max/avg): 4/5/3.6 | reward(game/avg): 9630/8330 | 3.38 games/s | ETA: 19s
[ 236/300] samples:  11479 | chain(game/max/avg): 4/5/3.6 | reward(game/avg): 9460/8334 | 3.38 games/s | ETA: 19s
[ 237/300] samples:  11529 | chain(game/max/avg): 4/5/3.6 | reward(game/avg): 11600/8348 | 3.40 games/s | ETA: 19s
[ 238/300] samples:  11579 | chain(game/max/avg): 3/5/3.6 | reward(game/avg): 8320/8348 | 3.41 games/s | ETA: 18s
[ 239/300] samples:  11629 | chain(game/max/avg): 3/5/3.6 | reward(game/avg): 8060/8347 | 3.42 games/s | ETA: 18s
[ 240/300] samples:  11679 | chain(game/max/avg): 4/5/3.6 | reward(game/avg): 7780/8344 | 3.43 games/s | ETA: 17s
[ 241/300] samples:  11729 | chain(game/max/avg): 3/5/3.6 | reward(game/avg): 5580/8333 | 3.45 games/s | ETA: 17s
[ 242/300] samples:  11779 | chain(game/max/avg): 4/5/3.6 | reward(game/avg): 8210/8333 | 3.46 games/s | ETA: 17s
[ 243/300] samples:  11829 | chain(game/max/avg): 4/5/3.6 | reward(game/avg): 9920/8339 | 3.47 games/s | ETA: 16s
[ 244/300] samples:  11879 | chain(game/max/avg): 4/5/3.6 | reward(game/avg): 9860/8345 | 3.48 games/s | ETA: 16s
[ 245/300] samples:  11929 | chain(game/max/avg): 4/5/3.6 | reward(game/avg): 12040/8360 | 3.50 games/s | ETA: 16s
[ 246/300] samples:  11979 | chain(game/max/avg): 4/5/3.7 | reward(game/avg): 8790/8362 | 3.51 games/s | ETA: 15s
[ 247/300] samples:  12029 | chain(game/max/avg): 4/5/3.7 | reward(game/avg): 8840/8364 | 3.53 games/s | ETA: 15s
[ 248/300] samples:  12079 | chain(game/max/avg): 4/5/3.7 | reward(game/avg): 9880/8370 | 3.54 games/s | ETA: 15s
[ 249/300] samples:  12129 | chain(game/max/avg): 4/5/3.7 | reward(game/avg): 8960/8373 | 3.55 games/s | ETA: 14s
[ 250/300] samples:  12179 | chain(game/max/avg): 4/5/3.7 | reward(game/avg): 9340/8376 | 3.57 games/s | ETA: 14s
[ 251/300] samples:  12229 | chain(game/max/avg): 3/5/3.7 | reward(game/avg): 7750/8374 | 3.58 games/s | ETA: 14s
[ 252/300] samples:  12279 | chain(game/max/avg): 3/5/3.7 | reward(game/avg): 7600/8371 | 3.58 games/s | ETA: 13s
[ 253/300] samples:  12329 | chain(game/max/avg): 4/5/3.7 | reward(game/avg): 9680/8376 | 3.59 games/s | ETA: 13s
[ 254/300] samples:  12379 | chain(game/max/avg): 4/5/3.7 | reward(game/avg): 11660/8389 | 3.60 games/s | ETA: 13s
[ 255/300] samples:  12429 | chain(game/max/avg): 4/5/3.7 | reward(game/avg): 7520/8386 | 3.62 games/s | ETA: 12s
[ 256/300] samples:  12479 | chain(game/max/avg): 4/5/3.7 | reward(game/avg): 9970/8392 | 3.63 games/s | ETA: 12s
[ 257/300] samples:  12529 | chain(game/max/avg): 4/5/3.7 | reward(game/avg): 8840/8393 | 3.64 games/s | ETA: 12s
[ 258/300] samples:  12579 | chain(game/max/avg): 4/5/3.7 | reward(game/avg): 8740/8395 | 3.66 games/s | ETA: 11s
[ 259/300] samples:  12629 | chain(game/max/avg): 4/5/3.7 | reward(game/avg): 7100/8390 | 3.67 games/s | ETA: 11s
[ 260/300] samples:  12679 | chain(game/max/avg): 3/5/3.7 | reward(game/avg): 8820/8391 | 3.68 games/s | ETA: 11s
[ 261/300] samples:  12729 | chain(game/max/avg): 4/5/3.7 | reward(game/avg): 12440/8407 | 3.69 games/s | ETA: 11s
[ 262/300] samples:  12779 | chain(game/max/avg): 4/5/3.7 | reward(game/avg): 11260/8418 | 3.70 games/s | ETA: 10s
[ 263/300] samples:  12829 | chain(game/max/avg): 4/5/3.7 | reward(game/avg): 9980/8424 | 3.71 games/s | ETA: 10s
[ 264/300] samples:  12879 | chain(game/max/avg): 4/5/3.7 | reward(game/avg): 9360/8427 | 3.73 games/s | ETA: 10s
[ 265/300] samples:  12929 | chain(game/max/avg): 4/5/3.7 | reward(game/avg): 9170/8430 | 3.74 games/s | ETA: 9s
[ 266/300] samples:  12979 | chain(game/max/avg): 4/5/3.7 | reward(game/avg): 10620/8438 | 3.75 games/s | ETA: 9s
[ 267/300] samples:  13029 | chain(game/max/avg): 4/5/3.7 | reward(game/avg): 8600/8439 | 3.74 games/s | ETA: 9s
[ 268/300] samples:  13079 | chain(game/max/avg): 3/5/3.7 | reward(game/avg): 6240/8431 | 3.75 games/s | ETA: 9s
[ 269/300] samples:  13129 | chain(game/max/avg): 3/5/3.7 | reward(game/avg): 6080/8422 | 3.76 games/s | ETA: 8s
[ 270/300] samples:  13179 | chain(game/max/avg): 4/5/3.7 | reward(game/avg): 9670/8427 | 3.77 games/s | ETA: 8s
[ 271/300] samples:  13229 | chain(game/max/avg): 4/5/3.7 | reward(game/avg): 8130/8426 | 3.79 games/s | ETA: 8s
[ 272/300] samples:  13279 | chain(game/max/avg): 4/5/3.7 | reward(game/avg): 8900/8427 | 3.80 games/s | ETA: 7s
[ 273/300] samples:  13329 | chain(game/max/avg): 4/5/3.7 | reward(game/avg): 11100/8437 | 3.81 games/s | ETA: 7s
[ 274/300] samples:  13379 | chain(game/max/avg): 4/5/3.7 | reward(game/avg): 8120/8436 | 3.83 games/s | ETA: 7s
[ 275/300] samples:  13429 | chain(game/max/avg): 4/5/3.7 | reward(game/avg): 10580/8444 | 3.84 games/s | ETA: 7s
[ 276/300] samples:  13479 | chain(game/max/avg): 4/5/3.7 | reward(game/avg): 8560/8444 | 3.85 games/s | ETA: 6s
[ 277/300] samples:  13529 | chain(game/max/avg): 3/5/3.7 | reward(game/avg): 6900/8439 | 3.87 games/s | ETA: 6s
[ 278/300] samples:  13579 | chain(game/max/avg): 4/5/3.7 | reward(game/avg): 9720/8443 | 3.88 games/s | ETA: 6s
[ 279/300] samples:  13629 | chain(game/max/avg): 4/5/3.7 | reward(game/avg): 9470/8447 | 3.89 games/s | ETA: 5s
[ 280/300] samples:  13679 | chain(game/max/avg): 3/5/3.7 | reward(game/avg): 7500/8444 | 3.90 games/s | ETA: 5s
[ 281/300] samples:  13729 | chain(game/max/avg): 4/5/3.7 | reward(game/avg): 9840/8448 | 3.92 games/s | ETA: 5s
[ 282/300] samples:  13779 | chain(game/max/avg): 4/5/3.7 | reward(game/avg): 8560/8449 | 3.91 games/s | ETA: 5s
[ 283/300] samples:  13829 | chain(game/max/avg): 4/5/3.7 | reward(game/avg): 9440/8452 | 3.92 games/s | ETA: 4s
[ 284/300] samples:  13879 | chain(game/max/avg): 4/5/3.7 | reward(game/avg): 8120/8451 | 3.93 games/s | ETA: 4s
[ 285/300] samples:  13929 | chain(game/max/avg): 3/5/3.7 | reward(game/avg): 8450/8451 | 3.95 games/s | ETA: 4s
[ 286/300] samples:  13979 | chain(game/max/avg): 4/5/3.7 | reward(game/avg): 9020/8453 | 3.95 games/s | ETA: 4s
[ 287/300] samples:  14029 | chain(game/max/avg): 4/5/3.7 | reward(game/avg): 9300/8456 | 3.97 games/s | ETA: 3s
[ 288/300] samples:  14079 | chain(game/max/avg): 3/5/3.7 | reward(game/avg): 5900/8447 | 3.98 games/s | ETA: 3s
[ 289/300] samples:  14129 | chain(game/max/avg): 3/5/3.7 | reward(game/avg): 7660/8445 | 3.99 games/s | ETA: 3s
[ 290/300] samples:  14179 | chain(game/max/avg): 4/5/3.7 | reward(game/avg): 12220/8458 | 4.01 games/s | ETA: 2s
[ 291/300] samples:  14229 | chain(game/max/avg): 4/5/3.7 | reward(game/avg): 8480/8458 | 4.02 games/s | ETA: 2s
[ 292/300] samples:  14279 | chain(game/max/avg): 4/5/3.7 | reward(game/avg): 8680/8458 | 3.99 games/s | ETA: 2s
[ 293/300] samples:  14329 | chain(game/max/avg): 4/5/3.7 | reward(game/avg): 9940/8463 | 3.99 games/s | ETA: 2s
[ 294/300] samples:  14379 | chain(game/max/avg): 3/5/3.7 | reward(game/avg): 5780/8454 | 4.01 games/s | ETA: 1s
[ 295/300] samples:  14429 | chain(game/max/avg): 3/5/3.7 | reward(game/avg): 7420/8451 | 4.02 games/s | ETA: 1s
[ 296/300] samples:  14479 | chain(game/max/avg): 3/5/3.7 | reward(game/avg): 7020/8446 | 4.03 games/s | ETA: 1s
[ 297/300] samples:  14529 | chain(game/max/avg): 4/5/3.7 | reward(game/avg): 10870/8454 | 4.04 games/s | ETA: 1s
[ 298/300] samples:  14579 | chain(game/max/avg): 4/5/3.7 | reward(game/avg): 7220/8450 | 4.06 games/s | ETA: 0s
[ 299/300] samples:  14629 | chain(game/max/avg): 4/5/3.7 | reward(game/avg): 9540/8454 | 4.05 games/s | ETA: 0s
[ 300/300] samples:  14679 | chain(game/max/avg): 4/5/3.7 | reward(game/avg): 7660/8451 | 4.06 games/s | ETA: 0s
Self-play complete: 300 games, 14679 samples, max chain: 5
Saved to data/alphazero_iter_333.bin
[2026-04-04 03:46:12] Removing old data: data/alphazero_iter_303.bin
[2026-04-04 03:46:13] Train start (AlphaZero mode, replay buffer, global_step=332000)
    Finished `release` profile [optimized] target(s) in 4.19s
     Running `target/release/train --alphazero --data-dir data --global-step 332000`
Backend: CUDA (GPU)
Mode: AlphaZero (Policy CE + Value MSE)
Loading AlphaZero datasets from data...
Found 30 data files
  Loaded 14912 samples from data/alphazero_iter_304.bin
  Loaded 14830 samples from data/alphazero_iter_305.bin
  Loaded 14896 samples from data/alphazero_iter_306.bin
  Loaded 14624 samples from data/alphazero_iter_307.bin
  Loaded 14753 samples from data/alphazero_iter_308.bin
  Loaded 14732 samples from data/alphazero_iter_309.bin
  Loaded 14724 samples from data/alphazero_iter_310.bin
  Loaded 14646 samples from data/alphazero_iter_311.bin
  Loaded 14794 samples from data/alphazero_iter_312.bin
  Loaded 14888 samples from data/alphazero_iter_313.bin
  Loaded 14779 samples from data/alphazero_iter_314.bin
  Loaded 14825 samples from data/alphazero_iter_315.bin
  Loaded 14881 samples from data/alphazero_iter_316.bin
  Loaded 14703 samples from data/alphazero_iter_317.bin
  Loaded 14834 samples from data/alphazero_iter_318.bin
  Loaded 14744 samples from data/alphazero_iter_319.bin
  Loaded 14826 samples from data/alphazero_iter_320.bin
  Loaded 14831 samples from data/alphazero_iter_321.bin
  Loaded 14758 samples from data/alphazero_iter_322.bin
  Loaded 14807 samples from data/alphazero_iter_323.bin
  Loaded 14912 samples from data/alphazero_iter_324.bin
  Loaded 14803 samples from data/alphazero_iter_325.bin
  Loaded 14788 samples from data/alphazero_iter_326.bin
  Loaded 14870 samples from data/alphazero_iter_327.bin
  Loaded 14915 samples from data/alphazero_iter_328.bin
  Loaded 14743 samples from data/alphazero_iter_329.bin
  Loaded 14773 samples from data/alphazero_iter_330.bin
  Loaded 14654 samples from data/alphazero_iter_331.bin
  Loaded 14916 samples from data/alphazero_iter_332.bin
  Loaded 14679 samples from data/alphazero_iter_333.bin
Loaded 443840 total samples
Train: 443840 samples (color augmented on-the-fly, no val split)
Loaded existing model from artifacts/puyo_model
AlphaZero training: 1000 steps, global_step=332000, LR 2e-4 (end ~2e-4)
  step 50/1000 p_loss=1.2410 v_loss=0.2541 lr=0.000200  step 100/1000 p_loss=1.2380 v_loss=0.2529 lr=0.000200  step 150/1000 p_loss=1.2393 v_loss=0.2529 lr=0.000200  step 200/1000 p_loss=1.2388 v_loss=0.2526 lr=0.000200  step 250/1000 p_loss=1.2384 v_loss=0.2521 lr=0.000200  step 300/1000 p_loss=1.2385 v_loss=0.2520 lr=0.000200  step 350/1000 p_loss=1.2384 v_loss=0.2516 lr=0.000200  step 400/1000 p_loss=1.2383 v_loss=0.2511 lr=0.000200  step 450/1000 p_loss=1.2382 v_loss=0.2509 lr=0.000200  step 500/1000 p_loss=1.2383 v_loss=0.2514 lr=0.000200  step 550/1000 p_loss=1.2381 v_loss=0.2502 lr=0.000200  step 600/1000 p_loss=1.2381 v_loss=0.2502 lr=0.000200  step 650/1000 p_loss=1.2382 v_loss=0.2498 lr=0.000200  step 700/1000 p_loss=1.2383 v_loss=0.2497 lr=0.000200  step 750/1000 p_loss=1.2380 v_loss=0.2491 lr=0.000200  step 800/1000 p_loss=1.2378 v_loss=0.2496 lr=0.000200  step 850/1000 p_loss=1.2374 v_loss=0.2496 lr=0.000200  step 900/1000 p_loss=1.2373 v_loss=0.2497 lr=0.000200  step 950/1000 p_loss=1.2372 v_loss=0.2498 lr=0.000200  step 1000/1000 p_loss=1.2373 v_loss=0.2501 lr=0.000200
AlphaZero training complete. final train_loss(p=1.237304, v=0.250068) global_step=333000
[2026-04-04 03:49:55] === Iteration 333 complete ===
[2026-04-04 03:49:55] --- Iteration 334 (sims=64, global_step=333000) ---
[2026-04-04 03:49:55] Self-play start (m=16, c_visit=50.0)
    Finished `release` profile [optimized] target(s) in 5.79s
     Running `target/release/self-play --games 300 --simulations 64 --c-puct-init 1.5 --m 16 --c-visit 50.0 --gamma 0.95 --min-chain 0 --output data/alphazero_iter_334.bin`
games=300, simulations=64, c_puct_init=1.5, c_puct_base=19652, m=16, c_visit=50, gamma=0.95
Backend: CudaJit (GPU) — Gumbel MCTS self-play (batched)
Loaded existing model from artifacts/puyo_model
Using 128 game threads, max_batch_size=128
[   1/300] samples:     11 | chain(game/max/avg): 0/0/0.0 | reward(game/avg): 0/0 | 0.13 games/s | ETA: 2230s
[   2/300] samples:     57 | chain(game/max/avg): 3/3/1.5 | reward(game/avg): 5980/2990 | 0.09 games/s | ETA: 3263s
[   3/300] samples:    107 | chain(game/max/avg): 4/4/2.3 | reward(game/avg): 10060/5347 | 0.13 games/s | ETA: 2341s
[   4/300] samples:    157 | chain(game/max/avg): 3/4/2.5 | reward(game/avg): 5800/5460 | 0.17 games/s | ETA: 1752s
[   5/300] samples:    207 | chain(game/max/avg): 4/4/2.8 | reward(game/avg): 8520/6072 | 0.21 games/s | ETA: 1399s
[   6/300] samples:    257 | chain(game/max/avg): 3/4/2.8 | reward(game/avg): 8230/6432 | 0.25 games/s | ETA: 1162s
[   7/300] samples:    307 | chain(game/max/avg): 4/4/3.0 | reward(game/avg): 10920/7073 | 0.29 games/s | ETA: 994s
[   8/300] samples:    356 | chain(game/max/avg): 3/4/3.0 | reward(game/avg): 6680/7024 | 0.33 games/s | ETA: 872s
[   9/300] samples:    406 | chain(game/max/avg): 4/4/3.1 | reward(game/avg): 9920/7346 | 0.38 games/s | ETA: 773s
[  10/300] samples:    456 | chain(game/max/avg): 4/4/3.2 | reward(game/avg): 8400/7451 | 0.42 games/s | ETA: 697s
[  11/300] samples:    506 | chain(game/max/avg): 4/4/3.3 | reward(game/avg): 7460/7452 | 0.46 games/s | ETA: 633s
[  12/300] samples:    556 | chain(game/max/avg): 4/4/3.3 | reward(game/avg): 10540/7709 | 0.50 games/s | ETA: 578s
[  13/300] samples:    606 | chain(game/max/avg): 3/4/3.3 | reward(game/avg): 5600/7547 | 0.54 games/s | ETA: 534s
[  14/300] samples:    656 | chain(game/max/avg): 4/4/3.4 | reward(game/avg): 10300/7744 | 0.58 games/s | ETA: 496s
[  15/300] samples:    706 | chain(game/max/avg): 4/4/3.4 | reward(game/avg): 10860/7951 | 0.62 games/s | ETA: 463s
[  16/300] samples:    756 | chain(game/max/avg): 4/4/3.4 | reward(game/avg): 10160/8089 | 0.66 games/s | ETA: 432s
[  17/300] samples:    806 | chain(game/max/avg): 3/4/3.4 | reward(game/avg): 7680/8065 | 0.70 games/s | ETA: 407s
[  18/300] samples:    856 | chain(game/max/avg): 3/4/3.4 | reward(game/avg): 7080/8011 | 0.74 games/s | ETA: 383s
[  19/300] samples:    906 | chain(game/max/avg): 4/4/3.4 | reward(game/avg): 11220/8179 | 0.78 games/s | ETA: 362s
[  20/300] samples:    956 | chain(game/max/avg): 4/4/3.5 | reward(game/avg): 6600/8100 | 0.82 games/s | ETA: 343s
[  21/300] samples:   1006 | chain(game/max/avg): 4/4/3.5 | reward(game/avg): 9730/8178 | 0.86 games/s | ETA: 325s
[  22/300] samples:   1056 | chain(game/max/avg): 3/4/3.5 | reward(game/avg): 7940/8167 | 0.90 games/s | ETA: 310s
[  23/300] samples:   1106 | chain(game/max/avg): 4/4/3.5 | reward(game/avg): 10500/8269 | 0.94 games/s | ETA: 295s
[  24/300] samples:   1156 | chain(game/max/avg): 4/4/3.5 | reward(game/avg): 8040/8259 | 0.98 games/s | ETA: 282s
[  25/300] samples:   1206 | chain(game/max/avg): 3/4/3.5 | reward(game/avg): 7480/8228 | 1.02 games/s | ETA: 270s
[  26/300] samples:   1256 | chain(game/max/avg): 4/4/3.5 | reward(game/avg): 9460/8275 | 1.06 games/s | ETA: 259s
[  27/300] samples:   1306 | chain(game/max/avg): 3/4/3.5 | reward(game/avg): 6750/8219 | 1.10 games/s | ETA: 248s
[  28/300] samples:   1356 | chain(game/max/avg): 4/4/3.5 | reward(game/avg): 10160/8288 | 1.14 games/s | ETA: 239s
[  29/300] samples:   1406 | chain(game/max/avg): 4/4/3.5 | reward(game/avg): 9350/8325 | 1.18 games/s | ETA: 230s
[  30/300] samples:   1456 | chain(game/max/avg): 4/4/3.5 | reward(game/avg): 9630/8368 | 1.22 games/s | ETA: 221s
[  31/300] samples:   1506 | chain(game/max/avg): 3/4/3.5 | reward(game/avg): 6700/8315 | 1.26 games/s | ETA: 214s
[  32/300] samples:   1556 | chain(game/max/avg): 3/4/3.5 | reward(game/avg): 6640/8262 | 1.30 games/s | ETA: 207s
[  33/300] samples:   1606 | chain(game/max/avg): 4/4/3.5 | reward(game/avg): 9160/8289 | 1.34 games/s | ETA: 200s
[  34/300] samples:   1656 | chain(game/max/avg): 4/4/3.5 | reward(game/avg): 9920/8337 | 1.38 games/s | ETA: 193s
[  35/300] samples:   1706 | chain(game/max/avg): 4/4/3.5 | reward(game/avg): 8310/8337 | 1.41 games/s | ETA: 187s
[  36/300] samples:   1756 | chain(game/max/avg): 4/4/3.6 | reward(game/avg): 9050/8356 | 1.45 games/s | ETA: 182s
[  37/300] samples:   1806 | chain(game/max/avg): 3/4/3.5 | reward(game/avg): 7260/8327 | 1.49 games/s | ETA: 176s
[  38/300] samples:   1856 | chain(game/max/avg): 3/4/3.5 | reward(game/avg): 7960/8317 | 1.53 games/s | ETA: 171s
[  39/300] samples:   1906 | chain(game/max/avg): 3/4/3.5 | reward(game/avg): 8140/8313 | 1.57 games/s | ETA: 166s
[  40/300] samples:   1956 | chain(game/max/avg): 4/4/3.5 | reward(game/avg): 8960/8329 | 1.61 games/s | ETA: 161s
[  41/300] samples:   2006 | chain(game/max/avg): 3/4/3.5 | reward(game/avg): 8850/8341 | 1.65 games/s | ETA: 157s
[  42/300] samples:   2056 | chain(game/max/avg): 4/4/3.5 | reward(game/avg): 9600/8371 | 1.69 games/s | ETA: 153s
[  43/300] samples:   2106 | chain(game/max/avg): 3/4/3.5 | reward(game/avg): 8680/8379 | 1.73 games/s | ETA: 149s
[  44/300] samples:   2156 | chain(game/max/avg): 4/4/3.5 | reward(game/avg): 8500/8381 | 1.77 games/s | ETA: 145s
[  45/300] samples:   2206 | chain(game/max/avg): 3/4/3.5 | reward(game/avg): 7280/8357 | 1.80 games/s | ETA: 141s
[  46/300] samples:   2256 | chain(game/max/avg): 4/4/3.5 | reward(game/avg): 10140/8396 | 1.84 games/s | ETA: 138s
[  47/300] samples:   2306 | chain(game/max/avg): 3/4/3.5 | reward(game/avg): 7620/8379 | 1.88 games/s | ETA: 134s
[  48/300] samples:   2356 | chain(game/max/avg): 4/4/3.5 | reward(game/avg): 11000/8434 | 1.92 games/s | ETA: 131s
[  49/300] samples:   2406 | chain(game/max/avg): 4/4/3.5 | reward(game/avg): 11120/8489 | 1.96 games/s | ETA: 128s
[  50/300] samples:   2456 | chain(game/max/avg): 4/4/3.5 | reward(game/avg): 9520/8509 | 2.00 games/s | ETA: 125s
[  51/300] samples:   2506 | chain(game/max/avg): 4/4/3.5 | reward(game/avg): 8560/8510 | 2.04 games/s | ETA: 122s
[  52/300] samples:   2556 | chain(game/max/avg): 5/5/3.6 | reward(game/avg): 11860/8575 | 2.08 games/s | ETA: 119s
[  53/300] samples:   2606 | chain(game/max/avg): 3/5/3.6 | reward(game/avg): 6430/8534 | 2.12 games/s | ETA: 117s
[  54/300] samples:   2656 | chain(game/max/avg): 4/5/3.6 | reward(game/avg): 8550/8534 | 2.16 games/s | ETA: 114s
[  55/300] samples:   2706 | chain(game/max/avg): 4/5/3.6 | reward(game/avg): 8440/8533 | 2.19 games/s | ETA: 112s
[  56/300] samples:   2756 | chain(game/max/avg): 4/5/3.6 | reward(game/avg): 10620/8570 | 2.23 games/s | ETA: 109s
[  57/300] samples:   2806 | chain(game/max/avg): 4/5/3.6 | reward(game/avg): 7380/8549 | 2.27 games/s | ETA: 107s
[  58/300] samples:   2856 | chain(game/max/avg): 4/5/3.6 | reward(game/avg): 9800/8571 | 2.31 games/s | ETA: 105s
[  59/300] samples:   2906 | chain(game/max/avg): 4/5/3.6 | reward(game/avg): 10460/8603 | 2.35 games/s | ETA: 103s
[  60/300] samples:   2956 | chain(game/max/avg): 4/5/3.6 | reward(game/avg): 9320/8615 | 2.39 games/s | ETA: 101s
[  61/300] samples:   3006 | chain(game/max/avg): 4/5/3.6 | reward(game/avg): 7760/8601 | 2.42 games/s | ETA: 99s
[  62/300] samples:   3056 | chain(game/max/avg): 3/5/3.6 | reward(game/avg): 7260/8579 | 2.46 games/s | ETA: 97s
[  63/300] samples:   3106 | chain(game/max/avg): 4/5/3.6 | reward(game/avg): 8100/8571 | 2.50 games/s | ETA: 95s
[  64/300] samples:   3156 | chain(game/max/avg): 4/5/3.6 | reward(game/avg): 9420/8585 | 2.54 games/s | ETA: 93s
[  65/300] samples:   3206 | chain(game/max/avg): 4/5/3.6 | reward(game/avg): 8900/8590 | 2.57 games/s | ETA: 91s
[  66/300] samples:   3256 | chain(game/max/avg): 4/5/3.6 | reward(game/avg): 9320/8601 | 2.61 games/s | ETA: 90s
[  67/300] samples:   3306 | chain(game/max/avg): 3/5/3.6 | reward(game/avg): 6150/8564 | 2.65 games/s | ETA: 88s
[  68/300] samples:   3356 | chain(game/max/avg): 4/5/3.6 | reward(game/avg): 8720/8566 | 2.69 games/s | ETA: 86s
[  69/300] samples:   3406 | chain(game/max/avg): 4/5/3.6 | reward(game/avg): 7740/8554 | 2.72 games/s | ETA: 85s
[  70/300] samples:   3456 | chain(game/max/avg): 4/5/3.6 | reward(game/avg): 11460/8596 | 2.76 games/s | ETA: 83s
[  71/300] samples:   3506 | chain(game/max/avg): 4/5/3.6 | reward(game/avg): 8100/8589 | 2.80 games/s | ETA: 82s
[  72/300] samples:   3556 | chain(game/max/avg): 4/5/3.7 | reward(game/avg): 8080/8582 | 2.84 games/s | ETA: 80s
[  73/300] samples:   3606 | chain(game/max/avg): 4/5/3.7 | reward(game/avg): 6690/8556 | 2.88 games/s | ETA: 79s
[  74/300] samples:   3656 | chain(game/max/avg): 4/5/3.7 | reward(game/avg): 9640/8571 | 2.91 games/s | ETA: 78s
[  75/300] samples:   3706 | chain(game/max/avg): 3/5/3.7 | reward(game/avg): 6880/8548 | 2.95 games/s | ETA: 76s
[  76/300] samples:   3756 | chain(game/max/avg): 4/5/3.7 | reward(game/avg): 8040/8541 | 2.99 games/s | ETA: 75s
[  77/300] samples:   3806 | chain(game/max/avg): 3/5/3.6 | reward(game/avg): 7300/8525 | 3.03 games/s | ETA: 74s
[  78/300] samples:   3856 | chain(game/max/avg): 4/5/3.7 | reward(game/avg): 11960/8569 | 3.06 games/s | ETA: 73s
[  79/300] samples:   3906 | chain(game/max/avg): 4/5/3.7 | reward(game/avg): 9520/8581 | 3.10 games/s | ETA: 71s
[  80/300] samples:   3956 | chain(game/max/avg): 3/5/3.6 | reward(game/avg): 7940/8573 | 3.14 games/s | ETA: 70s
[  81/300] samples:   4006 | chain(game/max/avg): 3/5/3.6 | reward(game/avg): 7120/8555 | 3.18 games/s | ETA: 69s
[  82/300] samples:   4056 | chain(game/max/avg): 3/5/3.6 | reward(game/avg): 6340/8528 | 3.21 games/s | ETA: 68s
[  83/300] samples:   4106 | chain(game/max/avg): 3/5/3.6 | reward(game/avg): 7280/8513 | 3.25 games/s | ETA: 67s
[  84/300] samples:   4156 | chain(game/max/avg): 4/5/3.6 | reward(game/avg): 11260/8546 | 3.29 games/s | ETA: 66s
[  85/300] samples:   4206 | chain(game/max/avg): 4/5/3.6 | reward(game/avg): 9160/8553 | 3.33 games/s | ETA: 65s
[  86/300] samples:   4256 | chain(game/max/avg): 4/5/3.6 | reward(game/avg): 11960/8593 | 3.37 games/s | ETA: 64s
[  87/300] samples:   4306 | chain(game/max/avg): 4/5/3.6 | reward(game/avg): 9920/8608 | 3.41 games/s | ETA: 63s
[  88/300] samples:   4356 | chain(game/max/avg): 3/5/3.6 | reward(game/avg): 7900/8600 | 3.44 games/s | ETA: 62s
[  89/300] samples:   4406 | chain(game/max/avg): 4/5/3.6 | reward(game/avg): 9600/8611 | 3.48 games/s | ETA: 61s
[  90/300] samples:   4456 | chain(game/max/avg): 4/5/3.6 | reward(game/avg): 11380/8642 | 3.52 games/s | ETA: 60s
[  91/300] samples:   4506 | chain(game/max/avg): 4/5/3.6 | reward(game/avg): 9960/8656 | 3.56 games/s | ETA: 59s
[  92/300] samples:   4556 | chain(game/max/avg): 3/5/3.6 | reward(game/avg): 8560/8655 | 3.59 games/s | ETA: 58s
[  93/300] samples:   4606 | chain(game/max/avg): 3/5/3.6 | reward(game/avg): 7830/8647 | 3.63 games/s | ETA: 57s
[  94/300] samples:   4656 | chain(game/max/avg): 4/5/3.6 | reward(game/avg): 10180/8663 | 3.67 games/s | ETA: 56s
[  95/300] samples:   4706 | chain(game/max/avg): 4/5/3.6 | reward(game/avg): 9860/8675 | 3.71 games/s | ETA: 55s
[  96/300] samples:   4756 | chain(game/max/avg): 4/5/3.6 | reward(game/avg): 10460/8694 | 3.74 games/s | ETA: 55s
[  97/300] samples:   4806 | chain(game/max/avg): 3/5/3.6 | reward(game/avg): 8150/8688 | 3.78 games/s | ETA: 54s
[  98/300] samples:   4856 | chain(game/max/avg): 4/5/3.6 | reward(game/avg): 8180/8683 | 3.82 games/s | ETA: 53s
[  99/300] samples:   4906 | chain(game/max/avg): 4/5/3.6 | reward(game/avg): 10460/8701 | 3.85 games/s | ETA: 52s
[ 100/300] samples:   4956 | chain(game/max/avg): 4/5/3.6 | reward(game/avg): 9500/8709 | 3.89 games/s | ETA: 51s
[ 101/300] samples:   5006 | chain(game/max/avg): 4/5/3.7 | reward(game/avg): 9050/8713 | 3.47 games/s | ETA: 57s
[ 102/300] samples:   5020 | chain(game/max/avg): 2/5/3.6 | reward(game/avg): 360/8631 | 3.36 games/s | ETA: 59s
[ 103/300] samples:   5047 | chain(game/max/avg): 3/5/3.6 | reward(game/avg): 3220/8578 | 2.87 games/s | ETA: 69s
[ 104/300] samples:   5097 | chain(game/max/avg): 4/5/3.6 | reward(game/avg): 9840/8590 | 2.39 games/s | ETA: 82s
[ 105/300] samples:   5147 | chain(game/max/avg): 3/5/3.6 | reward(game/avg): 6400/8569 | 2.37 games/s | ETA: 82s
[ 106/300] samples:   5197 | chain(game/max/avg): 4/5/3.6 | reward(game/avg): 9160/8575 | 2.36 games/s | ETA: 82s
[ 107/300] samples:   5247 | chain(game/max/avg): 4/5/3.6 | reward(game/avg): 7360/8564 | 2.38 games/s | ETA: 81s
[ 108/300] samples:   5297 | chain(game/max/avg): 4/5/3.6 | reward(game/avg): 8520/8563 | 2.39 games/s | ETA: 80s
[ 109/300] samples:   5347 | chain(game/max/avg): 4/5/3.6 | reward(game/avg): 7240/8551 | 2.41 games/s | ETA: 79s
[ 110/300] samples:   5397 | chain(game/max/avg): 4/5/3.6 | reward(game/avg): 8280/8549 | 2.43 games/s | ETA: 78s
[ 111/300] samples:   5447 | chain(game/max/avg): 4/5/3.6 | reward(game/avg): 8220/8546 | 2.45 games/s | ETA: 77s
[ 112/300] samples:   5497 | chain(game/max/avg): 4/5/3.7 | reward(game/avg): 7840/8539 | 2.47 games/s | ETA: 76s
[ 113/300] samples:   5547 | chain(game/max/avg): 4/5/3.7 | reward(game/avg): 9720/8550 | 2.49 games/s | ETA: 75s
[ 114/300] samples:   5597 | chain(game/max/avg): 4/5/3.7 | reward(game/avg): 7350/8539 | 2.51 games/s | ETA: 74s
[ 115/300] samples:   5647 | chain(game/max/avg): 3/5/3.7 | reward(game/avg): 5400/8512 | 2.53 games/s | ETA: 73s
[ 116/300] samples:   5697 | chain(game/max/avg): 4/5/3.7 | reward(game/avg): 11540/8538 | 2.56 games/s | ETA: 72s
[ 117/300] samples:   5747 | chain(game/max/avg): 4/5/3.7 | reward(game/avg): 10140/8552 | 2.58 games/s | ETA: 71s
[ 118/300] samples:   5797 | chain(game/max/avg): 4/5/3.7 | reward(game/avg): 10440/8568 | 2.59 games/s | ETA: 70s
[ 119/300] samples:   5847 | chain(game/max/avg): 3/5/3.7 | reward(game/avg): 7480/8559 | 2.61 games/s | ETA: 69s
[ 120/300] samples:   5897 | chain(game/max/avg): 4/5/3.7 | reward(game/avg): 11120/8580 | 2.63 games/s | ETA: 68s
[ 121/300] samples:   5947 | chain(game/max/avg): 4/5/3.7 | reward(game/avg): 10280/8594 | 2.66 games/s | ETA: 67s
[ 122/300] samples:   5997 | chain(game/max/avg): 4/5/3.7 | reward(game/avg): 8740/8595 | 2.68 games/s | ETA: 66s
[ 123/300] samples:   6047 | chain(game/max/avg): 4/5/3.7 | reward(game/avg): 6900/8581 | 2.70 games/s | ETA: 66s
[ 124/300] samples:   6097 | chain(game/max/avg): 4/5/3.7 | reward(game/avg): 7730/8575 | 2.72 games/s | ETA: 65s
[ 125/300] samples:   6147 | chain(game/max/avg): 3/5/3.7 | reward(game/avg): 8660/8575 | 2.74 games/s | ETA: 64s
[ 126/300] samples:   6197 | chain(game/max/avg): 4/5/3.7 | reward(game/avg): 6900/8562 | 2.76 games/s | ETA: 63s
[ 127/300] samples:   6247 | chain(game/max/avg): 3/5/3.7 | reward(game/avg): 6920/8549 | 2.78 games/s | ETA: 62s
[ 128/300] samples:   6297 | chain(game/max/avg): 4/5/3.7 | reward(game/avg): 8340/8547 | 2.80 games/s | ETA: 61s
[ 129/300] samples:   6347 | chain(game/max/avg): 4/5/3.7 | reward(game/avg): 7020/8536 | 2.81 games/s | ETA: 61s
[ 130/300] samples:   6397 | chain(game/max/avg): 4/5/3.7 | reward(game/avg): 9250/8541 | 2.84 games/s | ETA: 60s
[ 131/300] samples:   6447 | chain(game/max/avg): 4/5/3.7 | reward(game/avg): 8720/8542 | 2.86 games/s | ETA: 59s
[ 132/300] samples:   6497 | chain(game/max/avg): 4/5/3.7 | reward(game/avg): 10480/8557 | 2.88 games/s | ETA: 58s
[ 133/300] samples:   6547 | chain(game/max/avg): 4/5/3.7 | reward(game/avg): 10720/8573 | 2.90 games/s | ETA: 58s
[ 134/300] samples:   6597 | chain(game/max/avg): 3/5/3.7 | reward(game/avg): 7000/8562 | 2.92 games/s | ETA: 57s
[ 135/300] samples:   6647 | chain(game/max/avg): 3/5/3.7 | reward(game/avg): 5540/8539 | 2.94 games/s | ETA: 56s
[ 136/300] samples:   6697 | chain(game/max/avg): 4/5/3.7 | reward(game/avg): 8320/8538 | 2.96 games/s | ETA: 55s
[ 137/300] samples:   6747 | chain(game/max/avg): 4/5/3.7 | reward(game/avg): 9700/8546 | 2.98 games/s | ETA: 55s
[ 138/300] samples:   6797 | chain(game/max/avg): 4/5/3.7 | reward(game/avg): 9060/8550 | 3.00 games/s | ETA: 54s
[ 139/300] samples:   6847 | chain(game/max/avg): 3/5/3.7 | reward(game/avg): 7300/8541 | 3.02 games/s | ETA: 53s
[ 140/300] samples:   6897 | chain(game/max/avg): 3/5/3.7 | reward(game/avg): 7260/8532 | 3.04 games/s | ETA: 53s
[ 141/300] samples:   6947 | chain(game/max/avg): 3/5/3.7 | reward(game/avg): 6460/8517 | 3.06 games/s | ETA: 52s
[ 142/300] samples:   6997 | chain(game/max/avg): 3/5/3.7 | reward(game/avg): 8060/8514 | 3.08 games/s | ETA: 51s
[ 143/300] samples:   7047 | chain(game/max/avg): 3/5/3.7 | reward(game/avg): 10480/8528 | 3.10 games/s | ETA: 51s
[ 144/300] samples:   7097 | chain(game/max/avg): 3/5/3.6 | reward(game/avg): 6620/8514 | 3.12 games/s | ETA: 50s
[ 145/300] samples:   7147 | chain(game/max/avg): 4/5/3.6 | reward(game/avg): 9500/8521 | 3.14 games/s | ETA: 49s
[ 146/300] samples:   7197 | chain(game/max/avg): 3/5/3.6 | reward(game/avg): 7610/8515 | 3.16 games/s | ETA: 49s
[ 147/300] samples:   7247 | chain(game/max/avg): 4/5/3.6 | reward(game/avg): 9350/8521 | 3.18 games/s | ETA: 48s
[ 148/300] samples:   7297 | chain(game/max/avg): 4/5/3.6 | reward(game/avg): 8480/8520 | 3.20 games/s | ETA: 48s
[ 149/300] samples:   7347 | chain(game/max/avg): 4/5/3.7 | reward(game/avg): 8840/8522 | 3.22 games/s | ETA: 47s
[ 150/300] samples:   7397 | chain(game/max/avg): 3/5/3.6 | reward(game/avg): 6540/8509 | 3.24 games/s | ETA: 46s
[ 151/300] samples:   7447 | chain(game/max/avg): 3/5/3.6 | reward(game/avg): 7970/8506 | 3.26 games/s | ETA: 46s
[ 152/300] samples:   7497 | chain(game/max/avg): 4/5/3.6 | reward(game/avg): 9320/8511 | 3.28 games/s | ETA: 45s
[ 153/300] samples:   7547 | chain(game/max/avg): 3/5/3.6 | reward(game/avg): 7470/8504 | 3.30 games/s | ETA: 45s
[ 154/300] samples:   7597 | chain(game/max/avg): 3/5/3.6 | reward(game/avg): 7250/8496 | 3.31 games/s | ETA: 44s
[ 155/300] samples:   7647 | chain(game/max/avg): 4/5/3.6 | reward(game/avg): 10600/8510 | 3.33 games/s | ETA: 43s
[ 156/300] samples:   7697 | chain(game/max/avg): 3/5/3.6 | reward(game/avg): 8320/8508 | 3.36 games/s | ETA: 43s
[ 157/300] samples:   7747 | chain(game/max/avg): 4/5/3.6 | reward(game/avg): 10840/8523 | 3.38 games/s | ETA: 42s
[ 158/300] samples:   7797 | chain(game/max/avg): 4/5/3.6 | reward(game/avg): 8060/8520 | 3.39 games/s | ETA: 42s
[ 159/300] samples:   7847 | chain(game/max/avg): 3/5/3.6 | reward(game/avg): 6900/8510 | 3.41 games/s | ETA: 41s
[ 160/300] samples:   7897 | chain(game/max/avg): 3/5/3.6 | reward(game/avg): 6020/8495 | 3.43 games/s | ETA: 41s
[ 161/300] samples:   7947 | chain(game/max/avg): 4/5/3.6 | reward(game/avg): 10820/8509 | 3.45 games/s | ETA: 40s
[ 162/300] samples:   7997 | chain(game/max/avg): 3/5/3.6 | reward(game/avg): 6680/8498 | 3.47 games/s | ETA: 40s
[ 163/300] samples:   8047 | chain(game/max/avg): 3/5/3.6 | reward(game/avg): 6700/8487 | 3.49 games/s | ETA: 39s
[ 164/300] samples:   8097 | chain(game/max/avg): 4/5/3.6 | reward(game/avg): 7640/8482 | 3.51 games/s | ETA: 39s
[ 165/300] samples:   8147 | chain(game/max/avg): 4/5/3.6 | reward(game/avg): 10040/8491 | 3.53 games/s | ETA: 38s
[ 166/300] samples:   8197 | chain(game/max/avg): 4/5/3.6 | reward(game/avg): 10060/8500 | 3.55 games/s | ETA: 38s
[ 167/300] samples:   8247 | chain(game/max/avg): 4/5/3.6 | reward(game/avg): 7740/8496 | 3.57 games/s | ETA: 37s
[ 168/300] samples:   8297 | chain(game/max/avg): 3/5/3.6 | reward(game/avg): 9360/8501 | 3.59 games/s | ETA: 37s
[ 169/300] samples:   8347 | chain(game/max/avg): 4/5/3.6 | reward(game/avg): 8820/8503 | 3.61 games/s | ETA: 36s
[ 170/300] samples:   8397 | chain(game/max/avg): 4/5/3.6 | reward(game/avg): 10150/8513 | 3.63 games/s | ETA: 36s
[ 171/300] samples:   8447 | chain(game/max/avg): 4/5/3.6 | reward(game/avg): 9140/8516 | 3.65 games/s | ETA: 35s
[ 172/300] samples:   8497 | chain(game/max/avg): 3/5/3.6 | reward(game/avg): 8460/8516 | 3.67 games/s | ETA: 35s
[ 173/300] samples:   8547 | chain(game/max/avg): 3/5/3.6 | reward(game/avg): 6180/8502 | 3.69 games/s | ETA: 34s
[ 174/300] samples:   8597 | chain(game/max/avg): 3/5/3.6 | reward(game/avg): 5360/8484 | 3.71 games/s | ETA: 34s
[ 175/300] samples:   8647 | chain(game/max/avg): 4/5/3.6 | reward(game/avg): 10300/8495 | 3.73 games/s | ETA: 34s
[ 176/300] samples:   8697 | chain(game/max/avg): 4/5/3.6 | reward(game/avg): 9780/8502 | 3.75 games/s | ETA: 33s
[ 177/300] samples:   8747 | chain(game/max/avg): 3/5/3.6 | reward(game/avg): 6460/8491 | 3.77 games/s | ETA: 33s
[ 178/300] samples:   8797 | chain(game/max/avg): 3/5/3.6 | reward(game/avg): 7220/8483 | 3.79 games/s | ETA: 32s
[ 179/300] samples:   8847 | chain(game/max/avg): 4/5/3.6 | reward(game/avg): 12080/8503 | 3.81 games/s | ETA: 32s
[ 180/300] samples:   8897 | chain(game/max/avg): 4/5/3.6 | reward(game/avg): 12760/8527 | 3.83 games/s | ETA: 31s
[ 181/300] samples:   8947 | chain(game/max/avg): 4/5/3.6 | reward(game/avg): 8720/8528 | 3.85 games/s | ETA: 31s
[ 182/300] samples:   8997 | chain(game/max/avg): 3/5/3.6 | reward(game/avg): 8420/8528 | 3.87 games/s | ETA: 31s
[ 183/300] samples:   9047 | chain(game/max/avg): 4/5/3.6 | reward(game/avg): 8940/8530 | 3.89 games/s | ETA: 30s
[ 184/300] samples:   9097 | chain(game/max/avg): 4/5/3.6 | reward(game/avg): 8800/8531 | 3.91 games/s | ETA: 30s
[ 185/300] samples:   9147 | chain(game/max/avg): 3/5/3.6 | reward(game/avg): 9260/8535 | 3.93 games/s | ETA: 29s
[ 186/300] samples:   9197 | chain(game/max/avg): 4/5/3.6 | reward(game/avg): 8800/8537 | 3.94 games/s | ETA: 29s
[ 187/300] samples:   9247 | chain(game/max/avg): 4/5/3.6 | reward(game/avg): 10870/8549 | 3.96 games/s | ETA: 29s
[ 188/300] samples:   9297 | chain(game/max/avg): 3/5/3.6 | reward(game/avg): 8620/8550 | 3.98 games/s | ETA: 28s
[ 189/300] samples:   9347 | chain(game/max/avg): 4/5/3.6 | reward(game/avg): 8460/8549 | 4.00 games/s | ETA: 28s
[ 190/300] samples:   9397 | chain(game/max/avg): 4/5/3.6 | reward(game/avg): 10240/8558 | 4.02 games/s | ETA: 27s
[ 191/300] samples:   9447 | chain(game/max/avg): 3/5/3.6 | reward(game/avg): 9060/8561 | 4.04 games/s | ETA: 27s
[ 192/300] samples:   9497 | chain(game/max/avg): 4/5/3.6 | reward(game/avg): 10480/8571 | 4.06 games/s | ETA: 27s
[ 193/300] samples:   9547 | chain(game/max/avg): 3/5/3.6 | reward(game/avg): 8210/8569 | 4.08 games/s | ETA: 26s
[ 194/300] samples:   9597 | chain(game/max/avg): 4/5/3.6 | reward(game/avg): 8680/8569 | 4.10 games/s | ETA: 26s
[ 195/300] samples:   9647 | chain(game/max/avg): 4/5/3.6 | reward(game/avg): 9530/8574 | 4.12 games/s | ETA: 26s
[ 196/300] samples:   9697 | chain(game/max/avg): 4/5/3.6 | reward(game/avg): 7880/8571 | 4.13 games/s | ETA: 25s
[ 197/300] samples:   9747 | chain(game/max/avg): 4/5/3.6 | reward(game/avg): 9620/8576 | 4.15 games/s | ETA: 25s
[ 198/300] samples:   9797 | chain(game/max/avg): 3/5/3.6 | reward(game/avg): 7480/8570 | 4.17 games/s | ETA: 24s
[ 199/300] samples:   9847 | chain(game/max/avg): 4/5/3.6 | reward(game/avg): 10760/8581 | 4.19 games/s | ETA: 24s
[ 200/300] samples:   9897 | chain(game/max/avg): 3/5/3.6 | reward(game/avg): 6660/8572 | 4.21 games/s | ETA: 24s
[ 201/300] samples:   9947 | chain(game/max/avg): 4/5/3.6 | reward(game/avg): 7960/8569 | 4.05 games/s | ETA: 24s
[ 202/300] samples:   9996 | chain(game/max/avg): 3/5/3.6 | reward(game/avg): 6940/8561 | 3.98 games/s | ETA: 25s
[ 203/300] samples:  10011 | chain(game/max/avg): 2/5/3.6 | reward(game/avg): 700/8522 | 3.89 games/s | ETA: 25s
[ 204/300] samples:  10038 | chain(game/max/avg): 3/5/3.6 | reward(game/avg): 2900/8494 | 3.59 games/s | ETA: 27s
[ 205/300] samples:  10088 | chain(game/max/avg): 4/5/3.6 | reward(game/avg): 8720/8496 | 3.55 games/s | ETA: 27s
[ 206/300] samples:  10121 | chain(game/max/avg): 3/5/3.6 | reward(game/avg): 4000/8474 | 3.44 games/s | ETA: 27s
[ 207/300] samples:  10171 | chain(game/max/avg): 4/5/3.6 | reward(game/avg): 10140/8482 | 3.17 games/s | ETA: 29s
[ 208/300] samples:  10221 | chain(game/max/avg): 3/5/3.6 | reward(game/avg): 6560/8473 | 3.16 games/s | ETA: 29s
[ 209/300] samples:  10271 | chain(game/max/avg): 3/5/3.6 | reward(game/avg): 7240/8467 | 3.14 games/s | ETA: 29s
[ 210/300] samples:  10321 | chain(game/max/avg): 3/5/3.6 | reward(game/avg): 7470/8462 | 3.15 games/s | ETA: 29s
[ 211/300] samples:  10371 | chain(game/max/avg): 3/5/3.6 | reward(game/avg): 8630/8463 | 3.15 games/s | ETA: 28s
[ 212/300] samples:  10421 | chain(game/max/avg): 3/5/3.6 | reward(game/avg): 7070/8456 | 3.17 games/s | ETA: 28s
[ 213/300] samples:  10471 | chain(game/max/avg): 4/5/3.6 | reward(game/avg): 8820/8458 | 3.13 games/s | ETA: 28s
[ 214/300] samples:  10521 | chain(game/max/avg): 3/5/3.6 | reward(game/avg): 8120/8456 | 3.15 games/s | ETA: 27s
[ 215/300] samples:  10571 | chain(game/max/avg): 4/5/3.6 | reward(game/avg): 11020/8468 | 3.16 games/s | ETA: 27s
[ 216/300] samples:  10621 | chain(game/max/avg): 4/5/3.6 | reward(game/avg): 8340/8468 | 3.17 games/s | ETA: 26s
[ 217/300] samples:  10671 | chain(game/max/avg): 4/5/3.6 | reward(game/avg): 5800/8455 | 3.19 games/s | ETA: 26s
[ 218/300] samples:  10721 | chain(game/max/avg): 4/5/3.6 | reward(game/avg): 8430/8455 | 3.19 games/s | ETA: 26s
[ 219/300] samples:  10771 | chain(game/max/avg): 4/5/3.6 | reward(game/avg): 9060/8458 | 3.20 games/s | ETA: 25s
[ 220/300] samples:  10821 | chain(game/max/avg): 4/5/3.6 | reward(game/avg): 9190/8461 | 3.18 games/s | ETA: 25s
[ 221/300] samples:  10871 | chain(game/max/avg): 4/5/3.6 | reward(game/avg): 11200/8474 | 3.19 games/s | ETA: 25s
[ 222/300] samples:  10921 | chain(game/max/avg): 4/5/3.6 | reward(game/avg): 9060/8476 | 3.18 games/s | ETA: 25s
[ 223/300] samples:  10971 | chain(game/max/avg): 4/5/3.6 | reward(game/avg): 10040/8483 | 3.19 games/s | ETA: 24s
[ 224/300] samples:  11021 | chain(game/max/avg): 4/5/3.6 | reward(game/avg): 9020/8486 | 3.20 games/s | ETA: 24s
[ 225/300] samples:  11071 | chain(game/max/avg): 4/5/3.6 | reward(game/avg): 6740/8478 | 3.22 games/s | ETA: 23s
[ 226/300] samples:  11121 | chain(game/max/avg): 4/5/3.6 | reward(game/avg): 7920/8475 | 3.21 games/s | ETA: 23s
[ 227/300] samples:  11171 | chain(game/max/avg): 4/5/3.6 | reward(game/avg): 10120/8483 | 3.22 games/s | ETA: 23s
[ 228/300] samples:  11221 | chain(game/max/avg): 4/5/3.6 | reward(game/avg): 7650/8479 | 3.24 games/s | ETA: 22s
[ 229/300] samples:  11271 | chain(game/max/avg): 3/5/3.6 | reward(game/avg): 7000/8473 | 3.23 games/s | ETA: 22s
[ 230/300] samples:  11321 | chain(game/max/avg): 4/5/3.6 | reward(game/avg): 8680/8474 | 3.25 games/s | ETA: 22s
[ 231/300] samples:  11371 | chain(game/max/avg): 3/5/3.6 | reward(game/avg): 7700/8470 | 3.26 games/s | ETA: 21s
[ 232/300] samples:  11421 | chain(game/max/avg): 4/5/3.6 | reward(game/avg): 7560/8466 | 3.27 games/s | ETA: 21s
[ 233/300] samples:  11471 | chain(game/max/avg): 4/5/3.6 | reward(game/avg): 8880/8468 | 3.27 games/s | ETA: 20s
[ 234/300] samples:  11521 | chain(game/max/avg): 4/5/3.6 | reward(game/avg): 7980/8466 | 3.29 games/s | ETA: 20s
[ 235/300] samples:  11571 | chain(game/max/avg): 4/5/3.6 | reward(game/avg): 8820/8467 | 3.26 games/s | ETA: 20s
[ 236/300] samples:  11621 | chain(game/max/avg): 3/5/3.6 | reward(game/avg): 8540/8468 | 3.27 games/s | ETA: 20s
[ 237/300] samples:  11671 | chain(game/max/avg): 4/5/3.6 | reward(game/avg): 10440/8476 | 3.29 games/s | ETA: 19s
[ 238/300] samples:  11721 | chain(game/max/avg): 3/5/3.6 | reward(game/avg): 8260/8475 | 3.29 games/s | ETA: 19s
[ 239/300] samples:  11771 | chain(game/max/avg): 4/5/3.6 | reward(game/avg): 8480/8475 | 3.31 games/s | ETA: 18s
[ 240/300] samples:  11821 | chain(game/max/avg): 4/5/3.6 | reward(game/avg): 9440/8479 | 3.32 games/s | ETA: 18s
[ 241/300] samples:  11871 | chain(game/max/avg): 4/5/3.6 | reward(game/avg): 8500/8479 | 3.33 games/s | ETA: 18s
[ 242/300] samples:  11921 | chain(game/max/avg): 3/5/3.6 | reward(game/avg): 6280/8470 | 3.35 games/s | ETA: 17s
[ 243/300] samples:  11971 | chain(game/max/avg): 4/5/3.6 | reward(game/avg): 9380/8474 | 3.36 games/s | ETA: 17s
[ 244/300] samples:  12021 | chain(game/max/avg): 4/5/3.6 | reward(game/avg): 8100/8472 | 3.37 games/s | ETA: 17s
[ 245/300] samples:  12071 | chain(game/max/avg): 3/5/3.6 | reward(game/avg): 6420/8464 | 3.38 games/s | ETA: 16s
[ 246/300] samples:  12121 | chain(game/max/avg): 4/5/3.6 | reward(game/avg): 9080/8467 | 3.40 games/s | ETA: 16s
[ 247/300] samples:  12171 | chain(game/max/avg): 4/5/3.6 | reward(game/avg): 9800/8472 | 3.41 games/s | ETA: 16s
[ 248/300] samples:  12221 | chain(game/max/avg): 4/5/3.6 | reward(game/avg): 9540/8476 | 3.42 games/s | ETA: 15s
[ 249/300] samples:  12271 | chain(game/max/avg): 4/5/3.6 | reward(game/avg): 11240/8487 | 3.43 games/s | ETA: 15s
[ 250/300] samples:  12321 | chain(game/max/avg): 3/5/3.6 | reward(game/avg): 8420/8487 | 3.44 games/s | ETA: 15s
[ 251/300] samples:  12371 | chain(game/max/avg): 3/5/3.6 | reward(game/avg): 6900/8481 | 3.46 games/s | ETA: 14s
[ 252/300] samples:  12421 | chain(game/max/avg): 4/5/3.6 | reward(game/avg): 9200/8484 | 3.45 games/s | ETA: 14s
[ 253/300] samples:  12471 | chain(game/max/avg): 4/5/3.6 | reward(game/avg): 9860/8489 | 3.46 games/s | ETA: 14s
[ 254/300] samples:  12521 | chain(game/max/avg): 4/5/3.6 | reward(game/avg): 8720/8490 | 3.47 games/s | ETA: 13s
[ 255/300] samples:  12571 | chain(game/max/avg): 3/5/3.6 | reward(game/avg): 5960/8480 | 3.48 games/s | ETA: 13s
[ 256/300] samples:  12621 | chain(game/max/avg): 3/5/3.6 | reward(game/avg): 7490/8476 | 3.50 games/s | ETA: 13s
[ 257/300] samples:  12671 | chain(game/max/avg): 3/5/3.6 | reward(game/avg): 7140/8471 | 3.51 games/s | ETA: 12s
[ 258/300] samples:  12721 | chain(game/max/avg): 3/5/3.6 | reward(game/avg): 6340/8463 | 3.52 games/s | ETA: 12s
[ 259/300] samples:  12771 | chain(game/max/avg): 4/5/3.6 | reward(game/avg): 7280/8458 | 3.54 games/s | ETA: 12s
[ 260/300] samples:  12821 | chain(game/max/avg): 4/5/3.6 | reward(game/avg): 8740/8459 | 3.55 games/s | ETA: 11s
[ 261/300] samples:  12871 | chain(game/max/avg): 4/5/3.6 | reward(game/avg): 7620/8456 | 3.56 games/s | ETA: 11s
[ 262/300] samples:  12921 | chain(game/max/avg): 4/5/3.6 | reward(game/avg): 9900/8462 | 3.57 games/s | ETA: 11s
[ 263/300] samples:  12971 | chain(game/max/avg): 4/5/3.6 | reward(game/avg): 8340/8461 | 3.59 games/s | ETA: 10s
[ 264/300] samples:  13021 | chain(game/max/avg): 3/5/3.6 | reward(game/avg): 6160/8452 | 3.60 games/s | ETA: 10s
[ 265/300] samples:  13071 | chain(game/max/avg): 3/5/3.6 | reward(game/avg): 7880/8450 | 3.61 games/s | ETA: 10s
[ 266/300] samples:  13121 | chain(game/max/avg): 4/5/3.6 | reward(game/avg): 7320/8446 | 3.62 games/s | ETA: 9s
[ 267/300] samples:  13171 | chain(game/max/avg): 4/5/3.6 | reward(game/avg): 10440/8453 | 3.64 games/s | ETA: 9s
[ 268/300] samples:  13221 | chain(game/max/avg): 4/5/3.6 | reward(game/avg): 10360/8461 | 3.65 games/s | ETA: 9s
[ 269/300] samples:  13271 | chain(game/max/avg): 4/5/3.6 | reward(game/avg): 9660/8465 | 3.64 games/s | ETA: 9s
[ 270/300] samples:  13321 | chain(game/max/avg): 3/5/3.6 | reward(game/avg): 6620/8458 | 3.65 games/s | ETA: 8s
[ 271/300] samples:  13371 | chain(game/max/avg): 4/5/3.6 | reward(game/avg): 8160/8457 | 3.67 games/s | ETA: 8s
[ 272/300] samples:  13421 | chain(game/max/avg): 4/5/3.6 | reward(game/avg): 9510/8461 | 3.68 games/s | ETA: 8s
[ 273/300] samples:  13471 | chain(game/max/avg): 4/5/3.6 | reward(game/avg): 10540/8469 | 3.69 games/s | ETA: 7s
[ 274/300] samples:  13521 | chain(game/max/avg): 3/5/3.6 | reward(game/avg): 9020/8471 | 3.70 games/s | ETA: 7s
[ 275/300] samples:  13571 | chain(game/max/avg): 4/5/3.6 | reward(game/avg): 11620/8482 | 3.71 games/s | ETA: 7s
[ 276/300] samples:  13621 | chain(game/max/avg): 3/5/3.6 | reward(game/avg): 7080/8477 | 3.72 games/s | ETA: 6s
[ 277/300] samples:  13671 | chain(game/max/avg): 4/5/3.6 | reward(game/avg): 8660/8478 | 3.74 games/s | ETA: 6s
[ 278/300] samples:  13721 | chain(game/max/avg): 4/5/3.6 | reward(game/avg): 9440/8481 | 3.75 games/s | ETA: 6s
[ 279/300] samples:  13771 | chain(game/max/avg): 3/5/3.6 | reward(game/avg): 7470/8477 | 3.76 games/s | ETA: 6s
[ 280/300] samples:  13821 | chain(game/max/avg): 4/5/3.6 | reward(game/avg): 8700/8478 | 3.77 games/s | ETA: 5s
[ 281/300] samples:  13871 | chain(game/max/avg): 4/5/3.6 | reward(game/avg): 9300/8481 | 3.77 games/s | ETA: 5s
[ 282/300] samples:  13921 | chain(game/max/avg): 4/5/3.6 | reward(game/avg): 9260/8484 | 3.79 games/s | ETA: 5s
[ 283/300] samples:  13971 | chain(game/max/avg): 3/5/3.6 | reward(game/avg): 8210/8483 | 3.80 games/s | ETA: 4s
[ 284/300] samples:  14021 | chain(game/max/avg): 4/5/3.6 | reward(game/avg): 8520/8483 | 3.81 games/s | ETA: 4s
[ 285/300] samples:  14071 | chain(game/max/avg): 3/5/3.6 | reward(game/avg): 8280/8482 | 3.82 games/s | ETA: 4s
[ 286/300] samples:  14121 | chain(game/max/avg): 3/5/3.6 | reward(game/avg): 6160/8474 | 3.83 games/s | ETA: 4s
[ 287/300] samples:  14171 | chain(game/max/avg): 4/5/3.6 | reward(game/avg): 10000/8480 | 3.85 games/s | ETA: 3s
[ 288/300] samples:  14221 | chain(game/max/avg): 4/5/3.6 | reward(game/avg): 11700/8491 | 3.86 games/s | ETA: 3s
[ 289/300] samples:  14271 | chain(game/max/avg): 4/5/3.6 | reward(game/avg): 8420/8490 | 3.82 games/s | ETA: 3s
[ 290/300] samples:  14321 | chain(game/max/avg): 3/5/3.6 | reward(game/avg): 6670/8484 | 3.83 games/s | ETA: 3s
[ 291/300] samples:  14371 | chain(game/max/avg): 4/5/3.6 | reward(game/avg): 8460/8484 | 3.85 games/s | ETA: 2s
[ 292/300] samples:  14421 | chain(game/max/avg): 4/5/3.6 | reward(game/avg): 7400/8480 | 3.86 games/s | ETA: 2s
[ 293/300] samples:  14471 | chain(game/max/avg): 3/5/3.6 | reward(game/avg): 8060/8479 | 3.86 games/s | ETA: 2s
[ 294/300] samples:  14521 | chain(game/max/avg): 4/5/3.6 | reward(game/avg): 9140/8481 | 3.88 games/s | ETA: 2s
[ 295/300] samples:  14571 | chain(game/max/avg): 3/5/3.6 | reward(game/avg): 7320/8477 | 3.89 games/s | ETA: 1s
[ 296/300] samples:  14621 | chain(game/max/avg): 4/5/3.6 | reward(game/avg): 9120/8479 | 3.90 games/s | ETA: 1s
[ 297/300] samples:  14671 | chain(game/max/avg): 3/5/3.6 | reward(game/avg): 9590/8483 | 3.91 games/s | ETA: 1s
[ 298/300] samples:  14721 | chain(game/max/avg): 3/5/3.6 | reward(game/avg): 8920/8485 | 3.92 games/s | ETA: 1s
[ 299/300] samples:  14771 | chain(game/max/avg): 4/5/3.6 | reward(game/avg): 10000/8490 | 3.93 games/s | ETA: 0s
[ 300/300] samples:  14821 | chain(game/max/avg): 3/5/3.6 | reward(game/avg): 8840/8491 | 3.94 games/s | ETA: 0s
Self-play complete: 300 games, 14821 samples, max chain: 5
Saved to data/alphazero_iter_334.bin
[2026-04-04 03:51:18] Removing old data: data/alphazero_iter_304.bin
