[2026-04-02 10:28:05] === AlphaZero Loop Start (iteration=1, games=300, sims=64+0/iter, max=64, min_chain=0) ===
[2026-04-02 10:28:05] --- Iteration 1 (sims=64, global_step=0) ---
[2026-04-02 10:28:05] Self-play start (m=16, c_visit=50.0)
    Finished `release` profile [optimized] target(s) in 7.14s
     Running `target/release/self-play --games 300 --simulations 64 --c-puct-init 1.5 --m 16 --c-visit 50.0 --gamma 0.95 --min-chain 0 --output data/alphazero_iter_1.bin`
games=300, simulations=64, c_puct_init=1.5, c_puct_base=19652, m=16, c_visit=50, gamma=0.95
Backend: CudaJit (GPU) — Gumbel MCTS self-play (batched)
Failed to load model from artifacts/puyo_model: FileNotFound("No such file or directory (os error 2)"). Initializing random weights
Using 128 game threads, max_batch_size=128
[   1/300] samples:      3 | chain(game/max/avg): 0/0/0.0 | reward(game/avg): 0/0 | 0.14 games/s | ETA: 2075s
[   2/300] samples:      6 | chain(game/max/avg): 0/0/0.0 | reward(game/avg): 0/0 | 0.29 games/s | ETA: 1036s
[   3/300] samples:      9 | chain(game/max/avg): 0/0/0.0 | reward(game/avg): 0/0 | 0.43 games/s | ETA: 688s
[   4/300] samples:     12 | chain(game/max/avg): 0/0/0.0 | reward(game/avg): 0/0 | 0.58 games/s | ETA: 515s
[   5/300] samples:     15 | chain(game/max/avg): 0/0/0.0 | reward(game/avg): 0/0 | 0.72 games/s | ETA: 411s
[   6/300] samples:     18 | chain(game/max/avg): 0/0/0.0 | reward(game/avg): 0/0 | 0.86 games/s | ETA: 342s
[   7/300] samples:     21 | chain(game/max/avg): 0/0/0.0 | reward(game/avg): 0/0 | 1.00 games/s | ETA: 292s
[   8/300] samples:     24 | chain(game/max/avg): 0/0/0.0 | reward(game/avg): 0/0 | 1.14 games/s | ETA: 255s
[   9/300] samples:     27 | chain(game/max/avg): 0/0/0.0 | reward(game/avg): 0/0 | 1.28 games/s | ETA: 227s
[  10/300] samples:     31 | chain(game/max/avg): 0/0/0.0 | reward(game/avg): 0/0 | 1.39 games/s | ETA: 208s
[  11/300] samples:     35 | chain(game/max/avg): 0/0/0.0 | reward(game/avg): 0/0 | 1.53 games/s | ETA: 189s
[  12/300] samples:     39 | chain(game/max/avg): 0/0/0.0 | reward(game/avg): 0/0 | 1.67 games/s | ETA: 173s
[  13/300] samples:     43 | chain(game/max/avg): 0/0/0.0 | reward(game/avg): 0/0 | 1.80 games/s | ETA: 160s
[  14/300] samples:     47 | chain(game/max/avg): 0/0/0.0 | reward(game/avg): 0/0 | 1.90 games/s | ETA: 151s
[  15/300] samples:     52 | chain(game/max/avg): 0/0/0.0 | reward(game/avg): 0/0 | 1.82 games/s | ETA: 157s
[  16/300] samples:     57 | chain(game/max/avg): 0/0/0.0 | reward(game/avg): 0/0 | 1.93 games/s | ETA: 147s
[  17/300] samples:     62 | chain(game/max/avg): 1/1/0.1 | reward(game/avg): 40/2 | 2.05 games/s | ETA: 138s
[  18/300] samples:     67 | chain(game/max/avg): 0/1/0.1 | reward(game/avg): 0/2 | 2.14 games/s | ETA: 132s
[  19/300] samples:     73 | chain(game/max/avg): 1/1/0.1 | reward(game/avg): 40/4 | 2.22 games/s | ETA: 127s
[  20/300] samples:     78 | chain(game/max/avg): 0/1/0.1 | reward(game/avg): 0/4 | 2.32 games/s | ETA: 121s
[  21/300] samples:     81 | chain(game/max/avg): 0/1/0.1 | reward(game/avg): 0/4 | 2.42 games/s | ETA: 116s
[  22/300] samples:     87 | chain(game/max/avg): 1/1/0.1 | reward(game/avg): 40/5 | 2.52 games/s | ETA: 110s
[  23/300] samples:     93 | chain(game/max/avg): 1/1/0.2 | reward(game/avg): 40/7 | 2.59 games/s | ETA: 107s
[  24/300] samples:     99 | chain(game/max/avg): 1/1/0.2 | reward(game/avg): 100/11 | 2.63 games/s | ETA: 105s
[  25/300] samples:    103 | chain(game/max/avg): 0/1/0.2 | reward(game/avg): 0/10 | 2.65 games/s | ETA: 104s
[  26/300] samples:    110 | chain(game/max/avg): 1/1/0.2 | reward(game/avg): 100/14 | 2.72 games/s | ETA: 101s
[  27/300] samples:    118 | chain(game/max/avg): 1/1/0.3 | reward(game/avg): 80/16 | 2.81 games/s | ETA: 97s
[  28/300] samples:    125 | chain(game/max/avg): 1/1/0.3 | reward(game/avg): 80/19 | 2.91 games/s | ETA: 93s
[  29/300] samples:    129 | chain(game/max/avg): 0/1/0.3 | reward(game/avg): 0/18 | 3.02 games/s | ETA: 90s
[  30/300] samples:    134 | chain(game/max/avg): 0/1/0.3 | reward(game/avg): 0/17 | 3.03 games/s | ETA: 89s
[  31/300] samples:    144 | chain(game/max/avg): 2/2/0.3 | reward(game/avg): 400/30 | 2.99 games/s | ETA: 90s
[  32/300] samples:    153 | chain(game/max/avg): 2/2/0.4 | reward(game/avg): 400/41 | 3.04 games/s | ETA: 88s
[  33/300] samples:    162 | chain(game/max/avg): 2/2/0.4 | reward(game/avg): 400/52 | 3.12 games/s | ETA: 86s
[  34/300] samples:    171 | chain(game/max/avg): 2/2/0.5 | reward(game/avg): 400/62 | 3.20 games/s | ETA: 83s
[  35/300] samples:    181 | chain(game/max/avg): 1/2/0.5 | reward(game/avg): 180/66 | 3.28 games/s | ETA: 81s
[  36/300] samples:    184 | chain(game/max/avg): 0/2/0.5 | reward(game/avg): 0/64 | 3.36 games/s | ETA: 79s
[  37/300] samples:    194 | chain(game/max/avg): 2/2/0.5 | reward(game/avg): 400/73 | 3.42 games/s | ETA: 77s
[  38/300] samples:    204 | chain(game/max/avg): 2/2/0.6 | reward(game/avg): 400/82 | 3.26 games/s | ETA: 80s
[  39/300] samples:    217 | chain(game/max/avg): 2/2/0.6 | reward(game/avg): 620/95 | 3.30 games/s | ETA: 79s
[  40/300] samples:    231 | chain(game/max/avg): 1/2/0.6 | reward(game/avg): 260/100 | 3.30 games/s | ETA: 79s
[  41/300] samples:    239 | chain(game/max/avg): 1/2/0.6 | reward(game/avg): 180/101 | 3.34 games/s | ETA: 78s
[  42/300] samples:    252 | chain(game/max/avg): 2/2/0.6 | reward(game/avg): 560/112 | 3.35 games/s | ETA: 77s
[  43/300] samples:    261 | chain(game/max/avg): 1/2/0.7 | reward(game/avg): 80/112 | 3.41 games/s | ETA: 75s
[  44/300] samples:    274 | chain(game/max/avg): 2/2/0.7 | reward(game/avg): 760/126 | 3.48 games/s | ETA: 73s
[  45/300] samples:    287 | chain(game/max/avg): 2/2/0.7 | reward(game/avg): 740/140 | 3.54 games/s | ETA: 72s
[  46/300] samples:    293 | chain(game/max/avg): 1/2/0.7 | reward(game/avg): 40/138 | 3.56 games/s | ETA: 71s
[  47/300] samples:    307 | chain(game/max/avg): 1/2/0.7 | reward(game/avg): 320/142 | 3.62 games/s | ETA: 70s
[  48/300] samples:    321 | chain(game/max/avg): 2/2/0.8 | reward(game/avg): 600/151 | 3.66 games/s | ETA: 69s
[  49/300] samples:    335 | chain(game/max/avg): 2/2/0.8 | reward(game/avg): 600/160 | 3.72 games/s | ETA: 68s
[  50/300] samples:    350 | chain(game/max/avg): 1/2/0.8 | reward(game/avg): 260/162 | 3.67 games/s | ETA: 68s
[  51/300] samples:    365 | chain(game/max/avg): 1/2/0.8 | reward(game/avg): 320/165 | 3.59 games/s | ETA: 69s
[  52/300] samples:    381 | chain(game/max/avg): 2/2/0.8 | reward(game/avg): 920/180 | 3.66 games/s | ETA: 68s
[  53/300] samples:    397 | chain(game/max/avg): 1/2/0.8 | reward(game/avg): 320/183 | 3.71 games/s | ETA: 67s
[  54/300] samples:    415 | chain(game/max/avg): 2/2/0.8 | reward(game/avg): 560/190 | 3.77 games/s | ETA: 65s
[  55/300] samples:    431 | chain(game/max/avg): 2/2/0.9 | reward(game/avg): 600/197 | 3.84 games/s | ETA: 64s
[  56/300] samples:    447 | chain(game/max/avg): 2/2/0.9 | reward(game/avg): 640/205 | 3.84 games/s | ETA: 63s
[  57/300] samples:    463 | chain(game/max/avg): 2/2/0.9 | reward(game/avg): 580/212 | 3.91 games/s | ETA: 62s
[  58/300] samples:    471 | chain(game/max/avg): 1/2/0.9 | reward(game/avg): 140/210 | 3.96 games/s | ETA: 61s
[  59/300] samples:    482 | chain(game/max/avg): 1/2/0.9 | reward(game/avg): 180/210 | 3.94 games/s | ETA: 61s
[  60/300] samples:    491 | chain(game/max/avg): 1/2/0.9 | reward(game/avg): 120/208 | 3.98 games/s | ETA: 60s
[  61/300] samples:    495 | chain(game/max/avg): 0/2/0.9 | reward(game/avg): 0/205 | 3.82 games/s | ETA: 63s
[  62/300] samples:    499 | chain(game/max/avg): 0/2/0.9 | reward(game/avg): 0/202 | 3.84 games/s | ETA: 62s
[  63/300] samples:    502 | chain(game/max/avg): 0/2/0.9 | reward(game/avg): 0/198 | 3.89 games/s | ETA: 61s
[  64/300] samples:    522 | chain(game/max/avg): 2/2/0.9 | reward(game/avg): 880/209 | 3.94 games/s | ETA: 60s
[  65/300] samples:    540 | chain(game/max/avg): 2/2/0.9 | reward(game/avg): 940/220 | 3.97 games/s | ETA: 59s
[  66/300] samples:    555 | chain(game/max/avg): 2/2/0.9 | reward(game/avg): 520/225 | 3.90 games/s | ETA: 60s
[  67/300] samples:    573 | chain(game/max/avg): 1/2/0.9 | reward(game/avg): 400/227 | 3.94 games/s | ETA: 59s
[  68/300] samples:    595 | chain(game/max/avg): 2/2/0.9 | reward(game/avg): 720/235 | 3.90 games/s | ETA: 60s
[  69/300] samples:    618 | chain(game/max/avg): 2/2/0.9 | reward(game/avg): 780/243 | 3.80 games/s | ETA: 61s
[  70/300] samples:    642 | chain(game/max/avg): 1/2/0.9 | reward(game/avg): 460/246 | 3.78 games/s | ETA: 61s
[  71/300] samples:    666 | chain(game/max/avg): 2/2/1.0 | reward(game/avg): 800/254 | 3.84 games/s | ETA: 60s
[  72/300] samples:    687 | chain(game/max/avg): 2/2/1.0 | reward(game/avg): 1020/264 | 3.88 games/s | ETA: 59s
[  73/300] samples:    696 | chain(game/max/avg): 1/2/1.0 | reward(game/avg): 80/262 | 3.94 games/s | ETA: 58s
[  74/300] samples:    717 | chain(game/max/avg): 2/2/1.0 | reward(game/avg): 980/271 | 3.94 games/s | ETA: 57s
[  75/300] samples:    730 | chain(game/max/avg): 1/2/1.0 | reward(game/avg): 220/271 | 3.94 games/s | ETA: 57s
[  76/300] samples:    755 | chain(game/max/avg): 2/2/1.0 | reward(game/avg): 800/278 | 3.95 games/s | ETA: 57s
[  77/300] samples:    769 | chain(game/max/avg): 1/2/1.0 | reward(game/avg): 360/279 | 3.98 games/s | ETA: 56s
[  78/300] samples:    783 | chain(game/max/avg): 1/2/1.0 | reward(game/avg): 200/278 | 4.01 games/s | ETA: 55s
[  79/300] samples:    794 | chain(game/max/avg): 1/2/1.0 | reward(game/avg): 180/276 | 4.02 games/s | ETA: 55s
[  80/300] samples:    808 | chain(game/max/avg): 1/2/1.0 | reward(game/avg): 200/276 | 4.00 games/s | ETA: 55s
[  81/300] samples:    822 | chain(game/max/avg): 1/2/1.0 | reward(game/avg): 260/275 | 4.04 games/s | ETA: 54s
[  82/300] samples:    826 | chain(game/max/avg): 0/2/1.0 | reward(game/avg): 0/272 | 4.08 games/s | ETA: 53s
[  83/300] samples:    830 | chain(game/max/avg): 0/2/1.0 | reward(game/avg): 0/269 | 4.13 games/s | ETA: 52s
[  84/300] samples:    857 | chain(game/max/avg): 2/2/1.0 | reward(game/avg): 1400/282 | 4.12 games/s | ETA: 52s
[  85/300] samples:    884 | chain(game/max/avg): 2/2/1.0 | reward(game/avg): 960/290 | 4.16 games/s | ETA: 52s
[  86/300] samples:    896 | chain(game/max/avg): 2/2/1.0 | reward(game/avg): 820/296 | 4.21 games/s | ETA: 51s
[  87/300] samples:    924 | chain(game/max/avg): 2/2/1.0 | reward(game/avg): 1500/310 | 4.25 games/s | ETA: 50s
[  88/300] samples:    952 | chain(game/max/avg): 2/2/1.0 | reward(game/avg): 1080/319 | 4.30 games/s | ETA: 49s
[  89/300] samples:    955 | chain(game/max/avg): 0/2/1.0 | reward(game/avg): 0/315 | 4.34 games/s | ETA: 49s
[  90/300] samples:    983 | chain(game/max/avg): 2/2/1.0 | reward(game/avg): 1100/324 | 4.24 games/s | ETA: 50s
[  91/300] samples:   1013 | chain(game/max/avg): 2/2/1.0 | reward(game/avg): 960/331 | 4.23 games/s | ETA: 49s
[  92/300] samples:   1018 | chain(game/max/avg): 1/2/1.0 | reward(game/avg): 40/328 | 4.27 games/s | ETA: 49s
[  93/300] samples:   1048 | chain(game/max/avg): 3/3/1.1 | reward(game/avg): 2620/352 | 4.31 games/s | ETA: 48s
[  94/300] samples:   1068 | chain(game/max/avg): 2/3/1.1 | reward(game/avg): 1320/363 | 4.33 games/s | ETA: 48s
[  95/300] samples:   1086 | chain(game/max/avg): 2/3/1.1 | reward(game/avg): 680/366 | 4.36 games/s | ETA: 47s
[  96/300] samples:   1115 | chain(game/max/avg): 2/3/1.1 | reward(game/avg): 1140/374 | 4.39 games/s | ETA: 47s
[  97/300] samples:   1138 | chain(game/max/avg): 2/3/1.1 | reward(game/avg): 880/379 | 4.34 games/s | ETA: 47s
[  98/300] samples:   1168 | chain(game/max/avg): 1/3/1.1 | reward(game/avg): 600/382 | 4.37 games/s | ETA: 46s
[  99/300] samples:   1186 | chain(game/max/avg): 2/3/1.1 | reward(game/avg): 860/386 | 4.40 games/s | ETA: 46s
[ 100/300] samples:   1219 | chain(game/max/avg): 2/3/1.1 | reward(game/avg): 2120/404 | 4.42 games/s | ETA: 45s
[ 101/300] samples:   1223 | chain(game/max/avg): 0/3/1.1 | reward(game/avg): 0/400 | 4.45 games/s | ETA: 45s
[ 102/300] samples:   1241 | chain(game/max/avg): 2/3/1.1 | reward(game/avg): 620/402 | 4.49 games/s | ETA: 44s
[ 103/300] samples:   1266 | chain(game/max/avg): 1/3/1.1 | reward(game/avg): 800/406 | 4.48 games/s | ETA: 44s
[ 104/300] samples:   1296 | chain(game/max/avg): 3/3/1.1 | reward(game/avg): 1680/418 | 4.52 games/s | ETA: 43s
[ 105/300] samples:   1299 | chain(game/max/avg): 0/3/1.1 | reward(game/avg): 0/414 | 4.39 games/s | ETA: 44s
[ 106/300] samples:   1332 | chain(game/max/avg): 1/3/1.1 | reward(game/avg): 680/417 | 4.42 games/s | ETA: 44s
[ 107/300] samples:   1343 | chain(game/max/avg): 1/3/1.1 | reward(game/avg): 160/414 | 4.45 games/s | ETA: 43s
[ 108/300] samples:   1346 | chain(game/max/avg): 0/3/1.1 | reward(game/avg): 0/410 | 4.47 games/s | ETA: 43s
[ 109/300] samples:   1353 | chain(game/max/avg): 1/3/1.1 | reward(game/avg): 180/408 | 4.46 games/s | ETA: 43s
[ 110/300] samples:   1382 | chain(game/max/avg): 2/3/1.1 | reward(game/avg): 2200/425 | 4.49 games/s | ETA: 42s
[ 111/300] samples:   1399 | chain(game/max/avg): 2/3/1.1 | reward(game/avg): 700/427 | 4.51 games/s | ETA: 42s
[ 112/300] samples:   1414 | chain(game/max/avg): 1/3/1.1 | reward(game/avg): 440/427 | 4.55 games/s | ETA: 41s
[ 113/300] samples:   1427 | chain(game/max/avg): 1/3/1.1 | reward(game/avg): 380/427 | 4.57 games/s | ETA: 41s
[ 114/300] samples:   1458 | chain(game/max/avg): 3/3/1.1 | reward(game/avg): 2540/445 | 4.60 games/s | ETA: 40s
[ 115/300] samples:   1494 | chain(game/max/avg): 3/3/1.2 | reward(game/avg): 1780/457 | 4.64 games/s | ETA: 40s
[ 116/300] samples:   1530 | chain(game/max/avg): 2/3/1.2 | reward(game/avg): 1720/468 | 4.62 games/s | ETA: 40s
[ 117/300] samples:   1566 | chain(game/max/avg): 2/3/1.2 | reward(game/avg): 1120/473 | 4.65 games/s | ETA: 39s
[ 118/300] samples:   1593 | chain(game/max/avg): 2/3/1.2 | reward(game/avg): 1280/480 | 4.65 games/s | ETA: 39s
[ 119/300] samples:   1596 | chain(game/max/avg): 0/3/1.2 | reward(game/avg): 0/476 | 4.65 games/s | ETA: 39s
[ 120/300] samples:   1599 | chain(game/max/avg): 0/3/1.2 | reward(game/avg): 0/472 | 4.65 games/s | ETA: 39s
[ 121/300] samples:   1610 | chain(game/max/avg): 2/3/1.2 | reward(game/avg): 720/474 | 4.68 games/s | ETA: 38s
[ 122/300] samples:   1619 | chain(game/max/avg): 1/3/1.2 | reward(game/avg): 120/471 | 4.67 games/s | ETA: 38s
[ 123/300] samples:   1627 | chain(game/max/avg): 1/3/1.2 | reward(game/avg): 140/469 | 4.70 games/s | ETA: 38s
[ 124/300] samples:   1666 | chain(game/max/avg): 1/3/1.2 | reward(game/avg): 900/472 | 4.57 games/s | ETA: 38s
[ 125/300] samples:   1706 | chain(game/max/avg): 2/3/1.2 | reward(game/avg): 2260/486 | 4.56 games/s | ETA: 38s
[ 126/300] samples:   1748 | chain(game/max/avg): 2/3/1.2 | reward(game/avg): 1180/492 | 4.51 games/s | ETA: 39s
[ 127/300] samples:   1789 | chain(game/max/avg): 3/3/1.2 | reward(game/avg): 2320/506 | 4.53 games/s | ETA: 38s
[ 128/300] samples:   1832 | chain(game/max/avg): 2/3/1.2 | reward(game/avg): 1660/515 | 4.52 games/s | ETA: 38s
[ 129/300] samples:   1856 | chain(game/max/avg): 2/3/1.2 | reward(game/avg): 1120/520 | 4.53 games/s | ETA: 38s
[ 130/300] samples:   1874 | chain(game/max/avg): 2/3/1.2 | reward(game/avg): 680/521 | 4.53 games/s | ETA: 38s
[ 131/300] samples:   1914 | chain(game/max/avg): 2/3/1.2 | reward(game/avg): 2020/533 | 4.55 games/s | ETA: 37s
[ 132/300] samples:   1917 | chain(game/max/avg): 0/3/1.2 | reward(game/avg): 0/529 | 4.55 games/s | ETA: 37s
[ 133/300] samples:   1946 | chain(game/max/avg): 2/3/1.2 | reward(game/avg): 1380/535 | 4.53 games/s | ETA: 37s
[ 134/300] samples:   1955 | chain(game/max/avg): 1/3/1.2 | reward(game/avg): 220/533 | 4.54 games/s | ETA: 37s
[ 135/300] samples:   1963 | chain(game/max/avg): 1/3/1.2 | reward(game/avg): 140/530 | 4.56 games/s | ETA: 36s
[ 136/300] samples:   1982 | chain(game/max/avg): 2/3/1.2 | reward(game/avg): 860/532 | 4.59 games/s | ETA: 36s
[ 137/300] samples:   2028 | chain(game/max/avg): 2/3/1.2 | reward(game/avg): 2720/548 | 4.60 games/s | ETA: 35s
[ 138/300] samples:   2071 | chain(game/max/avg): 2/3/1.2 | reward(game/avg): 1520/555 | 4.60 games/s | ETA: 35s
[ 139/300] samples:   2104 | chain(game/max/avg): 2/3/1.2 | reward(game/avg): 1480/562 | 4.61 games/s | ETA: 35s
[ 140/300] samples:   2143 | chain(game/max/avg): 2/3/1.2 | reward(game/avg): 2060/573 | 4.64 games/s | ETA: 34s
[ 141/300] samples:   2193 | chain(game/max/avg): 2/3/1.2 | reward(game/avg): 1780/581 | 4.64 games/s | ETA: 34s
[ 142/300] samples:   2240 | chain(game/max/avg): 3/3/1.3 | reward(game/avg): 2900/597 | 4.62 games/s | ETA: 34s
[ 143/300] samples:   2279 | chain(game/max/avg): 2/3/1.3 | reward(game/avg): 1500/604 | 4.61 games/s | ETA: 34s
[ 144/300] samples:   2301 | chain(game/max/avg): 2/3/1.3 | reward(game/avg): 1150/608 | 4.63 games/s | ETA: 34s
[ 145/300] samples:   2337 | chain(game/max/avg): 2/3/1.3 | reward(game/avg): 1520/614 | 4.65 games/s | ETA: 33s
[ 146/300] samples:   2387 | chain(game/max/avg): 2/3/1.3 | reward(game/avg): 1600/621 | 4.66 games/s | ETA: 33s
[ 147/300] samples:   2437 | chain(game/max/avg): 3/3/1.3 | reward(game/avg): 2980/637 | 4.65 games/s | ETA: 33s
[ 148/300] samples:   2483 | chain(game/max/avg): 2/3/1.3 | reward(game/avg): 1700/644 | 4.67 games/s | ETA: 33s
[ 149/300] samples:   2486 | chain(game/max/avg): 0/3/1.3 | reward(game/avg): 0/640 | 4.66 games/s | ETA: 32s
[ 150/300] samples:   2491 | chain(game/max/avg): 0/3/1.3 | reward(game/avg): 0/635 | 4.67 games/s | ETA: 32s
[ 151/300] samples:   2541 | chain(game/max/avg): 2/3/1.3 | reward(game/avg): 1820/643 | 4.70 games/s | ETA: 32s
[ 152/300] samples:   2591 | chain(game/max/avg): 2/3/1.3 | reward(game/avg): 2020/652 | 4.40 games/s | ETA: 34s
[ 153/300] samples:   2641 | chain(game/max/avg): 2/3/1.3 | reward(game/avg): 2300/663 | 4.42 games/s | ETA: 33s
[ 154/300] samples:   2691 | chain(game/max/avg): 2/3/1.3 | reward(game/avg): 2800/677 | 4.44 games/s | ETA: 33s
[ 155/300] samples:   2741 | chain(game/max/avg): 2/3/1.3 | reward(game/avg): 2580/689 | 4.46 games/s | ETA: 33s
[ 156/300] samples:   2791 | chain(game/max/avg): 3/3/1.3 | reward(game/avg): 2980/704 | 4.48 games/s | ETA: 32s
[ 157/300] samples:   2841 | chain(game/max/avg): 2/3/1.3 | reward(game/avg): 1940/712 | 4.50 games/s | ETA: 32s
[ 158/300] samples:   2891 | chain(game/max/avg): 2/3/1.3 | reward(game/avg): 2960/726 | 4.53 games/s | ETA: 31s
[ 159/300] samples:   2941 | chain(game/max/avg): 3/3/1.3 | reward(game/avg): 3480/743 | 4.55 games/s | ETA: 31s
[ 160/300] samples:   2991 | chain(game/max/avg): 2/3/1.3 | reward(game/avg): 2480/754 | 4.58 games/s | ETA: 31s
[ 161/300] samples:   3041 | chain(game/max/avg): 2/3/1.3 | reward(game/avg): 2480/765 | 4.60 games/s | ETA: 30s
[ 162/300] samples:   3091 | chain(game/max/avg): 2/3/1.3 | reward(game/avg): 2300/774 | 4.62 games/s | ETA: 30s
[ 163/300] samples:   3141 | chain(game/max/avg): 2/3/1.3 | reward(game/avg): 1920/781 | 4.65 games/s | ETA: 29s
[ 164/300] samples:   3191 | chain(game/max/avg): 2/3/1.3 | reward(game/avg): 2160/790 | 4.67 games/s | ETA: 29s
[ 165/300] samples:   3241 | chain(game/max/avg): 2/3/1.4 | reward(game/avg): 2280/799 | 4.69 games/s | ETA: 29s
[ 166/300] samples:   3291 | chain(game/max/avg): 2/3/1.4 | reward(game/avg): 3260/814 | 4.70 games/s | ETA: 28s
[ 167/300] samples:   3341 | chain(game/max/avg): 2/3/1.4 | reward(game/avg): 2400/823 | 4.72 games/s | ETA: 28s
[ 168/300] samples:   3390 | chain(game/max/avg): 2/3/1.4 | reward(game/avg): 2020/830 | 4.75 games/s | ETA: 28s
[ 169/300] samples:   3440 | chain(game/max/avg): 2/3/1.4 | reward(game/avg): 2420/840 | 4.76 games/s | ETA: 28s
[ 170/300] samples:   3490 | chain(game/max/avg): 2/3/1.4 | reward(game/avg): 2400/849 | 4.79 games/s | ETA: 27s
[ 171/300] samples:   3540 | chain(game/max/avg): 2/3/1.4 | reward(game/avg): 2100/856 | 4.80 games/s | ETA: 27s
[ 172/300] samples:   3554 | chain(game/max/avg): 1/3/1.4 | reward(game/avg): 360/853 | 4.83 games/s | ETA: 27s
[ 173/300] samples:   3573 | chain(game/max/avg): 1/3/1.4 | reward(game/avg): 480/851 | 4.85 games/s | ETA: 26s
[ 174/300] samples:   3623 | chain(game/max/avg): 2/3/1.4 | reward(game/avg): 2720/862 | 4.86 games/s | ETA: 26s
[ 175/300] samples:   3673 | chain(game/max/avg): 2/3/1.4 | reward(game/avg): 1960/868 | 4.89 games/s | ETA: 26s
[ 176/300] samples:   3723 | chain(game/max/avg): 2/3/1.4 | reward(game/avg): 2020/875 | 4.91 games/s | ETA: 25s
[ 177/300] samples:   3773 | chain(game/max/avg): 2/3/1.4 | reward(game/avg): 1480/878 | 4.93 games/s | ETA: 25s
[ 178/300] samples:   3776 | chain(game/max/avg): 0/3/1.4 | reward(game/avg): 0/873 | 4.92 games/s | ETA: 25s
[ 179/300] samples:   3826 | chain(game/max/avg): 2/3/1.4 | reward(game/avg): 2600/883 | 4.94 games/s | ETA: 25s
[ 180/300] samples:   3830 | chain(game/max/avg): 0/3/1.4 | reward(game/avg): 0/878 | 4.96 games/s | ETA: 24s
[ 181/300] samples:   3840 | chain(game/max/avg): 2/3/1.4 | reward(game/avg): 580/876 | 4.97 games/s | ETA: 24s
[ 182/300] samples:   3890 | chain(game/max/avg): 2/3/1.4 | reward(game/avg): 2680/886 | 4.96 games/s | ETA: 24s
[ 183/300] samples:   3940 | chain(game/max/avg): 2/3/1.4 | reward(game/avg): 2640/896 | 4.94 games/s | ETA: 24s
[ 184/300] samples:   3943 | chain(game/max/avg): 0/3/1.4 | reward(game/avg): 0/891 | 4.96 games/s | ETA: 23s
[ 185/300] samples:   3965 | chain(game/max/avg): 1/3/1.4 | reward(game/avg): 380/888 | 4.92 games/s | ETA: 23s
[ 186/300] samples:   4003 | chain(game/max/avg): 2/3/1.4 | reward(game/avg): 2100/895 | 4.91 games/s | ETA: 23s
[ 187/300] samples:   4053 | chain(game/max/avg): 2/3/1.4 | reward(game/avg): 2200/902 | 4.90 games/s | ETA: 23s
[ 188/300] samples:   4060 | chain(game/max/avg): 1/3/1.4 | reward(game/avg): 40/897 | 4.88 games/s | ETA: 23s
[ 189/300] samples:   4089 | chain(game/max/avg): 1/3/1.4 | reward(game/avg): 980/897 | 4.85 games/s | ETA: 23s
[ 190/300] samples:   4104 | chain(game/max/avg): 2/3/1.4 | reward(game/avg): 1000/898 | 4.87 games/s | ETA: 23s
[ 191/300] samples:   4113 | chain(game/max/avg): 1/3/1.4 | reward(game/avg): 280/895 | 4.85 games/s | ETA: 22s
[ 192/300] samples:   4150 | chain(game/max/avg): 1/3/1.4 | reward(game/avg): 960/895 | 4.85 games/s | ETA: 22s
[ 193/300] samples:   4200 | chain(game/max/avg): 2/3/1.4 | reward(game/avg): 2400/903 | 4.87 games/s | ETA: 22s
[ 194/300] samples:   4250 | chain(game/max/avg): 2/3/1.4 | reward(game/avg): 3040/914 | 4.88 games/s | ETA: 22s
[ 195/300] samples:   4300 | chain(game/max/avg): 2/3/1.4 | reward(game/avg): 2880/924 | 4.91 games/s | ETA: 21s
[ 196/300] samples:   4344 | chain(game/max/avg): 2/3/1.4 | reward(game/avg): 2180/930 | 4.92 games/s | ETA: 21s
[ 197/300] samples:   4354 | chain(game/max/avg): 2/3/1.4 | reward(game/avg): 400/928 | 4.92 games/s | ETA: 21s
[ 198/300] samples:   4361 | chain(game/max/avg): 0/3/1.4 | reward(game/avg): 0/923 | 4.95 games/s | ETA: 21s
[ 199/300] samples:   4364 | chain(game/max/avg): 0/3/1.4 | reward(game/avg): 0/918 | 4.95 games/s | ETA: 20s
[ 200/300] samples:   4374 | chain(game/max/avg): 1/3/1.4 | reward(game/avg): 380/916 | 4.97 games/s | ETA: 20s
[ 201/300] samples:   4387 | chain(game/max/avg): 2/3/1.4 | reward(game/avg): 440/913 | 5.00 games/s | ETA: 20s
[ 202/300] samples:   4412 | chain(game/max/avg): 2/3/1.4 | reward(game/avg): 1160/915 | 5.01 games/s | ETA: 20s
[ 203/300] samples:   4444 | chain(game/max/avg): 2/3/1.4 | reward(game/avg): 1680/918 | 5.02 games/s | ETA: 19s
[ 204/300] samples:   4487 | chain(game/max/avg): 2/3/1.4 | reward(game/avg): 2320/925 | 5.03 games/s | ETA: 19s
[ 205/300] samples:   4500 | chain(game/max/avg): 1/3/1.4 | reward(game/avg): 280/922 | 5.06 games/s | ETA: 19s
[ 206/300] samples:   4515 | chain(game/max/avg): 2/3/1.4 | reward(game/avg): 480/920 | 5.06 games/s | ETA: 19s
[ 207/300] samples:   4526 | chain(game/max/avg): 1/3/1.4 | reward(game/avg): 360/917 | 5.06 games/s | ETA: 18s
[ 208/300] samples:   4538 | chain(game/max/avg): 1/3/1.4 | reward(game/avg): 420/915 | 4.94 games/s | ETA: 19s
[ 209/300] samples:   4542 | chain(game/max/avg): 0/3/1.4 | reward(game/avg): 0/910 | 4.97 games/s | ETA: 18s
[ 210/300] samples:   4564 | chain(game/max/avg): 2/3/1.4 | reward(game/avg): 700/909 | 4.99 games/s | ETA: 18s
[ 211/300] samples:   4595 | chain(game/max/avg): 1/3/1.4 | reward(game/avg): 780/909 | 5.00 games/s | ETA: 18s
[ 212/300] samples:   4606 | chain(game/max/avg): 2/3/1.4 | reward(game/avg): 460/907 | 4.99 games/s | ETA: 18s
[ 213/300] samples:   4609 | chain(game/max/avg): 0/3/1.4 | reward(game/avg): 0/902 | 4.97 games/s | ETA: 18s
[ 214/300] samples:   4648 | chain(game/max/avg): 2/3/1.4 | reward(game/avg): 2060/908 | 4.99 games/s | ETA: 17s
[ 215/300] samples:   4680 | chain(game/max/avg): 1/3/1.4 | reward(game/avg): 880/908 | 5.01 games/s | ETA: 17s
[ 216/300] samples:   4683 | chain(game/max/avg): 0/3/1.4 | reward(game/avg): 0/903 | 4.96 games/s | ETA: 17s
[ 217/300] samples:   4705 | chain(game/max/avg): 1/3/1.4 | reward(game/avg): 420/901 | 4.98 games/s | ETA: 17s
[ 218/300] samples:   4755 | chain(game/max/avg): 2/3/1.4 | reward(game/avg): 2840/910 | 4.97 games/s | ETA: 17s
[ 219/300] samples:   4762 | chain(game/max/avg): 1/3/1.4 | reward(game/avg): 80/906 | 4.99 games/s | ETA: 16s
[ 220/300] samples:   4769 | chain(game/max/avg): 1/3/1.4 | reward(game/avg): 100/903 | 4.99 games/s | ETA: 16s
[ 221/300] samples:   4783 | chain(game/max/avg): 1/3/1.4 | reward(game/avg): 600/901 | 5.00 games/s | ETA: 16s
[ 222/300] samples:   4788 | chain(game/max/avg): 1/3/1.4 | reward(game/avg): 40/897 | 4.98 games/s | ETA: 16s
[ 223/300] samples:   4804 | chain(game/max/avg): 1/3/1.4 | reward(game/avg): 380/895 | 5.00 games/s | ETA: 15s
[ 224/300] samples:   4853 | chain(game/max/avg): 2/3/1.4 | reward(game/avg): 2440/902 | 4.98 games/s | ETA: 15s
[ 225/300] samples:   4903 | chain(game/max/avg): 2/3/1.4 | reward(game/avg): 3100/912 | 5.00 games/s | ETA: 15s
[ 226/300] samples:   4931 | chain(game/max/avg): 2/3/1.4 | reward(game/avg): 1440/914 | 4.97 games/s | ETA: 15s
[ 227/300] samples:   4936 | chain(game/max/avg): 0/3/1.4 | reward(game/avg): 0/910 | 4.99 games/s | ETA: 15s
[ 228/300] samples:   4946 | chain(game/max/avg): 1/3/1.4 | reward(game/avg): 280/907 | 4.98 games/s | ETA: 14s
[ 229/300] samples:   4958 | chain(game/max/avg): 2/3/1.4 | reward(game/avg): 400/905 | 4.97 games/s | ETA: 14s
[ 230/300] samples:   5008 | chain(game/max/avg): 2/3/1.4 | reward(game/avg): 1820/909 | 4.99 games/s | ETA: 14s
[ 231/300] samples:   5043 | chain(game/max/avg): 2/3/1.4 | reward(game/avg): 1620/912 | 4.82 games/s | ETA: 14s
[ 232/300] samples:   5049 | chain(game/max/avg): 1/3/1.4 | reward(game/avg): 100/909 | 4.78 games/s | ETA: 14s
[ 233/300] samples:   5073 | chain(game/max/avg): 2/3/1.4 | reward(game/avg): 940/909 | 4.71 games/s | ETA: 14s
[ 234/300] samples:   5098 | chain(game/max/avg): 2/3/1.4 | reward(game/avg): 1560/912 | 4.68 games/s | ETA: 14s
[ 235/300] samples:   5123 | chain(game/max/avg): 3/3/1.4 | reward(game/avg): 1480/914 | 4.57 games/s | ETA: 14s
[ 236/300] samples:   5173 | chain(game/max/avg): 2/3/1.4 | reward(game/avg): 2220/920 | 4.59 games/s | ETA: 14s
[ 237/300] samples:   5195 | chain(game/max/avg): 2/3/1.4 | reward(game/avg): 900/919 | 4.55 games/s | ETA: 14s
[ 238/300] samples:   5240 | chain(game/max/avg): 2/3/1.4 | reward(game/avg): 2260/925 | 4.56 games/s | ETA: 14s
[ 239/300] samples:   5255 | chain(game/max/avg): 2/3/1.4 | reward(game/avg): 600/924 | 4.56 games/s | ETA: 13s
[ 240/300] samples:   5305 | chain(game/max/avg): 2/3/1.4 | reward(game/avg): 1980/928 | 4.57 games/s | ETA: 13s
[ 241/300] samples:   5355 | chain(game/max/avg): 2/3/1.4 | reward(game/avg): 1580/931 | 4.56 games/s | ETA: 13s
[ 242/300] samples:   5380 | chain(game/max/avg): 2/3/1.4 | reward(game/avg): 1320/932 | 4.56 games/s | ETA: 13s
[ 243/300] samples:   5405 | chain(game/max/avg): 2/3/1.4 | reward(game/avg): 740/932 | 4.55 games/s | ETA: 13s
[ 244/300] samples:   5419 | chain(game/max/avg): 1/3/1.4 | reward(game/avg): 340/929 | 4.55 games/s | ETA: 12s
[ 245/300] samples:   5469 | chain(game/max/avg): 2/3/1.4 | reward(game/avg): 3170/938 | 4.56 games/s | ETA: 12s
[ 246/300] samples:   5489 | chain(game/max/avg): 3/3/1.4 | reward(game/avg): 2080/943 | 4.51 games/s | ETA: 12s
[ 247/300] samples:   5509 | chain(game/max/avg): 1/3/1.4 | reward(game/avg): 380/941 | 4.50 games/s | ETA: 12s
[ 248/300] samples:   5515 | chain(game/max/avg): 1/3/1.4 | reward(game/avg): 40/937 | 4.51 games/s | ETA: 12s
[ 249/300] samples:   5544 | chain(game/max/avg): 2/3/1.4 | reward(game/avg): 1020/937 | 4.44 games/s | ETA: 11s
[ 250/300] samples:   5594 | chain(game/max/avg): 2/3/1.4 | reward(game/avg): 2180/942 | 4.44 games/s | ETA: 11s
[ 251/300] samples:   5644 | chain(game/max/avg): 2/3/1.4 | reward(game/avg): 2680/949 | 4.44 games/s | ETA: 11s
[ 252/300] samples:   5694 | chain(game/max/avg): 2/3/1.4 | reward(game/avg): 2040/954 | 4.44 games/s | ETA: 11s
[ 253/300] samples:   5725 | chain(game/max/avg): 2/3/1.4 | reward(game/avg): 1200/955 | 4.39 games/s | ETA: 11s
[ 254/300] samples:   5757 | chain(game/max/avg): 2/3/1.4 | reward(game/avg): 1660/957 | 4.37 games/s | ETA: 11s
[ 255/300] samples:   5784 | chain(game/max/avg): 2/3/1.4 | reward(game/avg): 1420/959 | 4.38 games/s | ETA: 10s
[ 256/300] samples:   5803 | chain(game/max/avg): 2/3/1.4 | reward(game/avg): 1240/960 | 4.40 games/s | ETA: 10s
[ 257/300] samples:   5835 | chain(game/max/avg): 2/3/1.4 | reward(game/avg): 1280/962 | 4.40 games/s | ETA: 10s
[ 258/300] samples:   5885 | chain(game/max/avg): 2/3/1.4 | reward(game/avg): 2860/969 | 4.25 games/s | ETA: 10s
[ 259/300] samples:   5913 | chain(game/max/avg): 2/3/1.4 | reward(game/avg): 1810/972 | 4.22 games/s | ETA: 10s
[ 260/300] samples:   5935 | chain(game/max/avg): 2/3/1.4 | reward(game/avg): 700/971 | 4.23 games/s | ETA: 9s
[ 261/300] samples:   5961 | chain(game/max/avg): 2/3/1.4 | reward(game/avg): 1140/972 | 4.24 games/s | ETA: 9s
[ 262/300] samples:   5994 | chain(game/max/avg): 2/3/1.4 | reward(game/avg): 1480/974 | 4.25 games/s | ETA: 9s
[ 263/300] samples:   6008 | chain(game/max/avg): 1/3/1.4 | reward(game/avg): 300/971 | 4.23 games/s | ETA: 9s
[ 264/300] samples:   6047 | chain(game/max/avg): 2/3/1.4 | reward(game/avg): 1220/972 | 4.24 games/s | ETA: 8s
[ 265/300] samples:   6097 | chain(game/max/avg): 3/3/1.4 | reward(game/avg): 3200/980 | 4.22 games/s | ETA: 8s
[ 266/300] samples:   6147 | chain(game/max/avg): 2/3/1.4 | reward(game/avg): 2120/985 | 4.16 games/s | ETA: 8s
[ 267/300] samples:   6187 | chain(game/max/avg): 2/3/1.4 | reward(game/avg): 1380/986 | 4.17 games/s | ETA: 8s
[ 268/300] samples:   6208 | chain(game/max/avg): 2/3/1.5 | reward(game/avg): 720/985 | 4.17 games/s | ETA: 8s
[ 269/300] samples:   6238 | chain(game/max/avg): 2/3/1.5 | reward(game/avg): 1200/986 | 4.13 games/s | ETA: 8s
[ 270/300] samples:   6264 | chain(game/max/avg): 2/3/1.5 | reward(game/avg): 1060/986 | 4.14 games/s | ETA: 7s
[ 271/300] samples:   6314 | chain(game/max/avg): 3/3/1.5 | reward(game/avg): 3980/997 | 4.12 games/s | ETA: 7s
[ 272/300] samples:   6359 | chain(game/max/avg): 2/3/1.5 | reward(game/avg): 2960/1005 | 4.03 games/s | ETA: 7s
[ 273/300] samples:   6403 | chain(game/max/avg): 2/3/1.5 | reward(game/avg): 2120/1009 | 4.04 games/s | ETA: 7s
[ 274/300] samples:   6453 | chain(game/max/avg): 2/3/1.5 | reward(game/avg): 2000/1012 | 4.05 games/s | ETA: 6s
[ 275/300] samples:   6503 | chain(game/max/avg): 2/3/1.5 | reward(game/avg): 3100/1020 | 4.01 games/s | ETA: 6s
[ 276/300] samples:   6553 | chain(game/max/avg): 2/3/1.5 | reward(game/avg): 2220/1024 | 3.92 games/s | ETA: 6s
[ 277/300] samples:   6603 | chain(game/max/avg): 2/3/1.5 | reward(game/avg): 2700/1030 | 3.92 games/s | ETA: 6s
[ 278/300] samples:   6653 | chain(game/max/avg): 2/3/1.5 | reward(game/avg): 2480/1036 | 3.94 games/s | ETA: 6s
[ 279/300] samples:   6703 | chain(game/max/avg): 2/3/1.5 | reward(game/avg): 2580/1041 | 3.95 games/s | ETA: 5s
[ 280/300] samples:   6753 | chain(game/max/avg): 2/3/1.5 | reward(game/avg): 2140/1045 | 3.92 games/s | ETA: 5s
[ 281/300] samples:   6803 | chain(game/max/avg): 2/3/1.5 | reward(game/avg): 2720/1051 | 3.93 games/s | ETA: 5s
[ 282/300] samples:   6853 | chain(game/max/avg): 2/3/1.5 | reward(game/avg): 2360/1056 | 3.94 games/s | ETA: 5s
[ 283/300] samples:   6856 | chain(game/max/avg): 0/3/1.5 | reward(game/avg): 0/1052 | 3.94 games/s | ETA: 4s
[ 284/300] samples:   6906 | chain(game/max/avg): 2/3/1.5 | reward(game/avg): 3080/1059 | 3.93 games/s | ETA: 4s
[ 285/300] samples:   6910 | chain(game/max/avg): 0/3/1.5 | reward(game/avg): 0/1055 | 3.94 games/s | ETA: 4s
[ 286/300] samples:   6960 | chain(game/max/avg): 2/3/1.5 | reward(game/avg): 2520/1060 | 3.89 games/s | ETA: 4s
[ 287/300] samples:   6990 | chain(game/max/avg): 2/3/1.5 | reward(game/avg): 1300/1061 | 3.83 games/s | ETA: 3s
[ 288/300] samples:   7037 | chain(game/max/avg): 2/3/1.5 | reward(game/avg): 2500/1066 | 3.78 games/s | ETA: 3s
[ 289/300] samples:   7087 | chain(game/max/avg): 2/3/1.5 | reward(game/avg): 3000/1073 | 3.72 games/s | ETA: 3s
[ 290/300] samples:   7137 | chain(game/max/avg): 2/3/1.5 | reward(game/avg): 2600/1078 | 3.66 games/s | ETA: 3s
[ 291/300] samples:   7167 | chain(game/max/avg): 1/3/1.5 | reward(game/avg): 780/1077 | 3.63 games/s | ETA: 2s
[ 292/300] samples:   7185 | chain(game/max/avg): 1/3/1.5 | reward(game/avg): 600/1076 | 3.58 games/s | ETA: 2s
[ 293/300] samples:   7217 | chain(game/max/avg): 2/3/1.5 | reward(game/avg): 1600/1077 | 3.55 games/s | ETA: 2s
[ 294/300] samples:   7237 | chain(game/max/avg): 1/3/1.5 | reward(game/avg): 340/1075 | 3.54 games/s | ETA: 2s
[ 295/300] samples:   7279 | chain(game/max/avg): 2/3/1.5 | reward(game/avg): 1760/1077 | 3.47 games/s | ETA: 1s
[ 296/300] samples:   7329 | chain(game/max/avg): 2/3/1.5 | reward(game/avg): 3410/1085 | 3.48 games/s | ETA: 1s
[ 297/300] samples:   7355 | chain(game/max/avg): 2/3/1.5 | reward(game/avg): 1020/1085 | 3.47 games/s | ETA: 1s
[ 298/300] samples:   7405 | chain(game/max/avg): 2/3/1.5 | reward(game/avg): 1860/1087 | 3.48 games/s | ETA: 1s
[ 299/300] samples:   7455 | chain(game/max/avg): 2/3/1.5 | reward(game/avg): 1780/1090 | 3.33 games/s | ETA: 0s
[ 300/300] samples:   7492 | chain(game/max/avg): 2/3/1.5 | reward(game/avg): 1760/1092 | 3.30 games/s | ETA: 0s
Self-play complete: 300 games, 7492 samples, max chain: 3
Saved to data/alphazero_iter_1.bin
[2026-04-02 10:29:48] Train start (AlphaZero mode, replay buffer, global_step=0)
   Compiling puyo-trainer v0.1.0 (/workspaces/puyopuyo-ai/crates/puyo/puyo-trainer)
    Finished `release` profile [optimized] target(s) in 55.65s
     Running `target/release/train --alphazero --data-dir data --global-step 0`
Backend: CUDA (GPU)
Mode: AlphaZero (Policy CE + Value MSE)
Loading AlphaZero datasets from data...
Found 1 data files
  Loaded 7492 samples from data/alphazero_iter_1.bin
Loaded 7492 total samples
Train: 7492 samples (color augmented on-the-fly, no val split)
Failed to load model from artifacts/puyo_model: FileNotFound("No such file or directory (os error 2)"). Initializing fresh
AlphaZero training: 1000 steps, global_step=0, LR 2e-1 (end ~2e-1)
  step 50/1000 p_loss=2.0187 v_loss=0.5725 lr=0.200000  step 100/1000 p_loss=2.0037 v_loss=0.5041 lr=0.200000  step 150/1000 p_loss=1.9950 v_loss=0.4672 lr=0.200000  step 200/1000 p_loss=1.9871 v_loss=0.4471 lr=0.200000  step 250/1000 p_loss=1.9781 v_loss=0.4345 lr=0.200000  step 300/1000 p_loss=1.9675 v_loss=0.4239 lr=0.200000  step 350/1000 p_loss=1.9541 v_loss=0.4156 lr=0.200000  step 400/1000 p_loss=1.9359 v_loss=0.4085 lr=0.200000  step 450/1000 p_loss=1.9093 v_loss=0.4022 lr=0.200000  step 500/1000 p_loss=1.8737 v_loss=0.3966 lr=0.200000  step 550/1000 p_loss=1.8263 v_loss=0.3913 lr=0.200000  step 600/1000 p_loss=1.7695 v_loss=0.3863 lr=0.200000  step 650/1000 p_loss=1.7055 v_loss=0.3810 lr=0.200000  step 700/1000 p_loss=1.6388 v_loss=0.3753 lr=0.200000  step 750/1000 p_loss=1.5729 v_loss=0.3686 lr=0.200000  step 800/1000 p_loss=1.5093 v_loss=0.3606 lr=0.200000  step 850/1000 p_loss=1.4497 v_loss=0.3513 lr=0.200000  step 900/1000 p_loss=1.3948 v_loss=0.3405 lr=0.200000  step 950/1000 p_loss=1.3444 v_loss=0.3293 lr=0.200000  step 1000/1000 p_loss=1.2984 v_loss=0.3182 lr=0.200000
AlphaZero training complete. final train_loss(p=1.298369, v=0.318170) global_step=1000
[2026-04-02 10:36:40] === Iteration 1 complete ===
[2026-04-02 10:36:40] --- Iteration 2 (sims=64, global_step=1000) ---
[2026-04-02 10:36:40] Self-play start (m=16, c_visit=50.0)
    Finished `release` profile [optimized] target(s) in 6.43s
     Running `target/release/self-play --games 300 --simulations 64 --c-puct-init 1.5 --m 16 --c-visit 50.0 --gamma 0.95 --min-chain 0 --output data/alphazero_iter_2.bin`
games=300, simulations=64, c_puct_init=1.5, c_puct_base=19652, m=16, c_visit=50, gamma=0.95
Backend: CudaJit (GPU) — Gumbel MCTS self-play (batched)
Loaded existing model from artifacts/puyo_model
Using 128 game threads, max_batch_size=128
[   1/300] samples:     11 | chain(game/max/avg): 0/0/0.0 | reward(game/avg): 0/0 | 0.19 games/s | ETA: 1601s
[   2/300] samples:     27 | chain(game/max/avg): 1/1/0.5 | reward(game/avg): 220/110 | 0.30 games/s | ETA: 979s
[   3/300] samples:     44 | chain(game/max/avg): 2/2/1.0 | reward(game/avg): 780/333 | 0.39 games/s | ETA: 762s
[   4/300] samples:     61 | chain(game/max/avg): 1/2/1.0 | reward(game/avg): 180/295 | 0.51 games/s | ETA: 576s
[   5/300] samples:     80 | chain(game/max/avg): 2/2/1.2 | reward(game/avg): 500/336 | 0.62 games/s | ETA: 476s
[   6/300] samples:     98 | chain(game/max/avg): 2/2/1.3 | reward(game/avg): 540/370 | 0.72 games/s | ETA: 406s
[   7/300] samples:    118 | chain(game/max/avg): 1/2/1.3 | reward(game/avg): 340/366 | 0.74 games/s | ETA: 396s
[   8/300] samples:    138 | chain(game/max/avg): 2/2/1.4 | reward(game/avg): 1040/450 | 0.84 games/s | ETA: 348s
[   9/300] samples:    162 | chain(game/max/avg): 2/2/1.4 | reward(game/avg): 1260/540 | 0.92 games/s | ETA: 317s
[  10/300] samples:    191 | chain(game/max/avg): 2/2/1.5 | reward(game/avg): 980/584 | 0.94 games/s | ETA: 309s
[  11/300] samples:    221 | chain(game/max/avg): 3/3/1.6 | reward(game/avg): 1440/662 | 0.85 games/s | ETA: 340s
[  12/300] samples:    251 | chain(game/max/avg): 3/3/1.8 | reward(game/avg): 2420/808 | 0.91 games/s | ETA: 315s
[  13/300] samples:    283 | chain(game/max/avg): 3/3/1.8 | reward(game/avg): 2690/953 | 0.93 games/s | ETA: 308s
[  14/300] samples:    308 | chain(game/max/avg): 3/3/1.9 | reward(game/avg): 1800/1014 | 0.85 games/s | ETA: 336s
[  15/300] samples:    349 | chain(game/max/avg): 3/3/2.0 | reward(game/avg): 3300/1166 | 0.88 games/s | ETA: 325s
[  16/300] samples:    395 | chain(game/max/avg): 3/3/2.1 | reward(game/avg): 4570/1379 | 0.93 games/s | ETA: 304s
[  17/300] samples:    439 | chain(game/max/avg): 3/3/2.1 | reward(game/avg): 3020/1475 | 0.96 games/s | ETA: 294s
[  18/300] samples:    483 | chain(game/max/avg): 3/3/2.2 | reward(game/avg): 4020/1617 | 0.98 games/s | ETA: 288s
[  19/300] samples:    533 | chain(game/max/avg): 3/3/2.2 | reward(game/avg): 4460/1766 | 0.98 games/s | ETA: 287s
[  20/300] samples:    582 | chain(game/max/avg): 2/3/2.2 | reward(game/avg): 2760/1816 | 1.02 games/s | ETA: 275s
[  21/300] samples:    628 | chain(game/max/avg): 3/3/2.2 | reward(game/avg): 4200/1930 | 1.06 games/s | ETA: 263s
[  22/300] samples:    678 | chain(game/max/avg): 3/3/2.3 | reward(game/avg): 3860/2017 | 1.09 games/s | ETA: 255s
[  23/300] samples:    728 | chain(game/max/avg): 4/4/2.3 | reward(game/avg): 6560/2215 | 1.14 games/s | ETA: 244s
[  24/300] samples:    778 | chain(game/max/avg): 3/4/2.4 | reward(game/avg): 5760/2362 | 1.18 games/s | ETA: 234s
[  25/300] samples:    828 | chain(game/max/avg): 3/4/2.4 | reward(game/avg): 5160/2474 | 1.21 games/s | ETA: 228s
[  26/300] samples:    878 | chain(game/max/avg): 3/4/2.4 | reward(game/avg): 6440/2627 | 1.25 games/s | ETA: 219s
[  27/300] samples:    928 | chain(game/max/avg): 3/4/2.4 | reward(game/avg): 4860/2710 | 1.29 games/s | ETA: 212s
[  28/300] samples:    978 | chain(game/max/avg): 4/4/2.5 | reward(game/avg): 5760/2819 | 1.32 games/s | ETA: 206s
[  29/300] samples:   1028 | chain(game/max/avg): 3/4/2.5 | reward(game/avg): 4630/2881 | 1.37 games/s | ETA: 198s
[  30/300] samples:   1078 | chain(game/max/avg): 3/4/2.5 | reward(game/avg): 5520/2969 | 1.41 games/s | ETA: 192s
[  31/300] samples:   1128 | chain(game/max/avg): 3/4/2.5 | reward(game/avg): 4940/3033 | 1.45 games/s | ETA: 185s
[  32/300] samples:   1178 | chain(game/max/avg): 3/4/2.6 | reward(game/avg): 4440/3077 | 1.50 games/s | ETA: 179s
[  33/300] samples:   1228 | chain(game/max/avg): 3/4/2.6 | reward(game/avg): 5890/3162 | 1.54 games/s | ETA: 173s
[  34/300] samples:   1278 | chain(game/max/avg): 3/4/2.6 | reward(game/avg): 4660/3206 | 1.59 games/s | ETA: 168s
[  35/300] samples:   1328 | chain(game/max/avg): 3/4/2.6 | reward(game/avg): 4740/3250 | 1.63 games/s | ETA: 162s
[  36/300] samples:   1378 | chain(game/max/avg): 3/4/2.6 | reward(game/avg): 6710/3346 | 1.68 games/s | ETA: 157s
[  37/300] samples:   1428 | chain(game/max/avg): 3/4/2.6 | reward(game/avg): 5630/3408 | 1.72 games/s | ETA: 153s
[  38/300] samples:   1478 | chain(game/max/avg): 3/4/2.6 | reward(game/avg): 5090/3452 | 1.76 games/s | ETA: 149s
[  39/300] samples:   1528 | chain(game/max/avg): 3/4/2.6 | reward(game/avg): 4940/3490 | 1.80 games/s | ETA: 145s
[  40/300] samples:   1578 | chain(game/max/avg): 3/4/2.6 | reward(game/avg): 5000/3528 | 1.85 games/s | ETA: 141s
[  41/300] samples:   1628 | chain(game/max/avg): 3/4/2.7 | reward(game/avg): 5980/3588 | 1.88 games/s | ETA: 137s
[  42/300] samples:   1678 | chain(game/max/avg): 3/4/2.7 | reward(game/avg): 5080/3623 | 1.93 games/s | ETA: 134s
[  43/300] samples:   1728 | chain(game/max/avg): 3/4/2.7 | reward(game/avg): 6470/3689 | 1.97 games/s | ETA: 130s
[  44/300] samples:   1778 | chain(game/max/avg): 3/4/2.7 | reward(game/avg): 5630/3733 | 2.01 games/s | ETA: 127s
[  45/300] samples:   1828 | chain(game/max/avg): 3/4/2.7 | reward(game/avg): 4620/3753 | 2.06 games/s | ETA: 124s
[  46/300] samples:   1878 | chain(game/max/avg): 4/4/2.7 | reward(game/avg): 6020/3802 | 2.10 games/s | ETA: 121s
[  47/300] samples:   1928 | chain(game/max/avg): 2/4/2.7 | reward(game/avg): 4560/3819 | 2.13 games/s | ETA: 119s
[  48/300] samples:   1978 | chain(game/max/avg): 3/4/2.7 | reward(game/avg): 3940/3821 | 2.18 games/s | ETA: 116s
[  49/300] samples:   2028 | chain(game/max/avg): 3/4/2.7 | reward(game/avg): 5180/3849 | 2.22 games/s | ETA: 113s
[  50/300] samples:   2078 | chain(game/max/avg): 3/4/2.7 | reward(game/avg): 6130/3894 | 2.27 games/s | ETA: 110s
[  51/300] samples:   2128 | chain(game/max/avg): 3/4/2.7 | reward(game/avg): 6580/3947 | 2.31 games/s | ETA: 108s
[  52/300] samples:   2178 | chain(game/max/avg): 3/4/2.7 | reward(game/avg): 5280/3973 | 2.35 games/s | ETA: 106s
[  53/300] samples:   2228 | chain(game/max/avg): 3/4/2.7 | reward(game/avg): 4780/3988 | 2.39 games/s | ETA: 103s
[  54/300] samples:   2278 | chain(game/max/avg): 3/4/2.7 | reward(game/avg): 5110/4009 | 2.44 games/s | ETA: 101s
[  55/300] samples:   2328 | chain(game/max/avg): 3/4/2.7 | reward(game/avg): 4480/4017 | 2.48 games/s | ETA: 99s
[  56/300] samples:   2378 | chain(game/max/avg): 3/4/2.8 | reward(game/avg): 5320/4041 | 2.51 games/s | ETA: 97s
[  57/300] samples:   2428 | chain(game/max/avg): 3/4/2.8 | reward(game/avg): 5540/4067 | 2.55 games/s | ETA: 95s
[  58/300] samples:   2478 | chain(game/max/avg): 3/4/2.8 | reward(game/avg): 5120/4085 | 2.59 games/s | ETA: 93s
[  59/300] samples:   2528 | chain(game/max/avg): 3/4/2.8 | reward(game/avg): 5300/4106 | 2.63 games/s | ETA: 92s
[  60/300] samples:   2578 | chain(game/max/avg): 3/4/2.8 | reward(game/avg): 5960/4136 | 2.67 games/s | ETA: 90s
[  61/300] samples:   2628 | chain(game/max/avg): 2/4/2.8 | reward(game/avg): 4200/4138 | 2.72 games/s | ETA: 88s
[  62/300] samples:   2678 | chain(game/max/avg): 3/4/2.8 | reward(game/avg): 5940/4167 | 2.76 games/s | ETA: 86s
[  63/300] samples:   2728 | chain(game/max/avg): 3/4/2.8 | reward(game/avg): 6450/4203 | 2.80 games/s | ETA: 85s
[  64/300] samples:   2778 | chain(game/max/avg): 3/4/2.8 | reward(game/avg): 4740/4211 | 2.84 games/s | ETA: 83s
[  65/300] samples:   2828 | chain(game/max/avg): 3/4/2.8 | reward(game/avg): 4600/4217 | 2.88 games/s | ETA: 82s
[  66/300] samples:   2878 | chain(game/max/avg): 3/4/2.8 | reward(game/avg): 6840/4257 | 2.92 games/s | ETA: 80s
[  67/300] samples:   2928 | chain(game/max/avg): 4/4/2.8 | reward(game/avg): 7100/4299 | 2.96 games/s | ETA: 79s
[  68/300] samples:   2978 | chain(game/max/avg): 3/4/2.8 | reward(game/avg): 5530/4318 | 3.01 games/s | ETA: 77s
[  69/300] samples:   3028 | chain(game/max/avg): 3/4/2.8 | reward(game/avg): 5960/4341 | 3.04 games/s | ETA: 76s
[  70/300] samples:   3078 | chain(game/max/avg): 3/4/2.8 | reward(game/avg): 6200/4368 | 3.08 games/s | ETA: 75s
[  71/300] samples:   3128 | chain(game/max/avg): 3/4/2.8 | reward(game/avg): 4240/4366 | 3.13 games/s | ETA: 73s
[  72/300] samples:   3178 | chain(game/max/avg): 3/4/2.8 | reward(game/avg): 5140/4377 | 3.16 games/s | ETA: 72s
[  73/300] samples:   3228 | chain(game/max/avg): 3/4/2.8 | reward(game/avg): 5380/4391 | 3.20 games/s | ETA: 71s
[  74/300] samples:   3278 | chain(game/max/avg): 3/4/2.8 | reward(game/avg): 6060/4413 | 3.23 games/s | ETA: 70s
[  75/300] samples:   3328 | chain(game/max/avg): 3/4/2.8 | reward(game/avg): 5180/4423 | 3.27 games/s | ETA: 69s
[  76/300] samples:   3378 | chain(game/max/avg): 3/4/2.8 | reward(game/avg): 6460/4450 | 3.31 games/s | ETA: 68s
[  77/300] samples:   3428 | chain(game/max/avg): 3/4/2.8 | reward(game/avg): 6050/4471 | 3.35 games/s | ETA: 67s
[  78/300] samples:   3478 | chain(game/max/avg): 3/4/2.8 | reward(game/avg): 5500/4484 | 3.39 games/s | ETA: 65s
[  79/300] samples:   3528 | chain(game/max/avg): 3/4/2.8 | reward(game/avg): 4920/4490 | 3.44 games/s | ETA: 64s
[  80/300] samples:   3578 | chain(game/max/avg): 3/4/2.8 | reward(game/avg): 4940/4495 | 3.46 games/s | ETA: 64s
[  81/300] samples:   3628 | chain(game/max/avg): 2/4/2.8 | reward(game/avg): 4320/4493 | 3.50 games/s | ETA: 62s
[  82/300] samples:   3678 | chain(game/max/avg): 3/4/2.8 | reward(game/avg): 5980/4511 | 3.55 games/s | ETA: 61s
[  83/300] samples:   3728 | chain(game/max/avg): 3/4/2.8 | reward(game/avg): 5440/4522 | 3.58 games/s | ETA: 61s
[  84/300] samples:   3778 | chain(game/max/avg): 3/4/2.8 | reward(game/avg): 6660/4548 | 3.62 games/s | ETA: 60s
[  85/300] samples:   3828 | chain(game/max/avg): 3/4/2.8 | reward(game/avg): 6480/4571 | 3.66 games/s | ETA: 59s
[  86/300] samples:   3878 | chain(game/max/avg): 3/4/2.8 | reward(game/avg): 5660/4583 | 3.70 games/s | ETA: 58s
[  87/300] samples:   3928 | chain(game/max/avg): 3/4/2.8 | reward(game/avg): 5240/4591 | 3.75 games/s | ETA: 57s
[  88/300] samples:   3978 | chain(game/max/avg): 3/4/2.8 | reward(game/avg): 5540/4602 | 3.78 games/s | ETA: 56s
[  89/300] samples:   4028 | chain(game/max/avg): 3/4/2.8 | reward(game/avg): 5470/4611 | 3.82 games/s | ETA: 55s
[  90/300] samples:   4078 | chain(game/max/avg): 3/4/2.8 | reward(game/avg): 5940/4626 | 3.85 games/s | ETA: 55s
[  91/300] samples:   4128 | chain(game/max/avg): 3/4/2.8 | reward(game/avg): 5320/4634 | 3.89 games/s | ETA: 54s
[  92/300] samples:   4178 | chain(game/max/avg): 3/4/2.8 | reward(game/avg): 6060/4649 | 3.93 games/s | ETA: 53s
[  93/300] samples:   4228 | chain(game/max/avg): 3/4/2.8 | reward(game/avg): 4540/4648 | 3.97 games/s | ETA: 52s
[  94/300] samples:   4278 | chain(game/max/avg): 4/4/2.9 | reward(game/avg): 8270/4687 | 4.01 games/s | ETA: 51s
[  95/300] samples:   4328 | chain(game/max/avg): 3/4/2.9 | reward(game/avg): 5360/4694 | 4.02 games/s | ETA: 51s
[  96/300] samples:   4378 | chain(game/max/avg): 3/4/2.9 | reward(game/avg): 6100/4708 | 4.05 games/s | ETA: 50s
[  97/300] samples:   4428 | chain(game/max/avg): 4/4/2.9 | reward(game/avg): 6300/4725 | 4.06 games/s | ETA: 50s
[  98/300] samples:   4478 | chain(game/max/avg): 4/4/2.9 | reward(game/avg): 7160/4750 | 4.10 games/s | ETA: 49s
[  99/300] samples:   4528 | chain(game/max/avg): 3/4/2.9 | reward(game/avg): 5700/4759 | 4.11 games/s | ETA: 49s
[ 100/300] samples:   4578 | chain(game/max/avg): 3/4/2.9 | reward(game/avg): 5620/4768 | 4.14 games/s | ETA: 48s
[ 101/300] samples:   4628 | chain(game/max/avg): 3/4/2.9 | reward(game/avg): 5600/4776 | 4.18 games/s | ETA: 48s
[ 102/300] samples:   4678 | chain(game/max/avg): 4/4/2.9 | reward(game/avg): 6980/4798 | 3.98 games/s | ETA: 50s
[ 103/300] samples:   4689 | chain(game/max/avg): 0/4/2.9 | reward(game/avg): 0/4751 | 3.97 games/s | ETA: 50s
[ 104/300] samples:   4739 | chain(game/max/avg): 3/4/2.9 | reward(game/avg): 4280/4747 | 3.93 games/s | ETA: 50s
[ 105/300] samples:   4789 | chain(game/max/avg): 3/4/2.9 | reward(game/avg): 4480/4744 | 3.92 games/s | ETA: 50s
[ 106/300] samples:   4839 | chain(game/max/avg): 3/4/2.9 | reward(game/avg): 4460/4741 | 3.94 games/s | ETA: 49s
[ 107/300] samples:   4889 | chain(game/max/avg): 4/4/2.9 | reward(game/avg): 7100/4763 | 3.91 games/s | ETA: 49s
[ 108/300] samples:   4939 | chain(game/max/avg): 3/4/2.9 | reward(game/avg): 5960/4774 | 3.90 games/s | ETA: 49s
[ 109/300] samples:   4958 | chain(game/max/avg): 2/4/2.9 | reward(game/avg): 620/4736 | 3.81 games/s | ETA: 50s
[ 110/300] samples:   5008 | chain(game/max/avg): 3/4/2.9 | reward(game/avg): 5560/4744 | 3.84 games/s | ETA: 49s
[ 111/300] samples:   5058 | chain(game/max/avg): 4/4/2.9 | reward(game/avg): 8040/4774 | 3.84 games/s | ETA: 49s
[ 112/300] samples:   5108 | chain(game/max/avg): 3/4/2.9 | reward(game/avg): 5120/4777 | 3.83 games/s | ETA: 49s
[ 113/300] samples:   5132 | chain(game/max/avg): 2/4/2.9 | reward(game/avg): 820/4742 | 3.76 games/s | ETA: 50s
[ 114/300] samples:   5161 | chain(game/max/avg): 2/4/2.9 | reward(game/avg): 1940/4717 | 3.79 games/s | ETA: 49s
[ 115/300] samples:   5187 | chain(game/max/avg): 2/4/2.9 | reward(game/avg): 1710/4691 | 3.78 games/s | ETA: 49s
[ 116/300] samples:   5219 | chain(game/max/avg): 2/4/2.9 | reward(game/avg): 1720/4665 | 3.76 games/s | ETA: 49s
[ 117/300] samples:   5269 | chain(game/max/avg): 3/4/2.9 | reward(game/avg): 5900/4676 | 3.72 games/s | ETA: 49s
[ 118/300] samples:   5315 | chain(game/max/avg): 2/4/2.8 | reward(game/avg): 4340/4673 | 3.69 games/s | ETA: 49s
[ 119/300] samples:   5365 | chain(game/max/avg): 3/4/2.8 | reward(game/avg): 4980/4676 | 3.70 games/s | ETA: 49s
[ 120/300] samples:   5384 | chain(game/max/avg): 1/4/2.8 | reward(game/avg): 540/4641 | 3.71 games/s | ETA: 49s
[ 121/300] samples:   5415 | chain(game/max/avg): 3/4/2.8 | reward(game/avg): 2320/4622 | 3.68 games/s | ETA: 49s
[ 122/300] samples:   5465 | chain(game/max/avg): 3/4/2.8 | reward(game/avg): 5630/4630 | 3.66 games/s | ETA: 49s
[ 123/300] samples:   5503 | chain(game/max/avg): 3/4/2.8 | reward(game/avg): 3340/4620 | 3.65 games/s | ETA: 49s
[ 124/300] samples:   5542 | chain(game/max/avg): 3/4/2.8 | reward(game/avg): 2540/4603 | 3.62 games/s | ETA: 49s
[ 125/300] samples:   5578 | chain(game/max/avg): 3/4/2.8 | reward(game/avg): 3520/4594 | 3.62 games/s | ETA: 48s
[ 126/300] samples:   5620 | chain(game/max/avg): 3/4/2.8 | reward(game/avg): 3680/4587 | 3.60 games/s | ETA: 48s
[ 127/300] samples:   5663 | chain(game/max/avg): 3/4/2.8 | reward(game/avg): 5420/4594 | 3.59 games/s | ETA: 48s
[ 128/300] samples:   5713 | chain(game/max/avg): 3/4/2.8 | reward(game/avg): 5720/4602 | 3.61 games/s | ETA: 48s
[ 129/300] samples:   5755 | chain(game/max/avg): 3/4/2.8 | reward(game/avg): 3620/4595 | 3.63 games/s | ETA: 47s
[ 130/300] samples:   5805 | chain(game/max/avg): 3/4/2.8 | reward(game/avg): 5520/4602 | 3.64 games/s | ETA: 47s
[ 131/300] samples:   5851 | chain(game/max/avg): 3/4/2.8 | reward(game/avg): 3800/4596 | 3.67 games/s | ETA: 46s
[ 132/300] samples:   5901 | chain(game/max/avg): 3/4/2.8 | reward(game/avg): 4840/4598 | 3.68 games/s | ETA: 46s
[ 133/300] samples:   5941 | chain(game/max/avg): 3/4/2.8 | reward(game/avg): 4300/4595 | 3.67 games/s | ETA: 46s
[ 134/300] samples:   5986 | chain(game/max/avg): 2/4/2.8 | reward(game/avg): 2660/4581 | 3.69 games/s | ETA: 45s
[ 135/300] samples:   5998 | chain(game/max/avg): 1/4/2.8 | reward(game/avg): 40/4547 | 3.71 games/s | ETA: 44s
[ 136/300] samples:   6040 | chain(game/max/avg): 3/4/2.8 | reward(game/avg): 3720/4541 | 3.73 games/s | ETA: 44s
[ 137/300] samples:   6090 | chain(game/max/avg): 3/4/2.8 | reward(game/avg): 6000/4552 | 3.75 games/s | ETA: 43s
[ 138/300] samples:   6140 | chain(game/max/avg): 2/4/2.8 | reward(game/avg): 4450/4551 | 3.76 games/s | ETA: 43s
[ 139/300] samples:   6190 | chain(game/max/avg): 2/4/2.8 | reward(game/avg): 3980/4547 | 3.79 games/s | ETA: 42s
[ 140/300] samples:   6240 | chain(game/max/avg): 2/4/2.8 | reward(game/avg): 3020/4536 | 3.79 games/s | ETA: 42s
[ 141/300] samples:   6290 | chain(game/max/avg): 3/4/2.8 | reward(game/avg): 4630/4537 | 3.77 games/s | ETA: 42s
[ 142/300] samples:   6340 | chain(game/max/avg): 3/4/2.8 | reward(game/avg): 6060/4547 | 3.76 games/s | ETA: 42s
[ 143/300] samples:   6390 | chain(game/max/avg): 3/4/2.8 | reward(game/avg): 4540/4547 | 3.79 games/s | ETA: 41s
[ 144/300] samples:   6440 | chain(game/max/avg): 2/4/2.8 | reward(game/avg): 4980/4550 | 3.81 games/s | ETA: 41s
[ 145/300] samples:   6490 | chain(game/max/avg): 4/4/2.8 | reward(game/avg): 6680/4565 | 3.83 games/s | ETA: 40s
[ 146/300] samples:   6540 | chain(game/max/avg): 3/4/2.8 | reward(game/avg): 4600/4565 | 3.85 games/s | ETA: 40s
[ 147/300] samples:   6590 | chain(game/max/avg): 4/4/2.8 | reward(game/avg): 6800/4581 | 3.87 games/s | ETA: 40s
[ 148/300] samples:   6640 | chain(game/max/avg): 4/4/2.8 | reward(game/avg): 5860/4589 | 3.89 games/s | ETA: 39s
[ 149/300] samples:   6690 | chain(game/max/avg): 3/4/2.8 | reward(game/avg): 4780/4590 | 3.91 games/s | ETA: 39s
[ 150/300] samples:   6740 | chain(game/max/avg): 3/4/2.8 | reward(game/avg): 4080/4587 | 3.93 games/s | ETA: 38s
[ 151/300] samples:   6790 | chain(game/max/avg): 3/4/2.8 | reward(game/avg): 6160/4597 | 3.96 games/s | ETA: 38s
[ 152/300] samples:   6840 | chain(game/max/avg): 4/4/2.8 | reward(game/avg): 7140/4614 | 3.96 games/s | ETA: 37s
[ 153/300] samples:   6890 | chain(game/max/avg): 3/4/2.8 | reward(game/avg): 5780/4622 | 3.99 games/s | ETA: 37s
[ 154/300] samples:   6940 | chain(game/max/avg): 4/4/2.9 | reward(game/avg): 5980/4631 | 4.01 games/s | ETA: 36s
[ 155/300] samples:   6990 | chain(game/max/avg): 3/4/2.9 | reward(game/avg): 4600/4630 | 4.03 games/s | ETA: 36s
[ 156/300] samples:   7040 | chain(game/max/avg): 3/4/2.9 | reward(game/avg): 6620/4643 | 4.05 games/s | ETA: 36s
[ 157/300] samples:   7090 | chain(game/max/avg): 3/4/2.9 | reward(game/avg): 4760/4644 | 4.08 games/s | ETA: 35s
[ 158/300] samples:   7140 | chain(game/max/avg): 3/4/2.9 | reward(game/avg): 5260/4648 | 4.10 games/s | ETA: 35s
[ 159/300] samples:   7190 | chain(game/max/avg): 3/4/2.9 | reward(game/avg): 3260/4639 | 4.12 games/s | ETA: 34s
[ 160/300] samples:   7240 | chain(game/max/avg): 2/4/2.9 | reward(game/avg): 4600/4639 | 4.14 games/s | ETA: 34s
[ 161/300] samples:   7290 | chain(game/max/avg): 3/4/2.9 | reward(game/avg): 6500/4650 | 4.16 games/s | ETA: 33s
[ 162/300] samples:   7340 | chain(game/max/avg): 3/4/2.9 | reward(game/avg): 4880/4652 | 4.19 games/s | ETA: 33s
[ 163/300] samples:   7390 | chain(game/max/avg): 3/4/2.9 | reward(game/avg): 4560/4651 | 4.20 games/s | ETA: 33s
[ 164/300] samples:   7440 | chain(game/max/avg): 3/4/2.9 | reward(game/avg): 6140/4660 | 4.22 games/s | ETA: 32s
[ 165/300] samples:   7490 | chain(game/max/avg): 2/4/2.9 | reward(game/avg): 3940/4656 | 4.23 games/s | ETA: 32s
[ 166/300] samples:   7540 | chain(game/max/avg): 3/4/2.9 | reward(game/avg): 4920/4658 | 4.25 games/s | ETA: 32s
[ 167/300] samples:   7590 | chain(game/max/avg): 3/4/2.9 | reward(game/avg): 5040/4660 | 4.28 games/s | ETA: 31s
[ 168/300] samples:   7640 | chain(game/max/avg): 3/4/2.9 | reward(game/avg): 5100/4662 | 4.29 games/s | ETA: 31s
[ 169/300] samples:   7690 | chain(game/max/avg): 3/4/2.9 | reward(game/avg): 5400/4667 | 4.31 games/s | ETA: 30s
[ 170/300] samples:   7740 | chain(game/max/avg): 3/4/2.9 | reward(game/avg): 4340/4665 | 4.33 games/s | ETA: 30s
[ 171/300] samples:   7790 | chain(game/max/avg): 3/4/2.9 | reward(game/avg): 3800/4660 | 4.35 games/s | ETA: 30s
[ 172/300] samples:   7840 | chain(game/max/avg): 3/4/2.9 | reward(game/avg): 4840/4661 | 4.38 games/s | ETA: 29s
[ 173/300] samples:   7890 | chain(game/max/avg): 2/4/2.9 | reward(game/avg): 4160/4658 | 4.40 games/s | ETA: 29s
[ 174/300] samples:   7940 | chain(game/max/avg): 4/4/2.9 | reward(game/avg): 6620/4669 | 4.42 games/s | ETA: 29s
[ 175/300] samples:   7990 | chain(game/max/avg): 3/4/2.9 | reward(game/avg): 5100/4672 | 4.44 games/s | ETA: 28s
[ 176/300] samples:   8040 | chain(game/max/avg): 3/4/2.9 | reward(game/avg): 5560/4677 | 4.47 games/s | ETA: 28s
[ 177/300] samples:   8090 | chain(game/max/avg): 2/4/2.9 | reward(game/avg): 5440/4681 | 4.49 games/s | ETA: 27s
[ 178/300] samples:   8140 | chain(game/max/avg): 3/4/2.9 | reward(game/avg): 5320/4685 | 4.51 games/s | ETA: 27s
[ 179/300] samples:   8190 | chain(game/max/avg): 3/4/2.9 | reward(game/avg): 5530/4689 | 4.53 games/s | ETA: 27s
[ 180/300] samples:   8240 | chain(game/max/avg): 3/4/2.9 | reward(game/avg): 4840/4690 | 4.55 games/s | ETA: 26s
[ 181/300] samples:   8290 | chain(game/max/avg): 3/4/2.9 | reward(game/avg): 6520/4700 | 4.57 games/s | ETA: 26s
[ 182/300] samples:   8340 | chain(game/max/avg): 3/4/2.9 | reward(game/avg): 5260/4703 | 4.59 games/s | ETA: 26s
[ 183/300] samples:   8390 | chain(game/max/avg): 3/4/2.9 | reward(game/avg): 6580/4714 | 4.61 games/s | ETA: 25s
[ 184/300] samples:   8440 | chain(game/max/avg): 2/4/2.9 | reward(game/avg): 4080/4710 | 4.63 games/s | ETA: 25s
[ 185/300] samples:   8490 | chain(game/max/avg): 4/4/2.9 | reward(game/avg): 6720/4721 | 4.65 games/s | ETA: 25s
[ 186/300] samples:   8540 | chain(game/max/avg): 3/4/2.9 | reward(game/avg): 5260/4724 | 4.67 games/s | ETA: 24s
[ 187/300] samples:   8590 | chain(game/max/avg): 3/4/2.9 | reward(game/avg): 4710/4724 | 4.69 games/s | ETA: 24s
[ 188/300] samples:   8640 | chain(game/max/avg): 3/4/2.9 | reward(game/avg): 5520/4728 | 4.71 games/s | ETA: 24s
[ 189/300] samples:   8690 | chain(game/max/avg): 4/4/2.9 | reward(game/avg): 7190/4741 | 4.73 games/s | ETA: 23s
[ 190/300] samples:   8740 | chain(game/max/avg): 3/4/2.9 | reward(game/avg): 5360/4744 | 4.74 games/s | ETA: 23s
[ 191/300] samples:   8790 | chain(game/max/avg): 3/4/2.9 | reward(game/avg): 5390/4748 | 4.76 games/s | ETA: 23s
[ 192/300] samples:   8840 | chain(game/max/avg): 3/4/2.9 | reward(game/avg): 5500/4752 | 4.78 games/s | ETA: 23s
[ 193/300] samples:   8890 | chain(game/max/avg): 3/4/2.9 | reward(game/avg): 5020/4753 | 4.79 games/s | ETA: 22s
[ 194/300] samples:   8940 | chain(game/max/avg): 3/4/2.9 | reward(game/avg): 5280/4756 | 4.82 games/s | ETA: 22s
[ 195/300] samples:   8990 | chain(game/max/avg): 3/4/2.9 | reward(game/avg): 5210/4758 | 4.84 games/s | ETA: 22s
[ 196/300] samples:   9040 | chain(game/max/avg): 3/4/2.9 | reward(game/avg): 4860/4759 | 4.86 games/s | ETA: 21s
[ 197/300] samples:   9090 | chain(game/max/avg): 3/4/2.9 | reward(game/avg): 5200/4761 | 4.88 games/s | ETA: 21s
[ 198/300] samples:   9140 | chain(game/max/avg): 3/4/2.9 | reward(game/avg): 5620/4765 | 4.89 games/s | ETA: 21s
[ 199/300] samples:   9190 | chain(game/max/avg): 3/4/2.9 | reward(game/avg): 5190/4767 | 4.90 games/s | ETA: 21s
[ 200/300] samples:   9240 | chain(game/max/avg): 3/4/2.9 | reward(game/avg): 5800/4773 | 4.91 games/s | ETA: 20s
[ 201/300] samples:   9290 | chain(game/max/avg): 3/4/2.9 | reward(game/avg): 3610/4767 | 4.92 games/s | ETA: 20s
[ 202/300] samples:   9340 | chain(game/max/avg): 3/4/2.9 | reward(game/avg): 6680/4776 | 4.91 games/s | ETA: 20s
[ 203/300] samples:   9390 | chain(game/max/avg): 4/4/2.9 | reward(game/avg): 7580/4790 | 4.94 games/s | ETA: 20s
[ 204/300] samples:   9440 | chain(game/max/avg): 2/4/2.9 | reward(game/avg): 4100/4787 | 4.95 games/s | ETA: 19s
[ 205/300] samples:   9451 | chain(game/max/avg): 1/4/2.9 | reward(game/avg): 100/4764 | 4.94 games/s | ETA: 19s
[ 206/300] samples:   9469 | chain(game/max/avg): 2/4/2.9 | reward(game/avg): 680/4744 | 4.95 games/s | ETA: 19s
[ 207/300] samples:   9519 | chain(game/max/avg): 3/4/2.9 | reward(game/avg): 5150/4746 | 4.95 games/s | ETA: 19s
[ 208/300] samples:   9530 | chain(game/max/avg): 0/4/2.9 | reward(game/avg): 0/4723 | 4.94 games/s | ETA: 19s
[ 209/300] samples:   9580 | chain(game/max/avg): 3/4/2.9 | reward(game/avg): 5220/4726 | 4.93 games/s | ETA: 18s
[ 210/300] samples:   9630 | chain(game/max/avg): 3/4/2.9 | reward(game/avg): 5200/4728 | 4.88 games/s | ETA: 18s
[ 211/300] samples:   9660 | chain(game/max/avg): 3/4/2.9 | reward(game/avg): 2680/4718 | 4.79 games/s | ETA: 19s
[ 212/300] samples:   9710 | chain(game/max/avg): 2/4/2.9 | reward(game/avg): 6100/4725 | 4.81 games/s | ETA: 18s
[ 213/300] samples:   9760 | chain(game/max/avg): 3/4/2.9 | reward(game/avg): 6180/4731 | 4.81 games/s | ETA: 18s
[ 214/300] samples:   9783 | chain(game/max/avg): 2/4/2.9 | reward(game/avg): 880/4713 | 4.82 games/s | ETA: 18s
[ 215/300] samples:   9803 | chain(game/max/avg): 2/4/2.8 | reward(game/avg): 620/4694 | 4.80 games/s | ETA: 18s
[ 216/300] samples:   9853 | chain(game/max/avg): 3/4/2.8 | reward(game/avg): 4630/4694 | 4.80 games/s | ETA: 17s
[ 217/300] samples:   9903 | chain(game/max/avg): 3/4/2.8 | reward(game/avg): 5300/4697 | 4.81 games/s | ETA: 17s
[ 218/300] samples:   9953 | chain(game/max/avg): 4/4/2.9 | reward(game/avg): 6000/4703 | 4.80 games/s | ETA: 17s
[ 219/300] samples:  10003 | chain(game/max/avg): 3/4/2.9 | reward(game/avg): 5550/4707 | 4.76 games/s | ETA: 17s
[ 220/300] samples:  10053 | chain(game/max/avg): 3/4/2.9 | reward(game/avg): 4480/4706 | 4.73 games/s | ETA: 17s
[ 221/300] samples:  10103 | chain(game/max/avg): 2/4/2.9 | reward(game/avg): 3750/4701 | 4.73 games/s | ETA: 17s
[ 222/300] samples:  10124 | chain(game/max/avg): 2/4/2.8 | reward(game/avg): 540/4683 | 4.72 games/s | ETA: 17s
[ 223/300] samples:  10174 | chain(game/max/avg): 3/4/2.8 | reward(game/avg): 6080/4689 | 4.66 games/s | ETA: 17s
[ 224/300] samples:  10224 | chain(game/max/avg): 3/4/2.8 | reward(game/avg): 5180/4691 | 4.66 games/s | ETA: 16s
[ 225/300] samples:  10274 | chain(game/max/avg): 3/4/2.8 | reward(game/avg): 4660/4691 | 4.66 games/s | ETA: 16s
[ 226/300] samples:  10324 | chain(game/max/avg): 3/4/2.8 | reward(game/avg): 4460/4690 | 4.64 games/s | ETA: 16s
[ 227/300] samples:  10374 | chain(game/max/avg): 2/4/2.8 | reward(game/avg): 4120/4687 | 4.65 games/s | ETA: 16s
[ 228/300] samples:  10424 | chain(game/max/avg): 3/4/2.8 | reward(game/avg): 5970/4693 | 4.64 games/s | ETA: 16s
[ 229/300] samples:  10474 | chain(game/max/avg): 2/4/2.8 | reward(game/avg): 4290/4691 | 4.46 games/s | ETA: 16s
[ 230/300] samples:  10510 | chain(game/max/avg): 3/4/2.8 | reward(game/avg): 2900/4684 | 4.48 games/s | ETA: 16s
[ 231/300] samples:  10560 | chain(game/max/avg): 3/4/2.8 | reward(game/avg): 4480/4683 | 4.49 games/s | ETA: 15s
[ 232/300] samples:  10594 | chain(game/max/avg): 3/4/2.8 | reward(game/avg): 2120/4672 | 4.49 games/s | ETA: 15s
[ 233/300] samples:  10644 | chain(game/max/avg): 3/4/2.8 | reward(game/avg): 3700/4667 | 4.51 games/s | ETA: 15s
[ 234/300] samples:  10682 | chain(game/max/avg): 3/4/2.8 | reward(game/avg): 3560/4663 | 4.52 games/s | ETA: 15s
[ 235/300] samples:  10732 | chain(game/max/avg): 3/4/2.8 | reward(game/avg): 4800/4663 | 4.37 games/s | ETA: 15s
[ 236/300] samples:  10782 | chain(game/max/avg): 3/4/2.8 | reward(game/avg): 4180/4661 | 4.38 games/s | ETA: 15s
[ 237/300] samples:  10832 | chain(game/max/avg): 3/4/2.8 | reward(game/avg): 5660/4665 | 4.39 games/s | ETA: 14s
[ 238/300] samples:  10874 | chain(game/max/avg): 4/4/2.9 | reward(game/avg): 5640/4670 | 4.40 games/s | ETA: 14s
[ 239/300] samples:  10924 | chain(game/max/avg): 3/4/2.9 | reward(game/avg): 4190/4668 | 4.40 games/s | ETA: 14s
[ 240/300] samples:  10974 | chain(game/max/avg): 3/4/2.9 | reward(game/avg): 6220/4674 | 4.42 games/s | ETA: 14s
[ 241/300] samples:  11024 | chain(game/max/avg): 3/4/2.9 | reward(game/avg): 5340/4677 | 4.42 games/s | ETA: 13s
[ 242/300] samples:  11074 | chain(game/max/avg): 3/4/2.9 | reward(game/avg): 5420/4680 | 4.39 games/s | ETA: 13s
[ 243/300] samples:  11124 | chain(game/max/avg): 3/4/2.9 | reward(game/avg): 5600/4684 | 4.39 games/s | ETA: 13s
[ 244/300] samples:  11174 | chain(game/max/avg): 3/4/2.9 | reward(game/avg): 5020/4685 | 4.39 games/s | ETA: 13s
[ 245/300] samples:  11224 | chain(game/max/avg): 3/4/2.9 | reward(game/avg): 4450/4684 | 4.41 games/s | ETA: 12s
[ 246/300] samples:  11274 | chain(game/max/avg): 3/4/2.9 | reward(game/avg): 3080/4678 | 4.41 games/s | ETA: 12s
[ 247/300] samples:  11324 | chain(game/max/avg): 3/4/2.9 | reward(game/avg): 6540/4685 | 4.39 games/s | ETA: 12s
[ 248/300] samples:  11374 | chain(game/max/avg): 3/4/2.9 | reward(game/avg): 6200/4691 | 4.40 games/s | ETA: 12s
[ 249/300] samples:  11424 | chain(game/max/avg): 3/4/2.9 | reward(game/avg): 6110/4697 | 4.40 games/s | ETA: 12s
[ 250/300] samples:  11465 | chain(game/max/avg): 3/4/2.9 | reward(game/avg): 3020/4690 | 4.32 games/s | ETA: 12s
[ 251/300] samples:  11515 | chain(game/max/avg): 3/4/2.9 | reward(game/avg): 6170/4696 | 4.33 games/s | ETA: 11s
[ 252/300] samples:  11565 | chain(game/max/avg): 3/4/2.9 | reward(game/avg): 4960/4697 | 4.34 games/s | ETA: 11s
[ 253/300] samples:  11615 | chain(game/max/avg): 3/4/2.9 | reward(game/avg): 5290/4699 | 4.33 games/s | ETA: 11s
[ 254/300] samples:  11665 | chain(game/max/avg): 3/4/2.9 | reward(game/avg): 5500/4703 | 4.33 games/s | ETA: 11s
[ 255/300] samples:  11715 | chain(game/max/avg): 2/4/2.9 | reward(game/avg): 4550/4702 | 4.35 games/s | ETA: 10s
[ 256/300] samples:  11765 | chain(game/max/avg): 4/4/2.9 | reward(game/avg): 7380/4712 | 4.34 games/s | ETA: 10s
[ 257/300] samples:  11815 | chain(game/max/avg): 3/4/2.9 | reward(game/avg): 7400/4723 | 4.35 games/s | ETA: 10s
[ 258/300] samples:  11865 | chain(game/max/avg): 3/4/2.9 | reward(game/avg): 4980/4724 | 4.35 games/s | ETA: 10s
[ 259/300] samples:  11915 | chain(game/max/avg): 4/4/2.9 | reward(game/avg): 6700/4732 | 4.34 games/s | ETA: 9s
[ 260/300] samples:  11965 | chain(game/max/avg): 3/4/2.9 | reward(game/avg): 5360/4734 | 4.34 games/s | ETA: 9s
[ 261/300] samples:  12015 | chain(game/max/avg): 3/4/2.9 | reward(game/avg): 6100/4739 | 4.35 games/s | ETA: 9s
[ 262/300] samples:  12065 | chain(game/max/avg): 3/4/2.9 | reward(game/avg): 5160/4741 | 4.33 games/s | ETA: 9s
[ 263/300] samples:  12115 | chain(game/max/avg): 3/4/2.9 | reward(game/avg): 3620/4737 | 4.35 games/s | ETA: 9s
[ 264/300] samples:  12165 | chain(game/max/avg): 3/4/2.9 | reward(game/avg): 5940/4741 | 4.35 games/s | ETA: 8s
[ 265/300] samples:  12215 | chain(game/max/avg): 3/4/2.9 | reward(game/avg): 5840/4745 | 4.37 games/s | ETA: 8s
[ 266/300] samples:  12265 | chain(game/max/avg): 3/4/2.9 | reward(game/avg): 5060/4746 | 4.34 games/s | ETA: 8s
[ 267/300] samples:  12315 | chain(game/max/avg): 3/4/2.9 | reward(game/avg): 4150/4744 | 4.35 games/s | ETA: 8s
[ 268/300] samples:  12365 | chain(game/max/avg): 3/4/2.9 | reward(game/avg): 4500/4743 | 4.37 games/s | ETA: 7s
[ 269/300] samples:  12415 | chain(game/max/avg): 3/4/2.9 | reward(game/avg): 4960/4744 | 4.38 games/s | ETA: 7s
[ 270/300] samples:  12465 | chain(game/max/avg): 3/4/2.9 | reward(game/avg): 5000/4745 | 4.40 games/s | ETA: 7s
[ 271/300] samples:  12515 | chain(game/max/avg): 4/4/2.9 | reward(game/avg): 6760/4752 | 4.41 games/s | ETA: 7s
[ 272/300] samples:  12565 | chain(game/max/avg): 3/4/2.9 | reward(game/avg): 6210/4758 | 4.43 games/s | ETA: 6s
[ 273/300] samples:  12615 | chain(game/max/avg): 3/4/2.9 | reward(game/avg): 6480/4764 | 4.44 games/s | ETA: 6s
[ 274/300] samples:  12665 | chain(game/max/avg): 3/4/2.9 | reward(game/avg): 5660/4767 | 4.45 games/s | ETA: 6s
[ 275/300] samples:  12715 | chain(game/max/avg): 4/4/2.9 | reward(game/avg): 6020/4772 | 4.45 games/s | ETA: 6s
[ 276/300] samples:  12765 | chain(game/max/avg): 3/4/2.9 | reward(game/avg): 6020/4776 | 4.47 games/s | ETA: 5s
[ 277/300] samples:  12815 | chain(game/max/avg): 3/4/2.9 | reward(game/avg): 5000/4777 | 4.48 games/s | ETA: 5s
[ 278/300] samples:  12865 | chain(game/max/avg): 3/4/2.9 | reward(game/avg): 5060/4778 | 4.48 games/s | ETA: 5s
[ 279/300] samples:  12915 | chain(game/max/avg): 3/4/2.9 | reward(game/avg): 3960/4775 | 4.47 games/s | ETA: 5s
[ 280/300] samples:  12965 | chain(game/max/avg): 3/4/2.9 | reward(game/avg): 5500/4778 | 4.45 games/s | ETA: 4s
[ 281/300] samples:  13015 | chain(game/max/avg): 3/4/2.9 | reward(game/avg): 5160/4779 | 4.46 games/s | ETA: 4s
[ 282/300] samples:  13065 | chain(game/max/avg): 3/4/2.9 | reward(game/avg): 5260/4781 | 4.48 games/s | ETA: 4s
[ 283/300] samples:  13115 | chain(game/max/avg): 3/4/2.9 | reward(game/avg): 4940/4782 | 4.45 games/s | ETA: 4s
[ 284/300] samples:  13165 | chain(game/max/avg): 3/4/2.9 | reward(game/avg): 5380/4784 | 4.42 games/s | ETA: 4s
[ 285/300] samples:  13215 | chain(game/max/avg): 3/4/2.9 | reward(game/avg): 5300/4786 | 4.44 games/s | ETA: 3s
[ 286/300] samples:  13265 | chain(game/max/avg): 4/4/2.9 | reward(game/avg): 7200/4794 | 4.43 games/s | ETA: 3s
[ 287/300] samples:  13315 | chain(game/max/avg): 3/4/2.9 | reward(game/avg): 6440/4800 | 4.40 games/s | ETA: 3s
[ 288/300] samples:  13365 | chain(game/max/avg): 3/4/2.9 | reward(game/avg): 4890/4800 | 4.40 games/s | ETA: 3s
[ 289/300] samples:  13415 | chain(game/max/avg): 3/4/2.9 | reward(game/avg): 6790/4807 | 4.40 games/s | ETA: 3s
[ 290/300] samples:  13465 | chain(game/max/avg): 3/4/2.9 | reward(game/avg): 6230/4812 | 4.41 games/s | ETA: 2s
[ 291/300] samples:  13515 | chain(game/max/avg): 3/4/2.9 | reward(game/avg): 5220/4813 | 4.42 games/s | ETA: 2s
[ 292/300] samples:  13565 | chain(game/max/avg): 3/4/2.9 | reward(game/avg): 6190/4818 | 4.38 games/s | ETA: 2s
[ 293/300] samples:  13615 | chain(game/max/avg): 3/4/2.9 | reward(game/avg): 3780/4814 | 4.40 games/s | ETA: 2s
[ 294/300] samples:  13665 | chain(game/max/avg): 3/4/2.9 | reward(game/avg): 7320/4823 | 4.40 games/s | ETA: 1s
[ 295/300] samples:  13715 | chain(game/max/avg): 3/4/2.9 | reward(game/avg): 4560/4822 | 4.42 games/s | ETA: 1s
[ 296/300] samples:  13765 | chain(game/max/avg): 3/4/2.9 | reward(game/avg): 4580/4821 | 4.42 games/s | ETA: 1s
[ 297/300] samples:  13815 | chain(game/max/avg): 3/4/2.9 | reward(game/avg): 5720/4824 | 4.43 games/s | ETA: 1s
[ 298/300] samples:  13865 | chain(game/max/avg): 3/4/2.9 | reward(game/avg): 5760/4827 | 4.44 games/s | ETA: 0s
[ 299/300] samples:  13915 | chain(game/max/avg): 4/4/2.9 | reward(game/avg): 5640/4830 | 4.44 games/s | ETA: 0s
[ 300/300] samples:  13965 | chain(game/max/avg): 3/4/2.9 | reward(game/avg): 5420/4832 | 4.44 games/s | ETA: 0s
Self-play complete: 300 games, 13965 samples, max chain: 4
Saved to data/alphazero_iter_2.bin
[2026-04-02 10:37:58] Train start (AlphaZero mode, replay buffer, global_step=1000)
    Finished `release` profile [optimized] target(s) in 5.37s
     Running `target/release/train --alphazero --data-dir data --global-step 1000`
Backend: CUDA (GPU)
Mode: AlphaZero (Policy CE + Value MSE)
Loading AlphaZero datasets from data...
Found 2 data files
  Loaded 7492 samples from data/alphazero_iter_1.bin
  Loaded 13965 samples from data/alphazero_iter_2.bin
Loaded 21457 total samples
Train: 21457 samples (color augmented on-the-fly, no val split)
Loaded existing model from artifacts/puyo_model
AlphaZero training: 1000 steps, global_step=1000, LR 2e-1 (end ~2e-1)
  step 50/1000 p_loss=1.7569 v_loss=0.7776 lr=0.200000  step 100/1000 p_loss=1.5370 v_loss=0.7043 lr=0.200000  step 150/1000 p_loss=1.3893 v_loss=0.6558 lr=0.200000  step 200/1000 p_loss=1.2687 v_loss=0.6189 lr=0.200000  step 250/1000 p_loss=1.1676 v_loss=0.5878 lr=0.200000  step 300/1000 p_loss=1.0808 v_loss=0.5604 lr=0.200000  step 350/1000 p_loss=1.0073 v_loss=0.5349 lr=0.200000  step 400/1000 p_loss=0.9439 v_loss=0.5094 lr=0.200000  step 450/1000 p_loss=0.8890 v_loss=0.4851 lr=0.200000  step 500/1000 p_loss=0.8409 v_loss=0.4625 lr=0.200000  step 550/1000 p_loss=0.7997 v_loss=0.4415 lr=0.200000  step 600/1000 p_loss=0.7642 v_loss=0.4219 lr=0.200000  step 650/1000 p_loss=0.7336 v_loss=0.4043 lr=0.200000  step 700/1000 p_loss=0.7070 v_loss=0.3885 lr=0.200000  step 750/1000 p_loss=0.6831 v_loss=0.3740 lr=0.200000  step 800/1000 p_loss=0.6621 v_loss=0.3607 lr=0.200000  step 850/1000 p_loss=0.6427 v_loss=0.3484 lr=0.200000  step 900/1000 p_loss=0.6255 v_loss=0.3374 lr=0.200000  step 950/1000 p_loss=0.6100 v_loss=0.3271 lr=0.200000  step 1000/1000 p_loss=0.5957 v_loss=0.3178 lr=0.200000
AlphaZero training complete. final train_loss(p=0.595651, v=0.317796) global_step=2000
[2026-04-02 10:43:24] === Iteration 2 complete ===
[2026-04-02 10:43:24] --- Iteration 3 (sims=64, global_step=2000) ---
[2026-04-02 10:43:24] Self-play start (m=16, c_visit=50.0)
    Finished `release` profile [optimized] target(s) in 4.72s
     Running `target/release/self-play --games 300 --simulations 64 --c-puct-init 1.5 --m 16 --c-visit 50.0 --gamma 0.95 --min-chain 0 --output data/alphazero_iter_3.bin`
games=300, simulations=64, c_puct_init=1.5, c_puct_base=19652, m=16, c_visit=50, gamma=0.95
Backend: CudaJit (GPU) — Gumbel MCTS self-play (batched)
Loaded existing model from artifacts/puyo_model
Using 128 game threads, max_batch_size=128
[   1/300] samples:     13 | chain(game/max/avg): 1/1/1.0 | reward(game/avg): 40/40 | 0.18 games/s | ETA: 1699s
[   2/300] samples:     31 | chain(game/max/avg): 2/2/1.5 | reward(game/avg): 920/480 | 0.29 games/s | ETA: 1033s
[   3/300] samples:     50 | chain(game/max/avg): 4/4/2.3 | reward(game/avg): 2280/1080 | 0.40 games/s | ETA: 741s
[   4/300] samples:     72 | chain(game/max/avg): 3/4/2.5 | reward(game/avg): 1520/1190 | 0.47 games/s | ETA: 627s
[   5/300] samples:     99 | chain(game/max/avg): 3/4/2.6 | reward(game/avg): 2000/1352 | 0.47 games/s | ETA: 626s
[   6/300] samples:    129 | chain(game/max/avg): 3/4/2.7 | reward(game/avg): 2740/1583 | 0.49 games/s | ETA: 604s
[   7/300] samples:    165 | chain(game/max/avg): 3/4/2.7 | reward(game/avg): 2040/1649 | 0.54 games/s | ETA: 539s
[   8/300] samples:    197 | chain(game/max/avg): 3/4/2.8 | reward(game/avg): 2770/1789 | 0.58 games/s | ETA: 503s
[   9/300] samples:    232 | chain(game/max/avg): 2/4/2.7 | reward(game/avg): 1820/1792 | 0.65 games/s | ETA: 447s
[  10/300] samples:    260 | chain(game/max/avg): 2/4/2.6 | reward(game/avg): 1840/1797 | 0.58 games/s | ETA: 498s
[  11/300] samples:    305 | chain(game/max/avg): 3/4/2.6 | reward(game/avg): 2980/1905 | 0.61 games/s | ETA: 470s
[  12/300] samples:    355 | chain(game/max/avg): 3/4/2.7 | reward(game/avg): 5260/2184 | 0.66 games/s | ETA: 438s
[  13/300] samples:    405 | chain(game/max/avg): 2/4/2.6 | reward(game/avg): 2740/2227 | 0.70 games/s | ETA: 410s
[  14/300] samples:    455 | chain(game/max/avg): 3/4/2.6 | reward(game/avg): 3520/2319 | 0.73 games/s | ETA: 393s
[  15/300] samples:    505 | chain(game/max/avg): 3/4/2.7 | reward(game/avg): 4380/2457 | 0.77 games/s | ETA: 369s
[  16/300] samples:    525 | chain(game/max/avg): 3/4/2.7 | reward(game/avg): 1360/2388 | 0.82 games/s | ETA: 347s
[  17/300] samples:    575 | chain(game/max/avg): 3/4/2.7 | reward(game/avg): 4560/2516 | 0.86 games/s | ETA: 328s
[  18/300] samples:    625 | chain(game/max/avg): 2/4/2.7 | reward(game/avg): 2920/2538 | 0.91 games/s | ETA: 309s
[  19/300] samples:    675 | chain(game/max/avg): 3/4/2.7 | reward(game/avg): 4820/2658 | 0.96 games/s | ETA: 294s
[  20/300] samples:    725 | chain(game/max/avg): 3/4/2.7 | reward(game/avg): 4110/2731 | 1.00 games/s | ETA: 280s
[  21/300] samples:    775 | chain(game/max/avg): 3/4/2.7 | reward(game/avg): 4280/2805 | 1.05 games/s | ETA: 266s
[  22/300] samples:    825 | chain(game/max/avg): 3/4/2.7 | reward(game/avg): 4400/2877 | 1.10 games/s | ETA: 253s
[  23/300] samples:    875 | chain(game/max/avg): 3/4/2.7 | reward(game/avg): 5260/2981 | 1.15 games/s | ETA: 241s
[  24/300] samples:    925 | chain(game/max/avg): 3/4/2.8 | reward(game/avg): 6760/3138 | 1.20 games/s | ETA: 230s
[  25/300] samples:    975 | chain(game/max/avg): 4/4/2.8 | reward(game/avg): 6990/3292 | 1.25 games/s | ETA: 221s
[  26/300] samples:   1025 | chain(game/max/avg): 3/4/2.8 | reward(game/avg): 4300/3331 | 1.30 games/s | ETA: 211s
[  27/300] samples:   1075 | chain(game/max/avg): 3/4/2.8 | reward(game/avg): 4560/3377 | 1.34 games/s | ETA: 204s
[  28/300] samples:   1125 | chain(game/max/avg): 4/4/2.9 | reward(game/avg): 5280/3445 | 1.39 games/s | ETA: 196s
[  29/300] samples:   1175 | chain(game/max/avg): 3/4/2.9 | reward(game/avg): 4900/3495 | 1.44 games/s | ETA: 188s
[  30/300] samples:   1225 | chain(game/max/avg): 3/4/2.9 | reward(game/avg): 6880/3608 | 1.48 games/s | ETA: 182s
[  31/300] samples:   1275 | chain(game/max/avg): 2/4/2.8 | reward(game/avg): 4380/3633 | 1.53 games/s | ETA: 175s
[  32/300] samples:   1325 | chain(game/max/avg): 3/4/2.8 | reward(game/avg): 5360/3687 | 1.58 games/s | ETA: 169s
[  33/300] samples:   1375 | chain(game/max/avg): 3/4/2.8 | reward(game/avg): 5340/3737 | 1.63 games/s | ETA: 164s
[  34/300] samples:   1425 | chain(game/max/avg): 3/4/2.9 | reward(game/avg): 4380/3756 | 1.67 games/s | ETA: 160s
[  35/300] samples:   1475 | chain(game/max/avg): 3/4/2.9 | reward(game/avg): 5080/3793 | 1.71 games/s | ETA: 155s
[  36/300] samples:   1525 | chain(game/max/avg): 3/4/2.9 | reward(game/avg): 4540/3814 | 1.76 games/s | ETA: 150s
[  37/300] samples:   1575 | chain(game/max/avg): 3/4/2.9 | reward(game/avg): 5780/3867 | 1.80 games/s | ETA: 146s
[  38/300] samples:   1625 | chain(game/max/avg): 3/4/2.9 | reward(game/avg): 4940/3896 | 1.85 games/s | ETA: 142s
[  39/300] samples:   1675 | chain(game/max/avg): 3/4/2.9 | reward(game/avg): 5130/3927 | 1.89 games/s | ETA: 138s
[  40/300] samples:   1725 | chain(game/max/avg): 3/4/2.9 | reward(game/avg): 4510/3942 | 1.94 games/s | ETA: 134s
[  41/300] samples:   1775 | chain(game/max/avg): 2/4/2.9 | reward(game/avg): 4160/3947 | 1.99 games/s | ETA: 130s
[  42/300] samples:   1825 | chain(game/max/avg): 4/4/2.9 | reward(game/avg): 6420/4006 | 2.03 games/s | ETA: 127s
[  43/300] samples:   1875 | chain(game/max/avg): 3/4/2.9 | reward(game/avg): 5380/4038 | 2.08 games/s | ETA: 124s
[  44/300] samples:   1925 | chain(game/max/avg): 3/4/2.9 | reward(game/avg): 5140/4063 | 2.12 games/s | ETA: 120s
[  45/300] samples:   1975 | chain(game/max/avg): 4/4/2.9 | reward(game/avg): 5780/4101 | 2.17 games/s | ETA: 117s
[  46/300] samples:   2025 | chain(game/max/avg): 3/4/2.9 | reward(game/avg): 7900/4184 | 2.21 games/s | ETA: 115s
[  47/300] samples:   2075 | chain(game/max/avg): 4/4/2.9 | reward(game/avg): 5460/4211 | 2.26 games/s | ETA: 112s
[  48/300] samples:   2125 | chain(game/max/avg): 3/4/2.9 | reward(game/avg): 6080/4250 | 2.31 games/s | ETA: 109s
[  49/300] samples:   2175 | chain(game/max/avg): 3/4/2.9 | reward(game/avg): 7880/4324 | 2.35 games/s | ETA: 107s
[  50/300] samples:   2225 | chain(game/max/avg): 4/4/3.0 | reward(game/avg): 5200/4341 | 2.40 games/s | ETA: 104s
[  51/300] samples:   2275 | chain(game/max/avg): 3/4/3.0 | reward(game/avg): 5060/4355 | 2.45 games/s | ETA: 102s
[  52/300] samples:   2325 | chain(game/max/avg): 3/4/3.0 | reward(game/avg): 4230/4353 | 2.48 games/s | ETA: 100s
[  53/300] samples:   2375 | chain(game/max/avg): 3/4/3.0 | reward(game/avg): 5050/4366 | 2.53 games/s | ETA: 98s
[  54/300] samples:   2425 | chain(game/max/avg): 3/4/3.0 | reward(game/avg): 5000/4378 | 2.57 games/s | ETA: 96s
[  55/300] samples:   2475 | chain(game/max/avg): 3/4/3.0 | reward(game/avg): 5900/4406 | 2.62 games/s | ETA: 93s
[  56/300] samples:   2525 | chain(game/max/avg): 3/4/3.0 | reward(game/avg): 3980/4398 | 2.66 games/s | ETA: 92s
[  57/300] samples:   2575 | chain(game/max/avg): 3/4/3.0 | reward(game/avg): 5620/4419 | 2.71 games/s | ETA: 90s
[  58/300] samples:   2625 | chain(game/max/avg): 2/4/2.9 | reward(game/avg): 4040/4413 | 2.76 games/s | ETA: 88s
[  59/300] samples:   2675 | chain(game/max/avg): 3/4/2.9 | reward(game/avg): 5520/4432 | 2.80 games/s | ETA: 86s
[  60/300] samples:   2725 | chain(game/max/avg): 3/4/3.0 | reward(game/avg): 5520/4450 | 2.85 games/s | ETA: 84s
[  61/300] samples:   2775 | chain(game/max/avg): 3/4/3.0 | reward(game/avg): 4820/4456 | 2.89 games/s | ETA: 83s
[  62/300] samples:   2825 | chain(game/max/avg): 3/4/3.0 | reward(game/avg): 4600/4458 | 2.94 games/s | ETA: 81s
[  63/300] samples:   2875 | chain(game/max/avg): 3/4/3.0 | reward(game/avg): 3820/4448 | 2.99 games/s | ETA: 79s
[  64/300] samples:   2925 | chain(game/max/avg): 3/4/3.0 | reward(game/avg): 8130/4506 | 3.03 games/s | ETA: 78s
[  65/300] samples:   2975 | chain(game/max/avg): 3/4/3.0 | reward(game/avg): 5240/4517 | 3.07 games/s | ETA: 76s
[  66/300] samples:   3025 | chain(game/max/avg): 3/4/3.0 | reward(game/avg): 4450/4516 | 3.12 games/s | ETA: 75s
[  67/300] samples:   3075 | chain(game/max/avg): 3/4/3.0 | reward(game/avg): 5440/4530 | 3.16 games/s | ETA: 74s
[  68/300] samples:   3125 | chain(game/max/avg): 2/4/2.9 | reward(game/avg): 3360/4512 | 3.20 games/s | ETA: 72s
[  69/300] samples:   3175 | chain(game/max/avg): 3/4/2.9 | reward(game/avg): 5980/4534 | 3.24 games/s | ETA: 71s
[  70/300] samples:   3225 | chain(game/max/avg): 3/4/2.9 | reward(game/avg): 5060/4541 | 3.28 games/s | ETA: 70s
[  71/300] samples:   3275 | chain(game/max/avg): 3/4/2.9 | reward(game/avg): 5940/4561 | 3.33 games/s | ETA: 69s
[  72/300] samples:   3325 | chain(game/max/avg): 3/4/2.9 | reward(game/avg): 4920/4566 | 3.37 games/s | ETA: 68s
[  73/300] samples:   3375 | chain(game/max/avg): 3/4/2.9 | reward(game/avg): 6940/4598 | 3.42 games/s | ETA: 66s
[  74/300] samples:   3425 | chain(game/max/avg): 2/4/2.9 | reward(game/avg): 5000/4604 | 3.46 games/s | ETA: 65s
[  75/300] samples:   3475 | chain(game/max/avg): 3/4/2.9 | reward(game/avg): 3730/4592 | 3.50 games/s | ETA: 64s
[  76/300] samples:   3525 | chain(game/max/avg): 2/4/2.9 | reward(game/avg): 3840/4582 | 3.54 games/s | ETA: 63s
[  77/300] samples:   3575 | chain(game/max/avg): 3/4/2.9 | reward(game/avg): 5540/4595 | 3.59 games/s | ETA: 62s
[  78/300] samples:   3625 | chain(game/max/avg): 3/4/2.9 | reward(game/avg): 5840/4611 | 3.63 games/s | ETA: 61s
[  79/300] samples:   3675 | chain(game/max/avg): 4/4/2.9 | reward(game/avg): 7600/4649 | 3.68 games/s | ETA: 60s
[  80/300] samples:   3725 | chain(game/max/avg): 3/4/2.9 | reward(game/avg): 4380/4645 | 3.72 games/s | ETA: 59s
[  81/300] samples:   3775 | chain(game/max/avg): 3/4/2.9 | reward(game/avg): 3940/4637 | 3.76 games/s | ETA: 58s
[  82/300] samples:   3825 | chain(game/max/avg): 3/4/2.9 | reward(game/avg): 6380/4658 | 3.80 games/s | ETA: 57s
[  83/300] samples:   3875 | chain(game/max/avg): 4/4/3.0 | reward(game/avg): 7650/4694 | 3.85 games/s | ETA: 56s
[  84/300] samples:   3925 | chain(game/max/avg): 3/4/3.0 | reward(game/avg): 3860/4684 | 3.89 games/s | ETA: 56s
[  85/300] samples:   3975 | chain(game/max/avg): 3/4/3.0 | reward(game/avg): 5320/4691 | 3.93 games/s | ETA: 55s
[  86/300] samples:   4025 | chain(game/max/avg): 3/4/3.0 | reward(game/avg): 4060/4684 | 3.98 games/s | ETA: 54s
[  87/300] samples:   4075 | chain(game/max/avg): 3/4/3.0 | reward(game/avg): 6540/4705 | 4.02 games/s | ETA: 53s
[  88/300] samples:   4125 | chain(game/max/avg): 3/4/3.0 | reward(game/avg): 5260/4712 | 4.05 games/s | ETA: 52s
[  89/300] samples:   4175 | chain(game/max/avg): 4/4/3.0 | reward(game/avg): 8250/4751 | 4.08 games/s | ETA: 52s
[  90/300] samples:   4225 | chain(game/max/avg): 3/4/3.0 | reward(game/avg): 4550/4749 | 4.13 games/s | ETA: 51s
[  91/300] samples:   4275 | chain(game/max/avg): 3/4/3.0 | reward(game/avg): 7040/4774 | 4.17 games/s | ETA: 50s
[  92/300] samples:   4325 | chain(game/max/avg): 3/4/3.0 | reward(game/avg): 4120/4767 | 4.22 games/s | ETA: 49s
[  93/300] samples:   4375 | chain(game/max/avg): 3/4/3.0 | reward(game/avg): 4940/4769 | 4.26 games/s | ETA: 49s
[  94/300] samples:   4425 | chain(game/max/avg): 2/4/3.0 | reward(game/avg): 4080/4762 | 4.28 games/s | ETA: 48s
[  95/300] samples:   4475 | chain(game/max/avg): 3/4/3.0 | reward(game/avg): 5340/4768 | 4.33 games/s | ETA: 47s
[  96/300] samples:   4525 | chain(game/max/avg): 3/4/3.0 | reward(game/avg): 5020/4771 | 4.36 games/s | ETA: 47s
[  97/300] samples:   4575 | chain(game/max/avg): 3/4/3.0 | reward(game/avg): 5960/4783 | 4.40 games/s | ETA: 46s
[  98/300] samples:   4625 | chain(game/max/avg): 3/4/3.0 | reward(game/avg): 6170/4797 | 4.44 games/s | ETA: 46s
[  99/300] samples:   4675 | chain(game/max/avg): 3/4/3.0 | reward(game/avg): 5040/4799 | 4.48 games/s | ETA: 45s
[ 100/300] samples:   4725 | chain(game/max/avg): 3/4/3.0 | reward(game/avg): 6120/4813 | 4.52 games/s | ETA: 44s
[ 101/300] samples:   4775 | chain(game/max/avg): 3/4/3.0 | reward(game/avg): 5740/4822 | 4.55 games/s | ETA: 44s
[ 102/300] samples:   4825 | chain(game/max/avg): 3/4/3.0 | reward(game/avg): 4560/4819 | 4.54 games/s | ETA: 44s
[ 103/300] samples:   4836 | chain(game/max/avg): 1/4/2.9 | reward(game/avg): 40/4773 | 4.29 games/s | ETA: 46s
[ 104/300] samples:   4847 | chain(game/max/avg): 0/4/2.9 | reward(game/avg): 0/4727 | 4.27 games/s | ETA: 46s
[ 105/300] samples:   4897 | chain(game/max/avg): 3/4/2.9 | reward(game/avg): 3860/4719 | 4.29 games/s | ETA: 45s
[ 106/300] samples:   4912 | chain(game/max/avg): 1/4/2.9 | reward(game/avg): 80/4675 | 4.26 games/s | ETA: 46s
[ 107/300] samples:   4962 | chain(game/max/avg): 3/4/2.9 | reward(game/avg): 5680/4684 | 4.28 games/s | ETA: 45s
[ 108/300] samples:   4976 | chain(game/max/avg): 1/4/2.9 | reward(game/avg): 180/4643 | 4.11 games/s | ETA: 47s
[ 109/300] samples:   5026 | chain(game/max/avg): 3/4/2.9 | reward(game/avg): 5580/4651 | 4.04 games/s | ETA: 47s
[ 110/300] samples:   5049 | chain(game/max/avg): 2/4/2.9 | reward(game/avg): 520/4614 | 3.97 games/s | ETA: 48s
[ 111/300] samples:   5072 | chain(game/max/avg): 2/4/2.9 | reward(game/avg): 800/4579 | 3.96 games/s | ETA: 48s
[ 112/300] samples:   5093 | chain(game/max/avg): 3/4/2.9 | reward(game/avg): 1780/4554 | 3.99 games/s | ETA: 47s
[ 113/300] samples:   5143 | chain(game/max/avg): 3/4/2.9 | reward(game/avg): 7260/4578 | 3.85 games/s | ETA: 49s
[ 114/300] samples:   5193 | chain(game/max/avg): 3/4/2.9 | reward(game/avg): 5540/4587 | 3.68 games/s | ETA: 51s
[ 115/300] samples:   5243 | chain(game/max/avg): 3/4/2.9 | reward(game/avg): 3640/4578 | 3.66 games/s | ETA: 51s
[ 116/300] samples:   5293 | chain(game/max/avg): 4/4/2.9 | reward(game/avg): 4860/4581 | 3.58 games/s | ETA: 51s
[ 117/300] samples:   5324 | chain(game/max/avg): 3/4/2.9 | reward(game/avg): 1760/4557 | 3.57 games/s | ETA: 51s
[ 118/300] samples:   5360 | chain(game/max/avg): 3/4/2.9 | reward(game/avg): 2480/4539 | 3.59 games/s | ETA: 51s
[ 119/300] samples:   5398 | chain(game/max/avg): 3/4/2.9 | reward(game/avg): 2720/4524 | 3.62 games/s | ETA: 50s
[ 120/300] samples:   5433 | chain(game/max/avg): 3/4/2.9 | reward(game/avg): 3340/4514 | 3.62 games/s | ETA: 50s
[ 121/300] samples:   5452 | chain(game/max/avg): 3/4/2.9 | reward(game/avg): 1040/4485 | 3.64 games/s | ETA: 49s
[ 122/300] samples:   5490 | chain(game/max/avg): 3/4/2.9 | reward(game/avg): 2780/4471 | 3.65 games/s | ETA: 49s
[ 123/300] samples:   5526 | chain(game/max/avg): 2/4/2.9 | reward(game/avg): 1980/4451 | 3.65 games/s | ETA: 48s
[ 124/300] samples:   5564 | chain(game/max/avg): 3/4/2.9 | reward(game/avg): 3950/4447 | 3.56 games/s | ETA: 49s
[ 125/300] samples:   5602 | chain(game/max/avg): 2/4/2.9 | reward(game/avg): 2080/4428 | 3.58 games/s | ETA: 49s
[ 126/300] samples:   5652 | chain(game/max/avg): 4/4/2.9 | reward(game/avg): 7300/4451 | 3.56 games/s | ETA: 49s
[ 127/300] samples:   5684 | chain(game/max/avg): 4/4/2.9 | reward(game/avg): 3680/4445 | 3.52 games/s | ETA: 49s
[ 128/300] samples:   5726 | chain(game/max/avg): 3/4/2.9 | reward(game/avg): 5340/4452 | 3.55 games/s | ETA: 48s
[ 129/300] samples:   5765 | chain(game/max/avg): 3/4/2.9 | reward(game/avg): 3940/4448 | 3.55 games/s | ETA: 48s
[ 130/300] samples:   5815 | chain(game/max/avg): 3/4/2.9 | reward(game/avg): 5000/4452 | 3.51 games/s | ETA: 48s
[ 131/300] samples:   5862 | chain(game/max/avg): 3/4/2.9 | reward(game/avg): 3820/4447 | 3.53 games/s | ETA: 48s
[ 132/300] samples:   5912 | chain(game/max/avg): 4/4/2.9 | reward(game/avg): 6870/4466 | 3.54 games/s | ETA: 47s
[ 133/300] samples:   5962 | chain(game/max/avg): 2/4/2.9 | reward(game/avg): 3560/4459 | 3.57 games/s | ETA: 47s
[ 134/300] samples:   5986 | chain(game/max/avg): 2/4/2.9 | reward(game/avg): 1040/4433 | 3.59 games/s | ETA: 46s
[ 135/300] samples:   6035 | chain(game/max/avg): 3/4/2.9 | reward(game/avg): 3000/4423 | 3.57 games/s | ETA: 46s
[ 136/300] samples:   6085 | chain(game/max/avg): 2/4/2.9 | reward(game/avg): 3500/4416 | 3.60 games/s | ETA: 46s
[ 137/300] samples:   6135 | chain(game/max/avg): 2/4/2.9 | reward(game/avg): 3580/4410 | 3.61 games/s | ETA: 45s
[ 138/300] samples:   6152 | chain(game/max/avg): 3/4/2.9 | reward(game/avg): 1000/4385 | 3.64 games/s | ETA: 45s
[ 139/300] samples:   6202 | chain(game/max/avg): 3/4/2.9 | reward(game/avg): 4980/4389 | 3.66 games/s | ETA: 44s
[ 140/300] samples:   6250 | chain(game/max/avg): 3/4/2.9 | reward(game/avg): 3380/4382 | 3.68 games/s | ETA: 43s
[ 141/300] samples:   6300 | chain(game/max/avg): 3/4/2.9 | reward(game/avg): 5840/4392 | 3.69 games/s | ETA: 43s
[ 142/300] samples:   6350 | chain(game/max/avg): 3/4/2.9 | reward(game/avg): 5040/4397 | 3.71 games/s | ETA: 43s
[ 143/300] samples:   6400 | chain(game/max/avg): 3/4/2.9 | reward(game/avg): 5780/4407 | 3.73 games/s | ETA: 42s
[ 144/300] samples:   6450 | chain(game/max/avg): 3/4/2.9 | reward(game/avg): 5100/4412 | 3.73 games/s | ETA: 42s
[ 145/300] samples:   6500 | chain(game/max/avg): 3/4/2.9 | reward(game/avg): 5020/4416 | 3.75 games/s | ETA: 41s
[ 146/300] samples:   6550 | chain(game/max/avg): 3/4/2.9 | reward(game/avg): 4860/4419 | 3.77 games/s | ETA: 41s
[ 147/300] samples:   6600 | chain(game/max/avg): 3/4/2.9 | reward(game/avg): 4620/4420 | 3.79 games/s | ETA: 40s
[ 148/300] samples:   6648 | chain(game/max/avg): 3/4/2.9 | reward(game/avg): 3840/4416 | 3.81 games/s | ETA: 40s
[ 149/300] samples:   6698 | chain(game/max/avg): 3/4/2.9 | reward(game/avg): 5220/4422 | 3.84 games/s | ETA: 39s
[ 150/300] samples:   6748 | chain(game/max/avg): 3/4/2.9 | reward(game/avg): 4880/4425 | 3.86 games/s | ETA: 39s
[ 151/300] samples:   6798 | chain(game/max/avg): 3/4/2.9 | reward(game/avg): 5520/4432 | 3.88 games/s | ETA: 38s
[ 152/300] samples:   6848 | chain(game/max/avg): 3/4/2.9 | reward(game/avg): 4470/4432 | 3.91 games/s | ETA: 38s
[ 153/300] samples:   6898 | chain(game/max/avg): 3/4/2.9 | reward(game/avg): 5360/4438 | 3.93 games/s | ETA: 37s
[ 154/300] samples:   6948 | chain(game/max/avg): 3/4/2.9 | reward(game/avg): 5580/4446 | 3.96 games/s | ETA: 37s
[ 155/300] samples:   6998 | chain(game/max/avg): 4/4/2.9 | reward(game/avg): 6820/4461 | 3.98 games/s | ETA: 36s
[ 156/300] samples:   7048 | chain(game/max/avg): 3/4/2.9 | reward(game/avg): 5040/4465 | 4.00 games/s | ETA: 36s
[ 157/300] samples:   7098 | chain(game/max/avg): 3/4/2.9 | reward(game/avg): 3820/4461 | 4.03 games/s | ETA: 36s
[ 158/300] samples:   7148 | chain(game/max/avg): 3/4/2.9 | reward(game/avg): 4880/4463 | 4.05 games/s | ETA: 35s
[ 159/300] samples:   7170 | chain(game/max/avg): 3/4/2.9 | reward(game/avg): 1800/4446 | 4.07 games/s | ETA: 35s
[ 160/300] samples:   7220 | chain(game/max/avg): 3/4/2.9 | reward(game/avg): 5980/4456 | 4.08 games/s | ETA: 34s
[ 161/300] samples:   7270 | chain(game/max/avg): 3/4/2.9 | reward(game/avg): 4780/4458 | 4.09 games/s | ETA: 34s
[ 162/300] samples:   7320 | chain(game/max/avg): 3/4/2.9 | reward(game/avg): 5230/4463 | 4.12 games/s | ETA: 34s
[ 163/300] samples:   7370 | chain(game/max/avg): 2/4/2.9 | reward(game/avg): 3210/4455 | 4.14 games/s | ETA: 33s
[ 164/300] samples:   7420 | chain(game/max/avg): 4/4/2.9 | reward(game/avg): 7340/4473 | 4.16 games/s | ETA: 33s
[ 165/300] samples:   7470 | chain(game/max/avg): 3/4/2.9 | reward(game/avg): 4480/4473 | 4.18 games/s | ETA: 32s
[ 166/300] samples:   7520 | chain(game/max/avg): 3/4/2.9 | reward(game/avg): 6890/4487 | 4.18 games/s | ETA: 32s
[ 167/300] samples:   7570 | chain(game/max/avg): 3/4/2.9 | reward(game/avg): 5690/4495 | 4.20 games/s | ETA: 32s
[ 168/300] samples:   7620 | chain(game/max/avg): 3/4/2.9 | reward(game/avg): 4480/4494 | 4.22 games/s | ETA: 31s
[ 169/300] samples:   7670 | chain(game/max/avg): 3/4/2.9 | reward(game/avg): 4220/4493 | 4.24 games/s | ETA: 31s
[ 170/300] samples:   7720 | chain(game/max/avg): 3/4/2.9 | reward(game/avg): 5120/4497 | 4.27 games/s | ETA: 30s
[ 171/300] samples:   7770 | chain(game/max/avg): 3/4/2.9 | reward(game/avg): 6200/4506 | 4.29 games/s | ETA: 30s
[ 172/300] samples:   7820 | chain(game/max/avg): 3/4/2.9 | reward(game/avg): 5140/4510 | 4.31 games/s | ETA: 30s
[ 173/300] samples:   7870 | chain(game/max/avg): 3/4/2.9 | reward(game/avg): 6480/4522 | 4.33 games/s | ETA: 29s
[ 174/300] samples:   7920 | chain(game/max/avg): 3/4/2.9 | reward(game/avg): 6500/4533 | 4.35 games/s | ETA: 29s
[ 175/300] samples:   7970 | chain(game/max/avg): 4/4/2.9 | reward(game/avg): 6680/4545 | 4.38 games/s | ETA: 29s
[ 176/300] samples:   8020 | chain(game/max/avg): 2/4/2.9 | reward(game/avg): 3940/4542 | 4.39 games/s | ETA: 28s
[ 177/300] samples:   8070 | chain(game/max/avg): 3/4/2.9 | reward(game/avg): 7580/4559 | 4.41 games/s | ETA: 28s
[ 178/300] samples:   8120 | chain(game/max/avg): 2/4/2.9 | reward(game/avg): 4590/4559 | 4.43 games/s | ETA: 28s
[ 179/300] samples:   8170 | chain(game/max/avg): 3/4/2.9 | reward(game/avg): 4540/4559 | 4.44 games/s | ETA: 27s
[ 180/300] samples:   8220 | chain(game/max/avg): 2/4/2.9 | reward(game/avg): 3460/4553 | 4.46 games/s | ETA: 27s
[ 181/300] samples:   8270 | chain(game/max/avg): 3/4/2.9 | reward(game/avg): 4820/4554 | 4.49 games/s | ETA: 27s
[ 182/300] samples:   8320 | chain(game/max/avg): 3/4/2.9 | reward(game/avg): 4260/4553 | 4.51 games/s | ETA: 26s
[ 183/300] samples:   8370 | chain(game/max/avg): 3/4/2.9 | reward(game/avg): 5740/4559 | 4.54 games/s | ETA: 26s
[ 184/300] samples:   8420 | chain(game/max/avg): 4/4/2.9 | reward(game/avg): 6360/4569 | 4.56 games/s | ETA: 25s
[ 185/300] samples:   8470 | chain(game/max/avg): 3/4/2.9 | reward(game/avg): 5240/4573 | 4.58 games/s | ETA: 25s
[ 186/300] samples:   8520 | chain(game/max/avg): 3/4/2.9 | reward(game/avg): 6400/4582 | 4.60 games/s | ETA: 25s
[ 187/300] samples:   8570 | chain(game/max/avg): 4/4/2.9 | reward(game/avg): 5880/4589 | 4.61 games/s | ETA: 24s
[ 188/300] samples:   8620 | chain(game/max/avg): 3/4/2.9 | reward(game/avg): 5670/4595 | 4.63 games/s | ETA: 24s
[ 189/300] samples:   8670 | chain(game/max/avg): 2/4/2.9 | reward(game/avg): 4580/4595 | 4.65 games/s | ETA: 24s
[ 190/300] samples:   8720 | chain(game/max/avg): 3/4/2.9 | reward(game/avg): 5100/4598 | 4.67 games/s | ETA: 24s
[ 191/300] samples:   8770 | chain(game/max/avg): 3/4/2.9 | reward(game/avg): 4700/4598 | 4.65 games/s | ETA: 23s
[ 192/300] samples:   8820 | chain(game/max/avg): 3/4/2.9 | reward(game/avg): 5040/4601 | 4.67 games/s | ETA: 23s
[ 193/300] samples:   8870 | chain(game/max/avg): 3/4/2.9 | reward(game/avg): 4380/4599 | 4.69 games/s | ETA: 23s
[ 194/300] samples:   8920 | chain(game/max/avg): 4/4/2.9 | reward(game/avg): 6580/4610 | 4.72 games/s | ETA: 22s
[ 195/300] samples:   8970 | chain(game/max/avg): 4/4/2.9 | reward(game/avg): 7270/4623 | 4.74 games/s | ETA: 22s
[ 196/300] samples:   9020 | chain(game/max/avg): 3/4/2.9 | reward(game/avg): 5100/4626 | 4.76 games/s | ETA: 22s
[ 197/300] samples:   9070 | chain(game/max/avg): 3/4/2.9 | reward(game/avg): 5040/4628 | 4.78 games/s | ETA: 22s
[ 198/300] samples:   9120 | chain(game/max/avg): 2/4/2.9 | reward(game/avg): 3560/4622 | 4.81 games/s | ETA: 21s
[ 199/300] samples:   9170 | chain(game/max/avg): 3/4/2.9 | reward(game/avg): 5360/4626 | 4.83 games/s | ETA: 21s
[ 200/300] samples:   9220 | chain(game/max/avg): 2/4/2.9 | reward(game/avg): 4550/4626 | 4.85 games/s | ETA: 21s
[ 201/300] samples:   9270 | chain(game/max/avg): 3/4/2.9 | reward(game/avg): 4420/4625 | 4.87 games/s | ETA: 20s
[ 202/300] samples:   9320 | chain(game/max/avg): 3/4/2.9 | reward(game/avg): 4060/4622 | 4.88 games/s | ETA: 20s
[ 203/300] samples:   9370 | chain(game/max/avg): 4/4/2.9 | reward(game/avg): 6080/4629 | 4.90 games/s | ETA: 20s
[ 204/300] samples:   9420 | chain(game/max/avg): 3/4/2.9 | reward(game/avg): 4580/4629 | 4.91 games/s | ETA: 20s
[ 205/300] samples:   9470 | chain(game/max/avg): 3/4/2.9 | reward(game/avg): 5980/4635 | 4.92 games/s | ETA: 19s
[ 206/300] samples:   9520 | chain(game/max/avg): 3/4/2.9 | reward(game/avg): 6260/4643 | 4.93 games/s | ETA: 19s
[ 207/300] samples:   9570 | chain(game/max/avg): 3/4/2.9 | reward(game/avg): 4850/4644 | 4.92 games/s | ETA: 19s
[ 208/300] samples:   9620 | chain(game/max/avg): 3/4/2.9 | reward(game/avg): 3840/4640 | 4.90 games/s | ETA: 19s
[ 209/300] samples:   9670 | chain(game/max/avg): 4/4/2.9 | reward(game/avg): 5920/4647 | 4.79 games/s | ETA: 19s
[ 210/300] samples:   9720 | chain(game/max/avg): 4/4/2.9 | reward(game/avg): 6160/4654 | 4.78 games/s | ETA: 19s
[ 211/300] samples:   9731 | chain(game/max/avg): 0/4/2.9 | reward(game/avg): 0/4632 | 4.77 games/s | ETA: 19s
[ 212/300] samples:   9781 | chain(game/max/avg): 3/4/2.9 | reward(game/avg): 5600/4636 | 4.75 games/s | ETA: 19s
[ 213/300] samples:   9831 | chain(game/max/avg): 4/4/2.9 | reward(game/avg): 6680/4646 | 4.73 games/s | ETA: 18s
[ 214/300] samples:   9852 | chain(game/max/avg): 3/4/2.9 | reward(game/avg): 1880/4633 | 4.73 games/s | ETA: 18s
[ 215/300] samples:   9869 | chain(game/max/avg): 1/4/2.9 | reward(game/avg): 120/4612 | 4.74 games/s | ETA: 18s
[ 216/300] samples:   9885 | chain(game/max/avg): 2/4/2.9 | reward(game/avg): 760/4594 | 4.68 games/s | ETA: 18s
[ 217/300] samples:   9907 | chain(game/max/avg): 2/4/2.9 | reward(game/avg): 1200/4579 | 4.67 games/s | ETA: 18s
[ 218/300] samples:   9928 | chain(game/max/avg): 3/4/2.9 | reward(game/avg): 1620/4565 | 4.66 games/s | ETA: 18s
[ 219/300] samples:   9978 | chain(game/max/avg): 3/4/2.9 | reward(game/avg): 4000/4562 | 4.64 games/s | ETA: 17s
[ 220/300] samples:  10002 | chain(game/max/avg): 2/4/2.9 | reward(game/avg): 1500/4548 | 4.62 games/s | ETA: 17s
[ 221/300] samples:  10052 | chain(game/max/avg): 2/4/2.9 | reward(game/avg): 4220/4547 | 4.62 games/s | ETA: 17s
[ 222/300] samples:  10102 | chain(game/max/avg): 3/4/2.9 | reward(game/avg): 4360/4546 | 4.63 games/s | ETA: 17s
[ 223/300] samples:  10152 | chain(game/max/avg): 3/4/2.9 | reward(game/avg): 4740/4547 | 4.56 games/s | ETA: 17s
[ 224/300] samples:  10182 | chain(game/max/avg): 2/4/2.9 | reward(game/avg): 1800/4535 | 4.41 games/s | ETA: 17s
[ 225/300] samples:  10232 | chain(game/max/avg): 3/4/2.9 | reward(game/avg): 4600/4535 | 4.40 games/s | ETA: 17s
[ 226/300] samples:  10282 | chain(game/max/avg): 3/4/2.9 | reward(game/avg): 5160/4538 | 4.36 games/s | ETA: 17s
[ 227/300] samples:  10320 | chain(game/max/avg): 3/4/2.9 | reward(game/avg): 3120/4532 | 4.34 games/s | ETA: 17s
[ 228/300] samples:  10370 | chain(game/max/avg): 3/4/2.9 | reward(game/avg): 5800/4537 | 4.35 games/s | ETA: 17s
[ 229/300] samples:  10420 | chain(game/max/avg): 3/4/2.9 | reward(game/avg): 7400/4550 | 4.25 games/s | ETA: 17s
[ 230/300] samples:  10470 | chain(game/max/avg): 4/4/2.9 | reward(game/avg): 6140/4557 | 4.24 games/s | ETA: 17s
[ 231/300] samples:  10520 | chain(game/max/avg): 3/4/2.9 | reward(game/avg): 5040/4559 | 4.23 games/s | ETA: 16s
[ 232/300] samples:  10564 | chain(game/max/avg): 2/4/2.9 | reward(game/avg): 2400/4549 | 4.17 games/s | ETA: 16s
[ 233/300] samples:  10614 | chain(game/max/avg): 3/4/2.9 | reward(game/avg): 4100/4547 | 4.18 games/s | ETA: 16s
[ 234/300] samples:  10664 | chain(game/max/avg): 3/4/2.9 | reward(game/avg): 4400/4547 | 4.19 games/s | ETA: 16s
[ 235/300] samples:  10714 | chain(game/max/avg): 3/4/2.9 | reward(game/avg): 5180/4549 | 4.20 games/s | ETA: 15s
[ 236/300] samples:  10754 | chain(game/max/avg): 3/4/2.9 | reward(game/avg): 4600/4550 | 4.20 games/s | ETA: 15s
[ 237/300] samples:  10804 | chain(game/max/avg): 3/4/2.9 | reward(game/avg): 4300/4549 | 4.20 games/s | ETA: 15s
[ 238/300] samples:  10854 | chain(game/max/avg): 3/4/2.9 | reward(game/avg): 4580/4549 | 4.16 games/s | ETA: 15s
[ 239/300] samples:  10904 | chain(game/max/avg): 3/4/2.9 | reward(game/avg): 5560/4553 | 4.16 games/s | ETA: 15s
[ 240/300] samples:  10954 | chain(game/max/avg): 3/4/2.9 | reward(game/avg): 5240/4556 | 4.13 games/s | ETA: 15s
[ 241/300] samples:  11004 | chain(game/max/avg): 3/4/2.9 | reward(game/avg): 5700/4561 | 4.15 games/s | ETA: 14s
[ 242/300] samples:  11054 | chain(game/max/avg): 3/4/2.9 | reward(game/avg): 4200/4559 | 4.16 games/s | ETA: 14s
[ 243/300] samples:  11104 | chain(game/max/avg): 3/4/2.9 | reward(game/avg): 4900/4560 | 4.15 games/s | ETA: 14s
[ 244/300] samples:  11154 | chain(game/max/avg): 2/4/2.9 | reward(game/avg): 3560/4556 | 4.16 games/s | ETA: 13s
[ 245/300] samples:  11204 | chain(game/max/avg): 3/4/2.9 | reward(game/avg): 4860/4558 | 4.18 games/s | ETA: 13s
[ 246/300] samples:  11254 | chain(game/max/avg): 3/4/2.9 | reward(game/avg): 5730/4562 | 4.18 games/s | ETA: 13s
[ 247/300] samples:  11304 | chain(game/max/avg): 3/4/2.9 | reward(game/avg): 4550/4562 | 4.17 games/s | ETA: 13s
[ 248/300] samples:  11354 | chain(game/max/avg): 3/4/2.9 | reward(game/avg): 4500/4562 | 4.18 games/s | ETA: 12s
[ 249/300] samples:  11404 | chain(game/max/avg): 3/4/2.9 | reward(game/avg): 4080/4560 | 4.16 games/s | ETA: 12s
[ 250/300] samples:  11454 | chain(game/max/avg): 2/4/2.9 | reward(game/avg): 4040/4558 | 4.17 games/s | ETA: 12s
[ 251/300] samples:  11504 | chain(game/max/avg): 3/4/2.9 | reward(game/avg): 5340/4561 | 4.12 games/s | ETA: 12s
[ 252/300] samples:  11554 | chain(game/max/avg): 3/4/2.9 | reward(game/avg): 4560/4561 | 4.13 games/s | ETA: 12s
[ 253/300] samples:  11604 | chain(game/max/avg): 3/4/2.9 | reward(game/avg): 4870/4562 | 4.14 games/s | ETA: 11s
[ 254/300] samples:  11654 | chain(game/max/avg): 4/4/2.9 | reward(game/avg): 5340/4565 | 4.16 games/s | ETA: 11s
[ 255/300] samples:  11704 | chain(game/max/avg): 2/4/2.9 | reward(game/avg): 5020/4567 | 4.14 games/s | ETA: 11s
[ 256/300] samples:  11754 | chain(game/max/avg): 3/4/2.9 | reward(game/avg): 5250/4570 | 4.15 games/s | ETA: 11s
[ 257/300] samples:  11804 | chain(game/max/avg): 3/4/2.9 | reward(game/avg): 4600/4570 | 4.15 games/s | ETA: 10s
[ 258/300] samples:  11854 | chain(game/max/avg): 3/4/2.9 | reward(game/avg): 5230/4573 | 4.15 games/s | ETA: 10s
[ 259/300] samples:  11904 | chain(game/max/avg): 3/4/2.9 | reward(game/avg): 5640/4577 | 4.17 games/s | ETA: 10s
[ 260/300] samples:  11954 | chain(game/max/avg): 2/4/2.9 | reward(game/avg): 3700/4573 | 4.16 games/s | ETA: 10s
[ 261/300] samples:  12004 | chain(game/max/avg): 4/4/2.9 | reward(game/avg): 6400/4580 | 4.15 games/s | ETA: 9s
[ 262/300] samples:  12054 | chain(game/max/avg): 3/4/2.9 | reward(game/avg): 4530/4580 | 4.16 games/s | ETA: 9s
[ 263/300] samples:  12104 | chain(game/max/avg): 3/4/2.9 | reward(game/avg): 4240/4579 | 4.16 games/s | ETA: 9s
[ 264/300] samples:  12154 | chain(game/max/avg): 4/4/2.9 | reward(game/avg): 4860/4580 | 4.14 games/s | ETA: 9s
[ 265/300] samples:  12204 | chain(game/max/avg): 3/4/2.9 | reward(game/avg): 5100/4582 | 4.14 games/s | ETA: 8s
[ 266/300] samples:  12254 | chain(game/max/avg): 3/4/2.9 | reward(game/avg): 4360/4581 | 4.15 games/s | ETA: 8s
[ 267/300] samples:  12304 | chain(game/max/avg): 3/4/2.9 | reward(game/avg): 4380/4580 | 4.16 games/s | ETA: 8s
[ 268/300] samples:  12354 | chain(game/max/avg): 3/4/2.9 | reward(game/avg): 5160/4582 | 4.15 games/s | ETA: 8s
[ 269/300] samples:  12404 | chain(game/max/avg): 3/4/2.9 | reward(game/avg): 5900/4587 | 4.16 games/s | ETA: 7s
[ 270/300] samples:  12454 | chain(game/max/avg): 3/4/2.9 | reward(game/avg): 3180/4582 | 4.17 games/s | ETA: 7s
[ 271/300] samples:  12504 | chain(game/max/avg): 3/4/2.9 | reward(game/avg): 4800/4583 | 4.18 games/s | ETA: 7s
[ 272/300] samples:  12554 | chain(game/max/avg): 3/4/2.9 | reward(game/avg): 6120/4589 | 4.20 games/s | ETA: 7s
[ 273/300] samples:  12604 | chain(game/max/avg): 3/4/2.9 | reward(game/avg): 4380/4588 | 4.21 games/s | ETA: 6s
[ 274/300] samples:  12654 | chain(game/max/avg): 3/4/2.9 | reward(game/avg): 5760/4592 | 4.23 games/s | ETA: 6s
[ 275/300] samples:  12704 | chain(game/max/avg): 3/4/2.9 | reward(game/avg): 5900/4597 | 4.24 games/s | ETA: 6s
[ 276/300] samples:  12754 | chain(game/max/avg): 3/4/2.9 | reward(game/avg): 5540/4600 | 4.25 games/s | ETA: 6s
[ 277/300] samples:  12804 | chain(game/max/avg): 3/4/2.9 | reward(game/avg): 4500/4600 | 4.26 games/s | ETA: 5s
[ 278/300] samples:  12854 | chain(game/max/avg): 3/4/2.9 | reward(game/avg): 5210/4602 | 4.25 games/s | ETA: 5s
[ 279/300] samples:  12904 | chain(game/max/avg): 3/4/2.9 | reward(game/avg): 5280/4605 | 4.25 games/s | ETA: 5s
[ 280/300] samples:  12954 | chain(game/max/avg): 3/4/2.9 | reward(game/avg): 6100/4610 | 4.26 games/s | ETA: 5s
[ 281/300] samples:  13004 | chain(game/max/avg): 3/4/2.9 | reward(game/avg): 5540/4613 | 4.27 games/s | ETA: 4s
[ 282/300] samples:  13054 | chain(game/max/avg): 4/4/2.9 | reward(game/avg): 6460/4620 | 4.28 games/s | ETA: 4s
[ 283/300] samples:  13104 | chain(game/max/avg): 2/4/2.9 | reward(game/avg): 4300/4619 | 4.23 games/s | ETA: 4s
[ 284/300] samples:  13154 | chain(game/max/avg): 3/4/2.9 | reward(game/avg): 4640/4619 | 4.24 games/s | ETA: 4s
[ 285/300] samples:  13204 | chain(game/max/avg): 3/4/2.9 | reward(game/avg): 4460/4618 | 4.24 games/s | ETA: 4s
[ 286/300] samples:  13254 | chain(game/max/avg): 3/4/2.9 | reward(game/avg): 4340/4617 | 4.23 games/s | ETA: 3s
[ 287/300] samples:  13304 | chain(game/max/avg): 3/4/2.9 | reward(game/avg): 3840/4614 | 4.23 games/s | ETA: 3s
[ 288/300] samples:  13354 | chain(game/max/avg): 3/4/2.9 | reward(game/avg): 6220/4620 | 4.24 games/s | ETA: 3s
[ 289/300] samples:  13404 | chain(game/max/avg): 3/4/2.9 | reward(game/avg): 4000/4618 | 4.21 games/s | ETA: 3s
[ 290/300] samples:  13454 | chain(game/max/avg): 3/4/2.9 | reward(game/avg): 4600/4618 | 4.22 games/s | ETA: 2s
[ 291/300] samples:  13504 | chain(game/max/avg): 3/4/2.9 | reward(game/avg): 5660/4621 | 4.21 games/s | ETA: 2s
[ 292/300] samples:  13554 | chain(game/max/avg): 4/4/2.9 | reward(game/avg): 6300/4627 | 4.20 games/s | ETA: 2s
[ 293/300] samples:  13604 | chain(game/max/avg): 3/4/2.9 | reward(game/avg): 5000/4628 | 4.19 games/s | ETA: 2s
[ 294/300] samples:  13654 | chain(game/max/avg): 3/4/2.9 | reward(game/avg): 5120/4630 | 4.19 games/s | ETA: 1s
[ 295/300] samples:  13704 | chain(game/max/avg): 3/4/2.9 | reward(game/avg): 7160/4639 | 4.20 games/s | ETA: 1s
[ 296/300] samples:  13754 | chain(game/max/avg): 2/4/2.9 | reward(game/avg): 3700/4636 | 4.20 games/s | ETA: 1s
[ 297/300] samples:  13804 | chain(game/max/avg): 3/4/2.9 | reward(game/avg): 5480/4638 | 4.19 games/s | ETA: 1s
[ 298/300] samples:  13854 | chain(game/max/avg): 3/4/2.9 | reward(game/avg): 5100/4640 | 4.20 games/s | ETA: 0s
[ 299/300] samples:  13904 | chain(game/max/avg): 3/4/2.9 | reward(game/avg): 6440/4646 | 4.21 games/s | ETA: 0s
[ 300/300] samples:  13954 | chain(game/max/avg): 3/4/2.9 | reward(game/avg): 6650/4653 | 4.23 games/s | ETA: 0s
Self-play complete: 300 games, 13954 samples, max chain: 4
Saved to data/alphazero_iter_3.bin
[2026-04-02 10:44:44] Train start (AlphaZero mode, replay buffer, global_step=2000)
    Finished `release` profile [optimized] target(s) in 3.84s
     Running `target/release/train --alphazero --data-dir data --global-step 2000`
Backend: CUDA (GPU)
Mode: AlphaZero (Policy CE + Value MSE)
Loading AlphaZero datasets from data...
Found 3 data files
  Loaded 7492 samples from data/alphazero_iter_1.bin
  Loaded 13965 samples from data/alphazero_iter_2.bin
  Loaded 13954 samples from data/alphazero_iter_3.bin
Loaded 35411 total samples
Train: 35411 samples (color augmented on-the-fly, no val split)
Loaded existing model from artifacts/puyo_model
AlphaZero training: 1000 steps, global_step=2000, LR 2e-1 (end ~2e-1)
  step 50/1000 p_loss=1.0752 v_loss=0.3940 lr=0.200000  step 100/1000 p_loss=0.9752 v_loss=0.3748 lr=0.200000  step 150/1000 p_loss=0.9079 v_loss=0.3647 lr=0.200000  step 200/1000 p_loss=0.8569 v_loss=0.3555 lr=0.200000  step 250/1000 p_loss=0.8128 v_loss=0.3479 lr=0.200000  step 300/1000 p_loss=0.7754 v_loss=0.3405 lr=0.200000  step 350/1000 p_loss=0.7406 v_loss=0.3323 lr=0.200000  step 400/1000 p_loss=0.7094 v_loss=0.3239 lr=0.200000  step 450/1000 p_loss=0.6820 v_loss=0.3161 lr=0.200000  step 500/1000 p_loss=0.6585 v_loss=0.3087 lr=0.200000  step 550/1000 p_loss=0.6371 v_loss=0.3010 lr=0.200000  step 600/1000 p_loss=0.6180 v_loss=0.2938 lr=0.200000  step 650/1000 p_loss=0.6001 v_loss=0.2864 lr=0.200000  step 700/1000 p_loss=0.5839 v_loss=0.2791 lr=0.200000  step 750/1000 p_loss=0.5694 v_loss=0.2725 lr=0.200000  step 800/1000 p_loss=0.5565 v_loss=0.2663 lr=0.200000  step 850/1000 p_loss=0.5447 v_loss=0.2604 lr=0.200000  step 900/1000 p_loss=0.5339 v_loss=0.2549 lr=0.200000  step 950/1000 p_loss=0.5240 v_loss=0.2496 lr=0.200000  step 1000/1000 p_loss=0.5150 v_loss=0.2448 lr=0.200000
AlphaZero training complete. final train_loss(p=0.515032, v=0.244783) global_step=3000
[2026-04-02 10:49:59] === Iteration 3 complete ===
[2026-04-02 10:49:59] --- Iteration 4 (sims=64, global_step=3000) ---
[2026-04-02 10:49:59] Self-play start (m=16, c_visit=50.0)
    Finished `release` profile [optimized] target(s) in 4.89s
     Running `target/release/self-play --games 300 --simulations 64 --c-puct-init 1.5 --m 16 --c-visit 50.0 --gamma 0.95 --min-chain 0 --output data/alphazero_iter_4.bin`
games=300, simulations=64, c_puct_init=1.5, c_puct_base=19652, m=16, c_visit=50, gamma=0.95
Backend: CudaJit (GPU) — Gumbel MCTS self-play (batched)
Loaded existing model from artifacts/puyo_model
Using 128 game threads, max_batch_size=128
[   1/300] samples:     11 | chain(game/max/avg): 0/0/0.0 | reward(game/avg): 0/0 | 0.19 games/s | ETA: 1582s
[   2/300] samples:     22 | chain(game/max/avg): 0/0/0.0 | reward(game/avg): 0/0 | 0.37 games/s | ETA: 800s
[   3/300] samples:     33 | chain(game/max/avg): 0/0/0.0 | reward(game/avg): 0/0 | 0.54 games/s | ETA: 551s
[   4/300] samples:     45 | chain(game/max/avg): 1/1/0.2 | reward(game/avg): 40/10 | 0.68 games/s | ETA: 435s
[   5/300] samples:     58 | chain(game/max/avg): 1/1/0.4 | reward(game/avg): 40/16 | 0.80 games/s | ETA: 367s
[   6/300] samples:     74 | chain(game/max/avg): 2/2/0.7 | reward(game/avg): 920/167 | 0.76 games/s | ETA: 385s
[   7/300] samples:     94 | chain(game/max/avg): 2/2/0.9 | reward(game/avg): 960/280 | 0.81 games/s | ETA: 363s
[   8/300] samples:    117 | chain(game/max/avg): 2/2/1.0 | reward(game/avg): 580/318 | 0.79 games/s | ETA: 372s
[   9/300] samples:    140 | chain(game/max/avg): 3/3/1.2 | reward(game/avg): 1440/442 | 0.88 games/s | ETA: 330s
[  10/300] samples:    166 | chain(game/max/avg): 2/3/1.3 | reward(game/avg): 1460/544 | 0.96 games/s | ETA: 302s
[  11/300] samples:    190 | chain(game/max/avg): 3/3/1.5 | reward(game/avg): 1320/615 | 1.02 games/s | ETA: 282s
[  12/300] samples:    219 | chain(game/max/avg): 3/3/1.6 | reward(game/avg): 2200/747 | 0.97 games/s | ETA: 297s
[  13/300] samples:    241 | chain(game/max/avg): 3/3/1.7 | reward(game/avg): 1780/826 | 1.03 games/s | ETA: 278s
[  14/300] samples:    275 | chain(game/max/avg): 3/3/1.8 | reward(game/avg): 2300/931 | 1.01 games/s | ETA: 282s
[  15/300] samples:    310 | chain(game/max/avg): 2/3/1.8 | reward(game/avg): 2680/1048 | 1.04 games/s | ETA: 275s
[  16/300] samples:    346 | chain(game/max/avg): 3/3/1.9 | reward(game/avg): 3280/1188 | 1.10 games/s | ETA: 259s
[  17/300] samples:    391 | chain(game/max/avg): 3/3/1.9 | reward(game/avg): 3400/1318 | 1.00 games/s | ETA: 282s
[  18/300] samples:    441 | chain(game/max/avg): 3/3/2.0 | reward(game/avg): 3960/1464 | 1.01 games/s | ETA: 278s
[  19/300] samples:    491 | chain(game/max/avg): 3/3/2.1 | reward(game/avg): 6030/1705 | 0.97 games/s | ETA: 289s
[  20/300] samples:    541 | chain(game/max/avg): 3/3/2.1 | reward(game/avg): 5380/1888 | 1.02 games/s | ETA: 276s
[  21/300] samples:    591 | chain(game/max/avg): 3/3/2.1 | reward(game/avg): 4620/2019 | 1.06 games/s | ETA: 262s
[  22/300] samples:    641 | chain(game/max/avg): 2/3/2.1 | reward(game/avg): 3720/2096 | 1.11 games/s | ETA: 250s
[  23/300] samples:    691 | chain(game/max/avg): 3/3/2.2 | reward(game/avg): 6300/2279 | 1.16 games/s | ETA: 238s
[  24/300] samples:    741 | chain(game/max/avg): 3/3/2.2 | reward(game/avg): 4900/2388 | 1.20 games/s | ETA: 230s
[  25/300] samples:    791 | chain(game/max/avg): 4/4/2.3 | reward(game/avg): 6140/2538 | 1.24 games/s | ETA: 222s
[  26/300] samples:    841 | chain(game/max/avg): 3/4/2.3 | reward(game/avg): 4920/2630 | 1.29 games/s | ETA: 213s
[  27/300] samples:    891 | chain(game/max/avg): 2/4/2.3 | reward(game/avg): 3060/2646 | 1.34 games/s | ETA: 204s
[  28/300] samples:    941 | chain(game/max/avg): 3/4/2.3 | reward(game/avg): 6170/2771 | 1.38 games/s | ETA: 197s
[  29/300] samples:    991 | chain(game/max/avg): 3/4/2.3 | reward(game/avg): 4240/2822 | 1.43 games/s | ETA: 189s
[  30/300] samples:   1041 | chain(game/max/avg): 3/4/2.4 | reward(game/avg): 5990/2928 | 1.47 games/s | ETA: 183s
[  31/300] samples:   1091 | chain(game/max/avg): 3/4/2.4 | reward(game/avg): 5460/3009 | 1.52 games/s | ETA: 177s
[  32/300] samples:   1141 | chain(game/max/avg): 3/4/2.4 | reward(game/avg): 4160/3045 | 1.57 games/s | ETA: 171s
[  33/300] samples:   1191 | chain(game/max/avg): 3/4/2.4 | reward(game/avg): 4460/3088 | 1.61 games/s | ETA: 166s
[  34/300] samples:   1241 | chain(game/max/avg): 3/4/2.4 | reward(game/avg): 4160/3120 | 1.66 games/s | ETA: 160s
[  35/300] samples:   1291 | chain(game/max/avg): 3/4/2.5 | reward(game/avg): 6700/3222 | 1.69 games/s | ETA: 157s
[  36/300] samples:   1341 | chain(game/max/avg): 3/4/2.5 | reward(game/avg): 4580/3260 | 1.73 games/s | ETA: 152s
[  37/300] samples:   1391 | chain(game/max/avg): 3/4/2.5 | reward(game/avg): 3880/3276 | 1.78 games/s | ETA: 148s
[  38/300] samples:   1441 | chain(game/max/avg): 3/4/2.5 | reward(game/avg): 6990/3374 | 1.83 games/s | ETA: 144s
[  39/300] samples:   1491 | chain(game/max/avg): 4/4/2.5 | reward(game/avg): 6980/3467 | 1.87 games/s | ETA: 140s
[  40/300] samples:   1541 | chain(game/max/avg): 3/4/2.5 | reward(game/avg): 5860/3526 | 1.91 games/s | ETA: 136s
[  41/300] samples:   1591 | chain(game/max/avg): 3/4/2.6 | reward(game/avg): 6950/3610 | 1.95 games/s | ETA: 133s
[  42/300] samples:   1641 | chain(game/max/avg): 3/4/2.6 | reward(game/avg): 7320/3698 | 2.00 games/s | ETA: 129s
[  43/300] samples:   1691 | chain(game/max/avg): 3/4/2.6 | reward(game/avg): 6860/3772 | 2.04 games/s | ETA: 126s
[  44/300] samples:   1741 | chain(game/max/avg): 2/4/2.6 | reward(game/avg): 4790/3795 | 2.09 games/s | ETA: 123s
[  45/300] samples:   1791 | chain(game/max/avg): 3/4/2.6 | reward(game/avg): 4100/3802 | 2.13 games/s | ETA: 120s
[  46/300] samples:   1841 | chain(game/max/avg): 3/4/2.6 | reward(game/avg): 5300/3834 | 2.17 games/s | ETA: 117s
[  47/300] samples:   1891 | chain(game/max/avg): 2/4/2.6 | reward(game/avg): 4480/3848 | 2.22 games/s | ETA: 114s
[  48/300] samples:   1941 | chain(game/max/avg): 4/4/2.6 | reward(game/avg): 7690/3928 | 2.26 games/s | ETA: 112s
[  49/300] samples:   1991 | chain(game/max/avg): 3/4/2.6 | reward(game/avg): 6580/3982 | 2.31 games/s | ETA: 109s
[  50/300] samples:   2041 | chain(game/max/avg): 3/4/2.6 | reward(game/avg): 4640/3995 | 2.35 games/s | ETA: 106s
[  51/300] samples:   2091 | chain(game/max/avg): 3/4/2.6 | reward(game/avg): 7420/4063 | 2.40 games/s | ETA: 104s
[  52/300] samples:   2141 | chain(game/max/avg): 3/4/2.6 | reward(game/avg): 4160/4064 | 2.44 games/s | ETA: 101s
[  53/300] samples:   2191 | chain(game/max/avg): 3/4/2.6 | reward(game/avg): 6720/4115 | 2.49 games/s | ETA: 99s
[  54/300] samples:   2241 | chain(game/max/avg): 3/4/2.6 | reward(game/avg): 6920/4166 | 2.53 games/s | ETA: 97s
[  55/300] samples:   2291 | chain(game/max/avg): 4/4/2.7 | reward(game/avg): 6570/4210 | 2.58 games/s | ETA: 95s
[  56/300] samples:   2341 | chain(game/max/avg): 3/4/2.7 | reward(game/avg): 4140/4209 | 2.62 games/s | ETA: 93s
[  57/300] samples:   2391 | chain(game/max/avg): 3/4/2.7 | reward(game/avg): 4700/4218 | 2.66 games/s | ETA: 91s
[  58/300] samples:   2441 | chain(game/max/avg): 3/4/2.7 | reward(game/avg): 5820/4245 | 2.71 games/s | ETA: 89s
[  59/300] samples:   2491 | chain(game/max/avg): 3/4/2.7 | reward(game/avg): 4520/4250 | 2.75 games/s | ETA: 87s
[  60/300] samples:   2541 | chain(game/max/avg): 3/4/2.7 | reward(game/avg): 3580/4239 | 2.80 games/s | ETA: 86s
[  61/300] samples:   2591 | chain(game/max/avg): 3/4/2.7 | reward(game/avg): 5620/4261 | 2.84 games/s | ETA: 84s
[  62/300] samples:   2641 | chain(game/max/avg): 3/4/2.7 | reward(game/avg): 5780/4286 | 2.89 games/s | ETA: 82s
[  63/300] samples:   2691 | chain(game/max/avg): 3/4/2.7 | reward(game/avg): 5580/4306 | 2.94 games/s | ETA: 81s
[  64/300] samples:   2741 | chain(game/max/avg): 3/4/2.7 | reward(game/avg): 5900/4331 | 2.98 games/s | ETA: 79s
[  65/300] samples:   2791 | chain(game/max/avg): 3/4/2.7 | reward(game/avg): 4080/4327 | 3.02 games/s | ETA: 78s
[  66/300] samples:   2841 | chain(game/max/avg): 3/4/2.7 | reward(game/avg): 5100/4339 | 3.07 games/s | ETA: 76s
[  67/300] samples:   2891 | chain(game/max/avg): 3/4/2.7 | reward(game/avg): 4760/4345 | 3.11 games/s | ETA: 75s
[  68/300] samples:   2941 | chain(game/max/avg): 3/4/2.7 | reward(game/avg): 5440/4361 | 3.13 games/s | ETA: 74s
[  69/300] samples:   2991 | chain(game/max/avg): 3/4/2.7 | reward(game/avg): 4910/4369 | 3.17 games/s | ETA: 73s
[  70/300] samples:   3041 | chain(game/max/avg): 3/4/2.7 | reward(game/avg): 5780/4390 | 3.22 games/s | ETA: 71s
[  71/300] samples:   3091 | chain(game/max/avg): 3/4/2.7 | reward(game/avg): 5880/4411 | 3.26 games/s | ETA: 70s
[  72/300] samples:   3141 | chain(game/max/avg): 3/4/2.8 | reward(game/avg): 5780/4430 | 3.30 games/s | ETA: 69s
[  73/300] samples:   3191 | chain(game/max/avg): 3/4/2.8 | reward(game/avg): 5790/4448 | 3.35 games/s | ETA: 68s
[  74/300] samples:   3241 | chain(game/max/avg): 2/4/2.7 | reward(game/avg): 3860/4440 | 3.39 games/s | ETA: 67s
[  75/300] samples:   3291 | chain(game/max/avg): 3/4/2.7 | reward(game/avg): 4660/4443 | 3.43 games/s | ETA: 66s
[  76/300] samples:   3341 | chain(game/max/avg): 2/4/2.7 | reward(game/avg): 4640/4446 | 3.48 games/s | ETA: 64s
[  77/300] samples:   3391 | chain(game/max/avg): 3/4/2.7 | reward(game/avg): 4600/4448 | 3.52 games/s | ETA: 63s
[  78/300] samples:   3441 | chain(game/max/avg): 3/4/2.7 | reward(game/avg): 6500/4474 | 3.56 games/s | ETA: 62s
[  79/300] samples:   3491 | chain(game/max/avg): 2/4/2.7 | reward(game/avg): 3800/4466 | 3.60 games/s | ETA: 61s
[  80/300] samples:   3541 | chain(game/max/avg): 3/4/2.7 | reward(game/avg): 7280/4501 | 3.64 games/s | ETA: 60s
[  81/300] samples:   3591 | chain(game/max/avg): 5/5/2.8 | reward(game/avg): 8540/4551 | 3.68 games/s | ETA: 59s
[  82/300] samples:   3641 | chain(game/max/avg): 3/5/2.8 | reward(game/avg): 6470/4574 | 3.73 games/s | ETA: 58s
[  83/300] samples:   3691 | chain(game/max/avg): 3/5/2.8 | reward(game/avg): 4880/4578 | 3.76 games/s | ETA: 58s
[  84/300] samples:   3741 | chain(game/max/avg): 3/5/2.8 | reward(game/avg): 5630/4590 | 3.74 games/s | ETA: 58s
[  85/300] samples:   3791 | chain(game/max/avg): 3/5/2.8 | reward(game/avg): 5720/4604 | 3.79 games/s | ETA: 57s
[  86/300] samples:   3841 | chain(game/max/avg): 2/5/2.8 | reward(game/avg): 4590/4603 | 3.83 games/s | ETA: 56s
[  87/300] samples:   3891 | chain(game/max/avg): 3/5/2.8 | reward(game/avg): 6160/4621 | 3.87 games/s | ETA: 55s
[  88/300] samples:   3941 | chain(game/max/avg): 3/5/2.8 | reward(game/avg): 5360/4630 | 3.91 games/s | ETA: 54s
[  89/300] samples:   3991 | chain(game/max/avg): 3/5/2.8 | reward(game/avg): 4680/4630 | 3.95 games/s | ETA: 53s
[  90/300] samples:   4041 | chain(game/max/avg): 3/5/2.8 | reward(game/avg): 5040/4635 | 3.99 games/s | ETA: 53s
[  91/300] samples:   4091 | chain(game/max/avg): 3/5/2.8 | reward(game/avg): 5160/4641 | 4.04 games/s | ETA: 52s
[  92/300] samples:   4141 | chain(game/max/avg): 3/5/2.8 | reward(game/avg): 4640/4641 | 4.08 games/s | ETA: 51s
[  93/300] samples:   4191 | chain(game/max/avg): 3/5/2.8 | reward(game/avg): 3600/4629 | 4.12 games/s | ETA: 50s
[  94/300] samples:   4241 | chain(game/max/avg): 3/5/2.8 | reward(game/avg): 4480/4628 | 4.15 games/s | ETA: 50s
[  95/300] samples:   4291 | chain(game/max/avg): 3/5/2.8 | reward(game/avg): 4560/4627 | 4.19 games/s | ETA: 49s
[  96/300] samples:   4341 | chain(game/max/avg): 2/5/2.8 | reward(game/avg): 4560/4626 | 4.23 games/s | ETA: 48s
[  97/300] samples:   4391 | chain(game/max/avg): 4/5/2.8 | reward(game/avg): 6710/4648 | 4.26 games/s | ETA: 48s
[  98/300] samples:   4441 | chain(game/max/avg): 3/5/2.8 | reward(game/avg): 6600/4668 | 4.30 games/s | ETA: 47s
[  99/300] samples:   4491 | chain(game/max/avg): 2/5/2.8 | reward(game/avg): 4360/4665 | 4.34 games/s | ETA: 46s
[ 100/300] samples:   4541 | chain(game/max/avg): 3/5/2.8 | reward(game/avg): 5560/4674 | 4.38 games/s | ETA: 46s
[ 101/300] samples:   4591 | chain(game/max/avg): 3/5/2.8 | reward(game/avg): 4960/4676 | 4.40 games/s | ETA: 45s
[ 102/300] samples:   4602 | chain(game/max/avg): 0/5/2.8 | reward(game/avg): 0/4631 | 4.19 games/s | ETA: 47s
[ 103/300] samples:   4652 | chain(game/max/avg): 3/5/2.8 | reward(game/avg): 6720/4651 | 4.19 games/s | ETA: 47s
[ 104/300] samples:   4702 | chain(game/max/avg): 3/5/2.8 | reward(game/avg): 4160/4646 | 4.22 games/s | ETA: 46s
[ 105/300] samples:   4713 | chain(game/max/avg): 0/5/2.7 | reward(game/avg): 0/4602 | 4.19 games/s | ETA: 47s
[ 106/300] samples:   4727 | chain(game/max/avg): 1/5/2.7 | reward(game/avg): 100/4559 | 4.21 games/s | ETA: 46s
[ 107/300] samples:   4742 | chain(game/max/avg): 2/5/2.7 | reward(game/avg): 360/4520 | 4.25 games/s | ETA: 45s
[ 108/300] samples:   4792 | chain(game/max/avg): 3/5/2.7 | reward(game/avg): 4740/4522 | 4.28 games/s | ETA: 45s
[ 109/300] samples:   4842 | chain(game/max/avg): 3/5/2.7 | reward(game/avg): 4960/4526 | 4.30 games/s | ETA: 44s
[ 110/300] samples:   4892 | chain(game/max/avg): 2/5/2.7 | reward(game/avg): 4660/4527 | 4.19 games/s | ETA: 45s
[ 111/300] samples:   4911 | chain(game/max/avg): 1/5/2.7 | reward(game/avg): 220/4489 | 3.91 games/s | ETA: 48s
[ 112/300] samples:   4932 | chain(game/max/avg): 3/5/2.7 | reward(game/avg): 1420/4461 | 3.87 games/s | ETA: 49s
[ 113/300] samples:   4982 | chain(game/max/avg): 3/5/2.7 | reward(game/avg): 4320/4460 | 3.86 games/s | ETA: 48s
[ 114/300] samples:   5032 | chain(game/max/avg): 4/5/2.7 | reward(game/avg): 6730/4480 | 3.85 games/s | ETA: 48s
[ 115/300] samples:   5082 | chain(game/max/avg): 3/5/2.7 | reward(game/avg): 4760/4482 | 3.75 games/s | ETA: 49s
[ 116/300] samples:   5132 | chain(game/max/avg): 2/5/2.7 | reward(game/avg): 4160/4480 | 3.78 games/s | ETA: 49s
[ 117/300] samples:   5182 | chain(game/max/avg): 3/5/2.7 | reward(game/avg): 4240/4478 | 3.81 games/s | ETA: 48s
[ 118/300] samples:   5232 | chain(game/max/avg): 3/5/2.7 | reward(game/avg): 4620/4479 | 3.58 games/s | ETA: 51s
[ 119/300] samples:   5282 | chain(game/max/avg): 3/5/2.7 | reward(game/avg): 5960/4491 | 3.59 games/s | ETA: 50s
[ 120/300] samples:   5332 | chain(game/max/avg): 3/5/2.7 | reward(game/avg): 4840/4494 | 3.59 games/s | ETA: 50s
[ 121/300] samples:   5382 | chain(game/max/avg): 3/5/2.7 | reward(game/avg): 6560/4511 | 3.55 games/s | ETA: 50s
[ 122/300] samples:   5432 | chain(game/max/avg): 3/5/2.7 | reward(game/avg): 5650/4520 | 3.51 games/s | ETA: 51s
[ 123/300] samples:   5470 | chain(game/max/avg): 3/5/2.7 | reward(game/avg): 2360/4503 | 3.43 games/s | ETA: 52s
[ 124/300] samples:   5520 | chain(game/max/avg): 3/5/2.7 | reward(game/avg): 6200/4517 | 3.31 games/s | ETA: 53s
[ 125/300] samples:   5570 | chain(game/max/avg): 2/5/2.7 | reward(game/avg): 3000/4504 | 3.28 games/s | ETA: 53s
[ 126/300] samples:   5620 | chain(game/max/avg): 3/5/2.7 | reward(game/avg): 5160/4510 | 3.23 games/s | ETA: 54s
[ 127/300] samples:   5670 | chain(game/max/avg): 3/5/2.7 | reward(game/avg): 4760/4512 | 3.26 games/s | ETA: 53s
[ 128/300] samples:   5713 | chain(game/max/avg): 3/5/2.7 | reward(game/avg): 2530/4496 | 3.28 games/s | ETA: 52s
[ 129/300] samples:   5763 | chain(game/max/avg): 4/5/2.7 | reward(game/avg): 4480/4496 | 3.30 games/s | ETA: 52s
[ 130/300] samples:   5813 | chain(game/max/avg): 4/5/2.8 | reward(game/avg): 6670/4513 | 3.29 games/s | ETA: 52s
[ 131/300] samples:   5863 | chain(game/max/avg): 4/5/2.8 | reward(game/avg): 8220/4541 | 3.31 games/s | ETA: 51s
[ 132/300] samples:   5913 | chain(game/max/avg): 3/5/2.8 | reward(game/avg): 4660/4542 | 3.33 games/s | ETA: 50s
[ 133/300] samples:   5962 | chain(game/max/avg): 3/5/2.8 | reward(game/avg): 4400/4541 | 3.35 games/s | ETA: 50s
[ 134/300] samples:   6012 | chain(game/max/avg): 3/5/2.8 | reward(game/avg): 4940/4544 | 3.37 games/s | ETA: 49s
[ 135/300] samples:   6062 | chain(game/max/avg): 3/5/2.8 | reward(game/avg): 4180/4541 | 3.39 games/s | ETA: 49s
[ 136/300] samples:   6112 | chain(game/max/avg): 3/5/2.8 | reward(game/avg): 5340/4547 | 3.41 games/s | ETA: 48s
[ 137/300] samples:   6162 | chain(game/max/avg): 4/5/2.8 | reward(game/avg): 7340/4567 | 3.43 games/s | ETA: 47s
[ 138/300] samples:   6212 | chain(game/max/avg): 3/5/2.8 | reward(game/avg): 5890/4577 | 3.46 games/s | ETA: 47s
[ 139/300] samples:   6262 | chain(game/max/avg): 3/5/2.8 | reward(game/avg): 5400/4583 | 3.48 games/s | ETA: 46s
[ 140/300] samples:   6312 | chain(game/max/avg): 3/5/2.8 | reward(game/avg): 6210/4595 | 3.49 games/s | ETA: 46s
[ 141/300] samples:   6362 | chain(game/max/avg): 4/5/2.8 | reward(game/avg): 8380/4621 | 3.51 games/s | ETA: 45s
[ 142/300] samples:   6412 | chain(game/max/avg): 2/5/2.8 | reward(game/avg): 4240/4619 | 3.53 games/s | ETA: 45s
[ 143/300] samples:   6462 | chain(game/max/avg): 3/5/2.8 | reward(game/avg): 4130/4615 | 3.55 games/s | ETA: 44s
[ 144/300] samples:   6512 | chain(game/max/avg): 3/5/2.8 | reward(game/avg): 5510/4622 | 3.57 games/s | ETA: 44s
[ 145/300] samples:   6562 | chain(game/max/avg): 3/5/2.8 | reward(game/avg): 4840/4623 | 3.60 games/s | ETA: 43s
[ 146/300] samples:   6612 | chain(game/max/avg): 3/5/2.8 | reward(game/avg): 5190/4627 | 3.62 games/s | ETA: 43s
[ 147/300] samples:   6662 | chain(game/max/avg): 3/5/2.8 | reward(game/avg): 6100/4637 | 3.64 games/s | ETA: 42s
[ 148/300] samples:   6712 | chain(game/max/avg): 3/5/2.8 | reward(game/avg): 4720/4638 | 3.67 games/s | ETA: 41s
[ 149/300] samples:   6762 | chain(game/max/avg): 3/5/2.8 | reward(game/avg): 5280/4642 | 3.69 games/s | ETA: 41s
[ 150/300] samples:   6812 | chain(game/max/avg): 3/5/2.8 | reward(game/avg): 6080/4651 | 3.71 games/s | ETA: 40s
[ 151/300] samples:   6862 | chain(game/max/avg): 3/5/2.8 | reward(game/avg): 5180/4655 | 3.73 games/s | ETA: 40s
[ 152/300] samples:   6912 | chain(game/max/avg): 3/5/2.8 | reward(game/avg): 6900/4670 | 3.75 games/s | ETA: 39s
[ 153/300] samples:   6962 | chain(game/max/avg): 2/5/2.8 | reward(game/avg): 4840/4671 | 3.76 games/s | ETA: 39s
[ 154/300] samples:   7012 | chain(game/max/avg): 3/5/2.8 | reward(game/avg): 5790/4678 | 3.79 games/s | ETA: 39s
[ 155/300] samples:   7062 | chain(game/max/avg): 4/5/2.8 | reward(game/avg): 7100/4694 | 3.81 games/s | ETA: 38s
[ 156/300] samples:   7112 | chain(game/max/avg): 4/5/2.8 | reward(game/avg): 7570/4712 | 3.83 games/s | ETA: 38s
[ 157/300] samples:   7162 | chain(game/max/avg): 3/5/2.8 | reward(game/avg): 5460/4717 | 3.84 games/s | ETA: 37s
[ 158/300] samples:   7212 | chain(game/max/avg): 3/5/2.8 | reward(game/avg): 5680/4723 | 3.87 games/s | ETA: 37s
[ 159/300] samples:   7262 | chain(game/max/avg): 3/5/2.8 | reward(game/avg): 5960/4731 | 3.89 games/s | ETA: 36s
[ 160/300] samples:   7312 | chain(game/max/avg): 3/5/2.8 | reward(game/avg): 4440/4729 | 3.91 games/s | ETA: 36s
[ 161/300] samples:   7362 | chain(game/max/avg): 3/5/2.8 | reward(game/avg): 5200/4732 | 3.93 games/s | ETA: 35s
[ 162/300] samples:   7412 | chain(game/max/avg): 3/5/2.8 | reward(game/avg): 4940/4733 | 3.95 games/s | ETA: 35s
[ 163/300] samples:   7462 | chain(game/max/avg): 3/5/2.8 | reward(game/avg): 4980/4735 | 3.97 games/s | ETA: 34s
[ 164/300] samples:   7512 | chain(game/max/avg): 3/5/2.8 | reward(game/avg): 4140/4731 | 3.99 games/s | ETA: 34s
[ 165/300] samples:   7562 | chain(game/max/avg): 4/5/2.8 | reward(game/avg): 5480/4736 | 4.01 games/s | ETA: 34s
[ 166/300] samples:   7612 | chain(game/max/avg): 3/5/2.8 | reward(game/avg): 5000/4737 | 4.03 games/s | ETA: 33s
[ 167/300] samples:   7662 | chain(game/max/avg): 3/5/2.8 | reward(game/avg): 4340/4735 | 4.05 games/s | ETA: 33s
[ 168/300] samples:   7712 | chain(game/max/avg): 3/5/2.8 | reward(game/avg): 5380/4739 | 4.08 games/s | ETA: 32s
[ 169/300] samples:   7762 | chain(game/max/avg): 3/5/2.8 | reward(game/avg): 5200/4741 | 4.10 games/s | ETA: 32s
[ 170/300] samples:   7812 | chain(game/max/avg): 4/5/2.8 | reward(game/avg): 6040/4749 | 4.12 games/s | ETA: 32s
[ 171/300] samples:   7850 | chain(game/max/avg): 2/5/2.8 | reward(game/avg): 2700/4737 | 4.14 games/s | ETA: 31s
[ 172/300] samples:   7900 | chain(game/max/avg): 4/5/2.8 | reward(game/avg): 6220/4746 | 4.16 games/s | ETA: 31s
[ 173/300] samples:   7950 | chain(game/max/avg): 3/5/2.8 | reward(game/avg): 5720/4751 | 4.18 games/s | ETA: 30s
[ 174/300] samples:   7972 | chain(game/max/avg): 2/5/2.8 | reward(game/avg): 1100/4730 | 4.20 games/s | ETA: 30s
[ 175/300] samples:   8022 | chain(game/max/avg): 3/5/2.8 | reward(game/avg): 4300/4728 | 4.22 games/s | ETA: 30s
[ 176/300] samples:   8072 | chain(game/max/avg): 3/5/2.8 | reward(game/avg): 5800/4734 | 4.24 games/s | ETA: 29s
[ 177/300] samples:   8122 | chain(game/max/avg): 4/5/2.8 | reward(game/avg): 5000/4735 | 4.26 games/s | ETA: 29s
[ 178/300] samples:   8172 | chain(game/max/avg): 3/5/2.8 | reward(game/avg): 5340/4739 | 4.28 games/s | ETA: 29s
[ 179/300] samples:   8222 | chain(game/max/avg): 3/5/2.8 | reward(game/avg): 6150/4747 | 4.30 games/s | ETA: 28s
[ 180/300] samples:   8272 | chain(game/max/avg): 3/5/2.9 | reward(game/avg): 5580/4751 | 4.33 games/s | ETA: 28s
[ 181/300] samples:   8322 | chain(game/max/avg): 3/5/2.9 | reward(game/avg): 4380/4749 | 4.35 games/s | ETA: 27s
[ 182/300] samples:   8372 | chain(game/max/avg): 2/5/2.8 | reward(game/avg): 3620/4743 | 4.37 games/s | ETA: 27s
[ 183/300] samples:   8422 | chain(game/max/avg): 3/5/2.8 | reward(game/avg): 6760/4754 | 4.37 games/s | ETA: 27s
[ 184/300] samples:   8472 | chain(game/max/avg): 2/5/2.8 | reward(game/avg): 3990/4750 | 4.39 games/s | ETA: 26s
[ 185/300] samples:   8522 | chain(game/max/avg): 3/5/2.8 | reward(game/avg): 4260/4747 | 4.41 games/s | ETA: 26s
[ 186/300] samples:   8572 | chain(game/max/avg): 3/5/2.8 | reward(game/avg): 5490/4751 | 4.44 games/s | ETA: 26s
[ 187/300] samples:   8622 | chain(game/max/avg): 3/5/2.8 | reward(game/avg): 4720/4751 | 4.46 games/s | ETA: 25s
[ 188/300] samples:   8672 | chain(game/max/avg): 2/5/2.8 | reward(game/avg): 5490/4755 | 4.48 games/s | ETA: 25s
[ 189/300] samples:   8722 | chain(game/max/avg): 3/5/2.8 | reward(game/avg): 5460/4759 | 4.49 games/s | ETA: 25s
[ 190/300] samples:   8772 | chain(game/max/avg): 3/5/2.8 | reward(game/avg): 5420/4762 | 4.51 games/s | ETA: 24s
[ 191/300] samples:   8822 | chain(game/max/avg): 3/5/2.8 | reward(game/avg): 6070/4769 | 4.53 games/s | ETA: 24s
[ 192/300] samples:   8872 | chain(game/max/avg): 3/5/2.8 | reward(game/avg): 6000/4776 | 4.55 games/s | ETA: 24s
[ 193/300] samples:   8922 | chain(game/max/avg): 3/5/2.8 | reward(game/avg): 5240/4778 | 4.57 games/s | ETA: 23s
[ 194/300] samples:   8972 | chain(game/max/avg): 3/5/2.8 | reward(game/avg): 5920/4784 | 4.59 games/s | ETA: 23s
[ 195/300] samples:   9022 | chain(game/max/avg): 3/5/2.8 | reward(game/avg): 4800/4784 | 4.62 games/s | ETA: 23s
[ 196/300] samples:   9072 | chain(game/max/avg): 3/5/2.8 | reward(game/avg): 5860/4789 | 4.64 games/s | ETA: 22s
[ 197/300] samples:   9122 | chain(game/max/avg): 2/5/2.8 | reward(game/avg): 4480/4788 | 4.66 games/s | ETA: 22s
[ 198/300] samples:   9172 | chain(game/max/avg): 3/5/2.8 | reward(game/avg): 5500/4791 | 4.68 games/s | ETA: 22s
[ 199/300] samples:   9222 | chain(game/max/avg): 3/5/2.8 | reward(game/avg): 4480/4790 | 4.70 games/s | ETA: 21s
[ 200/300] samples:   9272 | chain(game/max/avg): 3/5/2.8 | reward(game/avg): 4970/4791 | 4.72 games/s | ETA: 21s
[ 201/300] samples:   9322 | chain(game/max/avg): 3/5/2.8 | reward(game/avg): 7360/4804 | 4.74 games/s | ETA: 21s
[ 202/300] samples:   9372 | chain(game/max/avg): 3/5/2.8 | reward(game/avg): 6550/4812 | 4.75 games/s | ETA: 21s
[ 203/300] samples:   9422 | chain(game/max/avg): 4/5/2.9 | reward(game/avg): 7240/4824 | 4.77 games/s | ETA: 20s
[ 204/300] samples:   9472 | chain(game/max/avg): 3/5/2.9 | reward(game/avg): 4620/4823 | 4.77 games/s | ETA: 20s
[ 205/300] samples:   9484 | chain(game/max/avg): 1/5/2.8 | reward(game/avg): 40/4800 | 4.77 games/s | ETA: 20s
[ 206/300] samples:   9534 | chain(game/max/avg): 3/5/2.8 | reward(game/avg): 4640/4799 | 4.79 games/s | ETA: 20s
[ 207/300] samples:   9584 | chain(game/max/avg): 3/5/2.8 | reward(game/avg): 6380/4807 | 4.78 games/s | ETA: 19s
[ 208/300] samples:   9634 | chain(game/max/avg): 3/5/2.8 | reward(game/avg): 4600/4806 | 4.73 games/s | ETA: 19s
[ 209/300] samples:   9684 | chain(game/max/avg): 4/5/2.9 | reward(game/avg): 6220/4812 | 4.74 games/s | ETA: 19s
[ 210/300] samples:   9734 | chain(game/max/avg): 3/5/2.9 | reward(game/avg): 4880/4813 | 4.73 games/s | ETA: 19s
[ 211/300] samples:   9749 | chain(game/max/avg): 1/5/2.8 | reward(game/avg): 80/4790 | 4.74 games/s | ETA: 19s
[ 212/300] samples:   9799 | chain(game/max/avg): 3/5/2.8 | reward(game/avg): 6780/4800 | 4.76 games/s | ETA: 18s
[ 213/300] samples:   9849 | chain(game/max/avg): 4/5/2.8 | reward(game/avg): 4520/4798 | 4.77 games/s | ETA: 18s
[ 214/300] samples:   9899 | chain(game/max/avg): 2/5/2.8 | reward(game/avg): 4500/4797 | 4.72 games/s | ETA: 18s
[ 215/300] samples:   9914 | chain(game/max/avg): 2/5/2.8 | reward(game/avg): 360/4776 | 4.74 games/s | ETA: 18s
[ 216/300] samples:   9929 | chain(game/max/avg): 2/5/2.8 | reward(game/avg): 420/4756 | 4.60 games/s | ETA: 18s
[ 217/300] samples:   9979 | chain(game/max/avg): 3/5/2.8 | reward(game/avg): 4930/4757 | 4.60 games/s | ETA: 18s
[ 218/300] samples:  10029 | chain(game/max/avg): 3/5/2.8 | reward(game/avg): 4900/4758 | 4.53 games/s | ETA: 18s
[ 219/300] samples:  10052 | chain(game/max/avg): 3/5/2.8 | reward(game/avg): 1540/4743 | 4.52 games/s | ETA: 18s
[ 220/300] samples:  10102 | chain(game/max/avg): 3/5/2.8 | reward(game/avg): 4520/4742 | 4.53 games/s | ETA: 18s
[ 221/300] samples:  10122 | chain(game/max/avg): 3/5/2.8 | reward(game/avg): 1360/4727 | 4.53 games/s | ETA: 17s
[ 222/300] samples:  10145 | chain(game/max/avg): 1/5/2.8 | reward(game/avg): 840/4709 | 4.55 games/s | ETA: 17s
[ 223/300] samples:  10195 | chain(game/max/avg): 3/5/2.8 | reward(game/avg): 5740/4714 | 4.57 games/s | ETA: 17s
[ 224/300] samples:  10245 | chain(game/max/avg): 3/5/2.8 | reward(game/avg): 5400/4717 | 4.59 games/s | ETA: 17s
[ 225/300] samples:  10268 | chain(game/max/avg): 2/5/2.8 | reward(game/avg): 860/4700 | 4.59 games/s | ETA: 16s
[ 226/300] samples:  10295 | chain(game/max/avg): 3/5/2.8 | reward(game/avg): 1920/4687 | 4.59 games/s | ETA: 16s
[ 227/300] samples:  10318 | chain(game/max/avg): 3/5/2.8 | reward(game/avg): 1850/4675 | 4.59 games/s | ETA: 16s
[ 228/300] samples:  10368 | chain(game/max/avg): 2/5/2.8 | reward(game/avg): 3380/4669 | 4.54 games/s | ETA: 16s
[ 229/300] samples:  10418 | chain(game/max/avg): 3/5/2.8 | reward(game/avg): 4820/4670 | 4.50 games/s | ETA: 16s
[ 230/300] samples:  10468 | chain(game/max/avg): 2/5/2.8 | reward(game/avg): 3920/4667 | 4.43 games/s | ETA: 16s
[ 231/300] samples:  10518 | chain(game/max/avg): 4/5/2.8 | reward(game/avg): 6940/4676 | 4.44 games/s | ETA: 16s
[ 232/300] samples:  10553 | chain(game/max/avg): 2/5/2.8 | reward(game/avg): 2200/4666 | 4.44 games/s | ETA: 15s
[ 233/300] samples:  10591 | chain(game/max/avg): 2/5/2.8 | reward(game/avg): 1840/4654 | 4.46 games/s | ETA: 15s
[ 234/300] samples:  10641 | chain(game/max/avg): 4/5/2.8 | reward(game/avg): 5260/4656 | 4.32 games/s | ETA: 15s
[ 235/300] samples:  10691 | chain(game/max/avg): 3/5/2.8 | reward(game/avg): 4960/4658 | 4.23 games/s | ETA: 15s
[ 236/300] samples:  10735 | chain(game/max/avg): 3/5/2.8 | reward(game/avg): 2880/4650 | 4.21 games/s | ETA: 15s
[ 237/300] samples:  10778 | chain(game/max/avg): 3/5/2.8 | reward(game/avg): 3600/4646 | 4.11 games/s | ETA: 15s
[ 238/300] samples:  10824 | chain(game/max/avg): 3/5/2.8 | reward(game/avg): 4000/4643 | 4.11 games/s | ETA: 15s
[ 239/300] samples:  10874 | chain(game/max/avg): 3/5/2.8 | reward(game/avg): 4260/4641 | 4.11 games/s | ETA: 15s
[ 240/300] samples:  10924 | chain(game/max/avg): 3/5/2.8 | reward(game/avg): 5540/4645 | 4.12 games/s | ETA: 15s
[ 241/300] samples:  10974 | chain(game/max/avg): 3/5/2.8 | reward(game/avg): 6820/4654 | 4.13 games/s | ETA: 14s
[ 242/300] samples:  11024 | chain(game/max/avg): 3/5/2.8 | reward(game/avg): 5660/4658 | 4.13 games/s | ETA: 14s
[ 243/300] samples:  11074 | chain(game/max/avg): 3/5/2.8 | reward(game/avg): 4440/4657 | 4.14 games/s | ETA: 14s
[ 244/300] samples:  11124 | chain(game/max/avg): 3/5/2.8 | reward(game/avg): 4620/4657 | 4.12 games/s | ETA: 14s
[ 245/300] samples:  11174 | chain(game/max/avg): 3/5/2.8 | reward(game/avg): 4680/4657 | 4.13 games/s | ETA: 13s
[ 246/300] samples:  11224 | chain(game/max/avg): 3/5/2.8 | reward(game/avg): 3720/4653 | 4.13 games/s | ETA: 13s
[ 247/300] samples:  11274 | chain(game/max/avg): 3/5/2.8 | reward(game/avg): 4540/4653 | 4.15 games/s | ETA: 13s
[ 248/300] samples:  11324 | chain(game/max/avg): 3/5/2.8 | reward(game/avg): 7180/4663 | 4.13 games/s | ETA: 13s
[ 249/300] samples:  11374 | chain(game/max/avg): 3/5/2.8 | reward(game/avg): 5120/4665 | 4.14 games/s | ETA: 12s
[ 250/300] samples:  11424 | chain(game/max/avg): 3/5/2.8 | reward(game/avg): 5980/4670 | 4.11 games/s | ETA: 12s
[ 251/300] samples:  11474 | chain(game/max/avg): 3/5/2.8 | reward(game/avg): 3640/4666 | 4.13 games/s | ETA: 12s
[ 252/300] samples:  11524 | chain(game/max/avg): 2/5/2.8 | reward(game/avg): 3940/4663 | 4.11 games/s | ETA: 12s
[ 253/300] samples:  11574 | chain(game/max/avg): 3/5/2.8 | reward(game/avg): 4380/4662 | 4.12 games/s | ETA: 11s
[ 254/300] samples:  11624 | chain(game/max/avg): 3/5/2.8 | reward(game/avg): 6540/4670 | 4.13 games/s | ETA: 11s
[ 255/300] samples:  11674 | chain(game/max/avg): 3/5/2.8 | reward(game/avg): 5960/4675 | 4.11 games/s | ETA: 11s
[ 256/300] samples:  11724 | chain(game/max/avg): 2/5/2.8 | reward(game/avg): 3740/4671 | 4.12 games/s | ETA: 11s
[ 257/300] samples:  11774 | chain(game/max/avg): 3/5/2.8 | reward(game/avg): 6400/4678 | 4.12 games/s | ETA: 10s
[ 258/300] samples:  11824 | chain(game/max/avg): 3/5/2.8 | reward(game/avg): 5340/4680 | 4.13 games/s | ETA: 10s
[ 259/300] samples:  11874 | chain(game/max/avg): 2/5/2.8 | reward(game/avg): 4450/4679 | 4.12 games/s | ETA: 10s
[ 260/300] samples:  11924 | chain(game/max/avg): 3/5/2.8 | reward(game/avg): 5800/4684 | 4.12 games/s | ETA: 10s
[ 261/300] samples:  11974 | chain(game/max/avg): 3/5/2.8 | reward(game/avg): 4680/4684 | 4.14 games/s | ETA: 9s
[ 262/300] samples:  12024 | chain(game/max/avg): 3/5/2.8 | reward(game/avg): 6180/4689 | 4.13 games/s | ETA: 9s
[ 263/300] samples:  12074 | chain(game/max/avg): 3/5/2.8 | reward(game/avg): 4900/4690 | 4.13 games/s | ETA: 9s
[ 264/300] samples:  12124 | chain(game/max/avg): 3/5/2.8 | reward(game/avg): 6060/4695 | 4.15 games/s | ETA: 9s
[ 265/300] samples:  12174 | chain(game/max/avg): 3/5/2.8 | reward(game/avg): 6190/4701 | 4.15 games/s | ETA: 8s
[ 266/300] samples:  12224 | chain(game/max/avg): 3/5/2.8 | reward(game/avg): 4240/4699 | 4.16 games/s | ETA: 8s
[ 267/300] samples:  12274 | chain(game/max/avg): 3/5/2.8 | reward(game/avg): 5000/4700 | 4.15 games/s | ETA: 8s
[ 268/300] samples:  12324 | chain(game/max/avg): 3/5/2.8 | reward(game/avg): 5340/4703 | 4.13 games/s | ETA: 8s
[ 269/300] samples:  12374 | chain(game/max/avg): 3/5/2.8 | reward(game/avg): 4980/4704 | 4.15 games/s | ETA: 7s
[ 270/300] samples:  12424 | chain(game/max/avg): 3/5/2.8 | reward(game/avg): 5780/4708 | 4.16 games/s | ETA: 7s
[ 271/300] samples:  12474 | chain(game/max/avg): 3/5/2.8 | reward(game/avg): 5840/4712 | 4.17 games/s | ETA: 7s
[ 272/300] samples:  12524 | chain(game/max/avg): 3/5/2.8 | reward(game/avg): 4480/4711 | 4.18 games/s | ETA: 7s
[ 273/300] samples:  12574 | chain(game/max/avg): 4/5/2.8 | reward(game/avg): 7160/4720 | 4.20 games/s | ETA: 6s
[ 274/300] samples:  12624 | chain(game/max/avg): 3/5/2.8 | reward(game/avg): 5580/4723 | 4.21 games/s | ETA: 6s
[ 275/300] samples:  12674 | chain(game/max/avg): 3/5/2.8 | reward(game/avg): 4200/4721 | 4.23 games/s | ETA: 6s
[ 276/300] samples:  12724 | chain(game/max/avg): 3/5/2.8 | reward(game/avg): 5490/4724 | 4.24 games/s | ETA: 6s
[ 277/300] samples:  12774 | chain(game/max/avg): 3/5/2.8 | reward(game/avg): 4730/4724 | 4.25 games/s | ETA: 5s
[ 278/300] samples:  12824 | chain(game/max/avg): 3/5/2.8 | reward(game/avg): 5600/4727 | 4.23 games/s | ETA: 5s
[ 279/300] samples:  12874 | chain(game/max/avg): 3/5/2.8 | reward(game/avg): 5940/4732 | 4.24 games/s | ETA: 5s
[ 280/300] samples:  12924 | chain(game/max/avg): 3/5/2.9 | reward(game/avg): 7100/4740 | 4.25 games/s | ETA: 5s
[ 281/300] samples:  12974 | chain(game/max/avg): 3/5/2.9 | reward(game/avg): 4660/4740 | 4.27 games/s | ETA: 4s
[ 282/300] samples:  13024 | chain(game/max/avg): 3/5/2.9 | reward(game/avg): 5820/4744 | 4.23 games/s | ETA: 4s
[ 283/300] samples:  13074 | chain(game/max/avg): 3/5/2.9 | reward(game/avg): 4580/4743 | 4.24 games/s | ETA: 4s
[ 284/300] samples:  13124 | chain(game/max/avg): 3/5/2.9 | reward(game/avg): 6040/4748 | 4.25 games/s | ETA: 4s
[ 285/300] samples:  13174 | chain(game/max/avg): 3/5/2.9 | reward(game/avg): 4440/4747 | 4.20 games/s | ETA: 4s
[ 286/300] samples:  13224 | chain(game/max/avg): 3/5/2.9 | reward(game/avg): 4280/4745 | 4.22 games/s | ETA: 3s
[ 287/300] samples:  13274 | chain(game/max/avg): 3/5/2.9 | reward(game/avg): 5440/4747 | 4.19 games/s | ETA: 3s
[ 288/300] samples:  13324 | chain(game/max/avg): 3/5/2.9 | reward(game/avg): 4820/4748 | 4.19 games/s | ETA: 3s
[ 289/300] samples:  13374 | chain(game/max/avg): 2/5/2.9 | reward(game/avg): 3620/4744 | 4.19 games/s | ETA: 3s
[ 290/300] samples:  13424 | chain(game/max/avg): 3/5/2.9 | reward(game/avg): 5780/4747 | 4.19 games/s | ETA: 2s
[ 291/300] samples:  13474 | chain(game/max/avg): 4/5/2.9 | reward(game/avg): 6340/4753 | 4.20 games/s | ETA: 2s
[ 292/300] samples:  13524 | chain(game/max/avg): 3/5/2.9 | reward(game/avg): 5800/4756 | 4.20 games/s | ETA: 2s
[ 293/300] samples:  13574 | chain(game/max/avg): 3/5/2.9 | reward(game/avg): 6280/4762 | 4.20 games/s | ETA: 2s
[ 294/300] samples:  13624 | chain(game/max/avg): 4/5/2.9 | reward(game/avg): 6560/4768 | 4.19 games/s | ETA: 1s
[ 295/300] samples:  13674 | chain(game/max/avg): 3/5/2.9 | reward(game/avg): 7080/4775 | 4.20 games/s | ETA: 1s
[ 296/300] samples:  13724 | chain(game/max/avg): 3/5/2.9 | reward(game/avg): 7070/4783 | 4.20 games/s | ETA: 1s
[ 297/300] samples:  13774 | chain(game/max/avg): 3/5/2.9 | reward(game/avg): 5180/4785 | 4.17 games/s | ETA: 1s
[ 298/300] samples:  13824 | chain(game/max/avg): 3/5/2.9 | reward(game/avg): 6220/4789 | 4.18 games/s | ETA: 0s
[ 299/300] samples:  13874 | chain(game/max/avg): 4/5/2.9 | reward(game/avg): 6140/4794 | 4.19 games/s | ETA: 0s
[ 300/300] samples:  13924 | chain(game/max/avg): 3/5/2.9 | reward(game/avg): 7000/4801 | 4.19 games/s | ETA: 0s
Self-play complete: 300 games, 13924 samples, max chain: 5
Saved to data/alphazero_iter_4.bin
[2026-04-02 10:51:20] Train start (AlphaZero mode, replay buffer, global_step=3000)
    Finished `release` profile [optimized] target(s) in 3.88s
     Running `target/release/train --alphazero --data-dir data --global-step 3000`
Backend: CUDA (GPU)
Mode: AlphaZero (Policy CE + Value MSE)
Loading AlphaZero datasets from data...
Found 4 data files
  Loaded 7492 samples from data/alphazero_iter_1.bin
  Loaded 13965 samples from data/alphazero_iter_2.bin
  Loaded 13954 samples from data/alphazero_iter_3.bin
  Loaded 13924 samples from data/alphazero_iter_4.bin
Loaded 49335 total samples
Train: 49335 samples (color augmented on-the-fly, no val split)
Loaded existing model from artifacts/puyo_model
AlphaZero training: 1000 steps, global_step=3000, LR 2e-1 (end ~2e-1)
  step 50/1000 p_loss=0.9322 v_loss=0.3195 lr=0.200000  step 100/1000 p_loss=0.8708 v_loss=0.3162 lr=0.200000  step 150/1000 p_loss=0.8338 v_loss=0.3150 lr=0.200000  step 200/1000 p_loss=0.8045 v_loss=0.3145 lr=0.200000  step 250/1000 p_loss=0.7802 v_loss=0.3129 lr=0.200000  step 300/1000 p_loss=0.7563 v_loss=0.3099 lr=0.200000  step 350/1000 p_loss=0.7353 v_loss=0.3061 lr=0.200000  step 400/1000 p_loss=0.7140 v_loss=0.3025 lr=0.200000  step 450/1000 p_loss=0.6949 v_loss=0.2988 lr=0.200000  step 500/1000 p_loss=0.6777 v_loss=0.2950 lr=0.200000  step 550/1000 p_loss=0.6618 v_loss=0.2908 lr=0.200000  step 600/1000 p_loss=0.6468 v_loss=0.2869 lr=0.200000  step 650/1000 p_loss=0.6330 v_loss=0.2830 lr=0.200000  step 700/1000 p_loss=0.6199 v_loss=0.2790 lr=0.200000  step 750/1000 p_loss=0.6084 v_loss=0.2754 lr=0.200000  step 800/1000 p_loss=0.5976 v_loss=0.2717 lr=0.200000  step 850/1000 p_loss=0.5872 v_loss=0.2680 lr=0.200000  step 900/1000 p_loss=0.5775 v_loss=0.2643 lr=0.200000  step 950/1000 p_loss=0.5682 v_loss=0.2607 lr=0.200000  step 1000/1000 p_loss=0.5595 v_loss=0.2570 lr=0.200000
AlphaZero training complete. final train_loss(p=0.559517, v=0.257039) global_step=4000
[2026-04-02 10:56:34] === Iteration 4 complete ===
[2026-04-02 10:56:34] --- Iteration 5 (sims=64, global_step=4000) ---
[2026-04-02 10:56:34] Self-play start (m=16, c_visit=50.0)
    Finished `release` profile [optimized] target(s) in 4.83s
     Running `target/release/self-play --games 300 --simulations 64 --c-puct-init 1.5 --m 16 --c-visit 50.0 --gamma 0.95 --min-chain 0 --output data/alphazero_iter_5.bin`
games=300, simulations=64, c_puct_init=1.5, c_puct_base=19652, m=16, c_visit=50, gamma=0.95
Backend: CudaJit (GPU) — Gumbel MCTS self-play (batched)
Loaded existing model from artifacts/puyo_model
Using 128 game threads, max_batch_size=128
[   1/300] samples:     17 | chain(game/max/avg): 2/2/2.0 | reward(game/avg): 580/580 | 0.14 games/s | ETA: 2152s
[   2/300] samples:     36 | chain(game/max/avg): 2/2/2.0 | reward(game/avg): 960/770 | 0.25 games/s | ETA: 1170s
[   3/300] samples:     57 | chain(game/max/avg): 3/3/2.3 | reward(game/avg): 1340/960 | 0.32 games/s | ETA: 924s
[   4/300] samples:     81 | chain(game/max/avg): 2/3/2.2 | reward(game/avg): 1220/1025 | 0.42 games/s | ETA: 702s
[   5/300] samples:    102 | chain(game/max/avg): 2/3/2.2 | reward(game/avg): 820/984 | 0.50 games/s | ETA: 588s
[   6/300] samples:    128 | chain(game/max/avg): 3/3/2.3 | reward(game/avg): 2220/1190 | 0.57 games/s | ETA: 520s
[   7/300] samples:    157 | chain(game/max/avg): 3/3/2.4 | reward(game/avg): 1460/1229 | 0.50 games/s | ETA: 586s
[   8/300] samples:    187 | chain(game/max/avg): 4/4/2.6 | reward(game/avg): 4080/1585 | 0.56 games/s | ETA: 521s
[   9/300] samples:    224 | chain(game/max/avg): 3/4/2.7 | reward(game/avg): 2940/1736 | 0.50 games/s | ETA: 577s
[  10/300] samples:    274 | chain(game/max/avg): 3/4/2.7 | reward(game/avg): 3920/1954 | 0.48 games/s | ETA: 602s
[  11/300] samples:    324 | chain(game/max/avg): 4/4/2.8 | reward(game/avg): 6740/2389 | 0.51 games/s | ETA: 564s
[  12/300] samples:    374 | chain(game/max/avg): 3/4/2.8 | reward(game/avg): 4890/2598 | 0.55 games/s | ETA: 523s
[  13/300] samples:    424 | chain(game/max/avg): 3/4/2.8 | reward(game/avg): 5480/2819 | 0.60 games/s | ETA: 481s
[  14/300] samples:    474 | chain(game/max/avg): 4/4/2.9 | reward(game/avg): 7140/3128 | 0.64 games/s | ETA: 449s
[  15/300] samples:    524 | chain(game/max/avg): 3/4/2.9 | reward(game/avg): 5200/3266 | 0.68 games/s | ETA: 418s
[  16/300] samples:    574 | chain(game/max/avg): 3/4/2.9 | reward(game/avg): 5860/3428 | 0.72 games/s | ETA: 392s
[  17/300] samples:    624 | chain(game/max/avg): 3/4/2.9 | reward(game/avg): 6210/3592 | 0.77 games/s | ETA: 370s
[  18/300] samples:    674 | chain(game/max/avg): 4/4/3.0 | reward(game/avg): 5490/3697 | 0.81 games/s | ETA: 349s
[  19/300] samples:    724 | chain(game/max/avg): 4/4/3.1 | reward(game/avg): 5640/3799 | 0.85 games/s | ETA: 330s
[  20/300] samples:    774 | chain(game/max/avg): 3/4/3.0 | reward(game/avg): 6340/3926 | 0.89 games/s | ETA: 313s
[  21/300] samples:    824 | chain(game/max/avg): 3/4/3.0 | reward(game/avg): 4380/3948 | 0.94 games/s | ETA: 297s
[  22/300] samples:    874 | chain(game/max/avg): 3/4/3.0 | reward(game/avg): 4280/3963 | 0.98 games/s | ETA: 284s
[  23/300] samples:    924 | chain(game/max/avg): 4/4/3.1 | reward(game/avg): 6360/4067 | 1.02 games/s | ETA: 271s
[  24/300] samples:    974 | chain(game/max/avg): 3/4/3.1 | reward(game/avg): 5780/4139 | 1.07 games/s | ETA: 259s
[  25/300] samples:   1024 | chain(game/max/avg): 3/4/3.1 | reward(game/avg): 4680/4160 | 1.11 games/s | ETA: 248s
[  26/300] samples:   1074 | chain(game/max/avg): 4/4/3.1 | reward(game/avg): 7580/4292 | 1.15 games/s | ETA: 238s
[  27/300] samples:   1124 | chain(game/max/avg): 3/4/3.1 | reward(game/avg): 5120/4323 | 1.19 games/s | ETA: 229s
[  28/300] samples:   1174 | chain(game/max/avg): 2/4/3.1 | reward(game/avg): 5240/4355 | 1.23 games/s | ETA: 221s
[  29/300] samples:   1224 | chain(game/max/avg): 4/4/3.1 | reward(game/avg): 6900/4443 | 1.28 games/s | ETA: 212s
[  30/300] samples:   1274 | chain(game/max/avg): 3/4/3.1 | reward(game/avg): 5620/4482 | 1.32 games/s | ETA: 205s
[  31/300] samples:   1324 | chain(game/max/avg): 4/4/3.1 | reward(game/avg): 6380/4544 | 1.36 games/s | ETA: 198s
[  32/300] samples:   1374 | chain(game/max/avg): 3/4/3.1 | reward(game/avg): 6390/4601 | 1.40 games/s | ETA: 192s
[  33/300] samples:   1424 | chain(game/max/avg): 3/4/3.1 | reward(game/avg): 5430/4626 | 1.44 games/s | ETA: 185s
[  34/300] samples:   1474 | chain(game/max/avg): 3/4/3.1 | reward(game/avg): 4520/4623 | 1.48 games/s | ETA: 179s
[  35/300] samples:   1524 | chain(game/max/avg): 3/4/3.1 | reward(game/avg): 5940/4661 | 1.52 games/s | ETA: 174s
[  36/300] samples:   1574 | chain(game/max/avg): 3/4/3.1 | reward(game/avg): 6820/4721 | 1.57 games/s | ETA: 169s
[  37/300] samples:   1624 | chain(game/max/avg): 3/4/3.1 | reward(game/avg): 5390/4739 | 1.61 games/s | ETA: 163s
[  38/300] samples:   1674 | chain(game/max/avg): 4/4/3.1 | reward(game/avg): 7980/4824 | 1.65 games/s | ETA: 159s
[  39/300] samples:   1724 | chain(game/max/avg): 3/4/3.1 | reward(game/avg): 5660/4846 | 1.69 games/s | ETA: 154s
[  40/300] samples:   1774 | chain(game/max/avg): 2/4/3.1 | reward(game/avg): 2940/4798 | 1.74 games/s | ETA: 150s
[  41/300] samples:   1824 | chain(game/max/avg): 2/4/3.1 | reward(game/avg): 4770/4797 | 1.78 games/s | ETA: 146s
[  42/300] samples:   1874 | chain(game/max/avg): 3/4/3.1 | reward(game/avg): 5920/4824 | 1.82 games/s | ETA: 142s
[  43/300] samples:   1924 | chain(game/max/avg): 2/4/3.0 | reward(game/avg): 5180/4832 | 1.86 games/s | ETA: 138s
[  44/300] samples:   1974 | chain(game/max/avg): 3/4/3.0 | reward(game/avg): 4280/4820 | 1.90 games/s | ETA: 134s
[  45/300] samples:   2024 | chain(game/max/avg): 4/4/3.1 | reward(game/avg): 5420/4833 | 1.95 games/s | ETA: 131s
[  46/300] samples:   2074 | chain(game/max/avg): 3/4/3.1 | reward(game/avg): 5260/4842 | 1.99 games/s | ETA: 128s
[  47/300] samples:   2124 | chain(game/max/avg): 3/4/3.1 | reward(game/avg): 5340/4853 | 2.03 games/s | ETA: 125s
[  48/300] samples:   2174 | chain(game/max/avg): 2/4/3.0 | reward(game/avg): 4140/4838 | 2.07 games/s | ETA: 121s
[  49/300] samples:   2224 | chain(game/max/avg): 3/4/3.0 | reward(game/avg): 5860/4859 | 2.12 games/s | ETA: 119s
[  50/300] samples:   2274 | chain(game/max/avg): 2/4/3.0 | reward(game/avg): 3360/4829 | 2.16 games/s | ETA: 116s
[  51/300] samples:   2324 | chain(game/max/avg): 3/4/3.0 | reward(game/avg): 4800/4828 | 2.20 games/s | ETA: 113s
[  52/300] samples:   2374 | chain(game/max/avg): 3/4/3.0 | reward(game/avg): 5200/4836 | 2.25 games/s | ETA: 110s
[  53/300] samples:   2424 | chain(game/max/avg): 3/4/3.0 | reward(game/avg): 5150/4842 | 2.29 games/s | ETA: 108s
[  54/300] samples:   2474 | chain(game/max/avg): 4/4/3.0 | reward(game/avg): 6100/4865 | 2.33 games/s | ETA: 106s
[  55/300] samples:   2524 | chain(game/max/avg): 3/4/3.0 | reward(game/avg): 3600/4842 | 2.37 games/s | ETA: 103s
[  56/300] samples:   2574 | chain(game/max/avg): 3/4/3.0 | reward(game/avg): 4400/4834 | 2.41 games/s | ETA: 101s
[  57/300] samples:   2624 | chain(game/max/avg): 4/4/3.1 | reward(game/avg): 6430/4862 | 2.45 games/s | ETA: 99s
[  58/300] samples:   2674 | chain(game/max/avg): 4/4/3.1 | reward(game/avg): 6960/4898 | 2.49 games/s | ETA: 97s
[  59/300] samples:   2724 | chain(game/max/avg): 2/4/3.1 | reward(game/avg): 5580/4910 | 2.53 games/s | ETA: 95s
[  60/300] samples:   2774 | chain(game/max/avg): 3/4/3.0 | reward(game/avg): 5140/4914 | 2.57 games/s | ETA: 93s
[  61/300] samples:   2824 | chain(game/max/avg): 3/4/3.0 | reward(game/avg): 5320/4920 | 2.61 games/s | ETA: 91s
[  62/300] samples:   2874 | chain(game/max/avg): 3/4/3.0 | reward(game/avg): 6020/4938 | 2.65 games/s | ETA: 90s
[  63/300] samples:   2924 | chain(game/max/avg): 3/4/3.0 | reward(game/avg): 4360/4929 | 2.70 games/s | ETA: 88s
[  64/300] samples:   2974 | chain(game/max/avg): 3/4/3.0 | reward(game/avg): 4940/4929 | 2.74 games/s | ETA: 86s
[  65/300] samples:   3024 | chain(game/max/avg): 3/4/3.0 | reward(game/avg): 5380/4936 | 2.78 games/s | ETA: 85s
[  66/300] samples:   3074 | chain(game/max/avg): 3/4/3.0 | reward(game/avg): 7180/4970 | 2.82 games/s | ETA: 83s
[  67/300] samples:   3124 | chain(game/max/avg): 3/4/3.0 | reward(game/avg): 5580/4979 | 2.86 games/s | ETA: 81s
[  68/300] samples:   3174 | chain(game/max/avg): 3/4/3.0 | reward(game/avg): 5110/4981 | 2.88 games/s | ETA: 81s
[  69/300] samples:   3224 | chain(game/max/avg): 3/4/3.0 | reward(game/avg): 5660/4991 | 2.92 games/s | ETA: 79s
[  70/300] samples:   3274 | chain(game/max/avg): 3/4/3.0 | reward(game/avg): 5720/5001 | 2.96 games/s | ETA: 78s
[  71/300] samples:   3324 | chain(game/max/avg): 3/4/3.0 | reward(game/avg): 6700/5025 | 2.99 games/s | ETA: 77s
[  72/300] samples:   3374 | chain(game/max/avg): 3/4/3.0 | reward(game/avg): 4430/5017 | 3.03 games/s | ETA: 75s
[  73/300] samples:   3424 | chain(game/max/avg): 3/4/3.0 | reward(game/avg): 5740/5027 | 3.07 games/s | ETA: 74s
[  74/300] samples:   3474 | chain(game/max/avg): 3/4/3.0 | reward(game/avg): 5420/5032 | 3.11 games/s | ETA: 73s
[  75/300] samples:   3524 | chain(game/max/avg): 3/4/3.0 | reward(game/avg): 4680/5027 | 3.15 games/s | ETA: 71s
[  76/300] samples:   3574 | chain(game/max/avg): 2/4/3.0 | reward(game/avg): 5140/5029 | 3.19 games/s | ETA: 70s
[  77/300] samples:   3624 | chain(game/max/avg): 3/4/3.0 | reward(game/avg): 5480/5035 | 3.22 games/s | ETA: 69s
[  78/300] samples:   3674 | chain(game/max/avg): 3/4/3.0 | reward(game/avg): 5480/5040 | 3.26 games/s | ETA: 68s
[  79/300] samples:   3707 | chain(game/max/avg): 2/4/3.0 | reward(game/avg): 2430/5007 | 3.30 games/s | ETA: 67s
[  80/300] samples:   3757 | chain(game/max/avg): 3/4/3.0 | reward(game/avg): 6770/5029 | 3.34 games/s | ETA: 66s
[  81/300] samples:   3807 | chain(game/max/avg): 3/4/3.0 | reward(game/avg): 7020/5054 | 3.38 games/s | ETA: 65s
[  82/300] samples:   3857 | chain(game/max/avg): 3/4/3.0 | reward(game/avg): 4920/5052 | 3.42 games/s | ETA: 64s
[  83/300] samples:   3907 | chain(game/max/avg): 3/4/3.0 | reward(game/avg): 7110/5077 | 3.46 games/s | ETA: 63s
[  84/300] samples:   3957 | chain(game/max/avg): 3/4/3.0 | reward(game/avg): 5820/5086 | 3.50 games/s | ETA: 62s
[  85/300] samples:   4007 | chain(game/max/avg): 4/4/3.0 | reward(game/avg): 6860/5107 | 3.53 games/s | ETA: 61s
[  86/300] samples:   4057 | chain(game/max/avg): 4/4/3.0 | reward(game/avg): 5900/5116 | 3.58 games/s | ETA: 60s
[  87/300] samples:   4107 | chain(game/max/avg): 2/4/3.0 | reward(game/avg): 4950/5114 | 3.61 games/s | ETA: 59s
[  88/300] samples:   4157 | chain(game/max/avg): 3/4/3.0 | reward(game/avg): 4980/5113 | 3.65 games/s | ETA: 58s
[  89/300] samples:   4207 | chain(game/max/avg): 3/4/3.0 | reward(game/avg): 4390/5104 | 3.69 games/s | ETA: 57s
[  90/300] samples:   4257 | chain(game/max/avg): 3/4/3.0 | reward(game/avg): 5460/5108 | 3.73 games/s | ETA: 56s
[  91/300] samples:   4307 | chain(game/max/avg): 3/4/3.0 | reward(game/avg): 4680/5104 | 3.77 games/s | ETA: 55s
[  92/300] samples:   4357 | chain(game/max/avg): 3/4/3.0 | reward(game/avg): 5360/5107 | 3.81 games/s | ETA: 55s
[  93/300] samples:   4407 | chain(game/max/avg): 3/4/3.0 | reward(game/avg): 6220/5118 | 3.84 games/s | ETA: 54s
[  94/300] samples:   4457 | chain(game/max/avg): 3/4/3.0 | reward(game/avg): 5760/5125 | 3.87 games/s | ETA: 53s
[  95/300] samples:   4507 | chain(game/max/avg): 3/4/3.0 | reward(game/avg): 5500/5129 | 3.90 games/s | ETA: 53s
[  96/300] samples:   4557 | chain(game/max/avg): 4/4/3.0 | reward(game/avg): 5700/5135 | 3.94 games/s | ETA: 52s
[  97/300] samples:   4607 | chain(game/max/avg): 3/4/3.0 | reward(game/avg): 5300/5137 | 3.97 games/s | ETA: 51s
[  98/300] samples:   4657 | chain(game/max/avg): 3/4/3.0 | reward(game/avg): 4970/5135 | 3.99 games/s | ETA: 51s
[  99/300] samples:   4707 | chain(game/max/avg): 2/4/3.0 | reward(game/avg): 3990/5124 | 4.04 games/s | ETA: 50s
[ 100/300] samples:   4757 | chain(game/max/avg): 3/4/3.0 | reward(game/avg): 5940/5132 | 4.07 games/s | ETA: 49s
[ 101/300] samples:   4807 | chain(game/max/avg): 3/4/3.0 | reward(game/avg): 5180/5132 | 4.10 games/s | ETA: 48s
[ 102/300] samples:   4845 | chain(game/max/avg): 3/4/3.0 | reward(game/avg): 4990/5131 | 4.07 games/s | ETA: 49s
[ 103/300] samples:   4856 | chain(game/max/avg): 0/4/3.0 | reward(game/avg): 0/5081 | 4.06 games/s | ETA: 49s
[ 104/300] samples:   4869 | chain(game/max/avg): 1/4/3.0 | reward(game/avg): 40/5033 | 4.07 games/s | ETA: 48s
[ 105/300] samples:   4919 | chain(game/max/avg): 2/4/3.0 | reward(game/avg): 4160/5024 | 3.96 games/s | ETA: 49s
[ 106/300] samples:   4969 | chain(game/max/avg): 3/4/3.0 | reward(game/avg): 5080/5025 | 3.80 games/s | ETA: 51s
[ 107/300] samples:   4987 | chain(game/max/avg): 1/4/2.9 | reward(game/avg): 180/4980 | 3.74 games/s | ETA: 52s
[ 108/300] samples:   5037 | chain(game/max/avg): 3/4/2.9 | reward(game/avg): 4660/4977 | 3.70 games/s | ETA: 52s
[ 109/300] samples:   5087 | chain(game/max/avg): 2/4/2.9 | reward(game/avg): 4040/4968 | 3.67 games/s | ETA: 52s
[ 110/300] samples:   5113 | chain(game/max/avg): 2/4/2.9 | reward(game/avg): 980/4932 | 3.44 games/s | ETA: 55s
[ 111/300] samples:   5163 | chain(game/max/avg): 4/4/2.9 | reward(game/avg): 4420/4927 | 3.38 games/s | ETA: 56s
[ 112/300] samples:   5213 | chain(game/max/avg): 3/4/2.9 | reward(game/avg): 6920/4945 | 3.39 games/s | ETA: 55s
[ 113/300] samples:   5247 | chain(game/max/avg): 2/4/2.9 | reward(game/avg): 1580/4915 | 3.37 games/s | ETA: 55s
[ 114/300] samples:   5297 | chain(game/max/avg): 3/4/2.9 | reward(game/avg): 5440/4920 | 3.18 games/s | ETA: 59s
[ 115/300] samples:   5336 | chain(game/max/avg): 3/4/2.9 | reward(game/avg): 3480/4907 | 3.16 games/s | ETA: 59s
[ 116/300] samples:   5380 | chain(game/max/avg): 3/4/2.9 | reward(game/avg): 2940/4890 | 3.14 games/s | ETA: 59s
[ 117/300] samples:   5430 | chain(game/max/avg): 4/4/2.9 | reward(game/avg): 6540/4904 | 3.09 games/s | ETA: 59s
[ 118/300] samples:   5480 | chain(game/max/avg): 3/4/2.9 | reward(game/avg): 4220/4899 | 3.10 games/s | ETA: 59s
[ 119/300] samples:   5530 | chain(game/max/avg): 3/4/2.9 | reward(game/avg): 5840/4906 | 3.13 games/s | ETA: 58s
[ 120/300] samples:   5580 | chain(game/max/avg): 4/4/3.0 | reward(game/avg): 4000/4899 | 3.10 games/s | ETA: 58s
[ 121/300] samples:   5629 | chain(game/max/avg): 4/4/3.0 | reward(game/avg): 5480/4904 | 3.12 games/s | ETA: 57s
[ 122/300] samples:   5679 | chain(game/max/avg): 3/4/3.0 | reward(game/avg): 6340/4915 | 3.14 games/s | ETA: 57s
[ 123/300] samples:   5729 | chain(game/max/avg): 3/4/3.0 | reward(game/avg): 3720/4906 | 3.15 games/s | ETA: 56s
[ 124/300] samples:   5779 | chain(game/max/avg): 3/4/3.0 | reward(game/avg): 3880/4898 | 3.18 games/s | ETA: 55s
[ 125/300] samples:   5829 | chain(game/max/avg): 3/4/3.0 | reward(game/avg): 5260/4900 | 3.20 games/s | ETA: 55s
[ 126/300] samples:   5879 | chain(game/max/avg): 3/4/3.0 | reward(game/avg): 4880/4900 | 3.23 games/s | ETA: 54s
[ 127/300] samples:   5929 | chain(game/max/avg): 2/4/3.0 | reward(game/avg): 3880/4892 | 3.25 games/s | ETA: 53s
[ 128/300] samples:   5979 | chain(game/max/avg): 3/4/3.0 | reward(game/avg): 5040/4893 | 3.28 games/s | ETA: 53s
[ 129/300] samples:   6029 | chain(game/max/avg): 3/4/3.0 | reward(game/avg): 4240/4888 | 3.30 games/s | ETA: 52s
[ 130/300] samples:   6079 | chain(game/max/avg): 3/4/3.0 | reward(game/avg): 4140/4883 | 3.32 games/s | ETA: 51s
[ 131/300] samples:   6129 | chain(game/max/avg): 3/4/3.0 | reward(game/avg): 5720/4889 | 3.34 games/s | ETA: 51s
[ 132/300] samples:   6179 | chain(game/max/avg): 4/4/3.0 | reward(game/avg): 6320/4900 | 3.37 games/s | ETA: 50s
[ 133/300] samples:   6229 | chain(game/max/avg): 3/4/3.0 | reward(game/avg): 5330/4903 | 3.38 games/s | ETA: 49s
[ 134/300] samples:   6279 | chain(game/max/avg): 3/4/3.0 | reward(game/avg): 5410/4907 | 3.40 games/s | ETA: 49s
[ 135/300] samples:   6329 | chain(game/max/avg): 3/4/3.0 | reward(game/avg): 5660/4912 | 3.42 games/s | ETA: 48s
[ 136/300] samples:   6379 | chain(game/max/avg): 3/4/3.0 | reward(game/avg): 5000/4913 | 3.44 games/s | ETA: 48s
[ 137/300] samples:   6429 | chain(game/max/avg): 3/4/3.0 | reward(game/avg): 6880/4927 | 3.47 games/s | ETA: 47s
[ 138/300] samples:   6479 | chain(game/max/avg): 3/4/3.0 | reward(game/avg): 6210/4937 | 3.49 games/s | ETA: 46s
[ 139/300] samples:   6529 | chain(game/max/avg): 3/4/3.0 | reward(game/avg): 4400/4933 | 3.51 games/s | ETA: 46s
[ 140/300] samples:   6579 | chain(game/max/avg): 3/4/3.0 | reward(game/avg): 4960/4933 | 3.53 games/s | ETA: 45s
[ 141/300] samples:   6629 | chain(game/max/avg): 3/4/3.0 | reward(game/avg): 4540/4930 | 3.56 games/s | ETA: 45s
[ 142/300] samples:   6679 | chain(game/max/avg): 4/4/3.0 | reward(game/avg): 7370/4947 | 3.58 games/s | ETA: 44s
[ 143/300] samples:   6729 | chain(game/max/avg): 3/4/3.0 | reward(game/avg): 4100/4941 | 3.60 games/s | ETA: 44s
[ 144/300] samples:   6779 | chain(game/max/avg): 3/4/3.0 | reward(game/avg): 5360/4944 | 3.62 games/s | ETA: 43s
[ 145/300] samples:   6829 | chain(game/max/avg): 3/4/3.0 | reward(game/avg): 5560/4949 | 3.65 games/s | ETA: 43s
[ 146/300] samples:   6879 | chain(game/max/avg): 3/4/3.0 | reward(game/avg): 6620/4960 | 3.66 games/s | ETA: 42s
[ 147/300] samples:   6929 | chain(game/max/avg): 3/4/3.0 | reward(game/avg): 5020/4960 | 3.69 games/s | ETA: 41s
[ 148/300] samples:   6979 | chain(game/max/avg): 3/4/3.0 | reward(game/avg): 6000/4968 | 3.71 games/s | ETA: 41s
[ 149/300] samples:   7029 | chain(game/max/avg): 3/4/3.0 | reward(game/avg): 4640/4965 | 3.74 games/s | ETA: 40s
[ 150/300] samples:   7079 | chain(game/max/avg): 3/4/3.0 | reward(game/avg): 5020/4966 | 3.76 games/s | ETA: 40s
[ 151/300] samples:   7129 | chain(game/max/avg): 2/4/3.0 | reward(game/avg): 3880/4958 | 3.78 games/s | ETA: 39s
[ 152/300] samples:   7179 | chain(game/max/avg): 3/4/3.0 | reward(game/avg): 6580/4969 | 3.80 games/s | ETA: 39s
[ 153/300] samples:   7229 | chain(game/max/avg): 3/4/3.0 | reward(game/avg): 5960/4976 | 3.83 games/s | ETA: 38s
[ 154/300] samples:   7279 | chain(game/max/avg): 3/4/3.0 | reward(game/avg): 5320/4978 | 3.85 games/s | ETA: 38s
[ 155/300] samples:   7329 | chain(game/max/avg): 3/4/3.0 | reward(game/avg): 4680/4976 | 3.87 games/s | ETA: 37s
[ 156/300] samples:   7379 | chain(game/max/avg): 3/4/3.0 | reward(game/avg): 4820/4975 | 3.89 games/s | ETA: 37s
[ 157/300] samples:   7429 | chain(game/max/avg): 3/4/3.0 | reward(game/avg): 5540/4979 | 3.91 games/s | ETA: 37s
[ 158/300] samples:   7479 | chain(game/max/avg): 3/4/3.0 | reward(game/avg): 6240/4987 | 3.93 games/s | ETA: 36s
[ 159/300] samples:   7529 | chain(game/max/avg): 3/4/3.0 | reward(game/avg): 3820/4979 | 3.95 games/s | ETA: 36s
[ 160/300] samples:   7579 | chain(game/max/avg): 3/4/3.0 | reward(game/avg): 4220/4974 | 3.98 games/s | ETA: 35s
[ 161/300] samples:   7629 | chain(game/max/avg): 3/4/3.0 | reward(game/avg): 6320/4983 | 4.00 games/s | ETA: 35s
[ 162/300] samples:   7679 | chain(game/max/avg): 3/4/3.0 | reward(game/avg): 6380/4991 | 4.02 games/s | ETA: 34s
[ 163/300] samples:   7729 | chain(game/max/avg): 3/4/3.0 | reward(game/avg): 7920/5009 | 4.04 games/s | ETA: 34s
[ 164/300] samples:   7779 | chain(game/max/avg): 4/4/3.0 | reward(game/avg): 6080/5016 | 4.06 games/s | ETA: 34s
[ 165/300] samples:   7829 | chain(game/max/avg): 3/4/3.0 | reward(game/avg): 4840/5015 | 4.08 games/s | ETA: 33s
[ 166/300] samples:   7879 | chain(game/max/avg): 3/4/3.0 | reward(game/avg): 5340/5017 | 4.11 games/s | ETA: 33s
[ 167/300] samples:   7929 | chain(game/max/avg): 2/4/3.0 | reward(game/avg): 4560/5014 | 4.13 games/s | ETA: 32s
[ 168/300] samples:   7979 | chain(game/max/avg): 3/4/3.0 | reward(game/avg): 5250/5015 | 4.15 games/s | ETA: 32s
[ 169/300] samples:   8029 | chain(game/max/avg): 3/4/3.0 | reward(game/avg): 5560/5019 | 4.17 games/s | ETA: 31s
[ 170/300] samples:   8079 | chain(game/max/avg): 3/4/3.0 | reward(game/avg): 5320/5020 | 4.19 games/s | ETA: 31s
[ 171/300] samples:   8129 | chain(game/max/avg): 3/4/3.0 | reward(game/avg): 3900/5014 | 4.22 games/s | ETA: 31s
[ 172/300] samples:   8179 | chain(game/max/avg): 3/4/3.0 | reward(game/avg): 4920/5013 | 4.24 games/s | ETA: 30s
[ 173/300] samples:   8229 | chain(game/max/avg): 3/4/3.0 | reward(game/avg): 6340/5021 | 4.26 games/s | ETA: 30s
[ 174/300] samples:   8279 | chain(game/max/avg): 4/4/3.0 | reward(game/avg): 8400/5040 | 4.29 games/s | ETA: 29s
[ 175/300] samples:   8329 | chain(game/max/avg): 3/4/3.0 | reward(game/avg): 4960/5040 | 4.31 games/s | ETA: 29s
[ 176/300] samples:   8379 | chain(game/max/avg): 3/4/3.0 | reward(game/avg): 5760/5044 | 4.33 games/s | ETA: 29s
[ 177/300] samples:   8429 | chain(game/max/avg): 4/4/3.0 | reward(game/avg): 7140/5056 | 4.35 games/s | ETA: 28s
[ 178/300] samples:   8479 | chain(game/max/avg): 4/4/3.0 | reward(game/avg): 7540/5070 | 4.36 games/s | ETA: 28s
[ 179/300] samples:   8529 | chain(game/max/avg): 3/4/3.0 | reward(game/avg): 4670/5068 | 4.39 games/s | ETA: 28s
[ 180/300] samples:   8579 | chain(game/max/avg): 3/4/3.0 | reward(game/avg): 5820/5072 | 4.41 games/s | ETA: 27s
[ 181/300] samples:   8629 | chain(game/max/avg): 4/4/3.0 | reward(game/avg): 7960/5088 | 4.43 games/s | ETA: 27s
[ 182/300] samples:   8679 | chain(game/max/avg): 2/4/3.0 | reward(game/avg): 3850/5081 | 4.45 games/s | ETA: 27s
[ 183/300] samples:   8729 | chain(game/max/avg): 4/4/3.0 | reward(game/avg): 7100/5092 | 4.48 games/s | ETA: 26s
[ 184/300] samples:   8779 | chain(game/max/avg): 3/4/3.0 | reward(game/avg): 4560/5089 | 4.50 games/s | ETA: 26s
[ 185/300] samples:   8829 | chain(game/max/avg): 3/4/3.0 | reward(game/avg): 5040/5089 | 4.51 games/s | ETA: 25s
[ 186/300] samples:   8879 | chain(game/max/avg): 3/4/3.0 | reward(game/avg): 6120/5094 | 4.54 games/s | ETA: 25s
[ 187/300] samples:   8929 | chain(game/max/avg): 3/4/3.0 | reward(game/avg): 5580/5097 | 4.56 games/s | ETA: 25s
[ 188/300] samples:   8979 | chain(game/max/avg): 3/4/3.0 | reward(game/avg): 6020/5102 | 4.58 games/s | ETA: 24s
[ 189/300] samples:   9029 | chain(game/max/avg): 3/4/3.0 | reward(game/avg): 6340/5108 | 4.61 games/s | ETA: 24s
[ 190/300] samples:   9079 | chain(game/max/avg): 3/4/3.0 | reward(game/avg): 5640/5111 | 4.62 games/s | ETA: 24s
[ 191/300] samples:   9129 | chain(game/max/avg): 3/4/3.0 | reward(game/avg): 6750/5120 | 4.64 games/s | ETA: 23s
[ 192/300] samples:   9179 | chain(game/max/avg): 3/4/3.0 | reward(game/avg): 3700/5112 | 4.66 games/s | ETA: 23s
[ 193/300] samples:   9229 | chain(game/max/avg): 3/4/3.0 | reward(game/avg): 6150/5118 | 4.68 games/s | ETA: 23s
[ 194/300] samples:   9279 | chain(game/max/avg): 3/4/3.0 | reward(game/avg): 6200/5123 | 4.70 games/s | ETA: 23s
[ 195/300] samples:   9329 | chain(game/max/avg): 3/4/3.0 | reward(game/avg): 7020/5133 | 4.71 games/s | ETA: 22s
[ 196/300] samples:   9379 | chain(game/max/avg): 3/4/3.0 | reward(game/avg): 5000/5132 | 4.73 games/s | ETA: 22s
[ 197/300] samples:   9429 | chain(game/max/avg): 3/4/3.0 | reward(game/avg): 5690/5135 | 4.75 games/s | ETA: 22s
[ 198/300] samples:   9479 | chain(game/max/avg): 3/4/3.0 | reward(game/avg): 5620/5138 | 4.74 games/s | ETA: 22s
[ 199/300] samples:   9529 | chain(game/max/avg): 3/4/3.0 | reward(game/avg): 5860/5141 | 4.76 games/s | ETA: 21s
[ 200/300] samples:   9579 | chain(game/max/avg): 3/4/3.0 | reward(game/avg): 5940/5145 | 4.77 games/s | ETA: 21s
[ 201/300] samples:   9629 | chain(game/max/avg): 2/4/3.0 | reward(game/avg): 4750/5143 | 4.78 games/s | ETA: 21s
[ 202/300] samples:   9679 | chain(game/max/avg): 3/4/3.0 | reward(game/avg): 5580/5146 | 4.78 games/s | ETA: 21s
[ 203/300] samples:   9694 | chain(game/max/avg): 1/4/3.0 | reward(game/avg): 140/5121 | 4.80 games/s | ETA: 20s
[ 204/300] samples:   9744 | chain(game/max/avg): 3/4/3.0 | reward(game/avg): 3970/5115 | 4.83 games/s | ETA: 20s
[ 205/300] samples:   9794 | chain(game/max/avg): 3/4/3.0 | reward(game/avg): 4570/5113 | 4.83 games/s | ETA: 20s
[ 206/300] samples:   9844 | chain(game/max/avg): 3/4/3.0 | reward(game/avg): 6120/5117 | 4.85 games/s | ETA: 19s
[ 207/300] samples:   9861 | chain(game/max/avg): 1/4/3.0 | reward(game/avg): 280/5094 | 4.86 games/s | ETA: 19s
[ 208/300] samples:   9876 | chain(game/max/avg): 1/4/3.0 | reward(game/avg): 140/5070 | 4.75 games/s | ETA: 19s
[ 209/300] samples:   9926 | chain(game/max/avg): 3/4/3.0 | reward(game/avg): 3700/5064 | 4.64 games/s | ETA: 20s
[ 210/300] samples:   9953 | chain(game/max/avg): 3/4/3.0 | reward(game/avg): 2500/5052 | 4.57 games/s | ETA: 20s
[ 211/300] samples:  10003 | chain(game/max/avg): 3/4/3.0 | reward(game/avg): 6180/5057 | 4.59 games/s | ETA: 19s
[ 212/300] samples:  10053 | chain(game/max/avg): 3/4/3.0 | reward(game/avg): 3840/5051 | 4.61 games/s | ETA: 19s
[ 213/300] samples:  10075 | chain(game/max/avg): 3/4/3.0 | reward(game/avg): 1200/5033 | 4.58 games/s | ETA: 19s
[ 214/300] samples:  10103 | chain(game/max/avg): 3/4/3.0 | reward(game/avg): 1900/5018 | 4.45 games/s | ETA: 19s
[ 215/300] samples:  10153 | chain(game/max/avg): 3/4/3.0 | reward(game/avg): 4800/5017 | 4.45 games/s | ETA: 19s
[ 216/300] samples:  10203 | chain(game/max/avg): 3/4/3.0 | reward(game/avg): 5300/5019 | 4.41 games/s | ETA: 19s
[ 217/300] samples:  10253 | chain(game/max/avg): 3/4/3.0 | reward(game/avg): 5320/5020 | 4.39 games/s | ETA: 19s
[ 218/300] samples:  10303 | chain(game/max/avg): 3/4/3.0 | reward(game/avg): 6780/5028 | 4.40 games/s | ETA: 19s
[ 219/300] samples:  10353 | chain(game/max/avg): 3/4/3.0 | reward(game/avg): 4800/5027 | 4.11 games/s | ETA: 20s
[ 220/300] samples:  10403 | chain(game/max/avg): 3/4/3.0 | reward(game/avg): 5910/5031 | 4.12 games/s | ETA: 19s
[ 221/300] samples:  10453 | chain(game/max/avg): 3/4/3.0 | reward(game/avg): 5380/5033 | 4.14 games/s | ETA: 19s
[ 222/300] samples:  10503 | chain(game/max/avg): 3/4/3.0 | reward(game/avg): 5910/5037 | 4.14 games/s | ETA: 19s
[ 223/300] samples:  10553 | chain(game/max/avg): 3/4/3.0 | reward(game/avg): 5380/5038 | 4.14 games/s | ETA: 19s
[ 224/300] samples:  10603 | chain(game/max/avg): 2/4/3.0 | reward(game/avg): 4380/5035 | 4.13 games/s | ETA: 18s
[ 225/300] samples:  10644 | chain(game/max/avg): 3/4/3.0 | reward(game/avg): 3280/5027 | 4.15 games/s | ETA: 18s
[ 226/300] samples:  10694 | chain(game/max/avg): 3/4/3.0 | reward(game/avg): 4840/5027 | 4.13 games/s | ETA: 18s
[ 227/300] samples:  10744 | chain(game/max/avg): 3/4/3.0 | reward(game/avg): 3550/5020 | 4.14 games/s | ETA: 18s
[ 228/300] samples:  10794 | chain(game/max/avg): 3/4/3.0 | reward(game/avg): 4680/5019 | 4.15 games/s | ETA: 17s
[ 229/300] samples:  10844 | chain(game/max/avg): 2/4/3.0 | reward(game/avg): 5120/5019 | 4.15 games/s | ETA: 17s
[ 230/300] samples:  10894 | chain(game/max/avg): 3/4/3.0 | reward(game/avg): 5440/5021 | 4.17 games/s | ETA: 17s
[ 231/300] samples:  10944 | chain(game/max/avg): 4/4/3.0 | reward(game/avg): 5600/5023 | 4.18 games/s | ETA: 17s
[ 232/300] samples:  10994 | chain(game/max/avg): 2/4/3.0 | reward(game/avg): 2400/5012 | 4.20 games/s | ETA: 16s
[ 233/300] samples:  11044 | chain(game/max/avg): 3/4/3.0 | reward(game/avg): 4200/5009 | 4.21 games/s | ETA: 16s
[ 234/300] samples:  11094 | chain(game/max/avg): 3/4/3.0 | reward(game/avg): 5380/5010 | 4.22 games/s | ETA: 16s
[ 235/300] samples:  11144 | chain(game/max/avg): 3/4/3.0 | reward(game/avg): 6240/5015 | 4.22 games/s | ETA: 15s
[ 236/300] samples:  11194 | chain(game/max/avg): 4/4/3.0 | reward(game/avg): 7930/5028 | 4.14 games/s | ETA: 15s
[ 237/300] samples:  11244 | chain(game/max/avg): 3/4/3.0 | reward(game/avg): 5420/5029 | 4.16 games/s | ETA: 15s
[ 238/300] samples:  11294 | chain(game/max/avg): 3/4/3.0 | reward(game/avg): 3320/5022 | 4.17 games/s | ETA: 15s
[ 239/300] samples:  11344 | chain(game/max/avg): 3/4/3.0 | reward(game/avg): 5400/5024 | 4.19 games/s | ETA: 15s
[ 240/300] samples:  11394 | chain(game/max/avg): 3/4/3.0 | reward(game/avg): 5180/5024 | 4.20 games/s | ETA: 14s
[ 241/300] samples:  11444 | chain(game/max/avg): 3/4/3.0 | reward(game/avg): 5240/5025 | 4.19 games/s | ETA: 14s
[ 242/300] samples:  11494 | chain(game/max/avg): 3/4/3.0 | reward(game/avg): 6040/5030 | 4.21 games/s | ETA: 14s
[ 243/300] samples:  11544 | chain(game/max/avg): 3/4/3.0 | reward(game/avg): 4600/5028 | 4.22 games/s | ETA: 13s
[ 244/300] samples:  11594 | chain(game/max/avg): 3/4/3.0 | reward(game/avg): 6360/5033 | 4.22 games/s | ETA: 13s
[ 245/300] samples:  11644 | chain(game/max/avg): 2/4/3.0 | reward(game/avg): 4280/5030 | 4.24 games/s | ETA: 13s
[ 246/300] samples:  11694 | chain(game/max/avg): 3/4/3.0 | reward(game/avg): 5300/5031 | 4.23 games/s | ETA: 13s
[ 247/300] samples:  11744 | chain(game/max/avg): 3/4/3.0 | reward(game/avg): 7350/5041 | 4.23 games/s | ETA: 13s
[ 248/300] samples:  11794 | chain(game/max/avg): 3/4/3.0 | reward(game/avg): 4240/5037 | 4.25 games/s | ETA: 12s
[ 249/300] samples:  11844 | chain(game/max/avg): 4/4/3.0 | reward(game/avg): 7940/5049 | 4.25 games/s | ETA: 12s
[ 250/300] samples:  11894 | chain(game/max/avg): 3/4/3.0 | reward(game/avg): 6720/5056 | 4.20 games/s | ETA: 12s
[ 251/300] samples:  11944 | chain(game/max/avg): 2/4/3.0 | reward(game/avg): 4040/5052 | 4.21 games/s | ETA: 12s
[ 252/300] samples:  11994 | chain(game/max/avg): 3/4/3.0 | reward(game/avg): 4580/5050 | 4.21 games/s | ETA: 11s
[ 253/300] samples:  12044 | chain(game/max/avg): 3/4/3.0 | reward(game/avg): 6900/5057 | 4.22 games/s | ETA: 11s
[ 254/300] samples:  12094 | chain(game/max/avg): 3/4/3.0 | reward(game/avg): 5140/5058 | 4.24 games/s | ETA: 11s
[ 255/300] samples:  12144 | chain(game/max/avg): 3/4/3.0 | reward(game/avg): 6340/5063 | 4.22 games/s | ETA: 11s
[ 256/300] samples:  12194 | chain(game/max/avg): 3/4/3.0 | reward(game/avg): 4000/5058 | 4.22 games/s | ETA: 10s
[ 257/300] samples:  12244 | chain(game/max/avg): 3/4/3.0 | reward(game/avg): 4880/5058 | 4.22 games/s | ETA: 10s
[ 258/300] samples:  12294 | chain(game/max/avg): 4/4/3.0 | reward(game/avg): 6260/5062 | 4.23 games/s | ETA: 10s
[ 259/300] samples:  12344 | chain(game/max/avg): 3/4/3.0 | reward(game/avg): 4740/5061 | 4.25 games/s | ETA: 10s
[ 260/300] samples:  12394 | chain(game/max/avg): 3/4/3.0 | reward(game/avg): 4720/5060 | 4.23 games/s | ETA: 9s
[ 261/300] samples:  12444 | chain(game/max/avg): 2/4/3.0 | reward(game/avg): 4840/5059 | 4.25 games/s | ETA: 9s
[ 262/300] samples:  12494 | chain(game/max/avg): 3/4/3.0 | reward(game/avg): 5860/5062 | 4.26 games/s | ETA: 9s
[ 263/300] samples:  12544 | chain(game/max/avg): 4/4/3.0 | reward(game/avg): 7140/5070 | 4.27 games/s | ETA: 9s
[ 264/300] samples:  12594 | chain(game/max/avg): 2/4/3.0 | reward(game/avg): 4800/5069 | 4.26 games/s | ETA: 8s
[ 265/300] samples:  12644 | chain(game/max/avg): 3/4/3.0 | reward(game/avg): 5000/5069 | 4.22 games/s | ETA: 8s
[ 266/300] samples:  12694 | chain(game/max/avg): 3/4/3.0 | reward(game/avg): 4160/5065 | 4.23 games/s | ETA: 8s
[ 267/300] samples:  12744 | chain(game/max/avg): 3/4/3.0 | reward(game/avg): 5090/5065 | 4.22 games/s | ETA: 8s
[ 268/300] samples:  12794 | chain(game/max/avg): 3/4/3.0 | reward(game/avg): 5820/5068 | 4.24 games/s | ETA: 8s
[ 269/300] samples:  12844 | chain(game/max/avg): 3/4/3.0 | reward(game/avg): 6300/5073 | 4.25 games/s | ETA: 7s
[ 270/300] samples:  12894 | chain(game/max/avg): 4/4/3.0 | reward(game/avg): 7640/5082 | 4.27 games/s | ETA: 7s
[ 271/300] samples:  12944 | chain(game/max/avg): 2/4/3.0 | reward(game/avg): 3530/5076 | 4.27 games/s | ETA: 7s
[ 272/300] samples:  12994 | chain(game/max/avg): 3/4/3.0 | reward(game/avg): 5580/5078 | 4.29 games/s | ETA: 7s
[ 273/300] samples:  13044 | chain(game/max/avg): 3/4/3.0 | reward(game/avg): 6760/5085 | 4.30 games/s | ETA: 6s
[ 274/300] samples:  13094 | chain(game/max/avg): 3/4/3.0 | reward(game/avg): 5860/5087 | 4.31 games/s | ETA: 6s
[ 275/300] samples:  13144 | chain(game/max/avg): 3/4/3.0 | reward(game/avg): 4160/5084 | 4.32 games/s | ETA: 6s
[ 276/300] samples:  13194 | chain(game/max/avg): 3/4/3.0 | reward(game/avg): 4080/5080 | 4.34 games/s | ETA: 6s
[ 277/300] samples:  13244 | chain(game/max/avg): 4/4/3.0 | reward(game/avg): 7200/5088 | 4.35 games/s | ETA: 5s
[ 278/300] samples:  13294 | chain(game/max/avg): 3/4/3.0 | reward(game/avg): 5110/5088 | 4.37 games/s | ETA: 5s
[ 279/300] samples:  13344 | chain(game/max/avg): 3/4/3.0 | reward(game/avg): 5090/5088 | 4.36 games/s | ETA: 5s
[ 280/300] samples:  13394 | chain(game/max/avg): 3/4/3.0 | reward(game/avg): 5560/5090 | 4.38 games/s | ETA: 5s
[ 281/300] samples:  13444 | chain(game/max/avg): 2/4/3.0 | reward(game/avg): 3560/5084 | 4.37 games/s | ETA: 4s
[ 282/300] samples:  13494 | chain(game/max/avg): 4/4/3.0 | reward(game/avg): 8840/5098 | 4.39 games/s | ETA: 4s
[ 283/300] samples:  13544 | chain(game/max/avg): 3/4/3.0 | reward(game/avg): 5300/5098 | 4.37 games/s | ETA: 4s
[ 284/300] samples:  13594 | chain(game/max/avg): 4/4/3.0 | reward(game/avg): 5980/5101 | 4.33 games/s | ETA: 4s
[ 285/300] samples:  13644 | chain(game/max/avg): 3/4/3.0 | reward(game/avg): 7100/5108 | 4.26 games/s | ETA: 4s
[ 286/300] samples:  13694 | chain(game/max/avg): 3/4/3.0 | reward(game/avg): 6760/5114 | 4.28 games/s | ETA: 3s
[ 287/300] samples:  13744 | chain(game/max/avg): 3/4/3.0 | reward(game/avg): 6000/5117 | 4.29 games/s | ETA: 3s
[ 288/300] samples:  13794 | chain(game/max/avg): 3/4/3.0 | reward(game/avg): 5500/5119 | 4.30 games/s | ETA: 3s
[ 289/300] samples:  13844 | chain(game/max/avg): 3/4/3.0 | reward(game/avg): 5090/5119 | 4.31 games/s | ETA: 3s
[ 290/300] samples:  13894 | chain(game/max/avg): 3/4/3.0 | reward(game/avg): 5470/5120 | 4.33 games/s | ETA: 2s
[ 291/300] samples:  13944 | chain(game/max/avg): 3/4/3.0 | reward(game/avg): 5280/5120 | 4.33 games/s | ETA: 2s
[ 292/300] samples:  13994 | chain(game/max/avg): 3/4/3.0 | reward(game/avg): 6190/5124 | 4.31 games/s | ETA: 2s
[ 293/300] samples:  14044 | chain(game/max/avg): 3/4/3.0 | reward(game/avg): 7080/5131 | 4.31 games/s | ETA: 2s
[ 294/300] samples:  14094 | chain(game/max/avg): 3/4/3.0 | reward(game/avg): 4260/5128 | 4.30 games/s | ETA: 1s
[ 295/300] samples:  14144 | chain(game/max/avg): 2/4/3.0 | reward(game/avg): 4070/5124 | 4.32 games/s | ETA: 1s
[ 296/300] samples:  14194 | chain(game/max/avg): 3/4/3.0 | reward(game/avg): 4700/5123 | 4.32 games/s | ETA: 1s
[ 297/300] samples:  14244 | chain(game/max/avg): 3/4/3.0 | reward(game/avg): 5180/5123 | 4.32 games/s | ETA: 1s
[ 298/300] samples:  14294 | chain(game/max/avg): 3/4/3.0 | reward(game/avg): 4260/5120 | 4.32 games/s | ETA: 0s
[ 299/300] samples:  14344 | chain(game/max/avg): 4/4/3.0 | reward(game/avg): 5880/5123 | 4.33 games/s | ETA: 0s
[ 300/300] samples:  14394 | chain(game/max/avg): 3/4/3.0 | reward(game/avg): 5590/5124 | 4.29 games/s | ETA: 0s
Self-play complete: 300 games, 14394 samples, max chain: 4
Saved to data/alphazero_iter_5.bin
[2026-04-02 10:57:52] Train start (AlphaZero mode, replay buffer, global_step=4000)
    Finished `release` profile [optimized] target(s) in 3.90s
     Running `target/release/train --alphazero --data-dir data --global-step 4000`
Backend: CUDA (GPU)
Mode: AlphaZero (Policy CE + Value MSE)
Loading AlphaZero datasets from data...
Found 5 data files
  Loaded 7492 samples from data/alphazero_iter_1.bin
  Loaded 13965 samples from data/alphazero_iter_2.bin
  Loaded 13954 samples from data/alphazero_iter_3.bin
  Loaded 13924 samples from data/alphazero_iter_4.bin
  Loaded 14394 samples from data/alphazero_iter_5.bin
Loaded 63729 total samples
Train: 63729 samples (color augmented on-the-fly, no val split)
Loaded existing model from artifacts/puyo_model
AlphaZero training: 1000 steps, global_step=4000, LR 2e-1 (end ~2e-1)
  step 50/1000 p_loss=0.8712 v_loss=0.2765 lr=0.200000  step 100/1000 p_loss=0.8333 v_loss=0.2849 lr=0.200000  step 150/1000 p_loss=0.8107 v_loss=0.2862 lr=0.200000  step 200/1000 p_loss=0.7912 v_loss=0.2865 lr=0.200000  step 250/1000 p_loss=0.7753 v_loss=0.2876 lr=0.200000  step 300/1000 p_loss=0.7583 v_loss=0.2871 lr=0.200000  step 350/1000 p_loss=0.7443 v_loss=0.2861 lr=0.200000  step 400/1000 p_loss=0.7307 v_loss=0.2852 lr=0.200000  step 450/1000 p_loss=0.7179 v_loss=0.2842 lr=0.200000  step 500/1000 p_loss=0.7052 v_loss=0.2826 lr=0.200000  step 550/1000 p_loss=0.6942 v_loss=0.2808 lr=0.200000  step 600/1000 p_loss=0.6834 v_loss=0.2789 lr=0.200000  step 650/1000 p_loss=0.6726 v_loss=0.2773 lr=0.200000  step 700/1000 p_loss=0.6627 v_loss=0.2753 lr=0.200000  step 750/1000 p_loss=0.6535 v_loss=0.2736 lr=0.200000  step 800/1000 p_loss=0.6448 v_loss=0.2717 lr=0.200000  step 850/1000 p_loss=0.6367 v_loss=0.2699 lr=0.200000  step 900/1000 p_loss=0.6290 v_loss=0.2678 lr=0.200000  step 950/1000 p_loss=0.6217 v_loss=0.2659 lr=0.200000  step 1000/1000 p_loss=0.6147 v_loss=0.2640 lr=0.200000
AlphaZero training complete. final train_loss(p=0.614744, v=0.263953) global_step=5000
